快照日期,股票代號,股票名稱,市場,產業別,排名,最終分數,綜合PR,候選等級,目前狀態,技術分數,籌碼標準分,基本面分數,風險動能分數,一週模型排名,起漲潛力排名,一週起漲分數,進場時機分數,技術啟動分數,籌碼動能分數,基本品質分數,價格動能分數,風險扣分,啟動階段,進場判定,全球環境分數,台股環境分數,產業海外順風分數,收盤價,V5綜合理由,V5風險提示,起漲原因,進場風險,主模型排名,波段爆發排名,波段爆發分數,突破強度分數,動能持續分數,活躍爆發分數,波動爆發潛力,主模型分數,50%潛力判定,50%歷史型態命中率,50%歷史型態PR,相似樣本40日最高報酬均值,模型版本,舊主模型分數,正式模型版本
2026-09-24,6531,愛普*,上市,半導體業,10,71.85,97.4,★★★★★ 強勢候選,風險偏高,70,84.61538461538461,67.756655410159,68,1,2.0,77.11,79.19,80.0,70.0,67.76,93.0,15.0,③ 剛啟動,🟢 可觀察進場,86.75,78.88,83.33,993.0,技術面偏多、法人籌碼強、基本面優於產業平均、風險動能健康、綜合表現前10%,波動率偏高,站上MA20且乖離健康、MA20向上、MA5近期上穿MA20、RSI位於起漲區、MACD近期黃金交叉、MACD動能擴張、外資5日買超、投信5日買超、外資買盤加速,波動率偏高,1.0,8.0,72.9,40.0,75.0,60.0,80.0,74.16,🟢 中高爆發潛力,,,,P50-LIVE-S2.0,74.16,LEGACY_FALLBACK
2026-09-24,2069,運錩,上市,鋼鐵工業,82,57.16,76.5,★★★★ 觀察候選,等待回檔,70,30.76923076923077,62.686068256194474,56,2,61.0,56.95,58.36,72.0,25.0,62.69,75.0,17.0,③ 剛啟動,🟡 等待回檔,86.75,78.88,100.0,25.7,技術面偏多、綜合表現前25%,無明顯風險訊號,MA20向上、MACD動能擴張、成交量溫和放大、近期突破20日高、外資5日買超、外資由賣轉買、法人買超占量提升,無明顯風險訊號,2.0,5.0,74.0,57.0,100.0,60.0,100.0,70.87,🟢 中高爆發潛力,,,,P50-LIVE-S2.0,70.87,LEGACY_FALLBACK
2026-09-24,3042,晶技,上市,電子零組件業,7,73.04,98.3,★★★★★ 強勢候選,等待回檔,100,61.53846153846154,65.11996336996337,56,3,21.0,63.62,58.62,69.0,60.0,65.12,55.0,22.0,③ 剛啟動,🟡 等待回檔,86.75,78.88,82.5,203.0,技術趨勢強、法人偏多、基本面優於產業平均、綜合表現前10%,無明顯風險訊號,MA20向上、RSI位於起漲區、MACD動能擴張、近期突破20日高、外資5日買超、投信5日買超、投信買盤加速,無明顯風險訊號,3.0,7.0,73.6,70.0,43.0,20.0,100.0,70.61,🟢 中高爆發潛力,,,,P50-LIVE-S2.0,70.61,LEGACY_FALLBACK
2026-09-24,8028,昇陽半導體,上市,半導體業,127,52.11,63.4,★★★ 一般觀察,等待回檔,70,30.76923076923077,49.1850159467192,51,4,49.0,58.43,48.5,77.0,30.0,49.19,75.0,22.0,② 蓄勢,🔴 暫不考慮,86.75,78.88,83.33,269.0,技術面偏多,無明顯風險訊號,MA20向上、RSI位於起漲區、MACD動能擴張、成交量溫和放大、接近20日突破、投信5日買超、投信由賣轉買,無明顯風險訊號,4.0,6.0,73.69,55.0,75.0,100.0,100.0,68.65,🟢 中高爆發潛力,,,,P50-LIVE-S2.0,68.65,LEGACY_FALLBACK
2026-09-24,2308,台達電,上市,電子零組件業,40,64.53,88.7,★★★ 一般觀察,整理觀察,55,84.61538461538461,67.0102564102564,55,5,31.0,62.2,69.21,76.0,45.0,67.01,55.0,10.0,③ 剛啟動,🟢 可觀察進場,86.75,78.88,82.5,1910.0,法人籌碼強、基本面優於產業平均、綜合表現前25%,無明顯風險訊號,MA20向上、MA5近期上穿MA20、RSI位於起漲區、MACD動能擴張、近期突破20日高、外資5日買超、投信5日買超、投信連買,無明顯風險訊號,5.0,19.0,64.76,60.0,43.0,0.0,80.0,65.65,🟡 中等爆發潛力,,,,P50-LIVE-S2.0,65.65,LEGACY_FALLBACK
2026-09-24,2492,華新科,上市,電子零組件業,152,49.26,56.0,★★★ 一般觀察,風險偏高,55,38.46153846153847,56.87857142857142,40,6,17.0,64.18,56.19,66.0,55.0,56.88,85.0,20.0,② 蓄勢,🟡 等待回檔,86.75,78.88,82.5,311.5,,波動率偏高,站上MA20且乖離健康、MA20向上、RSI位於起漲區、MACD動能擴張、外資5日買超、投信買盤加速、外資由賣轉買,ATR偏高、波動率偏高,6.0,14.0,66.58,10.0,75.0,43.0,63.0,64.5,🟡 中等爆發潛力,,,,P50-LIVE-S2.0,64.5,LEGACY_FALLBACK
2026-09-24,2436,偉詮電,上市,半導體業,25,67.31,93.0,★★★★★ 強勢候選,趨勢健康,70,61.53846153846154,60.687479480324555,79,7,1.0,77.85,84.93,77.0,80.0,60.69,93.0,5.0,② 蓄勢,🔵 等待突破,86.75,78.88,83.33,72.4,技術面偏多、法人偏多、風險動能結構佳、綜合表現前10%,無明顯風險訊號,MA20向上、RSI位於起漲區、MACD動能擴張、成交量溫和放大、接近20日突破、外資5日買超、投信5日買超、外資買盤加速,無明顯風險訊號,7.0,39.0,58.89,42.0,58.0,100.0,100.0,64.1,⚪ 爆發潛力不足,,,,P50-LIVE-S2.0,64.1,LEGACY_FALLBACK
2026-09-24,2302,麗正,上市,半導體業,156,48.98,54.8,★★★ 一般觀察,一般觀察,70,7.6923076923076925,48.7900497162422,59,8,88.0,52.37,59.44,77.0,5.0,48.79,85.0,5.0,② 蓄勢,🟡 等待回檔,86.75,78.88,83.33,46.05,技術面偏多,無明顯風險訊號,MA20向上、RSI位於起漲區、MACD動能擴張、成交量溫和放大、接近20日突破,無明顯風險訊號,8.0,21.0,64.72,55.0,58.0,100.0,100.0,63.66,🟡 中等爆發潛力,,,,P50-LIVE-S2.0,63.66,LEGACY_FALLBACK
2026-09-24,3026,禾伸堂,上市,電子零組件業,41,64.14,88.4,★★★★ 觀察候選,風險偏高,70,69.23076923076923,64.30824175824176,50,9,22.0,63.5,45.5,69.0,50.0,64.31,75.0,27.0,④ 趨勢加速,🔴 暫不考慮,86.75,78.88,82.5,810.0,技術面偏多、法人偏多、綜合表現前25%,ATR偏高、波動率偏高,MA20向上、RSI位於起漲區、MACD動能擴張、成交量溫和放大、投信5日買超、外資買盤加速、外資由賣轉買,ATR偏高、波動率偏高,9.0,16.0,66.55,22.0,75.0,18.0,68.0,62.34,🟡 中等爆發潛力,,,,P50-LIVE-S2.0,62.34,LEGACY_FALLBACK
2026-09-24,2032,新鋼,上市,鋼鐵工業,4,74.03,99.1,★★★★★ 強勢候選,等待回檔,90,53.84615384615385,64.21718676951848,85,10,30.0,62.33,55.74,68.0,40.0,64.22,90.0,17.0,④ 趨勢加速,🟡 等待回檔,86.75,78.88,100.0,18.55,技術趨勢強、法人偏多、風險動能結構佳、綜合表現前10%,成交量波動較大,MA20向上、MA5近期上穿MA20、MACD近期黃金交叉、MACD動能擴張、近期突破20日高、外資5日買超、外資買盤加速、外資連買,無明顯風險訊號,10.0,24.0,63.72,75.0,100.0,60.0,63.0,62.12,🟡 中等爆發潛力,,,,P50-LIVE-S2.0,62.12,LEGACY_FALLBACK
2026-09-24,3533,嘉澤,上市,電子零組件業,177,47.36,48.8,★★ 弱勢,整理觀察,55,7.6923076923076925,73.72564102564104,36,11,45.0,59.51,63.51,78.0,20.0,73.73,75.0,13.0,③ 剛啟動,🔵 等待突破,86.75,78.88,82.5,1690.0,基本面優於產業平均,無明顯風險訊號,站上MA20且乖離健康、MA20向上、MA5近期上穿MA20、RSI位於起漲區、MACD動能擴張、投信買盤加速,近期回撤偏大,11.0,28.0,61.6,25.0,58.0,80.0,90.0,61.99,🟡 中等爆發潛力,,,,P50-LIVE-S2.0,61.99,LEGACY_FALLBACK
2026-09-24,3167,大量,上市,電機機械,53,61.92,84.7,★★★ 一般觀察,風險偏高,85,30.76923076923077,75.5632018774876,38,12,20.0,63.68,19.09,84.0,40.0,75.56,45.0,40.0,⑤ 過熱,🟠 短線過熱,86.75,78.88,100.0,949.0,技術趨勢強、基本面優於產業平均、綜合表現前25%,波動率偏高,MA20向上、RSI位於起漲區、MACD近期黃金交叉、MACD動能擴張、成交量溫和放大、接近20日突破、投信5日買超、外資買盤加速、外資由賣轉買,5日漲幅過大、MA20乖離過大、ATR偏高、波動率偏高、近期回撤偏大,12.0,2.0,81.74,70.0,85.0,63.0,83.0,61.21,🟢 中高爆發潛力,,,,P50-LIVE-S2.0,61.21,LEGACY_FALLBACK
2026-09-24,3645,達邁,上市,電子零組件業,163,48.68,52.9,★★★ 一般觀察,一般觀察,60,0.0,58.27014652014652,66,13,94.0,51.49,63.5,75.0,0.0,58.27,85.0,5.0,③ 剛啟動,🔵 等待突破,86.75,78.88,82.5,73.3,風險動能健康,無明顯風險訊號,站上MA20且乖離健康、MA20向上、RSI位於起漲區、MACD近期黃金交叉、MACD動能擴張、成交量溫和放大,無明顯風險訊號,13.0,31.0,60.57,50.0,58.0,100.0,100.0,61.16,🟡 中等爆發潛力,,,,P50-LIVE-S2.0,61.16,LEGACY_FALLBACK
2026-09-24,6285,啟碁,上市,通信網路業,141,50.41,59.3,★★★ 一般觀察,一般觀察,35,61.53846153846154,58.67432475018044,50,14,27.0,62.55,71.09,65.0,70.0,58.67,45.0,0.0,④ 趨勢加速,🟡 等待回檔,86.75,78.88,76.67,238.0,法人偏多,無明顯風險訊號,站上MA20且乖離健康、RSI位於起漲區、MACD近期黃金交叉、MACD動能擴張、成交量溫和放大、外資5日買超、投信5日買超、外資買盤加速,無明顯風險訊號,14.0,40.0,58.55,37.0,30.0,100.0,100.0,61.06,⚪ 爆發潛力不足,,,,P50-LIVE-S2.0,61.06,LEGACY_FALLBACK
2026-09-24,2327,國巨*,上市,電子零組件業,97,55.94,72.1,★★★ 一般觀察,風險偏高,55,61.53846153846154,65.1058608058608,38,15,19.0,63.72,57.72,73.0,45.0,65.11,75.0,23.0,③ 剛啟動,🟡 等待回檔,86.75,78.88,82.5,580.0,法人偏多、基本面優於產業平均,波動率偏高、近期回撤偏大,站上MA20且乖離健康、MA20向上、MA5近期上穿MA20、RSI位於起漲區、MACD動能擴張、外資5日買超、投信5日買超、外資由賣轉買,波動率偏高、近期回撤偏大,15.0,27.0,61.63,25.0,58.0,0.0,80.0,60.85,🟡 中等爆發潛力,,,,P50-LIVE-S2.0,60.85,LEGACY_FALLBACK
2026-09-24,6672,騰輝電子-KY,上市,電子零組件業,11,71.59,97.1,★★★★ 觀察候選,等待回檔,100,38.46153846153847,77.64908424908424,53,16,76.0,54.45,13.45,62.0,30.0,77.65,60.0,35.0,⑤ 過熱,🟠 短線過熱,86.75,78.88,82.5,337.5,技術趨勢強、基本面優於產業平均、綜合表現前10%,無明顯風險訊號,MA20向上、MACD動能擴張、近期突破20日高、外資5日買超、外資買盤加速、法人買超占量提升,MA20乖離過大、波動率偏高,16.0,1.0,82.19,70.0,85.0,63.0,100.0,60.44,🔥 高爆發潛力,,,,P50-LIVE-S2.0,60.44,LEGACY_FALLBACK
2026-09-24,2406,國碩,上市,光電業,179,47.24,48.3,★★ 弱勢,等待回檔,70,7.6923076923076925,53.68036732227881,43,17,95.0,51.4,44.81,84.0,5.0,53.68,55.0,25.0,③ 剛啟動,🔴 暫不考慮,86.75,78.88,100.0,30.5,技術面偏多,成交量波動較大,MA20向上、MA5近期上穿MA20、RSI位於起漲區、MACD動能擴張、成交量溫和放大、接近20日突破,近期回撤偏大,17.0,23.0,64.12,70.0,43.0,100.0,100.0,60.26,🟡 中等爆發潛力,,,,P50-LIVE-S2.0,60.26,LEGACY_FALLBACK
2026-09-24,3017,奇鋐,上市,電腦及週邊設備業,75,58.06,78.5,★★★ 一般觀察,整理觀察,55,46.15384615384615,69.09650016989467,58,18,44.0,59.56,61.57,63.0,50.0,69.1,60.0,15.0,③ 剛啟動,🟡 等待回檔,86.75,78.88,82.5,3555.0,基本面優於產業平均、綜合表現前25%,無明顯風險訊號,站上MA20且乖離健康、MA20向上、MA5近期上穿MA20、RSI位於起漲區、接近20日突破、投信5日買超、外資買盤加速、投信買盤加速,無明顯風險訊號,18.0,36.0,59.69,35.0,83.0,60.0,80.0,60.07,⚪ 爆發潛力不足,,,,P50-LIVE-S2.0,60.07,LEGACY_FALLBACK
2026-09-24,6438,迅得,上市,其他電子業,43,64.07,87.8,★★★★ 觀察候選,趨勢健康,85,38.46153846153847,52.9258581235698,75,19,12.0,67.19,84.19,90.0,40.0,52.93,75.0,0.0,③ 剛啟動,🟢 可觀察進場,86.75,78.88,82.5,157.5,技術趨勢強、風險動能結構佳、綜合表現前25%,成交量波動較大,站上MA20且乖離健康、MA20向上、MA5近期上穿MA20、RSI位於起漲區、MACD近期黃金交叉、MACD動能擴張、成交量溫和放大、外資5日買超、外資買盤加速、外資由賣轉買,無明顯風險訊號,19.0,58.0,53.65,65.0,58.0,100.0,83.0,59.76,⚪ 爆發潛力不足,,,,P50-LIVE-S2.0,59.76,LEGACY_FALLBACK
2026-09-24,2360,致茂,上市,其他電子業,50,62.28,85.8,★★★★ 觀察候選,風險偏高,70,38.46153846153847,76.63890160183067,53,20,93.0,51.6,27.6,56.0,30.0,76.64,58.0,33.0,④ 趨勢加速,🔴 暫不考慮,86.75,78.88,82.5,2295.0,技術面偏多、基本面優於產業平均、綜合表現前25%,波動率偏高,站上MA20且乖離健康、MA20向上、RSI位於起漲區、外資5日買超、外資買盤加速、法人買超占量提升,ATR偏高、波動率偏高、近期回撤偏大,20.0,18.0,65.36,0.0,75.0,60.0,80.0,57.81,🟡 中等爆發潛力,,,,P50-LIVE-S2.0,57.81,LEGACY_FALLBACK
2026-09-24,2458,義隆,上市,半導體業,180,47.2,48.0,★★ 弱勢,一般觀察,60,7.6923076923076925,58.87153041602178,50,21,60.0,56.98,58.05,81.0,30.0,58.87,45.0,8.0,④ 趨勢加速,🟡 等待回檔,86.75,78.88,83.33,137.5,,無明顯風險訊號,站上MA20且乖離健康、MA5近期上穿MA20、RSI位於起漲區、MACD動能擴張、成交量溫和放大、接近20日突破、投信買盤加速、投信由賣轉買,近期回撤偏大,21.0,46.0,56.94,70.0,30.0,100.0,83.0,57.16,⚪ 爆發潛力不足,,,,P50-LIVE-S2.0,57.16,LEGACY_FALLBACK
2026-09-24,6155,鈞寶,上市,電子零組件業,74,58.23,78.8,★★★★ 觀察候選,一般觀察,70,46.15384615384615,57.31941391941391,54,22,62.0,56.75,60.75,66.0,35.0,57.32,75.0,13.0,③ 剛啟動,🟡 等待回檔,86.75,78.88,82.5,60.2,技術面偏多、綜合表現前25%,無明顯風險訊號,MA20向上、MA5近期上穿MA20、RSI位於起漲區、MACD動能擴張、外資5日買超、外資買盤加速、外資連買,近期回撤偏大,22.0,48.0,55.96,50.0,58.0,100.0,100.0,56.92,⚪ 爆發潛力不足,,,,P50-LIVE-S2.0,56.92,LEGACY_FALLBACK
2026-09-24,3563,牧德,上市,光電業,35,65.84,90.1,★★★★★ 強勢候選,等待回檔,85,23.076923076923077,78.40012208597983,61,23,55.0,57.41,20.82,86.0,10.0,78.4,55.0,32.0,⑤ 過熱,🟠 短線過熱,86.75,78.88,100.0,769.0,技術趨勢強、基本面優於產業平均、風險動能健康、綜合表現前10%,無明顯風險訊號,MA20向上、MA5近期上穿MA20、MACD近期黃金交叉、MACD動能擴張、成交量溫和放大、近期突破20日高、法人買超占量提升,5日漲幅過大、MA20乖離過大,23.0,3.0,75.71,100.0,60.0,100.0,100.0,56.73,🟢 中高爆發潛力,,,,P50-LIVE-S2.0,56.73,LEGACY_FALLBACK
2026-09-24,6278,台表科,上市,光電業,80,57.2,76.9,★★★★ 觀察候選,等待回檔,70,38.46153846153847,60.36619783563471,52,24,46.0,59.45,30.86,93.0,20.0,60.37,48.0,24.0,⑤ 過熱,🟠 短線過熱,86.75,78.88,100.0,212.0,技術面偏多、綜合表現前25%,無明顯風險訊號,MA20向上、MA5近期上穿MA20、RSI位於起漲區、MACD近期黃金交叉、MACD動能擴張、成交量溫和放大、近期突破20日高、外資5日買超、法人買超占量提升,5日漲幅過大,24.0,9.0,72.13,87.0,25.0,100.0,100.0,55.88,🟢 中高爆發潛力,,,,P50-LIVE-S2.0,55.88,LEGACY_FALLBACK
2026-09-24,9945,潤泰新,上市,其他,1,81.83,100.0,★★★★★ 強勢候選,趨勢健康,100,61.53846153846154,73.08296053827969,88,25,4.0,71.06,89.47,79.0,45.0,73.08,100.0,0.0,③ 剛啟動,🟢 可觀察進場,86.75,78.88,100.0,29.9,技術趨勢強、法人偏多、基本面優於產業平均、風險動能結構佳、綜合表現前10%,無明顯風險訊號,站上MA20且乖離健康、MA20向上、MACD動能擴張、成交量溫和放大、近期突破20日高、外資5日買超、投信5日買超、外資買盤加速,無明顯風險訊號,25.0,90.0,47.43,70.0,83.0,100.0,55.0,55.83,⚪ 爆發潛力不足,,,,P50-LIVE-S2.0,55.83,LEGACY_FALLBACK
2026-09-24,2484,希華,上市,電子零組件業,211,43.34,39.0,★★ 弱勢,一般觀察,60,7.6923076923076925,54.014102564102565,38,26,96.0,51.35,44.36,80.0,15.0,54.01,45.0,8.0,① 尚未啟動,🔴 暫不考慮,86.75,78.88,82.5,72.8,,無明顯風險訊號,站上MA20且乖離健康、MA5近期上穿MA20、RSI位於起漲區、MACD近期黃金交叉、MACD動能擴張、成交量溫和放大、外資由賣轉買,近期回撤偏大,26.0,41.0,58.28,65.0,30.0,83.0,100.0,55.5,⚪ 爆發潛力不足,,,,P50-LIVE-S2.0,55.5,LEGACY_FALLBACK
2026-09-24,2395,研華,上市,電腦及週邊設備業,19,68.34,94.8,★★★★★ 強勢候選,趨勢健康,70,53.84615384615385,71.22504672103295,76,27,11.0,67.83,84.84,81.0,40.0,71.23,85.0,0.0,③ 剛啟動,🟢 可觀察進場,86.75,78.88,82.5,722.0,技術面偏多、法人偏多、基本面優於產業平均、風險動能結構佳、綜合表現前10%,無明顯風險訊號,站上MA20且乖離健康、MA20向上、RSI位於起漲區、MACD近期黃金交叉、MACD動能擴張、接近20日突破、外資5日買超、外資買盤加速、外資連買,無明顯風險訊號,27.0,85.0,48.15,45.0,83.0,80.0,80.0,55.49,⚪ 爆發潛力不足,,,,P50-LIVE-S2.0,55.49,LEGACY_FALLBACK
2026-09-24,3022,威強電,上市,電腦及週邊設備業,91,56.46,73.8,★★★ 一般觀察,風險偏高,55,38.46153846153847,61.54444869181107,69,28,40.0,60.18,64.19,73.0,30.0,61.54,85.0,13.0,③ 剛啟動,🔵 等待突破,86.75,78.88,82.5,93.1,風險動能健康,近期回撤偏大,站上MA20且乖離健康、MA20向上、MA5近期上穿MA20、RSI位於起漲區、MACD動能擴張、外資5日買超、外資由賣轉買、法人買超占量提升,近期回撤偏大,28.0,60.0,53.27,25.0,65.0,80.0,80.0,55.46,⚪ 爆發潛力不足,,,,P50-LIVE-S2.0,55.46,LEGACY_FALLBACK
2026-09-24,3014,聯陽,上市,半導體業,17,69.14,95.3,★★★★★ 強勢候選,趨勢健康,70,61.53846153846154,64.12379109797851,83,29,18.0,64.02,81.09,76.0,45.0,64.12,70.0,0.0,③ 剛啟動,🟢 可觀察進場,86.75,78.88,83.33,140.5,技術面偏多、法人偏多、風險動能結構佳、綜合表現前10%,無明顯風險訊號,站上MA20且乖離健康、MA20向上、RSI位於起漲區、成交量溫和放大、近期突破20日高、外資5日買超、投信5日買超、投信由賣轉買,無明顯風險訊號,29.0,81.0,48.81,60.0,58.0,100.0,70.0,55.27,⚪ 爆發潛力不足,,,,P50-LIVE-S2.0,55.27,LEGACY_FALLBACK
2026-09-24,3717,聯嘉投控,上市,汽車工業,107,54.79,69.2,★★★ 一般觀察,等待回檔,70,30.76923076923077,56.78356236786469,53,30,164.0,42.82,31.22,52.0,15.0,56.78,60.0,22.0,④ 趨勢加速,🔴 暫不考慮,86.75,78.88,100.0,25.35,技術面偏多,成交量波動較大,MA20向上、成交量溫和放大、外資5日買超、法人買超占量提升,無明顯風險訊號,30.0,30.0,61.17,25.0,75.0,100.0,100.0,55.18,🟡 中等爆發潛力,,,,P50-LIVE-S2.0,55.18,LEGACY_FALLBACK
2026-09-24,3665,貿聯-KY,上市,其他電子業,55,61.85,84.3,★★★★ 觀察候選,風險偏高,70,46.15384615384615,65.41281464530893,60,31,48.0,58.61,12.62,77.0,25.0,65.41,70.0,40.0,⑤ 過熱,🟠 短線過熱,86.75,78.88,82.5,2340.0,技術面偏多、基本面優於產業平均、風險動能健康、綜合表現前25%,波動率偏高,MA20向上、RSI位於起漲區、MACD動能擴張、成交量溫和放大、接近20日突破、投信5日買超、法人買超占量提升,5日漲幅過大、波動率偏高、近期回撤偏大,31.0,4.0,74.54,42.0,85.0,55.0,83.0,54.15,🟢 中高爆發潛力,,,,P50-LIVE-S2.0,54.15,LEGACY_FALLBACK
2026-09-24,3711,日月光投控,上市,半導體業,61,59.98,82.4,★★★★ 觀察候選,等待回檔,70,53.84615384615385,52.04805473476854,63,32,118.0,48.36,48.43,62.0,30.0,52.05,45.0,17.0,③ 剛啟動,🔴 暫不考慮,86.75,78.88,83.33,699.0,技術面偏多、法人偏多、風險動能健康、綜合表現前25%,無明顯風險訊號,MA20向上、MACD動能擴張、近期突破20日高、外資5日買超、外資連買、法人買超占量提升,無明顯風險訊號,32.0,51.0,55.32,45.0,60.0,43.0,80.0,53.94,⚪ 爆發潛力不足,,,,P50-LIVE-S2.0,53.94,LEGACY_FALLBACK
2026-09-24,3535,晶彩科,上市,光電業,170,47.86,50.9,★★★ 一般觀察,整理觀察,60,7.6923076923076925,69.05915566588511,38,33,122.0,47.81,45.21,73.0,5.0,69.06,45.0,5.0,① 尚未啟動,🔴 暫不考慮,86.75,78.88,100.0,88.4,基本面優於產業平均,無明顯風險訊號,站上MA20且乖離健康、MA5近期上穿MA20、RSI位於起漲區、MACD動能擴張、成交量溫和放大,無明顯風險訊號,33.0,49.0,55.93,50.0,15.0,100.0,100.0,53.79,⚪ 爆發潛力不足,,,,P50-LIVE-S2.0,53.79,LEGACY_FALLBACK
2026-09-24,1708,東鹼,上市,化學工業,39,64.64,89.0,★★★★ 觀察候選,趨勢健康,70,46.15384615384615,62.04721701063165,79,34,14.0,66.16,84.56,81.0,35.0,62.05,93.0,0.0,③ 剛啟動,🟢 可觀察進場,86.75,78.88,100.0,52.3,技術面偏多、風險動能結構佳、綜合表現前25%,無明顯風險訊號,站上MA20且乖離健康、MA20向上、MA5近期上穿MA20、RSI位於起漲區、MACD動能擴張、接近20日突破、外資5日買超、外資買盤加速、外資連買,無明顯風險訊號,34.0,99.0,46.05,70.0,43.0,100.0,83.0,53.75,⚪ 爆發潛力不足,,,,P50-LIVE-S2.0,53.75,LEGACY_FALLBACK
2026-09-24,3044,健鼎,上市,電子零組件業,5,73.54,98.8,★★★★★ 強勢候選,趨勢健康,70,61.53846153846154,75.45586080586082,88,35,43.0,59.87,76.87,52.0,50.0,75.46,85.0,0.0,③ 剛啟動,🟢 可觀察進場,86.75,78.88,82.5,538.0,技術面偏多、法人偏多、基本面優於產業平均、風險動能結構佳、綜合表現前10%,無明顯風險訊號,MA20向上、近期突破20日高、外資5日買超、投信5日買超、投信買盤加速,無明顯風險訊號,35.0,92.0,47.41,35.0,87.0,80.0,63.0,53.3,⚪ 爆發潛力不足,,,,P50-LIVE-S2.0,53.3,LEGACY_FALLBACK
2026-09-24,2455,全新,上市,通信網路業,125,52.88,64.0,★★★ 一般觀察,風險偏高,55,30.76923076923077,70.07309109511591,46,36,117.0,48.46,34.0,48.0,40.0,70.07,45.0,15.0,① 尚未啟動,🔴 暫不考慮,86.75,78.88,76.67,554.0,基本面優於產業平均,MA60乖離過大、波動率偏高,站上MA20且乖離健康、MA20向上、RSI位於起漲區、投信5日買超、外資買盤加速、外資由賣轉買,波動率偏高,36.0,44.0,57.12,0.0,100.0,80.0,80.0,52.49,⚪ 爆發潛力不足,,,,P50-LIVE-S2.0,52.49,LEGACY_FALLBACK
2026-09-24,2421,建準,上市,電子零組件業,118,53.74,66.0,★★★ 一般觀察,整理觀察,35,53.84615384615385,67.55970695970696,61,37,172.0,41.88,48.89,25.0,30.0,67.56,85.0,5.0,② 蓄勢,🔴 暫不考慮,86.75,78.88,82.5,167.0,法人偏多、基本面優於產業平均、風險動能健康,無明顯風險訊號,MA20向上、RSI位於起漲區、外資5日買超、外資連買、法人買超占量提升,無明顯風險訊號,37.0,59.0,53.31,0.0,83.0,80.0,80.0,52.42,⚪ 爆發潛力不足,,,,P50-LIVE-S2.0,52.42,LEGACY_FALLBACK
2026-09-24,6196,帆宣,上市,其他電子業,18,68.74,95.1,★★★★ 觀察候選,等待回檔,85,53.84615384615385,59.5848970251716,73,38,59.0,56.99,66.99,62.0,40.0,59.58,75.0,7.0,③ 剛啟動,🟡 等待回檔,86.75,78.88,82.5,565.0,技術趨勢強、法人偏多、風險動能健康、綜合表現前10%,無明顯風險訊號,MA20向上、MACD動能擴張、近期突破20日高、外資5日買超、外資買盤加速、外資連買,無明顯風險訊號,38.0,82.0,48.65,45.0,75.0,80.0,80.0,52.32,⚪ 爆發潛力不足,,,,P50-LIVE-S2.0,52.32,LEGACY_FALLBACK
2026-09-24,6166,凌華,上市,電腦及週邊設備業,114,54.38,67.2,★★★ 一般觀察,風險偏高,55,38.46153846153847,61.30309208290859,59,39,42.0,60.05,14.05,81.0,30.0,61.3,63.0,40.0,⑤ 過熱,🟠 短線過熱,86.75,78.88,82.5,132.0,,近期回撤偏大,MA20向上、MA5近期上穿MA20、RSI位於起漲區、MACD動能擴張、近期突破20日高、外資5日買超、外資由賣轉買、法人買超占量提升,5日漲幅過大、MA20乖離過大、近期回撤偏大,39.0,10.0,71.69,60.0,60.0,80.0,90.0,52.16,🟡 中等爆發潛力,,,,P50-LIVE-S2.0,52.16,LEGACY_FALLBACK
2026-09-24,4770,上品,上市,化學工業,44,63.52,87.5,★★★ 一般觀察,短線過熱,90,61.53846153846154,58.70579826677387,33,40,69.0,55.91,11.31,54.0,70.0,58.71,30.0,40.0,⑤ 過熱,🟠 短線過熱,86.75,78.88,100.0,281.5,技術趨勢強、法人偏多、綜合表現前25%,MA20乖離過大、波動率偏高,MA20向上、MACD動能擴張、近期突破20日高、外資5日買超、投信5日買超、外資買盤加速,5日漲幅過大、MA20乖離過大、波動率偏高,40.0,11.0,71.61,70.0,68.0,100.0,80.0,51.55,🟡 中等爆發潛力,,,,P50-LIVE-S2.0,51.55,LEGACY_FALLBACK
2026-09-24,3714,富采,上市,光電業,70,58.79,79.9,★★★★ 觀察候選,趨勢健康,70,30.76923076923077,56.11525104320906,74,41,58.0,57.07,65.47,56.0,45.0,56.12,85.0,5.0,② 蓄勢,🔵 等待突破,86.75,78.88,100.0,67.6,技術面偏多、風險動能健康、綜合表現前25%,無明顯風險訊號,站上MA20且乖離健康、MA20向上、RSI位於起漲區、投信5日買超、外資買盤加速、投信買盤加速,無明顯風險訊號,41.0,88.0,47.88,0.0,70.0,80.0,80.0,51.4,⚪ 爆發潛力不足,,,,P50-LIVE-S2.0,51.4,LEGACY_FALLBACK
2026-09-24,2303,聯電,上市,半導體業,57,61.69,83.7,★★★★ 觀察候選,等待回檔,70,61.53846153846154,59.28852950143052,53,42,135.0,45.74,24.82,49.0,35.0,59.29,45.0,22.0,① 尚未啟動,🔴 暫不考慮,86.75,78.88,83.33,154.0,技術面偏多、法人偏多、綜合表現前25%,無明顯風險訊號,MA20向上、RSI位於起漲區、外資5日買超、投信5日買超、法人買超占量提升,波動率偏高,42.0,42.0,58.02,0.0,75.0,0.0,80.0,51.38,⚪ 爆發潛力不足,,,,P50-LIVE-S2.0,51.38,LEGACY_FALLBACK
2026-09-24,6139,亞翔,上市,其他電子業,226,41.01,34.6,★★ 弱勢,整理觀察,35,7.6923076923076925,64.58032036613272,48,43,140.0,45.44,49.44,65.0,15.0,64.58,35.0,5.0,④ 趨勢加速,🔴 暫不考慮,86.75,78.88,82.5,753.0,,無明顯風險訊號,站上MA20且乖離健康、RSI位於起漲區、MACD近期黃金交叉、MACD動能擴張、成交量溫和放大、外資買盤加速,無明顯風險訊號,43.0,66.0,51.87,37.0,30.0,100.0,100.0,51.38,⚪ 爆發潛力不足,,,,P50-LIVE-S2.0,51.38,LEGACY_FALLBACK
2026-09-24,5285,界霖,上市,半導體業,160,48.75,53.6,★★★ 一般觀察,趨勢健康,70,7.6923076923076925,45.368665869330705,63,44,150.0,44.21,46.28,56.0,15.0,45.37,70.0,10.0,② 蓄勢,🔴 暫不考慮,86.75,78.88,83.33,89.9,技術面偏多、風險動能健康,無明顯風險訊號,站上MA20且乖離健康、MA20向上、RSI位於起漲區、外資由賣轉買,無明顯風險訊號,44.0,64.0,52.22,0.0,43.0,80.0,80.0,51.03,⚪ 爆發潛力不足,,,,P50-LIVE-S2.0,51.03,LEGACY_FALLBACK
2026-09-24,6805,富世達,上市,電子零組件業,68,59.29,80.5,★★★ 一般觀察,短線過熱,70,38.46153846153847,73.33260073260072,43,45,47.0,58.65,12.66,76.0,30.0,73.33,55.0,40.0,⑤ 過熱,🟠 短線過熱,86.75,78.88,82.5,2530.0,技術面偏多、基本面優於產業平均、綜合表現前25%,5日漲幅過大、MA60乖離過大、波動率偏高,MA20向上、MA5近期上穿MA20、MACD近期黃金交叉、MACD動能擴張、近期突破20日高、投信5日買超、外資由賣轉買、法人買超占量提升,5日漲幅過大、MA20乖離過大、波動率偏高,45.0,12.0,69.94,75.0,70.0,80.0,80.0,50.48,🟡 中等爆發潛力,,,,P50-LIVE-S2.0,50.48,LEGACY_FALLBACK
2026-09-24,3576,聯合再生,上市,光電業,46,63.24,86.9,★★★★ 觀察候選,趨勢健康,70,76.92307692307693,37.50888222459438,78,46,13.0,66.73,80.13,74.0,60.0,37.51,90.0,5.0,③ 剛啟動,🟢 可觀察進場,86.75,78.88,100.0,18.25,技術面偏多、法人籌碼強、風險動能結構佳、綜合表現前25%,成交量波動較大,MA20向上、MA5近期上穿MA20、RSI位於起漲區、MACD動能擴張、接近20日突破、外資5日買超、投信5日買超、投信買盤加速,無明顯風險訊號,46.0,118.0,42.97,45.0,70.0,63.0,80.0,50.4,⚪ 爆發潛力不足,,,,P50-LIVE-S2.0,50.4,LEGACY_FALLBACK
2026-09-24,8261,富鼎,上市,半導體業,205,44.98,40.7,★★ 弱勢,一般觀察,35,61.53846153846154,53.236790019229865,31,47,134.0,45.89,33.96,46.0,50.0,53.24,30.0,13.0,① 尚未啟動,🔴 暫不考慮,86.75,78.88,83.33,176.0,法人偏多,無明顯風險訊號,站上MA20且乖離健康、MA5近期上穿MA20、外資5日買超、投信5日買超、投信買盤加速,近期回撤偏大,47.0,55.0,54.24,15.0,30.0,80.0,80.0,50.19,⚪ 爆發潛力不足,,,,P50-LIVE-S2.0,50.19,LEGACY_FALLBACK
2026-09-24,3702,大聯大,上市,電子通路業,20,68.27,94.5,★★★★ 觀察候選,風險偏高,70,69.23076923076923,59.418432444748234,78,48,10.0,68.01,69.55,69.0,60.0,59.42,90.0,15.0,③ 剛啟動,🟢 可觀察進場,86.75,78.88,76.67,117.5,技術面偏多、法人偏多、風險動能結構佳、綜合表現前10%,近期回撤偏大,MA20向上、RSI位於起漲區、MACD動能擴張、近期突破20日高、外資5日買超、投信5日買超、外資買盤加速,近期回撤偏大,48.0,104.0,45.24,45.0,87.0,80.0,63.0,50.1,⚪ 爆發潛力不足,,,,P50-LIVE-S2.0,50.1,LEGACY_FALLBACK
2026-09-24,3591,艾笛森,上市,光電業,140,50.52,59.7,★★★ 一般觀察,一般觀察,55,38.46153846153847,55.76135415264504,48,49,162.0,42.96,43.37,49.0,20.0,55.76,60.0,10.0,④ 趨勢加速,🔴 暫不考慮,86.75,78.88,100.0,24.65,,成交量波動較大,MA20向上、RSI位於起漲區、外資5日買超、法人買超占量提升,無明顯風險訊號,49.0,67.0,51.6,0.0,75.0,35.0,80.0,49.96,⚪ 爆發潛力不足,,,,P50-LIVE-S2.0,49.96,LEGACY_FALLBACK
2026-09-24,2006,東和鋼鐵,上市,鋼鐵工業,6,73.26,98.5,★★★★★ 強勢候選,趨勢健康,70,53.84615384615385,76.31299672744274,93,50,6.0,69.75,80.15,67.0,55.0,76.31,100.0,0.0,④ 趨勢加速,🟡 等待回檔,86.75,78.88,100.0,87.8,技術面偏多、法人偏多、基本面優於產業平均、風險動能結構佳、綜合表現前10%,無明顯風險訊號,站上MA20且乖離健康、MA20向上、MACD動能擴張、接近20日突破、外資5日買超、投信5日買超、投信買盤加速,無明顯風險訊號,50.0,125.0,42.16,30.0,100.0,80.0,63.0,49.76,⚪ 爆發潛力不足,,,,P50-LIVE-S2.0,49.76,LEGACY_FALLBACK
2026-09-24,8103,瀚荃,上市,電子零組件業,151,49.4,56.4,★★★ 一般觀察,風險偏高,55,15.384615384615385,67.40293040293041,48,51,156.0,43.56,35.57,48.0,20.0,67.4,55.0,20.0,② 蓄勢,🔴 暫不考慮,86.75,78.88,82.5,123.0,基本面優於產業平均,波動率偏高,站上MA20且乖離健康、MA20向上、RSI位於起漲區、外資買盤加速、外資連買,ATR偏高、波動率偏高,51.0,61.0,53.04,0.0,53.0,80.0,80.0,49.54,⚪ 爆發潛力不足,,,,P50-LIVE-S2.0,49.54,LEGACY_FALLBACK
2026-09-24,2347,聯強,上市,電子通路業,8,72.79,98.0,★★★★ 觀察候選,趨勢健康,70,84.61538461538461,57.56447938026885,88,52,8.0,68.38,84.92,62.0,70.0,57.56,93.0,0.0,③ 剛啟動,🟢 可觀察進場,86.75,78.88,76.67,94.5,技術面偏多、法人籌碼強、風險動能結構佳、綜合表現前10%,無明顯風險訊號,MA20向上、MACD動能擴張、近期突破20日高、外資5日買超、投信5日買超、外資買盤加速,無明顯風險訊號,52.0,136.0,40.52,45.0,75.0,80.0,50.0,49.4,⚪ 爆發潛力不足,,,,P50-LIVE-S2.0,49.4,LEGACY_FALLBACK
2026-09-24,2103,台橡,上市,橡膠工業,73,58.26,79.1,★★★★ 觀察候選,趨勢健康,70,15.384615384615385,64.61818181818181,74,53,74.0,55.19,73.6,80.0,20.0,64.62,50.0,0.0,③ 剛啟動,🟢 可觀察進場,86.75,78.88,100.0,27.8,技術面偏多、風險動能健康、綜合表現前25%,無明顯風險訊號,站上MA20且乖離健康、MA20向上、MA5近期上穿MA20、RSI位於起漲區、MACD近期黃金交叉、MACD動能擴張、外資5日買超、外資買盤加速,無明顯風險訊號,53.0,116.0,43.33,40.0,35.0,60.0,80.0,49.38,⚪ 爆發潛力不足,,,,P50-LIVE-S2.0,49.38,LEGACY_FALLBACK
2026-09-24,6133,金橋,上市,電子零組件業,108,54.77,68.9,★★★ 一般觀察,一般觀察,70,38.46153846153847,48.256410256410255,58,54,166.0,42.59,23.59,49.0,20.0,48.26,65.0,20.0,① 尚未啟動,🔴 暫不考慮,86.75,78.88,82.5,25.95,技術面偏多,成交量波動較大,MA20向上、RSI位於起漲區、外資5日買超、法人買超占量提升,ATR偏高、波動率偏高,54.0,50.0,55.65,0.0,57.0,60.0,80.0,49.24,⚪ 爆發潛力不足,,,,P50-LIVE-S2.0,49.24,LEGACY_FALLBACK
2026-09-24,6257,矽格,上市,半導體業,89,56.78,74.4,★★★ 一般觀察,等待回檔,70,38.46153846153847,54.9596676985132,58,55,175.0,41.34,28.42,49.0,20.0,54.96,50.0,22.0,④ 趨勢加速,🔴 暫不考慮,86.75,78.88,83.33,243.0,技術面偏多,無明顯風險訊號,MA20向上、RSI位於起漲區、外資5日買超、法人買超占量提升,波動率偏高,55.0,54.0,54.31,0.0,75.0,63.0,80.0,49.13,⚪ 爆發潛力不足,,,,P50-LIVE-S2.0,49.13,LEGACY_FALLBACK
2026-09-24,2368,金像電,上市,電子零組件業,37,64.9,89.5,★★★★ 觀察候選,風險偏高,75,53.84615384615385,75.43846153846155,45,56,26.0,63.07,17.07,75.0,45.0,75.44,55.0,40.0,⑤ 過熱,🟠 短線過熱,86.75,78.88,82.5,1105.0,技術面偏多、法人偏多、基本面優於產業平均、綜合表現前25%,波動率偏高、近期回撤偏大,站上MA20且乖離健康、MA20向上、RSI位於起漲區、MACD近期黃金交叉、MACD動能擴張、成交量溫和放大、投信5日買超、投信買盤加速、投信連買,5日漲幅過大、ATR偏高、波動率偏高、近期回撤偏大,56.0,13.0,67.05,50.0,43.0,20.0,83.0,49.05,🟡 中等爆發潛力,,,,P50-LIVE-S2.0,49.05,LEGACY_FALLBACK
2026-09-24,1303,南亞,上市,塑膠工業,128,52.08,63.1,★★★ 一般觀察,整理觀察,55,7.6923076923076925,71.47762068776994,63,57,121.0,47.92,46.33,48.0,25.0,71.48,70.0,15.0,② 蓄勢,🔴 暫不考慮,86.75,78.88,100.0,238.0,基本面優於產業平均、風險動能健康,無明顯風險訊號,站上MA20且乖離健康、MA20向上、RSI位於起漲區、外資買盤加速、外資由賣轉買,波動率偏高,57.0,79.0,49.56,0.0,68.0,0.0,80.0,48.92,⚪ 爆發潛力不足,,,,P50-LIVE-S2.0,48.92,LEGACY_FALLBACK
2026-09-24,3189,景碩,上市,半導體業,28,66.9,92.2,★★★ 一般觀察,短線過熱,100,76.92307692307693,43.063775151259314,43,58,3.0,75.36,29.43,86.0,80.0,43.06,70.0,40.0,⑤ 過熱,🟠 短線過熱,86.75,78.88,83.33,962.0,技術趨勢強、法人籌碼強、綜合表現前10%,5日漲幅過大、波動率偏高,MA20向上、MA5近期上穿MA20、MACD近期黃金交叉、MACD動能擴張、成交量溫和放大、近期突破20日高、外資5日買超、投信5日買超、外資買盤加速,5日漲幅過大、MA20乖離過大、波動率偏高、近期回撤偏大,58.0,25.0,63.36,100.0,40.0,20.0,100.0,48.57,🟡 中等爆發潛力,,,,P50-LIVE-S2.0,48.57,LEGACY_FALLBACK
2026-09-24,4566,時碩工業,上市,電機機械,51,62.22,85.5,★★★★ 觀察候選,等待回檔,85,38.46153846153847,51.417447631733346,68,59,75.0,54.81,17.22,69.0,30.0,51.42,70.0,33.0,⑤ 過熱,🟠 短線過熱,86.75,78.88,100.0,74.3,技術趨勢強、風險動能健康、綜合表現前25%,成交量波動較大,MA20向上、MA5近期上穿MA20、MACD動能擴張、近期突破20日高、外資5日買超、外資買盤加速、法人買超占量提升,MA20乖離過大、近期回撤偏大,59.0,17.0,65.98,60.0,85.0,80.0,80.0,48.22,🟡 中等爆發潛力,,,,P50-LIVE-S2.0,48.22,LEGACY_FALLBACK
2026-09-24,4551,智伸科,上市,汽車工業,166,48.16,52.0,★★★ 一般觀察,整理觀察,35,38.46153846153847,71.21828752642705,43,60,125.0,46.63,44.04,58.0,20.0,71.22,45.0,5.0,① 尚未啟動,🔴 暫不考慮,86.75,78.88,100.0,163.5,基本面優於產業平均,無明顯風險訊號,站上MA20且乖離健康、RSI位於起漲區、MACD動能擴張、成交量溫和放大、投信5日買超、法人買超占量提升,無明顯風險訊號,60.0,80.0,48.82,10.0,30.0,80.0,90.0,47.86,⚪ 爆發潛力不足,,,,P50-LIVE-S2.0,47.86,LEGACY_FALLBACK
2026-09-24,2025,千興,上市,鋼鐵工業,23,67.6,93.6,★★★★★ 強勢候選,趨勢健康,75,53.84615384615385,72.44360682561945,63,61,38.0,60.82,71.22,78.0,40.0,72.44,45.0,0.0,④ 趨勢加速,🟡 等待回檔,86.75,78.88,100.0,13.1,技術面偏多、法人偏多、基本面優於產業平均、風險動能健康、綜合表現前10%,無明顯風險訊號,站上MA20且乖離健康、MA5近期上穿MA20、RSI位於起漲區、MACD近期黃金交叉、MACD動能擴張、接近20日突破、外資5日買超、外資買盤加速、外資連買,無明顯風險訊號,61.0,128.0,41.88,60.0,30.0,18.0,63.0,47.75,⚪ 爆發潛力不足,,,,P50-LIVE-S2.0,47.75,LEGACY_FALLBACK
2026-09-24,2636,台驊控股,上市,航運業,2,75.39,99.7,★★★★★ 強勢候選,趨勢健康,100,46.15384615384615,63.210196078431366,86,62,9.0,68.33,86.74,86.0,35.0,63.21,93.0,0.0,③ 剛啟動,🟢 可觀察進場,86.75,78.88,100.0,71.9,技術趨勢強、風險動能結構佳、綜合表現前10%,無明顯風險訊號,站上MA20且乖離健康、MA20向上、RSI位於起漲區、MACD動能擴張、成交量溫和放大、近期突破20日高、外資5日買超、外資買盤加速、外資連買,無明顯風險訊號,62.0,155.0,37.86,70.0,43.0,80.0,55.0,47.63,⚪ 爆發潛力不足,,,,P50-LIVE-S2.0,47.63,LEGACY_FALLBACK
2026-09-24,3673,TPK-KY,上市,光電業,174,47.69,49.7,★★ 弱勢,一般觀察,45,30.76923076923077,56.790160496107355,55,63,79.0,53.97,56.37,63.0,45.0,56.79,45.0,0.0,① 尚未啟動,🟡 等待回檔,86.75,78.88,100.0,65.6,,無明顯風險訊號,站上MA20且乖離健康、MA5近期上穿MA20、RSI位於起漲區、MACD動能擴張、投信5日買超、投信買盤加速、外資由賣轉買,無明顯風險訊號,63.0,103.0,45.43,25.0,15.0,80.0,63.0,47.62,⚪ 爆發潛力不足,,,,P50-LIVE-S2.0,47.62,LEGACY_FALLBACK
2026-09-24,3380,明泰,上市,通信網路業,109,54.69,68.6,★★★ 一般觀察,趨勢健康,70,23.076923076923077,46.24427661906576,76,64,113.0,48.84,55.38,56.0,30.0,46.24,70.0,5.0,② 蓄勢,🟡 等待回檔,86.75,78.88,76.67,31.6,技術面偏多、風險動能結構佳,無明顯風險訊號,站上MA20且乖離健康、MA20向上、RSI位於起漲區、投信5日買超、投信買盤加速,無明顯風險訊號,64.0,105.0,45.22,0.0,75.0,60.0,80.0,47.25,⚪ 爆發潛力不足,,,,P50-LIVE-S2.0,47.25,LEGACY_FALLBACK
2026-09-24,2441,超豐,上市,半導體業,88,56.82,74.7,★★★ 一般觀察,一般觀察,55,38.46153846153847,58.75042094648468,75,65,104.0,50.71,62.78,56.0,30.0,58.75,70.0,0.0,② 蓄勢,🔵 等待突破,86.75,78.88,83.33,124.0,風險動能結構佳,無明顯風險訊號,站上MA20且乖離健康、MA20向上、RSI位於起漲區、外資5日買超、外資由賣轉買、法人買超占量提升,無明顯風險訊號,65.0,117.0,43.21,0.0,75.0,80.0,80.0,47.13,⚪ 爆發潛力不足,,,,P50-LIVE-S2.0,47.13,LEGACY_FALLBACK
2026-09-24,3029,零壹,上市,資訊服務業,31,66.45,91.3,★★★★★ 強勢候選,趨勢健康,70,53.84615384615385,60.270707070707076,83,66,83.0,53.19,64.73,56.0,30.0,60.27,85.0,0.0,② 蓄勢,🔵 等待突破,86.75,78.88,76.67,120.0,技術面偏多、法人偏多、風險動能結構佳、綜合表現前10%,成交量波動較大,站上MA20且乖離健康、MA20向上、RSI位於起漲區、外資5日買超、外資連買、法人買超占量提升,無明顯風險訊號,66.0,123.0,42.71,0.0,83.0,80.0,80.0,47.11,⚪ 爆發潛力不足,,,,P50-LIVE-S2.0,47.11,LEGACY_FALLBACK
2026-09-24,2426,鼎元,上市,光電業,201,45.15,41.9,★★ 弱勢,風險偏高,45,30.76923076923077,56.308081778824025,43,67,161.0,43.2,33.6,40.0,35.0,56.31,55.0,28.0,③ 剛啟動,🔴 暫不考慮,86.75,78.88,100.0,96.9,,波動率偏高,MA20向上、MA5近期上穿MA20、RSI位於起漲區、投信5日買超、投信買盤加速,ATR偏高、波動率偏高、近期回撤偏大,67.0,73.0,50.3,15.0,50.0,63.0,63.0,46.96,⚪ 爆發潛力不足,,,,P50-LIVE-S2.0,46.96,LEGACY_FALLBACK
2026-09-24,2493,揚博,上市,電子零組件業,237,39.94,31.4,★★ 弱勢,風險偏高,55,0.0,62.79267399267398,23,68,167.0,42.32,31.32,56.0,15.0,62.79,40.0,23.0,② 蓄勢,🔴 暫不考慮,86.75,78.88,82.5,191.0,,波動率偏高、近期回撤偏大、成交量波動較大,站上MA20且乖離健康、MA20向上、RSI位於起漲區、投信買盤加速,波動率偏高、近期回撤偏大,68.0,70.0,50.75,0.0,28.0,80.0,80.0,46.87,⚪ 爆發潛力不足,,,,P50-LIVE-S2.0,46.87,LEGACY_FALLBACK
2026-09-24,8046,南電,上市,電子零組件業,132,51.66,61.9,★★★ 一般觀察,風險偏高,45,53.84615384615385,65.95860805860806,38,69,41.0,60.09,14.1,73.0,55.0,65.96,30.0,40.0,⑤ 過熱,🟠 短線過熱,86.75,78.88,82.5,1240.0,法人偏多、基本面優於產業平均,波動率偏高、近期回撤偏大,MA5近期上穿MA20、RSI位於起漲區、MACD近期黃金交叉、MACD動能擴張、成交量溫和放大、外資5日買超、外資買盤加速、投信買盤加速,5日漲幅過大、波動率偏高、近期回撤偏大,69.0,19.0,64.76,40.0,27.0,18.0,90.0,46.63,🟡 中等爆發潛力,,,,P50-LIVE-S2.0,46.63,LEGACY_FALLBACK
2026-09-24,6116,彩晶,上市,光電業,192,45.96,44.5,★★ 弱勢,一般觀察,55,30.76923076923077,39.013474222641,58,70,70.0,55.8,74.21,78.0,35.0,39.01,55.0,0.0,③ 剛啟動,🟢 可觀察進場,86.75,78.88,100.0,14.9,,成交量波動較大,站上MA20且乖離健康、MA20向上、MA5近期上穿MA20、RSI位於起漲區、近期突破20日高、投信5日買超、投信買盤加速,無明顯風險訊號,70.0,144.0,39.6,50.0,40.0,63.0,90.0,46.52,⚪ 爆發潛力不足,,,,P50-LIVE-S2.0,46.52,LEGACY_FALLBACK
2026-09-24,2449,京元電子,上市,半導體業,83,56.98,76.0,★★★ 一般觀察,風險偏高,70,61.53846153846154,51.57037076122133,41,71,105.0,50.54,4.61,62.0,45.0,51.57,30.0,40.0,⑤ 過熱,🟠 短線過熱,86.75,78.88,83.33,311.0,技術面偏多、法人偏多、綜合表現前25%,波動率偏高,MA20向上、MACD動能擴張、近期突破20日高、外資5日買超、投信5日買超、外資由賣轉買,5日漲幅過大、MA20乖離過大、波動率偏高,71.0,14.0,66.58,45.0,60.0,0.0,80.0,46.18,🟡 中等爆發潛力,,,,P50-LIVE-S2.0,46.18,LEGACY_FALLBACK
2026-09-24,1301,台塑,上市,塑膠工業,199,45.23,42.4,★★ 弱勢,一般觀察,35,7.6923076923076925,58.650510086928,78,72,247.0,30.8,44.2,25.0,15.0,58.65,50.0,0.0,② 蓄勢,🔴 暫不考慮,86.75,78.88,100.0,64.1,風險動能結構佳,無明顯風險訊號,MA20向上、RSI位於起漲區、外資由賣轉買,無明顯風險訊號,72.0,95.0,46.56,0.0,35.0,80.0,63.0,46.08,⚪ 爆發潛力不足,,,,P50-LIVE-S2.0,46.08,LEGACY_FALLBACK
2026-09-24,4763,材料*-KY,上市,化學工業,273,34.31,20.9,★★ 弱勢,整理觀察,10,23.076923076923077,73.64875368533906,23,73,253.0,29.3,37.7,25.0,15.0,73.65,25.0,10.0,③ 剛啟動,🔴 暫不考慮,86.75,78.88,100.0,46.1,基本面優於產業平均,無明顯風險訊號,MA20向上、MA5近期上穿MA20、投信5日買超,無明顯風險訊號,73.0,87.0,48.13,15.0,10.0,80.0,80.0,46.05,⚪ 爆發潛力不足,,,,P50-LIVE-S2.0,46.05,LEGACY_FALLBACK
2026-09-24,3231,緯創,上市,電腦及週邊設備業,184,46.48,46.8,★★ 弱勢,整理觀察,35,7.6923076923076925,62.79500084947334,78,74,225.0,34.42,46.42,25.0,25.0,62.8,50.0,0.0,② 蓄勢,🔴 暫不考慮,86.75,78.88,82.5,184.5,風險動能結構佳,無明顯風險訊號,MA20向上、RSI位於起漲區、外資買盤加速、外資由賣轉買,無明顯風險訊號,74.0,102.0,45.59,0.0,35.0,43.0,80.0,45.75,⚪ 爆發潛力不足,,,,P50-LIVE-S2.0,45.75,LEGACY_FALLBACK
2026-09-24,3518,柏騰,上市,其他電子業,64,59.47,81.7,★★★★ 觀察候選,等待回檔,75,53.84615384615385,43.35057208237986,66,75,97.0,51.3,43.31,52.0,40.0,43.35,80.0,17.0,④ 趨勢加速,🔴 暫不考慮,86.75,78.88,82.5,34.0,技術面偏多、法人偏多、風險動能健康、綜合表現前25%,成交量波動較大,MA20向上、MACD動能擴張、接近20日突破、外資5日買超、外資買盤加速、外資連買,無明顯風險訊號,75.0,97.0,46.31,30.0,87.0,80.0,80.0,45.71,⚪ 爆發潛力不足,,,,P50-LIVE-S2.0,45.71,LEGACY_FALLBACK
2026-09-24,6533,晶心科,上市,半導體業,113,54.41,67.4,★★★ 一般觀察,風險偏高,85,61.53846153846154,26.001028915154066,44,76,33.0,61.8,48.87,81.0,55.0,26.0,60.0,30.0,③ 剛啟動,🔴 暫不考慮,86.75,78.88,83.33,276.0,技術趨勢強、法人偏多,波動率偏高,MA20向上、MA5近期上穿MA20、RSI位於起漲區、MACD近期黃金交叉、MACD動能擴張、接近20日突破、外資5日買超、投信5日買超、外資買盤加速,波動率偏高、近期回撤偏大,76.0,107.0,44.84,85.0,65.0,100.0,100.0,45.65,⚪ 爆發潛力不足,,,,P50-LIVE-S2.0,45.65,LEGACY_FALLBACK
2026-09-24,2379,瑞昱,上市,半導體業,60,60.0,82.8,★★★ 一般觀察,一般觀察,55,61.53846153846154,58.63950389287557,68,77,76.0,54.45,66.52,56.0,50.0,58.64,55.0,0.0,② 蓄勢,🔵 等待突破,86.75,78.88,83.33,749.0,法人偏多、風險動能健康、綜合表現前25%,無明顯風險訊號,站上MA20且乖離健康、MA20向上、RSI位於起漲區、外資5日買超、投信5日買超、投信買盤加速,無明顯風險訊號,77.0,138.0,40.22,0.0,40.0,80.0,80.0,45.48,⚪ 爆發潛力不足,,,,P50-LIVE-S2.0,45.48,LEGACY_FALLBACK
2026-09-24,6505,台塑化,上市,油電燃氣業,3,74.81,99.4,★★★★★ 強勢候選,趨勢健康,70,84.61538461538461,77.62272339292649,68,78,63.0,56.74,49.15,49.0,55.0,77.62,60.0,10.0,① 尚未啟動,🔴 暫不考慮,86.75,78.88,100.0,87.2,技術面偏多、法人籌碼強、基本面優於產業平均、風險動能健康、綜合表現前10%,無明顯風險訊號,MA20向上、RSI位於起漲區、外資5日買超、投信5日買超、外資買盤加速,無明顯風險訊號,78.0,112.0,43.98,0.0,60.0,80.0,80.0,45.02,⚪ 爆發潛力不足,,,,P50-LIVE-S2.0,45.02,LEGACY_FALLBACK
2026-09-24,6213,聯茂,上市,電子零組件業,32,66.33,91.0,★★★ 一般觀察,短線過熱,70,100.0,64.42179487179487,30,79,5.0,70.51,24.52,79.0,70.0,64.42,55.0,40.0,⑤ 過熱,🟠 短線過熱,86.75,78.88,82.5,595.0,技術面偏多、法人籌碼強、綜合表現前10%,5日漲幅過大、MA60乖離過大、波動率偏高,MA20向上、MA5近期上穿MA20、MACD近期黃金交叉、MACD動能擴張、接近20日突破、外資5日買超、投信5日買超、投信買盤加速,5日漲幅過大、MA20乖離過大、波動率偏高、近期回撤偏大,79.0,34.0,60.12,60.0,28.0,35.0,90.0,45.0,🟡 中等爆發潛力,,,,P50-LIVE-S2.0,45.0,LEGACY_FALLBACK
2026-09-24,6271,同欣電,上市,半導體業,104,54.96,70.1,★★★ 一般觀察,一般觀察,55,53.84615384615385,50.30696086018479,63,80,130.0,46.25,53.32,48.0,30.0,50.31,70.0,5.0,② 蓄勢,🟡 等待回檔,86.75,78.88,83.33,229.0,法人偏多、風險動能健康,無明顯風險訊號,站上MA20且乖離健康、MA20向上、RSI位於起漲區、外資5日買超、外資連買、法人買超占量提升,無明顯風險訊號,80.0,121.0,42.79,0.0,60.0,80.0,80.0,44.9,⚪ 爆發潛力不足,,,,P50-LIVE-S2.0,44.9,LEGACY_FALLBACK
2026-09-24,8110,華東,上市,半導體業,214,42.85,38.1,★★ 弱勢,一般觀察,55,7.6923076923076925,52.69162445476291,45,81,219.0,35.0,17.08,49.0,5.0,52.69,40.0,27.0,④ 趨勢加速,🔴 暫不考慮,86.75,78.88,83.33,49.0,,成交量波動較大,MA20向上、RSI位於起漲區,波動率偏高,81.0,69.0,51.08,0.0,43.0,80.0,80.0,44.28,⚪ 爆發潛力不足,,,,P50-LIVE-S2.0,44.28,LEGACY_FALLBACK
2026-09-24,2609,陽明,上市,航運業,29,66.65,91.9,★★★ 一般觀察,一般觀察,55,100.0,55.17080610021786,68,82,54.0,57.48,70.88,48.0,80.0,55.17,40.0,0.0,② 蓄勢,🔵 等待突破,86.75,78.88,100.0,59.6,法人籌碼強、風險動能健康、綜合表現前10%,成交量波動較大,站上MA20且乖離健康、MA20向上、RSI位於起漲區、外資5日買超、投信5日買超、外資買盤加速,無明顯風險訊號,82.0,159.0,37.62,0.0,35.0,80.0,63.0,44.27,⚪ 爆發潛力不足,,,,P50-LIVE-S2.0,44.27,LEGACY_FALLBACK
2026-09-24,2466,冠西電,上市,光電業,72,58.27,79.4,★★★★ 觀察候選,等待回檔,85,61.53846153846154,38.19729814335398,45,83,39.0,60.78,16.19,72.0,60.0,38.2,55.0,40.0,⑤ 過熱,🟠 短線過熱,86.75,78.88,100.0,119.5,技術趨勢強、法人偏多、綜合表現前25%,無明顯風險訊號,MA20向上、MACD動能擴張、成交量溫和放大、近期突破20日高、外資5日買超、投信5日買超、投信買盤加速,5日漲幅過大、MA20乖離過大、波動率偏高,83.0,29.0,61.19,70.0,60.0,100.0,100.0,44.19,🟡 中等爆發潛力,,,,P50-LIVE-S2.0,44.19,LEGACY_FALLBACK
2026-09-24,6205,詮欣,上市,電子零組件業,87,56.83,75.0,★★★ 一般觀察,風險偏高,100,7.6923076923076925,55.65036630036631,43,84,107.0,49.7,3.7,76.0,5.0,55.65,63.0,40.0,⑤ 過熱,🟠 短線過熱,86.75,78.88,82.5,73.6,技術趨勢強、綜合表現前25%,波動率偏高、成交量波動較大,MA20向上、MA5近期上穿MA20、RSI位於起漲區、MACD動能擴張、近期突破20日高,5日漲幅過大、MA20乖離過大、波動率偏高、近期回撤偏大,84.0,22.0,64.3,60.0,60.0,80.0,80.0,44.18,🟡 中等爆發潛力,,,,P50-LIVE-S2.0,44.18,LEGACY_FALLBACK
2026-09-24,2605,新興,上市,航運業,67,59.35,80.8,★★★ 一般觀察,整理觀察,55,7.6923076923076925,81.02723311546839,85,85,165.0,42.6,56.01,48.0,5.0,81.03,65.0,0.0,② 蓄勢,🟡 等待回檔,86.75,78.88,100.0,36.5,同產業基本面突出、風險動能結構佳、綜合表現前25%,無明顯風險訊號,站上MA20且乖離健康、MA20向上、RSI位於起漲區,無明顯風險訊號,85.0,131.0,41.19,0.0,53.0,80.0,63.0,44.16,⚪ 爆發潛力不足,,,,P50-LIVE-S2.0,44.16,LEGACY_FALLBACK
2026-09-24,6239,力成,上市,半導體業,116,53.9,66.6,★★★ 一般觀察,一般觀察,55,38.46153846153847,50.3468622484874,73,86,128.0,46.45,58.52,56.0,20.0,50.35,70.0,0.0,② 蓄勢,🟡 等待回檔,86.75,78.88,83.33,287.0,風險動能健康,無明顯風險訊號,站上MA20且乖離健康、MA20向上、RSI位於起漲區、外資5日買超、法人買超占量提升,無明顯風險訊號,86.0,137.0,40.43,0.0,58.0,80.0,63.0,44.05,⚪ 爆發潛力不足,,,,P50-LIVE-S2.0,44.05,LEGACY_FALLBACK
2026-09-24,2353,宏碁,上市,電腦及週邊設備業,103,55.01,70.3,★★★ 一般觀察,一般觀察,55,53.84615384615385,47.12801563030921,68,87,102.0,51.02,63.02,48.0,65.0,47.13,35.0,0.0,② 蓄勢,🔵 等待突破,86.75,78.88,82.5,31.75,法人偏多、風險動能健康,無明顯風險訊號,站上MA20且乖離健康、MA20向上、RSI位於起漲區、投信5日買超、外資買盤加速、投信買盤加速,無明顯風險訊號,87.0,148.0,39.3,0.0,10.0,80.0,63.0,44.05,⚪ 爆發潛力不足,,,,P50-LIVE-S2.0,44.05,LEGACY_FALLBACK
2026-09-24,2413,環科,上市,電子零組件業,101,55.1,70.8,★★★ 一般觀察,風險偏高,70,38.46153846153847,54.014285714285705,51,88,130.0,46.25,27.26,56.0,30.0,54.01,45.0,20.0,① 尚未啟動,🔴 暫不考慮,86.75,78.88,82.5,51.3,技術面偏多,波動率偏高,站上MA20且乖離健康、MA20向上、RSI位於起漲區、外資5日買超、外資買盤加速、法人買超占量提升,ATR偏高、波動率偏高,88.0,84.0,48.22,0.0,57.0,80.0,65.0,44.03,⚪ 爆發潛力不足,,,,P50-LIVE-S2.0,44.03,LEGACY_FALLBACK
2026-09-24,6770,力積電,上市,半導體業,42,64.09,88.1,★★★★ 觀察候選,一般觀察,70,61.53846153846154,65.28136872097932,56,89,83.0,53.19,60.26,56.0,35.0,65.28,70.0,5.0,② 蓄勢,🟡 等待回檔,86.75,78.88,83.33,72.0,技術面偏多、法人偏多、基本面優於產業平均、綜合表現前25%,無明顯風險訊號,站上MA20且乖離健康、MA20向上、RSI位於起漲區、外資5日買超、投信5日買超、法人買超占量提升,無明顯風險訊號,89.0,142.0,39.82,0.0,43.0,25.0,80.0,43.91,⚪ 爆發潛力不足,,,,P50-LIVE-S2.0,43.91,LEGACY_FALLBACK
2026-09-24,3653,健策,上市,電子零組件業,56,61.74,84.0,★★★ 一般觀察,短線過熱,90,30.76923076923077,79.96666666666667,23,90,23.0,63.45,17.45,78.0,45.0,79.97,45.0,40.0,⑤ 過熱,🟠 短線過熱,86.75,78.88,82.5,6920.0,技術趨勢強、基本面優於產業平均、綜合表現前25%,5日漲幅過大、MA20乖離過大、MA60乖離過大、波動率偏高,MA20向上、MA5近期上穿MA20、MACD近期黃金交叉、MACD動能擴張、成交量溫和放大、近期突破20日高、投信5日買超、投信買盤加速、投信由賣轉買,5日漲幅過大、MA20乖離過大、波動率偏高,90.0,32.0,60.31,100.0,45.0,38.0,100.0,43.74,🟡 中等爆發潛力,,,,P50-LIVE-S2.0,43.74,LEGACY_FALLBACK
2026-09-24,2851,中再保,上市,金融保險,54,61.92,84.7,★★★ 一般觀察,整理觀察,55,30.76923076923077,75.56320568943289,83,91,115.0,48.73,59.74,56.0,15.0,75.56,70.0,0.0,② 蓄勢,🟡 等待回檔,86.75,78.88,70.0,47.5,基本面優於產業平均、風險動能結構佳、綜合表現前25%,無明顯風險訊號,站上MA20且乖離健康、MA20向上、RSI位於起漲區、接近20日突破、外資5日買超、法人買超占量提升,無明顯風險訊號,91.0,145.0,39.54,20.0,68.0,80.0,63.0,43.58,⚪ 爆發潛力不足,,,,P50-LIVE-S2.0,43.58,LEGACY_FALLBACK
2026-09-24,2104,國際中橡,上市,橡膠工業,93,56.24,73.3,★★★ 一般觀察,趨勢健康,85,38.46153846153847,22.818181818181817,81,92,32.0,61.82,75.23,86.0,30.0,22.82,100.0,5.0,③ 剛啟動,🟢 可觀察進場,86.75,78.88,100.0,11.15,技術趨勢強、風險動能結構佳,成交量波動較大,站上MA20且乖離健康、MA20向上、RSI位於起漲區、MACD動能擴張、成交量溫和放大、近期突破20日高、外資5日買超、外資買盤加速、法人買超占量提升,無明顯風險訊號,92.0,169.0,35.34,70.0,70.0,100.0,100.0,43.32,⚪ 爆發潛力不足,,,,P50-LIVE-S2.0,43.32,LEGACY_FALLBACK
2026-09-24,3406,玉晶光,上市,光電業,224,41.26,35.2,★★ 弱勢,風險偏高,35,23.076923076923077,69.81987810184475,26,93,232.0,33.97,8.38,25.0,25.0,69.82,40.0,28.0,① 尚未啟動,🔴 暫不考慮,86.75,78.88,100.0,901.0,基本面優於產業平均,ATR偏高、波動率偏高,MA20向上、RSI位於起漲區、投信5日買超、外資由賣轉買,ATR偏高、波動率偏高、近期回撤偏大,93.0,72.0,50.36,0.0,70.0,80.0,0.0,41.96,⚪ 爆發潛力不足,,,,P50-LIVE-S2.0,41.96,LEGACY_FALLBACK
2026-09-24,6933,AMAX-KY,上市,電腦及週邊設備業,178,47.31,48.5,★★ 弱勢,短線過熱,90,0.0,62.364742609582045,8,94,176.0,41.25,0.0,61.0,0.0,62.36,50.0,40.0,⑤ 過熱,🟠 短線過熱,86.75,78.88,82.5,385.0,技術趨勢強,20日漲幅過大、MA20乖離過大、MA60乖離過大、波動率偏高,MA20向上、MACD近期黃金交叉、MACD動能擴張、近期突破20日高,MA20乖離過大、ATR偏高、波動率偏高、近期回撤偏大,94.0,26.0,62.44,85.0,40.0,100.0,20.0,41.95,🟡 中等爆發潛力,,,,P50-LIVE-S2.0,41.95,LEGACY_FALLBACK
2026-09-24,2637,慧洋-KY,上市,航運業,66,59.38,81.1,★★★ 一般觀察,整理觀察,55,38.46153846153847,61.95664488017428,83,95,170.0,41.99,55.4,48.0,20.0,61.96,50.0,0.0,② 蓄勢,🟡 等待回檔,86.75,78.88,100.0,100.5,風險動能結構佳、綜合表現前25%,無明顯風險訊號,站上MA20且乖離健康、MA20向上、RSI位於起漲區、外資5日買超、法人買超占量提升,無明顯風險訊號,95.0,153.0,38.37,0.0,53.0,80.0,63.0,41.78,⚪ 爆發潛力不足,,,,P50-LIVE-S2.0,41.78,LEGACY_FALLBACK
2026-09-24,2454,聯發科,上市,半導體業,58,61.13,83.4,★★★★ 觀察候選,短線過熱,60,76.92307692307693,62.49518198020731,45,96,99.0,51.22,8.3,54.0,45.0,62.5,45.0,37.0,⑤ 過熱,🟠 短線過熱,86.75,78.88,83.33,5285.0,法人籌碼強、綜合表現前25%,20日漲幅過大,MA20向上、MACD動能擴張、近期突破20日高、外資5日買超、投信5日買超、外資連買,5日漲幅過大、MA20乖離過大,96.0,35.0,59.93,45.0,68.0,0.0,80.0,41.6,⚪ 爆發潛力不足,,,,P50-LIVE-S2.0,41.6,LEGACY_FALLBACK
2026-09-24,8162,微矽電子-創,上市,半導體業,149,49.48,57.0,★★★ 一般觀察,趨勢健康,70,30.76923076923077,32.42106373997467,63,97,68.0,56.01,73.09,81.0,25.0,32.42,75.0,0.0,③ 剛啟動,🟢 可觀察進場,86.75,78.88,83.33,65.1,技術面偏多、風險動能健康,成交量波動較大,MA20向上、MA5近期上穿MA20、RSI位於起漲區、MACD近期黃金交叉、MACD動能擴張、接近20日突破、外資5日買超、外資買盤加速、法人買超占量提升,無明顯風險訊號,97.0,179.0,33.59,60.0,58.0,60.0,80.0,41.49,⚪ 爆發潛力不足,,,,P50-LIVE-S2.0,41.49,LEGACY_FALLBACK
2026-09-24,3031,佰鴻,上市,光電業,120,53.64,65.4,★★★ 一般觀察,短線過熱,90,7.6923076923076925,65.0164296424759,28,98,139.0,45.6,6.01,54.0,25.0,65.02,45.0,35.0,⑤ 過熱,🟠 短線過熱,86.75,78.88,100.0,30.45,技術趨勢強、基本面優於產業平均,MA20乖離過大、成交量波動較大,MA20向上、MACD動能擴張、近期突破20日高、外資買盤加速、外資由賣轉買,MA20乖離過大,98.0,33.0,60.28,70.0,60.0,100.0,80.0,41.43,🟡 中等爆發潛力,,,,P50-LIVE-S2.0,41.43,LEGACY_FALLBACK
2026-09-24,3006,晶豪科,上市,半導體業,164,48.67,52.6,★★★ 一般觀察,風險偏高,25,30.76923076923077,84.72514422400451,48,99,238.0,33.41,6.48,18.0,20.0,84.73,50.0,28.0,① 尚未啟動,🔴 暫不考慮,86.75,78.88,83.33,275.0,同產業基本面突出,波動率偏高,MA20向上、投信5日買超,ATR偏高、波動率偏高、近期回撤偏大,99.0,75.0,50.08,0.0,35.0,80.0,80.0,41.36,⚪ 爆發潛力不足,,,,P50-LIVE-S2.0,41.36,LEGACY_FALLBACK
2026-09-24,2606,裕民,上市,航運業,81,57.2,76.9,★★★ 一般觀察,一般觀察,45,46.15384615384615,59.562440087145966,83,100,153.0,43.88,57.29,33.0,40.0,59.56,65.0,0.0,② 蓄勢,🟡 等待回檔,86.75,78.88,100.0,76.7,風險動能結構佳、綜合表現前25%,無明顯風險訊號,MA20向上、RSI位於起漲區、投信5日買超、投信買盤加速、法人買超占量提升,無明顯風險訊號,100.0,160.0,37.37,0.0,53.0,80.0,63.0,41.35,⚪ 爆發潛力不足,,,,P50-LIVE-S2.0,41.35,LEGACY_FALLBACK
2026-09-24,2363,矽統,上市,半導體業,147,49.57,57.6,★★★ 一般觀察,一般觀察,55,46.15384615384615,44.13606772665448,53,101,87.0,52.72,47.79,59.0,50.0,44.14,50.0,22.0,③ 剛啟動,🔴 暫不考慮,86.75,78.88,83.33,58.7,,成交量波動較大,MA20向上、RSI位於起漲區、近期突破20日高、投信5日買超、投信買盤加速、投信由賣轉買,無明顯風險訊號,101.0,143.0,39.71,35.0,75.0,80.0,80.0,41.33,⚪ 爆發潛力不足,,,,P50-LIVE-S2.0,41.33,LEGACY_FALLBACK
2026-09-24,6209,今國光,上市,光電業,165,48.44,52.3,★★★ 一般觀察,整理觀察,45,0.0,75.13341180227081,62,102,171.0,41.97,50.38,40.0,10.0,75.13,78.0,5.0,② 蓄勢,🟡 等待回檔,86.75,78.88,100.0,79.9,基本面優於產業平均、風險動能健康,無明顯風險訊號,站上MA20且乖離健康、MA20向上、RSI位於起漲區、外資由賣轉買,無明顯風險訊號,102.0,149.0,38.9,0.0,43.0,80.0,80.0,41.19,⚪ 爆發潛力不足,,,,P50-LIVE-S2.0,41.19,LEGACY_FALLBACK
2026-09-24,3481,群創,上市,光電業,209,44.42,39.5,★★ 弱勢,一般觀察,55,0.0,49.746493158489514,65,103,184.0,40.36,53.77,56.0,0.0,49.75,70.0,0.0,② 蓄勢,🟡 等待回檔,86.75,78.88,100.0,49.55,風險動能健康,無明顯風險訊號,站上MA20且乖離健康、MA20向上、RSI位於起漲區,無明顯風險訊號,103.0,154.0,37.89,0.0,43.0,25.0,80.0,41.07,⚪ 爆發潛力不足,,,,P50-LIVE-S2.0,41.07,LEGACY_FALLBACK
2026-09-24,4916,事欣科,上市,電腦及週邊設備業,102,55.1,70.8,★★★ 一般觀察,整理觀察,45,53.84615384615385,70.76694699286445,48,104,158.0,43.52,44.52,56.0,30.0,70.77,10.0,0.0,① 尚未啟動,🔴 暫不考慮,86.75,78.88,82.5,102.5,法人偏多、基本面優於產業平均,成交量波動較大,站上MA20且乖離健康、RSI位於起漲區、成交量溫和放大、外資5日買超、外資連買、法人買超占量提升,無明顯風險訊號,104.0,140.0,39.92,12.0,0.0,80.0,90.0,40.84,⚪ 爆發潛力不足,,,,P50-LIVE-S2.0,40.84,LEGACY_FALLBACK
2026-09-24,1709,和益,上市,化學工業,112,54.46,67.7,★★★ 一般觀察,風險偏高,85,7.6923076923076925,70.7352809791834,31,105,127.0,46.46,6.87,69.0,5.0,70.74,45.0,35.0,⑤ 過熱,🟠 短線過熱,86.75,78.88,100.0,43.5,技術趨勢強、基本面優於產業平均,MA60乖離過大、ATR偏高、波動率偏高,MA20向上、RSI位於起漲區、成交量溫和放大、近期突破20日高,MA20乖離過大、ATR偏高、波動率偏高,105.0,38.0,59.32,60.0,60.0,65.0,40.0,40.83,⚪ 爆發潛力不足,,,,P50-LIVE-S2.0,40.83,LEGACY_FALLBACK
2026-09-24,2404,漢唐,上市,其他電子業,22,67.83,93.9,★★★ 一般觀察,短線過熱,75,84.61538461538461,66.02974828375285,43,106,24.0,63.25,17.26,64.0,70.0,66.03,45.0,40.0,⑤ 過熱,🟠 短線過熱,86.75,78.88,82.5,1285.0,技術面偏多、法人籌碼強、基本面優於產業平均、綜合表現前10%,5日漲幅過大、MA20乖離過大,MA20向上、MACD動能擴張、成交量溫和放大、近期突破20日高、外資5日買超、投信5日買超、外資買盤加速,5日漲幅過大、MA20乖離過大、波動率偏高,106.0,47.0,56.63,70.0,45.0,80.0,100.0,40.76,⚪ 爆發潛力不足,,,,P50-LIVE-S2.0,40.76,LEGACY_FALLBACK
2026-09-24,2489,瑞軒,上市,光電業,229,40.62,33.7,★★ 弱勢,一般觀察,45,23.076923076923077,54.33636628298279,31,107,230.0,34.1,32.51,33.0,30.0,54.34,25.0,15.0,② 蓄勢,🔴 暫不考慮,86.75,78.88,100.0,40.8,,無明顯風險訊號,MA20向上、RSI位於起漲區、投信5日買超、投信買盤加速,波動率偏高,107.0,127.0,41.96,0.0,10.0,80.0,80.0,40.07,⚪ 爆發潛力不足,,,,P50-LIVE-S2.0,40.07,LEGACY_FALLBACK
2026-09-24,6120,達運,上市,光電業,195,45.47,43.6,★★ 弱勢,整理觀察,45,7.6923076923076925,62.76372606410453,58,108,169.0,42.11,44.52,63.0,5.0,62.76,40.0,0.0,① 尚未啟動,🔴 暫不考慮,86.75,78.88,100.0,12.75,,成交量波動較大,站上MA20且乖離健康、MA5近期上穿MA20、RSI位於起漲區、近期突破20日高,無明顯風險訊號,108.0,150.0,38.87,50.0,30.0,35.0,63.0,40.0,⚪ 爆發潛力不足,,,,P50-LIVE-S2.0,40.0,LEGACY_FALLBACK
2026-09-24,6415,矽力*-KY,上市,半導體業,238,39.86,31.1,★★ 弱勢,整理觀察,35,30.76923076923077,60.70366540030956,25,109,185.0,39.51,27.58,46.0,25.0,60.7,30.0,13.0,① 尚未啟動,🔴 暫不考慮,86.75,78.88,83.33,425.5,,無明顯風險訊號,站上MA20且乖離健康、MA5近期上穿MA20、外資5日買超、投信由賣轉買、法人買超占量提升,近期回撤偏大,109.0,122.0,42.72,15.0,30.0,80.0,80.0,39.69,⚪ 爆發潛力不足,,,,P50-LIVE-S2.0,39.69,LEGACY_FALLBACK
2026-09-24,6426,統新,上市,通信網路業,121,53.25,65.1,★★★ 一般觀察,短線過熱,60,38.46153846153847,75.17873512459136,25,110,137.0,45.63,0.0,54.0,20.0,75.18,45.0,40.0,⑤ 過熱,🟠 短線過熱,86.75,78.88,76.67,389.0,基本面優於產業平均,20日漲幅過大、MA20乖離過大、MA60乖離過大、ATR偏高、波動率偏高,MA20向上、成交量溫和放大、近期突破20日高、外資5日買超、法人買超占量提升,MA20乖離過大、ATR偏高、波動率偏高,110.0,37.0,59.57,47.0,40.0,80.0,68.0,39.65,⚪ 爆發潛力不足,,,,P50-LIVE-S2.0,39.65,LEGACY_FALLBACK
2026-09-24,2472,立隆電,上市,電子零組件業,254,37.33,26.5,★★ 弱勢,整理觀察,25,7.6923076923076925,72.31391941391941,33,111,195.0,38.5,26.5,41.0,15.0,72.31,45.0,13.0,① 尚未啟動,🔴 暫不考慮,86.75,78.88,82.5,218.5,基本面優於產業平均,無明顯風險訊號,站上MA20且乖離健康、MACD動能擴張、外資由賣轉買,近期回撤偏大,111.0,120.0,42.91,10.0,30.0,80.0,80.0,39.63,⚪ 爆發潛力不足,,,,P50-LIVE-S2.0,39.63,LEGACY_FALLBACK
2026-09-24,2915,潤泰全,上市,貿易百貨,16,69.54,95.6,★★★★★ 強勢候選,趨勢健康,70,53.84615384615385,67.24786324786325,88,112,28.0,62.44,80.84,69.0,40.0,67.25,85.0,0.0,③ 剛啟動,🟢 可觀察進場,86.75,78.88,100.0,60.0,技術面偏多、法人偏多、基本面優於產業平均、風險動能結構佳、綜合表現前10%,無明顯風險訊號,站上MA20且乖離健康、MA20向上、MACD動能擴張、近期突破20日高、外資5日買超、外資買盤加速、外資連買,無明顯風險訊號,112.0,210.0,29.32,45.0,50.0,80.0,35.0,39.62,⚪ 爆發潛力不足,,,,P50-LIVE-S2.0,39.62,LEGACY_FALLBACK
2026-09-24,3138,耀登,上市,通信網路業,225,41.06,34.9,★★ 弱勢,一般觀察,70,7.6923076923076925,39.740659908736845,33,113,202.0,37.61,34.15,66.0,5.0,39.74,25.0,15.0,② 蓄勢,🔴 暫不考慮,86.75,78.88,76.67,99.4,技術面偏多,成交量波動較大,站上MA20且乖離健康、MA20向上、RSI位於起漲區、成交量溫和放大,波動率偏高,113.0,132.0,40.76,25.0,10.0,100.0,100.0,39.44,⚪ 爆發潛力不足,,,,P50-LIVE-S2.0,39.44,LEGACY_FALLBACK
2026-09-24,2481,強茂,上市,半導體業,123,53.14,64.5,★★★ 一般觀察,等待回檔,70,46.15384615384615,39.687905117020776,55,114,183.0,40.55,22.63,49.0,20.0,39.69,60.0,27.0,④ 趨勢加速,🔴 暫不考慮,86.75,78.88,83.33,174.5,技術面偏多,無明顯風險訊號,MA20向上、RSI位於起漲區、投信5日買超,ATR偏高、波動率偏高,114.0,115.0,43.53,0.0,75.0,25.0,80.0,39.35,⚪ 爆發潛力不足,,,,P50-LIVE-S2.0,39.35,LEGACY_FALLBACK
2026-09-24,3229,晟鈦,上市,電子零組件業,260,36.86,24.7,★★ 弱勢,風險偏高,35,7.6923076923076925,63.388827838827844,29,115,274.0,25.16,9.16,26.0,5.0,63.39,25.0,28.0,② 蓄勢,🔴 暫不考慮,86.75,78.88,82.5,56.4,,ATR偏高、波動率偏高、近期回撤偏大,MA20向上,ATR偏高、波動率偏高、近期回撤偏大,115.0,94.0,46.77,0.0,35.0,80.0,0.0,39.25,⚪ 爆發潛力不足,,,,P50-LIVE-S2.0,39.25,LEGACY_FALLBACK
2026-09-24,2376,技嘉,上市,電腦及週邊設備業,15,69.95,95.9,★★★★★ 強勢候選,趨勢健康,70,69.23076923076923,66.33864254162418,76,116,57.0,57.1,69.11,56.0,40.0,66.34,85.0,0.0,② 蓄勢,🔵 等待突破,86.75,78.88,82.5,361.5,技術面偏多、法人偏多、基本面優於產業平均、風險動能結構佳、綜合表現前10%,無明顯風險訊號,站上MA20且乖離健康、MA20向上、RSI位於起漲區、外資5日買超、投信5日買超、外資連買,無明顯風險訊號,116.0,195.0,31.52,0.0,55.0,80.0,63.0,39.04,⚪ 爆發潛力不足,,,,P50-LIVE-S2.0,39.04,LEGACY_FALLBACK
2026-09-24,2884,玉山金,上市,金融保險,86,56.91,75.3,★★★ 一般觀察,一般觀察,55,53.84615384615385,46.7887854704124,78,117,149.0,44.22,55.22,48.0,45.0,46.79,30.0,0.0,② 蓄勢,🟡 等待回檔,86.75,78.88,70.0,45.6,法人偏多、風險動能結構佳、綜合表現前25%,無明顯風險訊號,站上MA20且乖離健康、MA20向上、RSI位於起漲區、投信5日買超、投信買盤加速、投信連買,無明顯風險訊號,117.0,171.0,34.93,0.0,70.0,80.0,80.0,38.99,⚪ 爆發潛力不足,,,,P50-LIVE-S2.0,38.99,LEGACY_FALLBACK
2026-09-24,1514,亞力,上市,電機機械,181,47.08,47.7,★★ 弱勢,一般觀察,35,53.84615384615385,50.71459429459429,53,118,120.0,48.01,50.41,56.0,45.0,50.71,30.0,0.0,① 尚未啟動,🟡 等待回檔,86.75,78.88,100.0,102.0,法人偏多,無明顯風險訊號,站上MA20且乖離健康、MA5近期上穿MA20、成交量溫和放大、外資5日買超、投信5日買超、投信買盤加速,無明顯風險訊號,118.0,167.0,35.64,27.0,15.0,100.0,70.0,38.59,⚪ 爆發潛力不足,,,,P50-LIVE-S2.0,38.59,LEGACY_FALLBACK
2026-09-24,3094,聯傑,上市,半導體業,135,51.19,60.9,★★★ 一般觀察,短線過熱,85,38.46153846153847,45.980678087331746,21,119,213.0,35.95,0.0,52.0,20.0,45.98,15.0,40.0,⑤ 過熱,🟠 短線過熱,86.75,78.88,83.33,54.3,技術趨勢強,20日漲幅過大、MA20乖離過大、MA60乖離過大、波動率偏高,MA20向上、成交量溫和放大、外資5日買超、法人買超占量提升,5日漲幅過大、MA20乖離過大、ATR偏高、波動率偏高,119.0,43.0,57.99,25.0,68.0,83.0,68.0,38.39,⚪ 爆發潛力不足,,,,P50-LIVE-S2.0,38.39,LEGACY_FALLBACK
2026-09-24,1102,亞泥,上市,水泥工業,24,67.49,93.3,★★★★ 觀察候選,趨勢健康,70,84.61538461538461,49.23514824315462,74,120,7.0,68.79,87.19,83.0,55.0,49.24,78.0,0.0,③ 剛啟動,🟢 可觀察進場,86.75,78.88,100.0,35.7,技術面偏多、法人籌碼強、風險動能健康、綜合表現前10%,無明顯風險訊號,站上MA20且乖離健康、MA20向上、RSI位於起漲區、MACD近期黃金交叉、MACD動能擴張、近期突破20日高、外資5日買超、投信5日買超、外資買盤加速,無明顯風險訊號,120.0,234.0,26.17,60.0,25.0,80.0,20.0,38.37,⚪ 爆發潛力不足,,,,P50-LIVE-S2.0,38.37,LEGACY_FALLBACK
2026-09-24,2340,台亞,上市,半導體業,155,48.99,55.2,★★★ 一般觀察,趨勢健康,70,38.46153846153847,22.335675507715397,68,121,67.0,56.05,73.12,83.0,30.0,22.34,70.0,0.0,③ 剛啟動,🟢 可觀察進場,86.75,78.88,83.33,34.55,技術面偏多、風險動能健康,無明顯風險訊號,站上MA20且乖離健康、MA20向上、MA5近期上穿MA20、RSI位於起漲區、MACD動能擴張、成交量溫和放大、外資5日買超、外資由賣轉買、法人買超占量提升,無明顯風險訊號,121.0,207.0,29.53,37.0,40.0,80.0,90.0,38.25,⚪ 爆發潛力不足,,,,P50-LIVE-S2.0,38.25,LEGACY_FALLBACK
2026-09-24,2603,長榮,上市,航運業,26,67.3,92.7,★★★ 一般觀察,整理觀察,55,69.23076923076923,64.50418300653595,88,122,53.0,57.58,70.98,56.0,50.0,64.5,70.0,0.0,② 蓄勢,🔵 等待突破,86.75,78.88,100.0,243.0,法人偏多、風險動能結構佳、綜合表現前10%,無明顯風險訊號,站上MA20且乖離健康、MA20向上、RSI位於起漲區、接近20日突破、投信5日買超、投信買盤加速、投信連買,無明顯風險訊號,122.0,205.0,29.96,20.0,68.0,80.0,50.0,38.17,⚪ 爆發潛力不足,,,,P50-LIVE-S2.0,38.17,LEGACY_FALLBACK
2026-09-24,2498,宏達電,上市,通信網路業,213,43.24,38.4,★★ 弱勢,一般觀察,55,7.6923076923076925,36.658276111981834,71,123,71.0,55.75,72.29,90.0,5.0,36.66,85.0,0.0,③ 剛啟動,🟢 可觀察進場,86.75,78.88,76.67,41.8,風險動能健康,無明顯風險訊號,站上MA20且乖離健康、MA20向上、MA5近期上穿MA20、RSI位於起漲區、MACD近期黃金交叉、MACD動能擴張、成交量溫和放大,無明顯風險訊號,123.0,209.0,29.42,52.0,58.0,80.0,70.0,38.0,⚪ 爆發潛力不足,,,,P50-LIVE-S2.0,38.0,LEGACY_FALLBACK
2026-09-24,2377,微星,上市,電腦及週邊設備業,145,49.93,58.1,★★★ 一般觀察,一般觀察,45,38.46153846153847,56.47062945973498,59,124,188.0,39.37,46.38,33.0,30.0,56.47,58.0,5.0,② 蓄勢,🔴 暫不考慮,86.75,78.88,82.5,151.5,,無明顯風險訊號,MA20向上、RSI位於起漲區、外資5日買超、外資由賣轉買、法人買超占量提升,無明顯風險訊號,124.0,168.0,35.38,0.0,28.0,80.0,80.0,37.58,⚪ 爆發潛力不足,,,,P50-LIVE-S2.0,37.58,LEGACY_FALLBACK
2026-09-24,1326,台化,上市,塑膠工業,161,48.75,53.6,★★★ 一般觀察,整理觀察,35,30.76923076923077,64.99348094691378,63,125,216.0,35.5,32.9,25.0,20.0,64.99,65.0,5.0,① 尚未啟動,🔴 暫不考慮,86.75,78.88,100.0,67.0,風險動能健康,無明顯風險訊號,MA20向上、RSI位於起漲區、投信5日買超,無明顯風險訊號,125.0,152.0,38.39,0.0,53.0,80.0,80.0,37.29,⚪ 爆發潛力不足,,,,P50-LIVE-S2.0,37.29,LEGACY_FALLBACK
2026-09-24,2882,國泰金,上市,金融保險,182,46.99,47.4,★★ 弱勢,一般觀察,45,7.6923076923076925,46.501338773428536,90,126,214.0,35.93,46.93,33.0,20.0,46.5,65.0,0.0,② 蓄勢,🔴 暫不考慮,86.75,78.88,70.0,110.5,風險動能結構佳,無明顯風險訊號,MA20向上、RSI位於起漲區、投信買盤加速,無明顯風險訊號,126.0,172.0,34.84,0.0,53.0,80.0,63.0,37.26,⚪ 爆發潛力不足,,,,P50-LIVE-S2.0,37.26,LEGACY_FALLBACK
2026-09-24,1101,台泥,上市,水泥工業,77,57.7,77.9,★★★★ 觀察候選,趨勢健康,70,38.46153846153847,42.69409750223567,81,127,29.0,62.4,80.81,80.0,30.0,42.69,100.0,0.0,③ 剛啟動,🟢 可觀察進場,86.75,78.88,100.0,25.25,技術面偏多、風險動能結構佳、綜合表現前25%,成交量波動較大,站上MA20且乖離健康、MA20向上、MA5近期上穿MA20、RSI位於起漲區、MACD近期黃金交叉、MACD動能擴張、外資5日買超、外資買盤加速、法人買超占量提升,無明顯風險訊號,127.0,235.0,26.0,40.0,70.0,63.0,63.0,36.96,⚪ 爆發潛力不足,,,,P50-LIVE-S2.0,36.96,LEGACY_FALLBACK
2026-09-24,2401,凌陽,上市,半導體業,148,49.49,57.3,★★★ 一般觀察,一般觀察,45,61.53846153846154,45.615151728342944,50,128,105.0,50.54,51.61,53.0,60.0,45.62,30.0,0.0,① 尚未啟動,🟡 等待回檔,86.75,78.88,83.33,25.55,法人偏多,無明顯風險訊號,站上MA20且乖離健康、MA5近期上穿MA20、RSI位於起漲區、外資5日買超、投信5日買超、投信買盤加速,無明顯風險訊號,128.0,180.0,33.17,15.0,30.0,60.0,63.0,36.86,⚪ 爆發潛力不足,,,,P50-LIVE-S2.0,36.86,LEGACY_FALLBACK
2026-09-24,4540,全球傳動,上市,電機機械,136,51.19,60.9,★★★ 一般觀察,一般觀察,60,38.46153846153847,41.000647289218705,66,129,126.0,46.55,48.96,56.0,30.0,41.0,60.0,0.0,① 尚未啟動,🔴 暫不考慮,86.75,78.88,100.0,60.0,風險動能健康,無明顯風險訊號,站上MA20且乖離健康、RSI位於起漲區、MACD動能擴張、外資5日買超、外資由賣轉買、法人買超占量提升,無明顯風險訊號,129.0,176.0,33.68,10.0,27.0,60.0,63.0,36.74,⚪ 爆發潛力不足,,,,P50-LIVE-S2.0,36.74,LEGACY_FALLBACK
2026-09-24,2890,永豐金,上市,金融保險,21,67.86,94.2,★★★★ 觀察候選,趨勢健康,70,53.84615384615385,53.62120503775483,100,130,78.0,54.09,54.1,57.0,45.0,53.62,65.0,0.0,① 尚未啟動,🟡 等待回檔,86.75,78.88,70.0,45.15,技術面偏多、法人偏多、風險動能結構佳、綜合表現前10%,無明顯風險訊號,站上MA20且乖離健康、MA20向上、接近20日突破、投信5日買超、投信買盤加速、投信連買,無明顯風險訊號,130.0,187.0,32.25,20.0,70.0,80.0,50.0,36.62,⚪ 爆發潛力不足,,,,P50-LIVE-S2.0,36.62,LEGACY_FALLBACK
2026-09-24,6526,達發,上市,半導體業,48,62.83,86.2,★★★ 一般觀察,短線過熱,75,76.92307692307693,59.80805426574739,35,131,51.0,58.32,12.39,54.0,70.0,59.81,45.0,40.0,⑤ 過熱,🟠 短線過熱,86.75,78.88,83.33,840.0,技術面偏多、法人籌碼強、綜合表現前25%,5日漲幅過大、20日漲幅過大、MA20乖離過大、MA60乖離過大、波動率偏高、成交量波動較大、RSI偏熱,MA20向上、MACD動能擴張、近期突破20日高、外資5日買超、投信5日買超、投信買盤加速,RSI過熱、5日漲幅過大、MA20乖離過大、波動率偏高,131.0,62.0,52.64,70.0,53.0,63.0,100.0,36.59,⚪ 爆發潛力不足,,,,P50-LIVE-S2.0,36.59,LEGACY_FALLBACK
2026-09-24,4904,遠傳,上市,通信網路業,13,71.04,96.5,★★★★ 觀察候選,趨勢健康,70,84.61538461538461,59.725742940739956,76,132,16.0,64.26,75.8,64.0,70.0,59.73,58.0,0.0,② 蓄勢,🔵 等待突破,86.75,78.88,76.67,105.5,技術面偏多、法人籌碼強、風險動能結構佳、綜合表現前10%,無明顯風險訊號,站上MA20且乖離健康、MA20向上、RSI位於起漲區、接近20日突破、外資5日買超、投信5日買超、投信買盤加速,無明顯風險訊號,132.0,229.0,26.74,20.0,28.0,80.0,35.0,36.55,⚪ 爆發潛力不足,,,,P50-LIVE-S2.0,36.55,LEGACY_FALLBACK
2026-09-24,6005,群益證,上市,金融保險,146,49.9,57.8,★★★ 一般觀察,整理觀察,55,0.0,72.67788069152,58,133,112.0,48.85,64.86,63.0,15.0,72.68,55.0,0.0,③ 剛啟動,🔵 等待突破,86.75,78.88,70.0,32.0,基本面優於產業平均,無明顯風險訊號,站上MA20且乖離健康、MA20向上、MA5近期上穿MA20、RSI位於起漲區、投信買盤加速,無明顯風險訊號,133.0,208.0,29.44,15.0,25.0,80.0,63.0,36.52,⚪ 爆發潛力不足,,,,P50-LIVE-S2.0,36.52,LEGACY_FALLBACK
2026-09-24,4915,致伸,上市,電子零組件業,65,59.46,81.4,★★★ 一般觀察,一般觀察,55,53.84615384615385,55.302197802197796,78,134,52.0,57.7,69.7,56.0,55.0,55.3,70.0,0.0,② 蓄勢,🔵 等待突破,86.75,78.88,82.5,64.1,法人偏多、風險動能結構佳、綜合表現前25%,無明顯風險訊號,站上MA20且乖離健康、MA20向上、RSI位於起漲區、外資5日買超、投信5日買超、投信買盤加速,無明顯風險訊號,134.0,217.0,28.08,0.0,43.0,80.0,50.0,36.41,⚪ 爆發潛力不足,,,,P50-LIVE-S2.0,36.41,LEGACY_FALLBACK
2026-09-24,2332,友訊,上市,通信網路業,233,40.04,32.6,★★ 弱勢,風險偏高,45,0.0,45.12362891502576,65,135,242.0,31.92,24.46,46.0,0.0,45.12,45.0,8.0,① 尚未啟動,🔴 暫不考慮,86.75,78.88,76.67,20.1,風險動能健康,近期回撤偏大,站上MA20且乖離健康、RSI位於起漲區,近期回撤偏大,135.0,151.0,38.78,0.0,55.0,80.0,80.0,35.92,⚪ 爆發潛力不足,,,,P50-LIVE-S2.0,35.92,LEGACY_FALLBACK
2026-09-24,3036,文曄,上市,電子通路業,117,53.87,66.3,★★★ 一般觀察,一般觀察,55,30.76923076923077,58.72317156527681,68,136,80.0,53.91,57.45,64.0,30.0,58.72,70.0,8.0,② 蓄勢,🟡 等待回檔,86.75,78.88,76.67,207.0,風險動能健康,無明顯風險訊號,站上MA20且乖離健康、MA20向上、RSI位於起漲區、接近20日突破、投信5日買超、外資買盤加速,近期回撤偏大,136.0,202.0,30.22,20.0,43.0,80.0,63.0,35.67,⚪ 爆發潛力不足,,,,P50-LIVE-S2.0,35.67,LEGACY_FALLBACK
2026-09-24,4906,正文,上市,通信網路業,106,54.82,69.5,★★★ 一般觀察,趨勢健康,70,38.46153846153847,39.743597467450655,71,137,138.0,45.61,57.15,56.0,30.0,39.74,55.0,0.0,② 蓄勢,🟡 等待回檔,86.75,78.88,76.67,37.65,技術面偏多、風險動能健康,無明顯風險訊號,站上MA20且乖離健康、MA20向上、RSI位於起漲區、外資5日買超、外資由賣轉買、法人買超占量提升,無明顯風險訊號,137.0,201.0,30.24,0.0,40.0,80.0,80.0,35.62,⚪ 爆發潛力不足,,,,P50-LIVE-S2.0,35.62,LEGACY_FALLBACK
2026-09-24,2615,萬海,上市,航運業,142,50.4,59.0,★★★ 一般觀察,整理觀察,55,0.0,75.65917211328976,56,138,208.0,37.3,45.7,48.0,10.0,75.66,25.0,5.0,② 蓄勢,🔴 暫不考慮,86.75,78.88,100.0,115.5,基本面優於產業平均,無明顯風險訊號,站上MA20且乖離健康、MA20向上、RSI位於起漲區、外資由賣轉買,無明顯風險訊號,138.0,182.0,32.99,0.0,35.0,80.0,80.0,35.53,⚪ 爆發潛力不足,,,,P50-LIVE-S2.0,35.53,LEGACY_FALLBACK
2026-09-24,2399,映泰,上市,電腦及週邊設備業,124,52.89,64.2,★★★ 一般觀察,一般觀察,55,38.46153846153847,59.668514271151885,54,139,187.0,39.4,51.41,48.0,25.0,59.67,25.0,0.0,② 蓄勢,🟡 等待回檔,86.75,78.88,82.5,47.3,,無明顯風險訊號,站上MA20且乖離健康、MA20向上、RSI位於起漲區、外資5日買超、外資買盤加速,無明顯風險訊號,139.0,195.0,31.52,0.0,10.0,80.0,80.0,35.5,⚪ 爆發潛力不足,,,,P50-LIVE-S2.0,35.5,LEGACY_FALLBACK
2026-09-24,6861,睿生光電,上市,生技醫療業,242,39.15,29.9,★★ 弱勢,短線過熱,60,7.6923076923076925,63.36654785859467,3,140,178.0,41.1,0.0,64.0,5.0,63.37,30.0,40.0,⑤ 過熱,🟠 短線過熱,86.75,78.88,100.0,279.5,,5日漲幅過大、20日漲幅過大、MA20乖離過大、ATR偏高、波動率偏高,MA20向上、MACD動能擴張、成交量溫和放大、近期突破20日高,5日漲幅過大、MA20乖離過大、ATR偏高、波動率偏高、近期回撤偏大,140.0,57.0,53.67,70.0,28.0,100.0,68.0,34.93,⚪ 爆發潛力不足,,,,P50-LIVE-S2.0,34.93,LEGACY_FALLBACK
2026-09-24,6112,邁達特,上市,資訊服務業,129,51.87,62.8,★★★ 一般觀察,一般觀察,70,38.46153846153847,43.266666666666666,51,141,147.0,44.64,46.18,56.0,20.0,43.27,65.0,10.0,② 蓄勢,🔴 暫不考慮,86.75,78.88,76.67,47.7,技術面偏多,成交量波動較大,站上MA20且乖離健康、MA20向上、RSI位於起漲區、外資5日買超、法人買超占量提升,無明顯風險訊號,141.0,190.0,32.04,0.0,40.0,80.0,80.0,34.87,⚪ 爆發潛力不足,,,,P50-LIVE-S2.0,34.87,LEGACY_FALLBACK
2026-09-24,8996,高力,上市,電機機械,59,60.2,83.1,★★★ 一般觀察,短線過熱,70,53.84615384615385,74.75301936159079,30,142,119.0,48.31,3.72,59.0,30.0,74.75,30.0,40.0,⑤ 過熱,🟠 短線過熱,86.75,78.88,100.0,1530.0,技術面偏多、法人偏多、基本面優於產業平均、綜合表現前25%,MA20乖離過大、ATR偏高、波動率偏高,MA20向上、RSI位於起漲區、近期突破20日高、外資5日買超、投信5日買超、法人買超占量提升,5日漲幅過大、MA20乖離過大、ATR偏高、波動率偏高,142.0,65.0,52.21,35.0,60.0,60.0,20.0,34.51,⚪ 爆發潛力不足,,,,P50-LIVE-S2.0,34.51,LEGACY_FALLBACK
2026-09-24,2408,南亞科,上市,半導體業,76,58.02,78.2,★★★ 一般觀察,整理觀察,35,61.53846153846154,84.04429494395198,50,143,145.0,44.86,18.93,30.0,45.0,84.04,45.0,15.0,⑥ 轉弱,🔴 暫不考慮,86.75,78.88,83.33,503.0,法人偏多、同產業基本面突出、綜合表現前25%,無明顯風險訊號,MA5近期上穿MA20、RSI位於起漲區、外資5日買超、投信5日買超、外資買盤加速,波動率偏高,143.0,45.0,57.02,15.0,55.0,0.0,80.0,34.4,⚪ 爆發潛力不足,,,,P50-LIVE-S2.0,34.4,LEGACY_FALLBACK
2026-09-24,3715,定穎投控,上市,電子零組件業,232,40.39,32.8,★★ 弱勢,風險偏高,50,38.46153846153847,33.65604395604395,38,144,204.0,37.55,39.55,40.0,20.0,33.66,70.0,15.0,③ 剛啟動,🔴 暫不考慮,86.75,78.88,82.5,123.0,,波動率偏高,MA20向上、RSI位於起漲區、MACD近期黃金交叉、外資5日買超、法人買超占量提升,波動率偏高,144.0,183.0,32.79,15.0,58.0,80.0,63.0,34.14,⚪ 爆發潛力不足,,,,P50-LIVE-S2.0,34.14,LEGACY_FALLBACK
2026-09-24,6834,天二科技,上市,電子零組件業,173,47.76,50.0,★★★ 一般觀察,風險偏高,70,7.6923076923076925,65.3970695970696,28,145,186.0,39.41,0.0,59.0,5.0,65.4,30.0,40.0,⑤ 過熱,🟠 短線過熱,86.75,78.88,82.5,116.0,技術面偏多、基本面優於產業平均,ATR偏高、波動率偏高,MA20向上、RSI位於起漲區、MACD動能擴張,MA20乖離過大、ATR偏高、波動率偏高、近期回撤偏大,145.0,63.0,52.55,10.0,60.0,80.0,65.0,34.04,⚪ 爆發潛力不足,,,,P50-LIVE-S2.0,34.04,LEGACY_FALLBACK
2026-09-24,2382,廣達,上市,電腦及週邊設備業,94,56.08,73.0,★★★ 一般觀察,整理觀察,45,53.84615384615385,64.03400016989467,63,146,211.0,37.06,49.06,33.0,30.0,64.03,35.0,0.0,② 蓄勢,🔴 暫不考慮,86.75,78.88,82.5,338.5,法人偏多、風險動能健康,無明顯風險訊號,MA20向上、RSI位於起漲區、投信5日買超、投信連買,無明顯風險訊號,146.0,202.0,30.22,0.0,10.0,60.0,63.0,33.99,⚪ 爆發潛力不足,,,,P50-LIVE-S2.0,33.99,LEGACY_FALLBACK
2026-09-24,3035,智原,上市,半導體業,115,54.37,66.9,★★★ 一般觀察,一般觀察,55,61.53846153846154,44.54658318090145,61,147,25.0,63.23,25.3,72.0,70.0,44.55,45.0,32.0,⑤ 過熱,🟠 短線過熱,86.75,78.88,83.33,206.5,法人偏多、風險動能健康,無明顯風險訊號,MA20向上、MACD動能擴張、成交量溫和放大、近期突破20日高、外資5日買超、投信5日買超、投信買盤加速,5日漲幅過大、MA20乖離過大,147.0,100.0,46.0,57.0,60.0,80.0,100.0,33.86,⚪ 爆發潛力不足,,,,P50-LIVE-S2.0,33.86,LEGACY_FALLBACK
2026-09-24,6901,鑽石投資,上市,其他,168,47.93,51.5,★★★ 一般觀察,整理觀察,35,30.76923076923077,70.91734860883797,50,148,98.0,51.29,45.69,66.0,25.0,70.92,45.0,8.0,① 尚未啟動,🔴 暫不考慮,86.75,78.88,100.0,15.7,基本面優於產業平均,無明顯風險訊號,站上MA20且乖離健康、MA5近期上穿MA20、MACD動能擴張、成交量溫和放大、外資5日買超、外資買盤加速、法人買超占量提升,近期回撤偏大,148.0,199.0,30.9,37.0,15.0,18.0,60.0,33.86,⚪ 爆發潛力不足,,,,P50-LIVE-S2.0,33.86,LEGACY_FALLBACK
2026-09-24,5876,上海商銀,上市,金融保險,33,66.09,90.7,★★★ 一般觀察,一般觀察,55,84.61538461538461,42.225268108858565,100,149,65.0,56.48,67.49,56.0,60.0,42.23,65.0,0.0,② 蓄勢,🔵 等待突破,86.75,78.88,70.0,48.95,法人籌碼強、風險動能結構佳、綜合表現前10%,無明顯風險訊號,站上MA20且乖離健康、MA20向上、RSI位於起漲區、接近20日突破、外資5日買超、投信5日買超、投信買盤加速,無明顯風險訊號,149.0,240.0,25.41,20.0,70.0,80.0,63.0,33.82,⚪ 爆發潛力不足,,,,P50-LIVE-S2.0,33.82,LEGACY_FALLBACK
2026-09-24,2881,富邦金,上市,金融保險,92,56.27,73.5,★★★ 一般觀察,一般觀察,55,23.076923076923077,53.83625880119569,95,150,173.0,41.53,52.53,48.0,15.0,53.84,65.0,0.0,② 蓄勢,🟡 等待回檔,86.75,78.88,70.0,150.0,風險動能結構佳,無明顯風險訊號,站上MA20且乖離健康、MA20向上、RSI位於起漲區、外資5日買超,無明顯風險訊號,150.0,214.0,29.11,0.0,53.0,80.0,63.0,33.79,⚪ 爆發潛力不足,,,,P50-LIVE-S2.0,33.79,LEGACY_FALLBACK
2026-09-24,2885,元大金,上市,金融保險,63,59.49,82.0,★★★ 一般觀察,整理觀察,55,38.46153846153847,62.31749472282432,83,151,130.0,46.25,57.25,48.0,20.0,62.32,78.0,0.0,② 蓄勢,🟡 等待回檔,86.75,78.88,70.0,69.2,風險動能結構佳、綜合表現前25%,無明顯風險訊號,站上MA20且乖離健康、MA20向上、RSI位於起漲區、外資5日買超、法人買超占量提升,無明顯風險訊號,151.0,220.0,27.66,0.0,60.0,80.0,50.0,33.58,⚪ 爆發潛力不足,,,,P50-LIVE-S2.0,33.58,LEGACY_FALLBACK
2026-09-24,6108,競國,上市,電子零組件業,154,49.09,55.5,★★★ 一般觀察,一般觀察,55,46.15384615384615,37.20695970695971,61,152,157.0,43.53,50.54,48.0,35.0,37.21,55.0,5.0,② 蓄勢,🟡 等待回檔,86.75,78.88,82.5,24.4,風險動能健康,無明顯風險訊號,站上MA20且乖離健康、MA20向上、RSI位於起漲區、外資5日買超、外資買盤加速、外資連買,無明顯風險訊號,152.0,211.0,29.31,0.0,50.0,18.0,80.0,33.56,⚪ 爆發潛力不足,,,,P50-LIVE-S2.0,33.56,LEGACY_FALLBACK
2026-09-24,3037,欣興,上市,電子零組件業,49,62.83,86.2,★★★ 一般觀察,短線過熱,70,76.92307692307693,64.14981684981684,36,153,15.0,65.27,19.28,66.0,70.0,64.15,55.0,40.0,⑤ 過熱,🟠 短線過熱,86.75,78.88,82.5,1185.0,技術面偏多、法人籌碼強、綜合表現前25%,5日漲幅過大、MA20乖離過大、波動率偏高、近期回撤偏大,MA20向上、MA5近期上穿MA20、MACD近期黃金交叉、MACD動能擴張、外資5日買超、投信5日買超、外資買盤加速,5日漲幅過大、MA20乖離過大、波動率偏高、近期回撤偏大,153.0,93.0,46.95,40.0,35.0,0.0,80.0,33.41,⚪ 爆發潛力不足,,,,P50-LIVE-S2.0,33.41,LEGACY_FALLBACK
2026-09-24,2464,盟立,上市,其他電子業,234,40.02,32.3,★★ 弱勢,風險偏高,45,30.76923076923077,40.557437070938214,41,154,227.0,34.28,20.29,45.0,20.0,40.56,28.0,23.0,④ 趨勢加速,🔴 暫不考慮,86.75,78.88,82.5,195.5,,波動率偏高、近期回撤偏大,站上MA20且乖離健康、MA5近期上穿MA20、RSI位於起漲區、投信5日買超,波動率偏高、近期回撤偏大,154.0,163.0,36.61,15.0,30.0,63.0,63.0,33.34,⚪ 爆發潛力不足,,,,P50-LIVE-S2.0,33.34,LEGACY_FALLBACK
2026-09-24,1310,台苯,上市,塑膠工業,150,49.43,56.7,★★★ 一般觀察,一般觀察,55,38.46153846153847,43.46857142857143,61,155,110.0,49.42,62.83,66.0,30.0,43.47,50.0,0.0,② 蓄勢,🔵 等待突破,86.75,78.88,100.0,8.9,風險動能健康,無明顯風險訊號,站上MA20且乖離健康、MA20向上、RSI位於起漲區、MACD動能擴張、外資5日買超、外資買盤加速、法人買超占量提升,無明顯風險訊號,155.0,237.0,25.74,10.0,10.0,35.0,80.0,33.16,⚪ 爆發潛力不足,,,,P50-LIVE-S2.0,33.16,LEGACY_FALLBACK
2026-09-24,1308,亞聚,上市,塑膠工業,79,57.37,77.3,★★★ 一般觀察,一般觀察,45,53.84615384615385,59.67619047619047,76,156,159.0,43.4,56.81,40.0,40.0,59.68,43.0,0.0,② 蓄勢,🟡 等待回檔,86.75,78.88,100.0,14.3,法人偏多、風險動能結構佳、綜合表現前25%,無明顯風險訊號,站上MA20且乖離健康、MA20向上、RSI位於起漲區、外資5日買超、外資買盤加速、外資連買,無明顯風險訊號,156.0,224.0,27.16,0.0,10.0,18.0,63.0,33.09,⚪ 爆發潛力不足,,,,P50-LIVE-S2.0,33.09,LEGACY_FALLBACK
2026-09-24,4938,和碩,上市,電腦及週邊設備業,188,46.42,45.6,★★ 弱勢,一般觀察,45,7.6923076923076925,45.927136425416236,88,157,180.0,40.89,52.89,40.0,25.0,45.93,70.0,0.0,② 蓄勢,🟡 等待回檔,86.75,78.88,82.5,91.3,風險動能結構佳,無明顯風險訊號,站上MA20且乖離健康、MA20向上、RSI位於起漲區、外資買盤加速、投信由賣轉買,無明顯風險訊號,157.0,219.0,27.97,0.0,37.0,80.0,63.0,32.96,⚪ 爆發潛力不足,,,,P50-LIVE-S2.0,32.96,LEGACY_FALLBACK
2026-09-24,6902,GOGOLOOK,上市,數位雲端,90,56.59,74.1,★★★ 一般觀察,短線過熱,75,38.46153846153847,68.00034965034965,30,158,168.0,42.3,0.0,54.0,20.0,68.0,30.0,40.0,⑤ 過熱,🟠 短線過熱,86.75,78.88,100.0,176.5,技術面偏多、基本面優於產業平均,5日漲幅過大、20日漲幅過大、MA20乖離過大、MA60乖離過大、成交量波動較大、RSI偏熱,MA20向上、MACD動能擴張、近期突破20日高、外資5日買超、法人買超占量提升,RSI過熱、5日漲幅過大、MA20乖離過大、波動率偏高,158.0,71.0,50.67,70.0,53.0,100.0,100.0,32.54,⚪ 爆發潛力不足,,,,P50-LIVE-S2.0,32.54,LEGACY_FALLBACK
2026-09-24,8926,台汽電,上市,油電燃氣業,105,54.86,69.8,★★★ 一般觀察,整理觀察,55,30.76923076923077,70.03449051972046,56,159,37.0,60.86,74.26,64.0,55.0,70.03,55.0,0.0,② 蓄勢,🔵 等待突破,86.75,78.88,100.0,58.8,基本面優於產業平均,無明顯風險訊號,站上MA20且乖離健康、MA20向上、RSI位於起漲區、接近20日突破、投信5日買超、外資買盤加速、投信買盤加速,無明顯風險訊號,159.0,273.0,22.07,20.0,10.0,60.0,50.0,32.51,⚪ 爆發潛力不足,,,,P50-LIVE-S2.0,32.51,LEGACY_FALLBACK
2026-09-24,3532,台勝科,上市,半導體業,157,48.98,54.8,★★★ 一般觀察,等待回檔,70,38.46153846153847,24.2910147272642,65,160,56.0,57.24,36.32,59.0,50.0,24.29,100.0,22.0,① 尚未啟動,🔴 暫不考慮,86.75,78.88,83.33,452.5,技術面偏多、風險動能健康,無明顯風險訊號,MA20向上、RSI位於起漲區、MACD動能擴張、外資5日買超、投信5日買超、外資買盤加速,ATR偏高,160.0,197.0,31.43,10.0,85.0,80.0,80.0,32.41,⚪ 爆發潛力不足,,,,P50-LIVE-S2.0,32.41,LEGACY_FALLBACK
2026-09-24,6214,精誠,上市,資訊服務業,71,58.51,79.7,★★★ 一般觀察,一般觀察,55,53.84615384615385,58.14949494949494,69,161,91.0,51.82,52.36,59.0,40.0,58.15,50.0,0.0,① 尚未啟動,🟡 等待回檔,86.75,78.88,76.67,190.5,法人偏多、風險動能健康、綜合表現前25%,無明顯風險訊號,站上MA20且乖離健康、MA20向上、成交量溫和放大、接近20日突破、外資5日買超、外資買盤加速、外資連買,無明顯風險訊號,161.0,227.0,27.08,32.0,53.0,100.0,40.0,32.14,⚪ 爆發潛力不足,,,,P50-LIVE-S2.0,32.14,LEGACY_FALLBACK
2026-09-24,2329,華泰,上市,半導體業,158,48.97,54.4,★★★ 一般觀察,一般觀察,55,38.46153846153847,37.25060914122227,68,162,92.0,51.69,63.76,74.0,20.0,37.25,70.0,0.0,② 蓄勢,🔵 等待突破,86.75,78.88,83.33,44.4,風險動能健康,無明顯風險訊號,站上MA20且乖離健康、MA20向上、RSI位於起漲區、MACD動能擴張、接近20日突破、外資5日買超、法人買超占量提升,無明顯風險訊號,162.0,251.0,24.21,30.0,40.0,80.0,50.0,32.12,⚪ 爆發潛力不足,,,,P50-LIVE-S2.0,32.12,LEGACY_FALLBACK
2026-09-24,3016,嘉晶,上市,半導體業,78,57.63,77.6,★★★ 一般觀察,短線過熱,90,53.84615384615385,47.52923408845739,28,163,142.0,45.23,0.0,54.0,40.0,47.53,30.0,40.0,⑤ 過熱,🟠 短線過熱,86.75,78.88,83.33,160.0,技術趨勢強、法人偏多、綜合表現前25%,5日漲幅過大、20日漲幅過大、MA20乖離過大、MA60乖離過大、波動率偏高、RSI偏熱,MA20向上、MACD動能擴張、近期突破20日高、外資5日買超、外資買盤加速、外資連買,RSI過熱、5日漲幅過大、MA20乖離過大、波動率偏高,163.0,74.0,50.1,70.0,35.0,45.0,100.0,32.08,⚪ 爆發潛力不足,,,,P50-LIVE-S2.0,32.08,LEGACY_FALLBACK
2026-09-24,6168,宏齊,上市,光電業,191,46.02,44.8,★★ 弱勢,短線過熱,60,38.46153846153847,52.41133239629735,23,164,162.0,42.96,0.0,54.0,30.0,52.41,30.0,40.0,⑤ 過熱,🟠 短線過熱,86.75,78.88,100.0,44.0,,5日漲幅過大、20日漲幅過大、MA20乖離過大、MA60乖離過大、波動率偏高、成交量波動較大、RSI偏熱,MA20向上、MACD動能擴張、近期突破20日高、外資5日買超、外資由賣轉買、法人買超占量提升,RSI過熱、5日漲幅過大、MA20乖離過大、波動率偏高,164.0,76.0,50.06,45.0,35.0,80.0,63.0,32.05,⚪ 爆發潛力不足,,,,P50-LIVE-S2.0,32.05,LEGACY_FALLBACK
2026-09-24,1304,台聚,上市,塑膠工業,171,47.85,50.6,★★★ 一般觀察,一般觀察,45,46.15384615384615,41.73714285714286,63,165,114.0,48.76,67.17,65.0,30.0,41.74,50.0,0.0,③ 剛啟動,🔵 等待突破,86.75,78.88,100.0,12.5,風險動能健康,無明顯風險訊號,站上MA20且乖離健康、MA20向上、RSI位於起漲區、MACD近期黃金交叉、MACD動能擴張、外資5日買超、外資買盤加速、外資連買,無明顯風險訊號,165.0,261.0,22.95,25.0,10.0,35.0,63.0,31.79,⚪ 爆發潛力不足,,,,P50-LIVE-S2.0,31.79,LEGACY_FALLBACK
2026-09-24,9904,寶成,上市,運動休閒,38,64.71,89.2,★★★★ 觀察候選,趨勢健康,70,69.23076923076923,54.209150326797385,68,166,34.0,61.73,75.14,74.0,45.0,54.21,70.0,0.0,② 蓄勢,🔵 等待突破,86.75,78.88,100.0,24.95,技術面偏多、法人偏多、風險動能健康、綜合表現前25%,無明顯風險訊號,站上MA20且乖離健康、MA20向上、RSI位於起漲區、MACD動能擴張、接近20日突破、投信5日買超、外資買盤加速、投信連買,無明顯風險訊號,166.0,287.0,20.82,30.0,25.0,80.0,35.0,31.68,⚪ 爆發潛力不足,,,,P50-LIVE-S2.0,31.68,LEGACY_FALLBACK
2026-09-24,4927,泰鼎-KY,上市,電子零組件業,176,47.57,49.3,★★ 弱勢,一般觀察,55,53.84615384615385,22.334981684981685,68,167,143.0,45.05,47.06,48.0,40.0,22.33,70.0,10.0,② 蓄勢,🔴 暫不考慮,86.75,78.88,82.5,43.7,法人偏多、風險動能健康,無明顯風險訊號,站上MA20且乖離健康、MA20向上、RSI位於起漲區、外資5日買超、外資買盤加速、外資連買,無明顯風險訊號,167.0,221.0,27.61,0.0,60.0,80.0,80.0,31.5,⚪ 爆發潛力不足,,,,P50-LIVE-S2.0,31.5,LEGACY_FALLBACK
2026-09-24,1560,中砂,上市,電機機械,62,59.98,82.4,★★★ 一般觀察,短線過熱,60,69.23076923076923,71.76941978656264,33,168,66.0,56.12,11.52,59.0,50.0,71.77,45.0,40.0,⑤ 過熱,🟠 短線過熱,86.75,78.88,100.0,971.0,法人偏多、基本面優於產業平均、綜合表現前25%,5日漲幅過大、20日漲幅過大、MA20乖離過大、MA60乖離過大、波動率偏高、RSI偏熱,MA20向上、MACD動能擴張、近期突破20日高、外資5日買超、投信5日買超、外資買盤加速,RSI過熱、5日漲幅過大、MA20乖離過大、波動率偏高,168.0,96.0,46.34,45.0,53.0,80.0,90.0,31.37,⚪ 爆發潛力不足,,,,P50-LIVE-S2.0,31.37,LEGACY_FALLBACK
2026-09-24,5608,四維航,上市,航運業,110,54.64,68.3,★★★ 一般觀察,一般觀察,55,53.84615384615385,37.24932461873638,81,169,123.0,47.09,65.49,55.0,30.0,37.25,70.0,0.0,③ 剛啟動,🔵 等待突破,86.75,78.88,100.0,17.0,法人偏多、風險動能結構佳,無明顯風險訊號,站上MA20且乖離健康、MA20向上、MA5近期上穿MA20、RSI位於起漲區、外資5日買超、外資連買、法人買超占量提升,無明顯風險訊號,169.0,268.0,22.62,15.0,50.0,60.0,63.0,31.19,⚪ 爆發潛力不足,,,,P50-LIVE-S2.0,31.19,LEGACY_FALLBACK
2026-09-24,3021,鴻名,上市,電子零組件業,111,54.62,68.0,★★★ 一般觀察,風險偏高,85,53.84615384615385,44.50439560439561,25,170,73.0,55.28,14.28,69.0,40.0,44.5,60.0,35.0,⑤ 過熱,🟠 短線過熱,86.75,78.88,82.5,26.95,技術趨勢強、法人偏多,波動率偏高、成交量波動較大,MA20向上、RSI位於起漲區、MACD動能擴張、成交量溫和放大、外資5日買超、外資買盤加速、外資連買,MA20乖離過大、ATR偏高、波動率偏高,170.0,107.0,44.84,35.0,43.0,80.0,68.0,30.73,⚪ 爆發潛力不足,,,,P50-LIVE-S2.0,30.73,LEGACY_FALLBACK
2026-09-24,1904,正隆,上市,造紙工業,96,56.02,72.4,★★★ 一般觀察,一般觀察,45,53.84615384615385,52.50135510959081,80,171,193.0,38.63,41.03,45.0,30.0,52.5,25.0,0.0,① 尚未啟動,🔴 暫不考慮,86.75,78.88,100.0,24.9,法人偏多、風險動能結構佳,無明顯風險訊號,站上MA20且乖離健康、MA5近期上穿MA20、RSI位於起漲區、外資5日買超、外資連買、法人買超占量提升,無明顯風險訊號,171.0,218.0,27.98,15.0,25.0,60.0,63.0,30.59,⚪ 爆發潛力不足,,,,P50-LIVE-S2.0,30.59,LEGACY_FALLBACK
2026-09-24,6668,中揚光,上市,光電業,217,42.31,37.2,★★ 弱勢,等待回檔,70,7.6923076923076925,27.222627540718804,58,172,179.0,40.93,24.34,49.0,15.0,27.22,85.0,27.0,④ 趨勢加速,🔴 暫不考慮,86.75,78.88,100.0,47.55,技術面偏多,無明顯風險訊號,MA20向上、RSI位於起漲區、外資買盤加速,ATR偏高、波動率偏高,172.0,193.0,31.84,0.0,100.0,80.0,80.0,30.34,⚪ 爆發潛力不足,,,,P50-LIVE-S2.0,30.34,LEGACY_FALLBACK
2026-09-24,2801,彰銀,上市,金融保險,133,51.28,61.6,★★★ 一般觀察,一般觀察,55,30.76923076923077,38.76981597177951,85,173,154.0,43.77,54.77,48.0,35.0,38.77,55.0,0.0,② 蓄勢,🟡 等待回檔,86.75,78.88,70.0,27.75,風險動能結構佳,無明顯風險訊號,站上MA20且乖離健康、MA20向上、RSI位於起漲區、投信5日買超、投信買盤加速,無明顯風險訊號,173.0,256.0,23.77,0.0,70.0,80.0,63.0,29.97,⚪ 爆發潛力不足,,,,P50-LIVE-S2.0,29.97,LEGACY_FALLBACK
2026-09-24,2892,第一金,上市,金融保險,27,67.1,92.4,★★★★ 觀察候選,趨勢健康,70,84.61538461538461,37.26295210166178,90,174,86.0,52.94,52.95,49.0,70.0,37.26,45.0,0.0,① 尚未啟動,🟡 等待回檔,86.75,78.88,70.0,39.5,技術面偏多、法人籌碼強、風險動能結構佳、綜合表現前10%,無明顯風險訊號,站上MA20且乖離健康、MA20向上、外資5日買超、投信5日買超、投信買盤加速,無明顯風險訊號,174.0,254.0,23.95,0.0,70.0,80.0,50.0,29.75,⚪ 爆發潛力不足,,,,P50-LIVE-S2.0,29.75,LEGACY_FALLBACK
2026-09-24,2345,智邦,上市,通信網路業,290,31.99,16.0,★★ 弱勢,整理觀察,15,7.6923076923076925,67.85139301575607,28,175,257.0,28.43,3.97,25.0,5.0,67.85,45.0,13.0,⑥ 轉弱,🔴 暫不考慮,86.75,78.88,76.67,1895.0,基本面優於產業平均,無明顯風險訊號,MACD近期黃金交叉、MACD動能擴張,近期回撤偏大,175.0,52.0,54.86,25.0,30.0,60.0,80.0,29.68,⚪ 爆發潛力不足,,,,P50-LIVE-S2.0,29.68,LEGACY_FALLBACK
2026-09-24,2369,菱生,上市,半導體業,271,34.58,21.5,★★ 弱勢,一般觀察,45,0.0,38.27962747994935,48,176,224.0,34.44,35.51,53.0,10.0,38.28,30.0,0.0,① 尚未啟動,🔴 暫不考慮,86.75,78.88,83.33,31.25,,無明顯風險訊號,站上MA20且乖離健康、MA5近期上穿MA20、RSI位於起漲區、外資由賣轉買,無明顯風險訊號,176.0,216.0,28.16,15.0,30.0,80.0,80.0,29.63,⚪ 爆發潛力不足,,,,P50-LIVE-S2.0,29.63,LEGACY_FALLBACK
2026-09-24,2886,兆豐金,上市,金融保險,212,43.27,38.7,★★ 弱勢,一般觀察,35,38.46153846153847,38.26242792582203,68,177,239.0,33.39,44.39,26.0,30.0,38.26,55.0,0.0,② 蓄勢,🔴 暫不考慮,86.75,78.88,70.0,49.6,風險動能健康,無明顯風險訊號,MA20向上、外資5日買超、投信由賣轉買、法人買超占量提升,無明顯風險訊號,177.0,238.0,25.71,0.0,40.0,80.0,63.0,29.45,⚪ 爆發潛力不足,,,,P50-LIVE-S2.0,29.45,LEGACY_FALLBACK
2026-09-24,2905,三商,上市,貿易百貨,30,66.51,91.6,★★★ 一般觀察,整理觀察,55,23.076923076923077,87.99533799533799,95,178,155.0,43.65,57.05,48.0,5.0,88.0,65.0,0.0,② 蓄勢,🟡 等待回檔,86.75,78.88,100.0,18.3,同產業基本面突出、風險動能結構佳、綜合表現前10%,無明顯風險訊號,站上MA20且乖離健康、MA20向上、RSI位於起漲區,無明顯風險訊號,178.0,272.0,22.27,0.0,53.0,18.0,50.0,29.23,⚪ 爆發潛力不足,,,,P50-LIVE-S2.0,29.23,LEGACY_FALLBACK
2026-09-24,2383,台光電,上市,電子零組件業,285,32.59,17.7,★★ 弱勢,風險偏高,0,23.076923076923077,74.58003663003662,28,179,264.0,27.19,3.19,10.0,25.0,74.58,30.0,13.0,⑥ 轉弱,🔴 暫不考慮,86.75,78.88,82.5,5050.0,基本面優於產業平均,近期回撤偏大,成交量溫和放大、外資5日買超、外資由賣轉買,近期回撤偏大,179.0,56.0,54.23,0.0,30.0,18.0,90.0,29.02,⚪ 爆發潛力不足,,,,P50-LIVE-S2.0,29.02,LEGACY_FALLBACK
2026-09-24,1513,中興電,上市,電機機械,36,65.14,89.8,★★★★ 觀察候選,整理觀察,60,76.92307692307693,65.86023214880358,60,180,50.0,58.33,60.73,63.0,55.0,65.86,45.0,0.0,① 尚未啟動,🟡 等待回檔,86.75,78.88,100.0,166.0,法人籌碼強、基本面優於產業平均、風險動能健康、綜合表現前25%,無明顯風險訊號,站上MA20且乖離健康、MA5近期上穿MA20、RSI位於起漲區、MACD動能擴張、外資5日買超、投信5日買超、外資買盤加速,無明顯風險訊號,180.0,282.0,21.05,25.0,15.0,80.0,35.0,28.99,⚪ 爆發潛力不足,,,,P50-LIVE-S2.0,28.99,LEGACY_FALLBACK
2026-09-24,2880,華南金,上市,金融保險,159,48.84,54.1,★★★ 一般觀察,一般觀察,55,23.076923076923077,39.07086290676753,80,181,182.0,40.81,51.82,48.0,30.0,39.07,45.0,0.0,② 蓄勢,🟡 等待回檔,86.75,78.88,70.0,45.75,風險動能結構佳,無明顯風險訊號,站上MA20且乖離健康、MA20向上、RSI位於起漲區、外資5日買超、投信買盤加速,無明顯風險訊號,181.0,259.0,23.11,0.0,70.0,80.0,50.0,28.85,⚪ 爆發潛力不足,,,,P50-LIVE-S2.0,28.85,LEGACY_FALLBACK
2026-09-24,1434,福懋,上市,紡織纖維,138,50.79,60.2,★★★ 一般觀察,一般觀察,35,61.53846153846154,51.26196519883751,63,182,64.0,56.69,59.09,55.0,60.0,51.26,60.0,0.0,① 尚未啟動,🟡 等待回檔,86.75,78.88,100.0,17.95,法人偏多、風險動能健康,無明顯風險訊號,站上MA20且乖離健康、RSI位於起漲區、MACD近期黃金交叉、MACD動能擴張、外資5日買超、投信5日買超、外資買盤加速,無明顯風險訊號,182.0,283.0,21.04,25.0,27.0,18.0,35.0,28.65,⚪ 爆發潛力不足,,,,P50-LIVE-S2.0,28.65,LEGACY_FALLBACK
2026-09-24,6446,藥華藥,上市,生技醫療業,291,31.82,15.7,★★ 弱勢,風險偏高,0,30.76923076923077,80.2127488519416,8,183,309.0,18.03,0.0,0.0,20.0,80.21,0.0,18.0,⑥ 轉弱,🔴 暫不考慮,86.75,78.88,100.0,1155.0,同產業基本面突出,近期回撤偏大,投信5日買超,近期回撤偏大,183.0,53.0,54.38,0.0,0.0,80.0,80.0,28.5,⚪ 爆發潛力不足,,,,P50-LIVE-S2.0,28.5,LEGACY_FALLBACK
2026-09-24,2891,中信金,上市,金融保險,99,55.49,71.5,★★★ 一般觀察,趨勢健康,70,46.15384615384615,37.54671540085284,70,184,148.0,44.53,55.54,56.0,35.0,37.55,40.0,0.0,② 蓄勢,🟡 等待回檔,86.75,78.88,70.0,68.5,技術面偏多、風險動能健康,無明顯風險訊號,站上MA20且乖離健康、MA20向上、RSI位於起漲區、投信5日買超、投信買盤加速,無明顯風險訊號,184.0,279.0,21.51,0.0,28.0,80.0,50.0,28.31,⚪ 爆發潛力不足,,,,P50-LIVE-S2.0,28.31,LEGACY_FALLBACK
2026-09-24,1312,國喬,上市,塑膠工業,208,44.43,39.8,★★ 弱勢,一般觀察,35,53.84615384615385,37.87238095238095,59,185,218.0,35.18,43.59,25.0,40.0,37.87,50.0,5.0,② 蓄勢,🔴 暫不考慮,86.75,78.88,100.0,14.6,法人偏多,成交量波動較大,MA20向上、RSI位於起漲區、外資5日買超、外資買盤加速、外資連買,無明顯風險訊號,185.0,248.0,24.35,0.0,22.0,80.0,80.0,28.2,⚪ 爆發潛力不足,,,,P50-LIVE-S2.0,28.2,LEGACY_FALLBACK
2026-09-24,2030,彰源,上市,鋼鐵工業,69,58.89,80.2,★★★ 一般觀察,短線過熱,90,38.46153846153847,70.6611734455353,15,186,116.0,48.5,3.9,61.0,30.0,70.66,30.0,40.0,⑤ 過熱,🟠 短線過熱,86.75,78.88,100.0,30.4,技術趨勢強、基本面優於產業平均、綜合表現前25%,5日漲幅過大、MA20乖離過大、MA60乖離過大、成交量波動較大、RSI偏熱,MA20向上、MACD近期黃金交叉、MACD動能擴張、近期突破20日高、外資5日買超、外資由賣轉買、法人買超占量提升,RSI過熱、5日漲幅過大、MA20乖離過大,186.0,110.0,44.25,85.0,28.0,100.0,80.0,28.18,⚪ 爆發潛力不足,,,,P50-LIVE-S2.0,28.18,LEGACY_FALLBACK
2026-09-24,9105,泰金寶-DR,上市,未分類,265,36.21,23.3,★★ 弱勢,一般觀察,25,0.0,57.03948101124847,58,187,250.0,30.01,43.41,18.0,20.0,57.04,55.0,0.0,② 蓄勢,🔴 暫不考慮,86.75,78.88,100.0,8.43,,無明顯風險訊號,MA20向上、外資買盤加速、外資由賣轉買,無明顯風險訊號,187.0,252.0,24.08,0.0,10.0,80.0,63.0,27.94,⚪ 爆發潛力不足,,,,P50-LIVE-S2.0,27.94,LEGACY_FALLBACK
2026-09-24,1727,中華化,上市,化學工業,98,55.52,71.8,★★★ 一般觀察,短線過熱,75,53.84615384615385,44.17180380595015,45,188,90.0,52.23,7.63,54.0,40.0,44.17,80.0,40.0,⑤ 過熱,🟠 短線過熱,86.75,78.88,100.0,115.5,技術面偏多、法人偏多,MA20乖離過大、MA60乖離過大、波動率偏高、成交量波動較大,MA20向上、MACD動能擴張、近期突破20日高、外資5日買超、外資買盤加速、外資連買,MA20乖離過大、波動率偏高,188.0,119.0,42.93,45.0,100.0,25.0,80.0,27.87,⚪ 爆發潛力不足,,,,P50-LIVE-S2.0,27.87,LEGACY_FALLBACK
2026-09-24,2305,全友,上市,電腦及週邊設備業,186,46.44,46.1,★★ 弱勢,短線過熱,60,38.46153846153847,62.479102956167175,10,189,198.0,38.22,0.0,44.0,30.0,62.48,15.0,40.0,⑤ 過熱,🟠 短線過熱,86.75,78.88,82.5,62.9,,20日漲幅過大、MA20乖離過大、MA60乖離過大、波動率偏高、成交量波動較大、RSI偏熱,MA20向上、近期突破20日高、外資5日買超、外資由賣轉買、法人買超占量提升,RSI過熱、5日漲幅過大、MA20乖離過大、ATR偏高、波動率偏高,189.0,109.0,44.68,35.0,25.0,80.0,65.0,27.74,⚪ 爆發潛力不足,,,,P50-LIVE-S2.0,27.74,LEGACY_FALLBACK
2026-09-24,8215,明基材,上市,光電業,144,50.18,58.4,★★★ 一般觀察,趨勢健康,70,38.46153846153847,31.62288329519451,60,190,181.0,40.84,38.25,49.0,20.0,31.62,70.0,5.0,① 尚未啟動,🔴 暫不考慮,86.75,78.88,100.0,27.9,技術面偏多、風險動能健康,成交量波動較大,MA20向上、RSI位於起漲區、外資5日買超、法人買超占量提升,無明顯風險訊號,190.0,245.0,24.75,0.0,75.0,60.0,80.0,27.45,⚪ 爆發潛力不足,,,,P50-LIVE-S2.0,27.45,LEGACY_FALLBACK
2026-09-24,2412,中華電,上市,通信網路業,9,72.4,97.7,★★★★ 觀察候選,整理觀察,60,100.0,62.66639752748746,78,191,35.0,61.7,57.24,49.0,70.0,62.67,78.0,5.0,① 尚未啟動,🟡 等待回檔,86.75,78.88,76.67,145.0,法人籌碼強、風險動能結構佳、綜合表現前10%,無明顯風險訊號,站上MA20且乖離健康、MA20向上、接近20日突破、外資5日買超、投信5日買超、投信買盤加速,無明顯風險訊號,191.0,300.0,19.52,20.0,28.0,80.0,0.0,27.06,⚪ 爆發潛力不足,,,,P50-LIVE-S2.0,27.06,LEGACY_FALLBACK
2026-09-24,2478,大毅,上市,電子零組件業,262,36.78,24.1,★★ 弱勢,整理觀察,15,30.76923076923077,66.43260073260073,31,192,221.0,34.61,18.62,26.0,25.0,66.43,45.0,5.0,⑥ 轉弱,🔴 暫不考慮,86.75,78.88,82.5,120.0,基本面優於產業平均,無明顯風險訊號,MACD動能擴張、外資5日買超、外資由賣轉買、法人買超占量提升,無明顯風險訊號,192.0,89.0,47.81,10.0,15.0,80.0,80.0,26.97,⚪ 爆發潛力不足,,,,P50-LIVE-S2.0,26.97,LEGACY_FALLBACK
2026-09-24,1609,大亞,上市,電器電纜,47,63.01,86.6,★★★★ 觀察候選,趨勢健康,70,53.84615384615385,63.46428571428571,61,193,72.0,55.37,68.78,64.0,40.0,63.46,55.0,0.0,② 蓄勢,🔵 等待突破,86.75,78.88,100.0,37.85,技術面偏多、法人偏多、風險動能健康、綜合表現前25%,無明顯風險訊號,站上MA20且乖離健康、MA20向上、RSI位於起漲區、接近20日突破、外資5日買超、外資買盤加速、外資連買,無明顯風險訊號,193.0,312.0,16.47,20.0,25.0,60.0,20.0,26.93,⚪ 爆發潛力不足,,,,P50-LIVE-S2.0,26.93,LEGACY_FALLBACK
2026-09-24,3045,台灣大,上市,通信網路業,14,70.11,96.2,★★★★ 觀察候選,趨勢健康,70,76.92307692307693,58.40657681275029,81,194,81.0,53.76,54.3,57.0,45.0,58.41,58.0,0.0,① 尚未啟動,🟡 等待回檔,86.75,78.88,76.67,122.5,技術面偏多、法人籌碼強、風險動能結構佳、綜合表現前10%,無明顯風險訊號,站上MA20且乖離健康、MA20向上、接近20日突破、外資5日買超、投信5日買超、外資連買,無明顯風險訊號,194.0,294.0,19.92,20.0,28.0,80.0,20.0,26.8,⚪ 爆發潛力不足,,,,P50-LIVE-S2.0,26.8,LEGACY_FALLBACK
2026-09-24,1710,東聯,上市,化學工業,210,43.86,39.2,★★ 弱勢,趨勢健康,70,0.0,27.549941927990705,73,195,231.0,34.03,47.44,56.0,0.0,27.55,50.0,0.0,② 蓄勢,🔴 暫不考慮,86.75,78.88,100.0,16.4,技術面偏多、風險動能健康,無明顯風險訊號,站上MA20且乖離健康、MA20向上、RSI位於起漲區,無明顯風險訊號,195.0,280.0,21.5,0.0,28.0,60.0,80.0,26.69,⚪ 爆發潛力不足,,,,P50-LIVE-S2.0,26.69,LEGACY_FALLBACK
2026-09-24,2855,統一證,上市,金融保險,12,71.11,96.8,★★★★ 觀察候選,整理觀察,60,69.23076923076923,78.86511183220428,78,196,82.0,53.43,22.44,44.0,40.0,78.87,80.0,24.0,⑤ 過熱,🟠 短線過熱,86.75,78.88,70.0,57.8,法人偏多、基本面優於產業平均、風險動能結構佳、綜合表現前10%,RSI偏熱,MA20向上、MACD動能擴張、外資5日買超、投信5日買超、外資連買,RSI過熱,196.0,158.0,37.71,10.0,100.0,80.0,63.0,26.66,⚪ 爆發潛力不足,,,,P50-LIVE-S2.0,26.66,LEGACY_FALLBACK
2026-09-24,2323,中環,上市,光電業,85,56.96,75.6,★★★★ 觀察候選,整理觀察,60,38.46153846153847,67.54760132353724,55,197,103.0,50.88,53.29,70.0,20.0,67.55,45.0,0.0,① 尚未啟動,🟡 等待回檔,86.75,78.88,100.0,10.8,基本面優於產業平均、綜合表現前25%,無明顯風險訊號,站上MA20且乖離健康、MA5近期上穿MA20、RSI位於起漲區、MACD近期黃金交叉、MACD動能擴張、外資5日買超、法人買超占量提升,無明顯風險訊號,197.0,296.0,19.78,40.0,15.0,60.0,35.0,26.48,⚪ 爆發潛力不足,,,,P50-LIVE-S2.0,26.48,LEGACY_FALLBACK
2026-09-24,2354,鴻準,上市,其他電子業,169,47.88,51.2,★★★ 一般觀察,一般觀察,55,0.0,45.92356979405034,88,198,212.0,36.59,48.59,48.0,10.0,45.92,50.0,0.0,② 蓄勢,🔴 暫不考慮,86.75,78.88,82.5,65.9,風險動能結構佳,無明顯風險訊號,站上MA20且乖離健康、MA20向上、RSI位於起漲區、外資買盤加速,無明顯風險訊號,198.0,288.0,20.81,0.0,35.0,80.0,50.0,26.37,⚪ 爆發潛力不足,,,,P50-LIVE-S2.0,26.37,LEGACY_FALLBACK
2026-09-24,2049,上銀,上市,電機機械,315,27.85,8.7,★★ 弱勢,整理觀察,15,0.0,63.82774463631606,21,199,327.0,14.07,0.0,0.0,15.0,63.83,0.0,10.0,⑥ 轉弱,🔴 暫不考慮,86.75,78.88,100.0,325.5,,無明顯風險訊號,投信買盤加速,無明顯風險訊號,199.0,68.0,51.52,0.0,0.0,80.0,80.0,26.22,⚪ 爆發潛力不足,,,,P50-LIVE-S2.0,26.22,LEGACY_FALLBACK
2026-09-24,2834,臺企銀,上市,金融保險,137,50.82,60.5,★★★ 一般觀察,趨勢健康,70,30.76923076923077,36.893478969215295,63,200,177.0,41.13,52.14,56.0,20.0,36.89,48.0,0.0,② 蓄勢,🟡 等待回檔,86.75,78.88,70.0,17.85,技術面偏多、風險動能健康,成交量波動較大,站上MA20且乖離健康、MA20向上、RSI位於起漲區、投信5日買超,無明顯風險訊號,200.0,297.0,19.74,0.0,45.0,80.0,50.0,26.22,⚪ 爆發潛力不足,,,,P50-LIVE-S2.0,26.22,LEGACY_FALLBACK
2026-09-24,3090,日電貿,上市,電子零組件業,216,42.43,37.5,★★ 弱勢,整理觀察,15,61.53846153846154,64.73333333333332,31,201,206.0,37.36,21.37,26.0,35.0,64.73,45.0,5.0,⑥ 轉弱,🔴 暫不考慮,86.75,78.88,82.5,165.0,法人偏多,無明顯風險訊號,MACD動能擴張、外資5日買超、投信5日買超、法人買超占量提升,無明顯風險訊號,201.0,98.0,46.09,10.0,30.0,80.0,80.0,26.14,⚪ 爆發潛力不足,,,,P50-LIVE-S2.0,26.14,LEGACY_FALLBACK
2026-09-24,3062,建漢,上市,通信網路業,227,40.9,34.3,★★ 弱勢,一般觀察,55,7.6923076923076925,32.191819743623626,66,202,190.0,39.23,50.77,56.0,5.0,32.19,70.0,0.0,② 蓄勢,🟡 等待回檔,86.75,78.88,76.67,21.95,風險動能健康,成交量波動較大,站上MA20且乖離健康、MA20向上、RSI位於起漲區,無明顯風險訊號,202.0,295.0,19.79,0.0,58.0,60.0,80.0,25.99,⚪ 爆發潛力不足,,,,P50-LIVE-S2.0,25.99,LEGACY_FALLBACK
2026-09-24,3605,宏致,上市,電子零組件業,162,48.7,53.2,★★★ 一般觀察,短線過熱,60,76.92307692307693,49.03699633699633,3,203,85.0,52.96,6.96,54.0,65.0,49.04,30.0,40.0,⑤ 過熱,🟠 短線過熱,86.75,78.88,82.5,183.5,法人籌碼強,5日漲幅過大、20日漲幅過大、MA20乖離過大、MA60乖離過大、波動率偏高、RSI偏熱,MA20向上、MACD動能擴張、近期突破20日高、外資5日買超、投信5日買超、外資買盤加速,RSI過熱、5日漲幅過大、MA20乖離過大、ATR偏高、波動率偏高、近期回撤偏大,203.0,135.0,40.7,45.0,10.0,63.0,63.0,25.95,⚪ 爆發潛力不足,,,,P50-LIVE-S2.0,25.95,LEGACY_FALLBACK
2026-09-24,4960,誠美材,上市,光電業,252,37.54,27.0,★★ 弱勢,一般觀察,55,7.6923076923076925,27.660344595504107,56,204,189.0,39.3,31.7,56.0,15.0,27.66,55.0,10.0,① 尚未啟動,🔴 暫不考慮,86.75,78.88,100.0,22.45,,成交量波動較大,站上MA20且乖離健康、MA20向上、RSI位於起漲區、外資買盤加速,無明顯風險訊號,204.0,249.0,24.31,0.0,25.0,60.0,80.0,25.79,⚪ 爆發潛力不足,,,,P50-LIVE-S2.0,25.79,LEGACY_FALLBACK
2026-09-24,2010,春源,上市,鋼鐵工業,131,51.76,62.4,★★★ 一般觀察,整理觀察,50,30.76923076923077,62.01642122487143,60,205,208.0,37.3,39.71,40.0,25.0,62.02,30.0,0.0,① 尚未啟動,🔴 暫不考慮,86.75,78.88,100.0,22.35,風險動能健康,無明顯風險訊號,站上MA20且乖離健康、RSI位於起漲區、成交量溫和放大、外資5日買超、外資由賣轉買、法人買超占量提升,無明顯風險訊號,205.0,274.0,21.88,25.0,15.0,63.0,55.0,25.44,⚪ 爆發潛力不足,,,,P50-LIVE-S2.0,25.44,LEGACY_FALLBACK
2026-09-24,2330,台積電,上市,半導體業,34,66.01,90.4,★★★★★ 強勢候選,趨勢健康,70,38.46153846153847,75.72018784297173,73,206,100.0,51.21,63.28,64.0,20.0,75.72,55.0,0.0,② 蓄勢,🔵 等待突破,86.75,78.88,83.33,2475.0,技術面偏多、基本面優於產業平均、風險動能健康、綜合表現前10%,無明顯風險訊號,站上MA20且乖離健康、MA20向上、RSI位於起漲區、接近20日突破、外資5日買超、法人買超占量提升,無明顯風險訊號,206.0,317.0,15.86,20.0,25.0,0.0,35.0,25.34,⚪ 爆發潛力不足,,,,P50-LIVE-S2.0,25.34,LEGACY_FALLBACK
2026-09-24,4919,新唐,上市,半導體業,243,39.14,29.7,★★ 弱勢,短線過熱,70,7.6923076923076925,28.663878922189394,40,207,111.0,48.95,6.02,76.0,20.0,28.66,55.0,37.0,⑤ 過熱,🟠 短線過熱,86.75,78.88,83.33,136.0,技術面偏多,5日漲幅過大、成交量波動較大,MA20向上、MA5近期上穿MA20、RSI位於起漲區、MACD動能擴張、成交量溫和放大、投信買盤加速,5日漲幅過大、MA20乖離過大,207.0,139.0,40.14,50.0,45.0,83.0,100.0,25.32,⚪ 爆發潛力不足,,,,P50-LIVE-S2.0,25.32,LEGACY_FALLBACK
2026-09-24,6443,元晶,上市,光電業,287,32.45,16.9,★★ 弱勢,短線過熱,70,0.0,14.842710997442458,35,208,144.0,44.88,0.28,86.0,0.0,14.84,55.0,40.0,⑤ 過熱,🟠 短線過熱,86.75,78.88,100.0,28.25,技術面偏多,5日漲幅過大、成交量波動較大,MA20向上、MA5近期上穿MA20、RSI位於起漲區、MACD動能擴張、成交量溫和放大、近期突破20日高,5日漲幅過大、MA20乖離過大、近期回撤偏大,208.0,130.0,41.5,85.0,28.0,100.0,100.0,25.26,⚪ 爆發潛力不足,,,,P50-LIVE-S2.0,25.26,LEGACY_FALLBACK
2026-09-24,2889,國票金,上市,金融保險,183,46.94,47.1,★★ 弱勢,一般觀察,45,7.6923076923076925,57.67839687194526,73,209,252.0,29.35,40.36,33.0,5.0,57.68,40.0,0.0,② 蓄勢,🔴 暫不考慮,86.75,78.88,70.0,16.55,風險動能健康,無明顯風險訊號,MA20向上、RSI位於起漲區,無明顯風險訊號,209.0,281.0,21.24,0.0,22.0,80.0,50.0,25.06,⚪ 爆發潛力不足,,,,P50-LIVE-S2.0,25.06,LEGACY_FALLBACK
2026-09-24,1314,中石化,上市,塑膠工業,194,45.83,43.9,★★ 弱勢,趨勢健康,70,0.0,28.775238095238098,81,210,196.0,38.47,40.87,61.0,0.0,28.78,65.0,0.0,① 尚未啟動,🔴 暫不考慮,86.75,78.88,100.0,8.86,技術面偏多、風險動能結構佳,成交量波動較大,站上MA20且乖離健康、MA20向上、RSI位於起漲區,無明顯風險訊號,210.0,286.0,20.87,0.0,57.0,80.0,90.0,24.87,⚪ 爆發潛力不足,,,,P50-LIVE-S2.0,24.87,LEGACY_FALLBACK
2026-09-24,6669,緯穎,上市,電腦及週邊設備業,259,37.01,25.0,★★ 弱勢,風險偏高,15,38.46153846153847,69.38188073394494,20,211,245.0,31.66,0.0,25.0,25.0,69.38,25.0,23.0,⑥ 轉弱,🔴 暫不考慮,86.75,78.88,82.5,2115.0,基本面優於產業平均,波動率偏高、近期回撤偏大,MACD近期黃金交叉、MACD動能擴張、外資5日買超、外資連買,波動率偏高、近期回撤偏大,211.0,77.0,49.8,25.0,0.0,43.0,35.0,24.84,⚪ 爆發潛力不足,,,,P50-LIVE-S2.0,24.84,LEGACY_FALLBACK
2026-09-24,8150,南茂,上市,半導體業,122,53.22,64.8,★★★ 一般觀察,短線過熱,60,76.92307692307693,43.457380047840154,34,212,36.0,61.07,15.14,64.0,70.0,43.46,53.0,40.0,⑤ 過熱,🟠 短線過熱,86.75,78.88,83.33,112.0,法人籌碼強,5日漲幅過大、MA20乖離過大,MA20向上、MACD動能擴張、成交量溫和放大、近期突破20日高、外資5日買超、投信5日買超、投信買盤加速,5日漲幅過大、MA20乖離過大,212.0,162.0,37.1,70.0,45.0,20.0,100.0,24.71,⚪ 爆發潛力不足,,,,P50-LIVE-S2.0,24.71,LEGACY_FALLBACK
2026-09-24,8039,台虹,上市,電子零組件業,325,26.3,5.8,★★ 弱勢,風險偏高,15,15.384615384615385,45.754578754578745,25,213,290.0,22.06,0.0,8.0,25.0,45.75,30.0,28.0,⑥ 轉弱,🔴 暫不考慮,86.75,78.88,82.5,258.5,,波動率偏高、近期回撤偏大,外資5日買超、投信買盤加速,ATR偏高、波動率偏高、近期回撤偏大,213.0,78.0,49.6,0.0,15.0,80.0,80.0,24.68,⚪ 爆發潛力不足,,,,P50-LIVE-S2.0,24.68,LEGACY_FALLBACK
2026-09-24,4956,光鋐,上市,光電業,198,45.32,42.7,★★ 弱勢,短線過熱,85,7.6923076923076925,38.95055298688046,33,214,237.0,33.69,0.0,49.0,5.0,38.95,45.0,40.0,⑤ 過熱,🟠 短線過熱,86.75,78.88,100.0,44.5,技術趨勢強,MA20乖離過大、MA60乖離過大、波動率偏高、成交量波動較大,MA20向上、RSI位於起漲區,MA20乖離過大、ATR偏高、波動率偏高,214.0,133.0,40.71,25.0,85.0,83.0,40.0,24.56,⚪ 爆發潛力不足,,,,P50-LIVE-S2.0,24.56,LEGACY_FALLBACK
2026-09-24,6243,迅杰,上市,半導體業,289,32.0,16.3,★★ 弱勢,風險偏高,50,7.6923076923076925,24.21807431640167,41,215,227.0,34.28,30.35,56.0,5.0,24.22,45.0,13.0,④ 趨勢加速,🔴 暫不考慮,86.75,78.88,83.33,39.5,,近期回撤偏大,站上MA20且乖離健康、MA5近期上穿MA20、MACD動能擴張,近期回撤偏大,215.0,262.0,22.91,50.0,30.0,80.0,80.0,24.4,⚪ 爆發潛力不足,,,,P50-LIVE-S2.0,24.4,LEGACY_FALLBACK
2026-09-24,2208,台船,上市,航運業,190,46.19,45.1,★★ 弱勢,一般觀察,45,38.46153846153847,35.98435729847494,71,216,89.0,52.25,54.65,71.0,30.0,35.98,63.0,0.0,① 尚未啟動,🟡 等待回檔,86.75,78.88,100.0,19.4,風險動能健康,無明顯風險訊號,站上MA20且乖離健康、MA5近期上穿MA20、RSI位於起漲區、MACD動能擴張、接近20日突破、外資5日買超、外資買盤加速、法人買超占量提升,無明顯風險訊號,216.0,314.0,16.16,45.0,15.0,60.0,35.0,23.86,⚪ 爆發潛力不足,,,,P50-LIVE-S2.0,23.86,LEGACY_FALLBACK
2026-09-24,2201,裕隆,上市,汽車工業,283,32.59,17.7,★★ 弱勢,一般觀察,25,7.6923076923076925,42.52167019027485,54,217,272.0,25.58,27.98,18.0,20.0,42.52,40.0,0.0,① 尚未啟動,🔴 暫不考慮,86.75,78.88,100.0,29.25,,無明顯風險訊號,MA20向上、投信買盤加速,無明顯風險訊號,217.0,266.0,22.78,0.0,22.0,60.0,65.0,23.82,⚪ 爆發潛力不足,,,,P50-LIVE-S2.0,23.82,LEGACY_FALLBACK
2026-09-24,2351,順德,上市,半導體業,268,35.42,22.4,★★ 弱勢,一般觀察,15,53.84615384615385,48.51911906101965,28,218,276.0,24.73,0.0,8.0,40.0,48.52,15.0,20.0,⑥ 轉弱,🔴 暫不考慮,86.75,78.88,83.33,219.5,法人偏多,無明顯風險訊號,外資5日買超、投信5日買超、外資買盤加速,ATR偏高、波動率偏高,218.0,83.0,48.5,0.0,12.0,80.0,80.0,23.8,⚪ 爆發潛力不足,,,,P50-LIVE-S2.0,23.8,LEGACY_FALLBACK
2026-09-24,3149,正達,上市,光電業,272,34.38,21.2,★★ 弱勢,一般觀察,35,38.46153846153847,23.961650289406382,45,219,217.0,35.49,37.9,46.0,30.0,23.96,30.0,0.0,① 尚未啟動,🔴 暫不考慮,86.75,78.88,100.0,63.3,,無明顯風險訊號,站上MA20且乖離健康、MA5近期上穿MA20、外資5日買超、外資由賣轉買、法人買超占量提升,無明顯風險訊號,219.0,291.0,20.23,15.0,15.0,80.0,80.0,23.76,⚪ 爆發潛力不足,,,,P50-LIVE-S2.0,23.76,LEGACY_FALLBACK
2026-09-24,2887,台新新光金,上市,金融保險,203,45.08,41.3,★★ 弱勢,一般觀察,55,7.6923076923076925,33.48307762052502,85,220,196.0,38.47,49.48,48.0,20.0,33.48,55.0,0.0,② 蓄勢,🔴 暫不考慮,86.75,78.88,70.0,42.5,風險動能結構佳,無明顯風險訊號,站上MA20且乖離健康、MA20向上、RSI位於起漲區、投信買盤加速,無明顯風險訊號,220.0,307.0,17.26,0.0,70.0,80.0,63.0,23.7,⚪ 爆發潛力不足,,,,P50-LIVE-S2.0,23.7,LEGACY_FALLBACK
2026-09-24,2014,中鴻,上市,鋼鐵工業,222,41.57,35.8,★★ 弱勢,一般觀察,50,53.84615384615385,20.656586021505376,48,221,101.0,51.05,53.45,73.0,40.0,20.66,45.0,0.0,① 尚未啟動,🟡 等待回檔,86.75,78.88,100.0,16.9,法人偏多,無明顯風險訊號,站上MA20且乖離健康、RSI位於起漲區、MACD近期黃金交叉、MACD動能擴張、成交量溫和放大、接近20日突破、外資5日買超、外資買盤加速、外資連買,無明顯風險訊號,221.0,315.0,16.05,70.0,15.0,80.0,40.0,23.53,⚪ 爆發潛力不足,,,,P50-LIVE-S2.0,23.53,LEGACY_FALLBACK
2026-09-24,2486,一詮,上市,光電業,300,29.9,13.1,★★ 弱勢,風險偏高,15,7.6923076923076925,55.552224938722226,36,222,294.0,21.73,0.0,8.0,15.0,55.55,38.0,13.0,⑥ 轉弱,🔴 暫不考慮,86.75,78.88,100.0,234.0,,近期回撤偏大、成交量波動較大,外資由賣轉買,近期回撤偏大,222.0,85.0,48.15,0.0,15.0,80.0,80.0,23.52,⚪ 爆發潛力不足,,,,P50-LIVE-S2.0,23.52,LEGACY_FALLBACK
2026-09-24,2352,佳世達,上市,電腦及週邊設備業,185,46.46,46.5,★★ 弱勢,一般觀察,55,30.76923076923077,37.34452514441047,63,223,133.0,46.2,58.21,64.0,15.0,37.34,70.0,0.0,② 蓄勢,🟡 等待回檔,86.75,78.88,82.5,29.0,風險動能健康,無明顯風險訊號,站上MA20且乖離健康、MA20向上、RSI位於起漲區、接近20日突破、外資5日買超、法人買超占量提升,無明顯風險訊號,223.0,319.0,14.79,20.0,28.0,60.0,50.0,23.48,⚪ 爆發潛力不足,,,,P50-LIVE-S2.0,23.48,LEGACY_FALLBACK
2026-09-24,1808,潤隆,上市,建材營造,258,37.13,25.3,★★ 弱勢,整理觀察,15,30.76923076923077,67.5826174655909,31,224,243.0,31.89,17.29,30.0,25.0,67.58,15.0,5.0,⑥ 轉弱,🔴 暫不考慮,86.75,78.88,100.0,31.9,基本面優於產業平均,無明顯風險訊號,MA5近期上穿MA20、MACD近期黃金交叉、外資5日買超、外資由賣轉買、法人買超占量提升,無明顯風險訊號,224.0,114.0,43.68,30.0,12.0,60.0,80.0,23.4,⚪ 爆發潛力不足,,,,P50-LIVE-S2.0,23.4,LEGACY_FALLBACK
2026-09-24,2897,王道銀行,上市,金融保險,189,46.33,45.3,★★ 弱勢,一般觀察,55,7.6923076923076925,36.98499723745166,86,225,192.0,39.2,50.2,56.0,5.0,36.98,65.0,0.0,② 蓄勢,🟡 等待回檔,86.75,78.88,70.0,11.05,風險動能結構佳,無明顯風險訊號,站上MA20且乖離健康、MA20向上、RSI位於起漲區、接近20日突破,無明顯風險訊號,225.0,311.0,16.52,20.0,40.0,43.0,50.0,23.26,⚪ 爆發潛力不足,,,,P50-LIVE-S2.0,23.26,LEGACY_FALLBACK
2026-09-24,3008,大立光,上市,光電業,236,39.99,31.7,★★ 弱勢,風險偏高,25,30.76923076923077,69.11526794742164,28,226,266.0,26.87,0.0,15.0,20.0,69.12,30.0,28.0,⑥ 轉弱,🔴 暫不考慮,86.75,78.88,100.0,6245.0,基本面優於產業平均,波動率偏高、近期回撤偏大,RSI位於起漲區、投信5日買超,ATR偏高、波動率偏高、近期回撤偏大,226.0,91.0,47.42,0.0,55.0,43.0,63.0,22.94,⚪ 爆發潛力不足,,,,P50-LIVE-S2.0,22.94,LEGACY_FALLBACK
2026-09-24,1409,新纖,上市,紡織纖維,324,26.49,6.1,★★ 弱勢,一般觀察,0,23.076923076923077,50.92273580078458,33,227,262.0,27.34,12.74,8.0,50.0,50.92,10.0,5.0,⑥ 轉弱,🔴 暫不考慮,86.75,78.88,100.0,24.3,,成交量波動較大,投信5日買超、外資買盤加速、投信買盤加速,無明顯風險訊號,227.0,111.0,44.16,0.0,0.0,80.0,80.0,22.88,⚪ 爆發潛力不足,,,,P50-LIVE-S2.0,22.88,LEGACY_FALLBACK
2026-09-24,2883,凱基金,上市,金融保險,187,46.44,46.1,★★ 弱勢,一般觀察,55,7.6923076923076925,40.680366073072946,81,228,251.0,30.0,30.01,41.0,5.0,40.68,40.0,0.0,① 尚未啟動,🔴 暫不考慮,86.75,78.88,70.0,38.95,風險動能結構佳,無明顯風險訊號,站上MA20且乖離健康、MA20向上,無明顯風險訊號,228.0,289.0,20.64,0.0,70.0,80.0,63.0,22.51,⚪ 爆發潛力不足,,,,P50-LIVE-S2.0,22.51,LEGACY_FALLBACK
2026-09-24,2371,大同,上市,電機機械,202,45.12,41.6,★★ 弱勢,一般觀察,60,0.0,43.07956297670583,71,229,256.0,28.61,31.02,46.0,0.0,43.08,25.0,0.0,① 尚未啟動,🔴 暫不考慮,86.75,78.88,100.0,28.85,風險動能健康,無明顯風險訊號,站上MA20且乖離健康、RSI位於起漲區,無明顯風險訊號,229.0,293.0,20.12,0.0,12.0,80.0,63.0,22.3,⚪ 爆發潛力不足,,,,P50-LIVE-S2.0,22.3,LEGACY_FALLBACK
2026-09-24,6706,惠特,上市,光電業,175,47.57,49.3,★★ 弱勢,風險偏高,70,38.46153846153847,29.60084802799839,50,230,207.0,37.34,19.75,56.0,15.0,29.6,40.0,20.0,① 尚未啟動,🔴 暫不考慮,86.75,78.88,100.0,143.0,技術面偏多,ATR偏高、波動率偏高、成交量波動較大,站上MA20且乖離健康、MA20向上、RSI位於起漲區、外資5日買超,ATR偏高、波動率偏高,230.0,265.0,22.83,0.0,45.0,80.0,48.0,22.21,⚪ 爆發潛力不足,,,,P50-LIVE-S2.0,22.21,LEGACY_FALLBACK
2026-09-24,2337,旺宏,上市,半導體業,297,31.14,14.0,★★ 弱勢,整理觀察,0,7.6923076923076925,72.00140530462923,40,231,270.0,25.8,14.87,15.0,15.0,72.0,30.0,0.0,⑥ 轉弱,🔴 暫不考慮,86.75,78.88,83.33,117.0,基本面優於產業平均,無明顯風險訊號,MACD近期黃金交叉、投信由賣轉買,無明顯風險訊號,231.0,126.0,42.15,15.0,15.0,63.0,80.0,21.69,⚪ 爆發潛力不足,,,,P50-LIVE-S2.0,21.69,LEGACY_FALLBACK
2026-09-24,2338,光罩,上市,半導體業,269,34.72,22.1,★★ 弱勢,風險偏高,70,0.0,23.73086686834576,33,232,260.0,27.66,8.73,49.0,0.0,23.73,30.0,20.0,① 尚未啟動,🔴 暫不考慮,86.75,78.88,83.33,47.1,技術面偏多,ATR偏高、波動率偏高、成交量波動較大,MA20向上、RSI位於起漲區,ATR偏高、波動率偏高,232.0,244.0,24.89,0.0,45.0,80.0,65.0,21.66,⚪ 爆發潛力不足,,,,P50-LIVE-S2.0,21.66,LEGACY_FALLBACK
2026-09-24,2392,正崴,上市,電子零組件業,241,39.17,30.2,★★ 弱勢,一般觀察,15,30.76923076923077,49.7216117216117,68,233,259.0,27.91,16.91,8.0,45.0,49.72,25.0,0.0,⑥ 轉弱,🔴 暫不考慮,86.75,78.88,82.5,41.85,風險動能健康,無明顯風險訊號,投信5日買超、投信買盤加速、外資由賣轉買,無明顯風險訊號,233.0,129.0,41.57,0.0,25.0,60.0,80.0,21.64,⚪ 爆發潛力不足,,,,P50-LIVE-S2.0,21.64,LEGACY_FALLBACK
2026-09-24,2344,華邦電,上市,半導體業,245,39.05,29.1,★★ 弱勢,整理觀察,15,38.46153846153847,74.18892172036958,23,234,282.0,23.33,0.0,8.0,15.0,74.19,30.0,18.0,⑥ 轉弱,🔴 暫不考慮,86.75,78.88,83.33,171.5,基本面優於產業平均,無明顯風險訊號,外資5日買超,近期回撤偏大,234.0,101.0,45.72,0.0,15.0,0.0,80.0,21.57,⚪ 爆發潛力不足,,,,P50-LIVE-S2.0,21.57,LEGACY_FALLBACK
2026-09-24,1528,恩德,上市,電機機械,197,45.37,43.0,★★ 弱勢,短線過熱,70,38.46153846153847,36.90920222634508,28,235,215.0,35.84,0.0,42.0,15.0,36.91,60.0,35.0,⑤ 過熱,🟠 短線過熱,86.75,78.88,100.0,25.45,技術面偏多,MA20乖離過大、波動率偏高、成交量波動較大,MA20向上、外資5日買超,MA20乖離過大、ATR偏高、波動率偏高,235.0,165.0,36.51,0.0,70.0,80.0,63.0,21.21,⚪ 爆發潛力不足,,,,P50-LIVE-S2.0,21.21,LEGACY_FALLBACK
2026-09-24,3019,亞光,上市,光電業,310,28.93,10.2,★★ 弱勢,整理觀察,15,0.0,68.10956308871269,20,236,324.0,14.92,0.0,8.0,0.0,68.11,10.0,13.0,⑥ 轉弱,🔴 暫不考慮,86.75,78.88,100.0,135.0,基本面優於產業平均,成交量波動較大,,近期回撤偏大,236.0,106.0,44.85,0.0,0.0,80.0,80.0,20.88,⚪ 爆發潛力不足,,,,P50-LIVE-S2.0,20.88,LEGACY_FALLBACK
2026-09-24,2409,友達,上市,光電業,130,51.76,62.4,★★★ 一般觀察,短線過熱,70,61.53846153846154,39.49420091595789,33,237,136.0,45.72,1.13,62.0,35.0,39.49,30.0,40.0,⑤ 過熱,🟠 短線過熱,86.75,78.88,100.0,34.2,技術面偏多、法人偏多,20日漲幅過大、MA20乖離過大、波動率偏高,MA20向上、成交量溫和放大、近期突破20日高、外資5日買超、投信5日買超、法人買超占量提升,MA20乖離過大、ATR偏高、波動率偏高,237.0,170.0,35.23,47.0,55.0,0.0,85.0,20.41,⚪ 爆發潛力不足,,,,P50-LIVE-S2.0,20.41,LEGACY_FALLBACK
2026-09-24,1313,聯成,上市,塑膠工業,100,55.28,71.2,★★★ 一般觀察,一般觀察,60,30.76923076923077,58.41142857142857,68,238,201.0,37.66,40.07,46.0,25.0,58.41,20.0,0.0,① 尚未啟動,🔴 暫不考慮,86.75,78.88,100.0,12.15,風險動能健康,無明顯風險訊號,站上MA20且乖離健康、RSI位於起漲區、外資5日買超、外資買盤加速、法人買超占量提升,無明顯風險訊號,238.0,318.0,15.27,0.0,0.0,18.0,50.0,20.23,⚪ 爆發潛力不足,,,,P50-LIVE-S2.0,20.23,LEGACY_FALLBACK
2026-09-24,7769,鴻勁,上市,半導體業,330,24.29,4.4,★★ 弱勢,風險偏高,0,7.6923076923076925,73.82974708034332,3,239,315.0,16.57,0.0,10.0,5.0,73.83,0.0,28.0,⑥ 轉弱,🔴 暫不考慮,86.75,78.88,83.33,5670.0,基本面優於產業平均,波動率偏高,成交量溫和放大,ATR偏高、波動率偏高、近期回撤偏大,239.0,113.0,43.73,12.0,0.0,25.0,68.0,19.98,⚪ 爆發潛力不足,,,,P50-LIVE-S2.0,19.98,LEGACY_FALLBACK
2026-09-24,1802,台玻,上市,玻璃陶瓷,276,33.93,20.1,★★ 弱勢,一般觀察,15,30.76923076923077,45.59645829660496,48,240,298.0,20.54,10.95,8.0,30.0,45.6,10.0,0.0,⑥ 轉弱,🔴 暫不考慮,86.75,78.88,100.0,58.4,,無明顯風險訊號,投信5日買超、外資由賣轉買,無明顯風險訊號,240.0,133.0,40.71,0.0,0.0,80.0,63.0,19.76,⚪ 爆發潛力不足,,,,P50-LIVE-S2.0,19.76,LEGACY_FALLBACK
2026-09-24,4967,十銓,上市,半導體業,84,56.98,76.0,★★★ 一般觀察,整理觀察,25,53.84615384615385,83.69929295061208,68,241,208.0,37.3,26.38,15.0,40.0,83.7,45.0,0.0,⑥ 轉弱,🔴 暫不考慮,86.75,78.88,83.33,272.5,法人偏多、同產業基本面突出、風險動能健康、綜合表現前25%,無明顯風險訊號,RSI位於起漲區、外資5日買超、投信5日買超、投信買盤加速,無明顯風險訊號,241.0,163.0,36.61,0.0,27.0,80.0,63.0,19.56,⚪ 爆發潛力不足,,,,P50-LIVE-S2.0,19.56,LEGACY_FALLBACK
2026-09-24,3437,榮創,上市,光電業,228,40.72,34.0,★★ 弱勢,風險偏高,70,7.6923076923076925,25.27722439090052,53,242,200.0,37.79,3.2,52.0,15.0,25.28,58.0,30.0,⑤ 過熱,🟠 短線過熱,86.75,78.88,100.0,22.0,技術面偏多,波動率偏高、成交量波動較大,MA20向上、成交量溫和放大、外資由賣轉買,MA20乖離過大、波動率偏高,242.0,178.0,33.6,12.0,75.0,60.0,90.0,19.52,⚪ 爆發潛力不足,,,,P50-LIVE-S2.0,19.52,LEGACY_FALLBACK
2026-09-24,2027,大成鋼,上市,鋼鐵工業,52,62.06,85.2,★★★ 一般觀察,整理觀察,25,76.92307692307693,83.93256194483403,70,243,129.0,46.34,36.75,15.0,70.0,83.93,45.0,0.0,⑥ 轉弱,🔴 暫不考慮,86.75,78.88,100.0,47.6,法人籌碼強、同產業基本面突出、風險動能健康、綜合表現前25%,無明顯風險訊號,RSI位於起漲區、外資5日買超、投信5日買超、外資買盤加速,無明顯風險訊號,243.0,175.0,33.71,0.0,40.0,80.0,63.0,19.31,⚪ 爆發潛力不足,,,,P50-LIVE-S2.0,19.31,LEGACY_FALLBACK
2026-09-24,2034,允強,上市,鋼鐵工業,45,63.49,87.2,★★★★ 觀察候選,等待回檔,90,38.46153846153847,35.995003506311356,90,244,109.0,49.5,25.9,54.0,30.0,36.0,90.0,19.0,⑤ 過熱,🟠 短線過熱,86.75,78.88,100.0,22.8,技術趨勢強、風險動能結構佳、綜合表現前25%,成交量波動較大、RSI偏熱,MA20向上、MACD動能擴張、近期突破20日高、外資5日買超、外資買盤加速、法人買超占量提升,RSI過熱,244.0,222.0,27.5,45.0,100.0,80.0,50.0,19.18,⚪ 爆發潛力不足,,,,P50-LIVE-S2.0,19.18,LEGACY_FALLBACK
2026-09-24,2820,華票,上市,金融保險,167,47.94,51.7,★★★ 一般觀察,一般觀察,35,38.46153846153847,57.156700242254246,63,245,229.0,34.22,45.23,36.0,20.0,57.16,35.0,0.0,② 蓄勢,🔴 暫不考慮,86.75,78.88,70.0,17.0,風險動能健康,無明顯風險訊號,MA20向上、成交量溫和放大、外資5日買超、法人買超占量提升,無明顯風險訊號,245.0,324.0,12.66,0.0,10.0,60.0,45.0,19.17,⚪ 爆發潛力不足,,,,P50-LIVE-S2.0,19.17,LEGACY_FALLBACK
2026-09-24,6226,光鼎,上市,光電業,223,41.53,35.5,★★ 弱勢,短線過熱,70,30.76923076923077,37.90912639655404,15,246,236.0,33.74,0.0,42.0,15.0,37.91,45.0,35.0,⑤ 過熱,🟠 短線過熱,86.75,78.88,100.0,44.0,技術面偏多,20日漲幅過大、MA20乖離過大、MA60乖離過大、波動率偏高、成交量波動較大,MA20向上、外資5日買超、法人買超占量提升,MA20乖離過大、ATR偏高、波動率偏高,246.0,177.0,33.66,0.0,43.0,80.0,20.0,18.93,⚪ 爆發潛力不足,,,,P50-LIVE-S2.0,18.93,LEGACY_FALLBACK
2026-09-24,1714,和桐,上市,化學工業,301,29.8,12.8,★★ 弱勢,整理觀察,0,30.76923076923077,65.49673903332439,20,247,292.0,22.02,0.0,8.0,25.0,65.5,10.0,13.0,⑥ 轉弱,🔴 暫不考慮,86.75,78.88,100.0,15.75,基本面優於產業平均,成交量波動較大,外資5日買超、外資由賣轉買、法人買超占量提升,近期回撤偏大,247.0,124.0,42.23,0.0,0.0,60.0,80.0,18.79,⚪ 爆發潛力不足,,,,P50-LIVE-S2.0,18.79,LEGACY_FALLBACK
2026-09-24,5880,合庫金,上市,金融保險,246,38.99,28.8,★★ 弱勢,一般觀察,35,23.076923076923077,34.23867001005851,68,248,226.0,34.29,45.29,26.0,35.0,34.24,55.0,0.0,② 蓄勢,🔴 暫不考慮,86.75,78.88,70.0,26.45,風險動能健康,無明顯風險訊號,MA20向上、投信買盤加速、投信由賣轉買、法人買超占量提升,無明顯風險訊號,248.0,327.0,12.01,0.0,40.0,80.0,35.0,18.67,⚪ 爆發潛力不足,,,,P50-LIVE-S2.0,18.67,LEGACY_FALLBACK
2026-09-24,6742,澤米,上市,光電業,218,42.17,36.8,★★ 弱勢,等待回檔,85,0.0,26.885004711266657,43,249,235.0,33.83,4.24,52.0,0.0,26.89,60.0,25.0,⑤ 過熱,🟠 短線過熱,86.75,78.88,100.0,54.7,技術趨勢強,成交量波動較大,MA20向上、成交量溫和放大,MA20乖離過大,249.0,188.0,32.17,25.0,75.0,100.0,100.0,18.58,⚪ 爆發潛力不足,,,,P50-LIVE-S2.0,18.58,LEGACY_FALLBACK
2026-09-24,2301,光寶科,上市,電腦及週邊設備業,247,38.85,28.5,★★ 弱勢,一般觀察,25,7.6923076923076925,57.36183316343867,63,250,279.0,23.6,7.61,15.0,15.0,57.36,30.0,5.0,⑥ 轉弱,🔴 暫不考慮,86.75,78.88,82.5,287.0,風險動能健康,無明顯風險訊號,RSI位於起漲區、外資由賣轉買,無明顯風險訊號,250.0,141.0,39.89,0.0,55.0,80.0,80.0,18.43,⚪ 爆發潛力不足,,,,P50-LIVE-S2.0,18.43,LEGACY_FALLBACK
2026-09-24,2313,華通,上市,電子零組件業,311,28.91,9.9,★★ 弱勢,一般觀察,15,0.0,52.04212454212455,44,251,285.0,22.71,6.71,8.0,20.0,52.04,38.0,5.0,⑥ 轉弱,🔴 暫不考慮,86.75,78.88,82.5,222.5,,無明顯風險訊號,外資買盤加速、投信由賣轉買,無明顯風險訊號,251.0,146.0,39.49,0.0,15.0,80.0,80.0,17.93,⚪ 爆發潛力不足,,,,P50-LIVE-S2.0,17.93,LEGACY_FALLBACK
2026-09-24,3443,創意,上市,半導體業,139,50.52,59.7,★★★ 一般觀察,短線過熱,60,53.84615384615385,59.18510271563249,20,252,124.0,46.98,1.05,54.0,40.0,59.19,30.0,40.0,⑤ 過熱,🟠 短線過熱,86.75,78.88,83.33,8525.0,法人偏多,5日漲幅過大、20日漲幅過大、MA20乖離過大、MA60乖離過大、RSI偏熱,MA20向上、MACD動能擴張、近期突破20日高、外資5日買超、外資買盤加速、外資連買,RSI過熱、5日漲幅過大、MA20乖離過大、波動率偏高,252.0,194.0,31.53,45.0,28.0,35.0,80.0,17.43,⚪ 爆發潛力不足,,,,P50-LIVE-S2.0,17.43,LEGACY_FALLBACK
2026-09-24,3034,聯詠,上市,半導體業,95,56.04,72.7,★★★ 一般觀察,整理觀察,35,61.53846153846154,65.43393016275034,68,253,191.0,39.22,28.29,33.0,45.0,65.43,18.0,0.0,⑥ 轉弱,🔴 暫不考慮,86.75,78.88,83.33,543.0,法人偏多、基本面優於產業平均、風險動能健康,無明顯風險訊號,RSI位於起漲區、成交量溫和放大、外資5日買超、投信5日買超、投信由賣轉買,無明顯風險訊號,253.0,181.0,33.1,0.0,0.0,80.0,73.0,17.14,⚪ 爆發潛力不足,,,,P50-LIVE-S2.0,17.14,LEGACY_FALLBACK
2026-09-24,2241,艾姆勒,上市,汽車工業,267,35.72,22.7,★★ 弱勢,短線過熱,60,0.0,37.06659619450318,33,254,234.0,33.91,0.0,54.0,0.0,37.07,45.0,40.0,⑤ 過熱,🟠 短線過熱,86.75,78.88,100.0,43.6,,5日漲幅過大、MA20乖離過大、成交量波動較大、RSI偏熱,MA20向上、MACD動能擴張、近期突破20日高,RSI過熱、5日漲幅過大、MA20乖離過大,254.0,200.0,30.66,70.0,45.0,100.0,80.0,16.53,⚪ 爆發潛力不足,,,,P50-LIVE-S2.0,16.53,LEGACY_FALLBACK
2026-09-24,3661,世芯-KY,上市,半導體業,255,37.28,26.2,★★ 弱勢,風險偏高,25,38.46153846153847,63.62992472210497,15,255,295.0,21.54,0.0,15.0,20.0,63.63,0.0,28.0,⑥ 轉弱,🔴 暫不考慮,86.75,78.88,83.33,3770.0,,波動率偏高、近期回撤偏大,RSI位於起漲區、外資5日買超、法人買超占量提升,波動率偏高、近期回撤偏大,255.0,147.0,39.41,0.0,15.0,60.0,80.0,16.52,⚪ 爆發潛力不足,,,,P50-LIVE-S2.0,16.52,LEGACY_FALLBACK
2026-09-24,2357,華碩,上市,電腦及週邊設備業,207,44.44,40.1,★★ 弱勢,整理觀察,25,30.76923076923077,65.27629119945635,56,256,254.0,29.29,18.3,15.0,30.0,65.28,30.0,0.0,⑥ 轉弱,🔴 暫不考慮,86.75,78.88,82.5,953.0,基本面優於產業平均,無明顯風險訊號,RSI位於起漲區、投信買盤加速、投信連買,無明顯風險訊號,256.0,173.0,34.82,0.0,40.0,80.0,80.0,16.52,⚪ 爆發潛力不足,,,,P50-LIVE-S2.0,16.52,LEGACY_FALLBACK
2026-09-24,3055,蔚華科,上市,電子通路業,244,39.11,29.4,★★ 弱勢,短線過熱,60,30.76923076923077,41.20334928229665,13,257,205.0,37.53,0.0,54.0,25.0,41.2,15.0,40.0,⑤ 過熱,🟠 短線過熱,86.75,78.88,76.67,199.0,,5日漲幅過大、20日漲幅過大、MA20乖離過大、MA60乖離過大、ATR偏高、波動率偏高,MA20向上、成交量溫和放大、近期突破20日高、外資5日買超、外資買盤加速、法人買超占量提升,5日漲幅過大、MA20乖離過大、ATR偏高、波動率偏高,257.0,204.0,30.02,47.0,10.0,65.0,68.0,16.02,⚪ 爆發潛力不足,,,,P50-LIVE-S2.0,16.02,LEGACY_FALLBACK
2026-09-24,2033,佳大,上市,鋼鐵工業,250,38.18,27.6,★★ 弱勢,短線過熱,60,30.76923076923077,41.4064399251987,8,258,222.0,34.56,0.0,54.0,15.0,41.41,15.0,40.0,⑤ 過熱,🟠 短線過熱,86.75,78.88,100.0,36.8,,5日漲幅過大、20日漲幅過大、MA20乖離過大、MA60乖離過大、波動率偏高、RSI偏熱,MA20向上、成交量溫和放大、近期突破20日高、外資5日買超、法人買超占量提升,RSI過熱、5日漲幅過大、MA20乖離過大、ATR偏高、波動率偏高,258.0,213.0,29.15,47.0,10.0,80.0,68.0,15.32,⚪ 爆發潛力不足,,,,P50-LIVE-S2.0,15.32,LEGACY_FALLBACK
2026-09-24,3450,聯鈞,上市,半導體業,299,30.18,13.4,★★ 弱勢,風險偏高,15,23.076923076923077,52.890789597110825,26,259,308.0,18.33,0.0,8.0,15.0,52.89,18.0,28.0,⑥ 轉弱,🔴 暫不考慮,86.75,78.88,83.33,513.0,,波動率偏高、近期回撤偏大,投信5日買超,ATR偏高、波動率偏高、近期回撤偏大,259.0,156.0,37.77,0.0,0.0,80.0,48.0,15.22,⚪ 爆發潛力不足,,,,P50-LIVE-S2.0,15.22,LEGACY_FALLBACK
2026-09-24,6225,天瀚,上市,光電業,307,29.08,11.0,★★ 弱勢,風險偏高,30,30.76923076923077,43.10104993942657,5,260,328.0,13.97,0.0,0.0,25.0,43.1,0.0,28.0,⑥ 轉弱,🔴 暫不考慮,86.75,78.88,100.0,50.4,,ATR偏高、波動率偏高、近期回撤偏大、成交量波動較大,外資5日買超、外資買盤加速、法人買超占量提升,ATR偏高、波動率偏高、近期回撤偏大,260.0,157.0,37.74,0.0,0.0,80.0,0.0,15.19,⚪ 爆發潛力不足,,,,P50-LIVE-S2.0,15.19,LEGACY_FALLBACK
2026-09-24,2838,聯邦銀,上市,金融保險,256,37.16,25.9,★★ 弱勢,一般觀察,35,30.76923076923077,36.365053055095125,48,261,271.0,25.6,36.61,26.0,20.0,36.37,25.0,0.0,② 蓄勢,🔴 暫不考慮,86.75,78.88,70.0,21.0,,無明顯風險訊號,MA20向上、投信5日買超,無明顯風險訊號,261.0,334.0,9.65,0.0,10.0,18.0,35.0,15.04,⚪ 爆發潛力不足,,,,P50-LIVE-S2.0,15.04,LEGACY_FALLBACK
2026-09-24,1440,南紡,上市,紡織纖維,221,41.98,36.0,★★ 弱勢,一般觀察,40,38.46153846153847,36.95785601294927,56,262,249.0,30.24,20.65,25.0,30.0,36.96,38.0,0.0,⑥ 轉弱,🔴 暫不考慮,86.75,78.88,100.0,13.5,,無明顯風險訊號,RSI位於起漲區、成交量溫和放大、外資5日買超、外資買盤加速、法人買超占量提升,無明顯風險訊號,262.0,186.0,32.33,25.0,15.0,80.0,83.0,14.99,⚪ 爆發潛力不足,,,,P50-LIVE-S2.0,14.99,LEGACY_FALLBACK
2026-09-24,6949,沛爾生醫*-創,上市,生技醫療業,344,15.2,0.3,★★ 弱勢,風險偏高,0,23.076923076923077,35.2770535888759,0,263,341.0,9.79,0.0,0.0,15.0,35.28,0.0,28.0,⑥ 轉弱,🔴 暫不考慮,86.75,78.88,100.0,50.3,,ATR偏高、波動率偏高、近期回撤偏大、成交量波動較大,投信5日買超,ATR偏高、波動率偏高、近期回撤偏大,263.0,161.0,37.29,0.0,0.0,80.0,0.0,14.83,⚪ 爆發潛力不足,,,,P50-LIVE-S2.0,14.83,LEGACY_FALLBACK
2026-09-24,6456,GIS-KY,上市,光電業,126,52.25,63.7,★★★ 一般觀察,短線過熱,90,38.46153846153847,31.8742091802396,40,264,108.0,49.68,5.09,71.0,20.0,31.87,70.0,40.0,⑤ 過熱,🟠 短線過熱,86.75,78.88,100.0,81.3,技術趨勢強,5日漲幅過大、MA20乖離過大、成交量波動較大,MA20向上、MA5近期上穿MA20、MACD動能擴張、成交量溫和放大、近期突破20日高、外資5日買超、法人買超占量提升,5日漲幅過大、MA20乖離過大、近期回撤偏大,264.0,226.0,27.13,85.0,70.0,100.0,100.0,14.72,⚪ 爆發潛力不足,,,,P50-LIVE-S2.0,14.72,LEGACY_FALLBACK
2026-09-24,2375,凱美,上市,電子零組件業,327,25.49,5.2,★★ 弱勢,一般觀察,15,0.0,54.638827838827844,23,265,317.0,15.9,0.0,8.0,0.0,54.64,30.0,8.0,⑥ 轉弱,🔴 暫不考慮,86.75,78.88,82.5,117.5,,成交量波動較大,,近期回撤偏大,265.0,166.0,36.42,0.0,0.0,80.0,80.0,14.13,⚪ 爆發潛力不足,,,,P50-LIVE-S2.0,14.13,LEGACY_FALLBACK
2026-09-24,7799,禾榮科,上市,生技醫療業,196,45.44,43.3,★★ 弱勢,短線過熱,85,23.076923076923077,23.754763023370522,41,266,199.0,37.86,0.0,52.0,25.0,23.75,40.0,35.0,⑤ 過熱,🟠 短線過熱,86.75,78.88,100.0,498.0,技術趨勢強,MA20乖離過大、波動率偏高,MA20向上、成交量溫和放大、投信5日買超、外資買盤加速,MA20乖離過大、ATR偏高、波動率偏高,266.0,223.0,27.37,25.0,70.0,100.0,83.0,13.9,⚪ 爆發潛力不足,,,,P50-LIVE-S2.0,13.9,LEGACY_FALLBACK
2026-09-24,2468,華經,上市,資訊服務業,275,34.03,20.3,★★ 弱勢,短線過熱,60,7.6923076923076925,28.3030303030303,30,267,248.0,30.6,0.0,34.0,25.0,28.3,35.0,40.0,⑤ 過熱,🟠 短線過熱,86.75,78.88,76.67,46.25,,20日漲幅過大、MA20乖離過大、波動率偏高、成交量波動較大,MA20向上、外資買盤加速、外資由賣轉買,MA20乖離過大、波動率偏高,267.0,231.0,26.53,0.0,83.0,80.0,80.0,13.22,⚪ 爆發潛力不足,,,,P50-LIVE-S2.0,13.22,LEGACY_FALLBACK
2026-09-24,6885,全福生技,上市,生技醫療業,249,38.26,27.9,★★ 弱勢,短線過熱,60,7.6923076923076925,38.417284999850075,36,268,202.0,37.61,3.02,44.0,25.0,38.42,45.0,30.0,⑤ 過熱,🟠 短線過熱,86.75,78.88,100.0,31.15,,20日漲幅過大、MA20乖離過大、MA60乖離過大,MA20向上、成交量溫和放大、外資買盤加速、外資由賣轉買,MA20乖離過大,268.0,239.0,25.6,12.0,83.0,60.0,90.0,13.09,⚪ 爆發潛力不足,,,,P50-LIVE-S2.0,13.09,LEGACY_FALLBACK
2026-09-24,1590,亞德客-KY,上市,電機機械,219,42.17,36.8,★★ 弱勢,整理觀察,15,30.76923076923077,81.73187574330433,35,269,258.0,28.26,10.67,10.0,35.0,81.73,10.0,8.0,⑥ 轉弱,🔴 暫不考慮,86.75,78.88,100.0,1210.0,同產業基本面突出,無明顯風險訊號,成交量溫和放大、投信5日買超、投信買盤加速,近期回撤偏大,269.0,189.0,32.15,25.0,0.0,100.0,83.0,12.86,⚪ 爆發潛力不足,,,,P50-LIVE-S2.0,12.86,LEGACY_FALLBACK
2026-09-24,4958,臻鼎-KY,上市,電子零組件業,338,21.3,2.0,★★ 弱勢,一般觀察,0,0.0,54.331318681318685,25,270,334.0,12.85,0.0,8.0,0.0,54.33,10.0,15.0,⑥ 轉弱,🔴 暫不考慮,86.75,78.88,82.5,475.5,,無明顯風險訊號,,波動率偏高,270.0,174.0,34.38,0.0,0.0,0.0,80.0,12.5,⚪ 爆發潛力不足,,,,P50-LIVE-S2.0,12.5,LEGACY_FALLBACK
2026-09-24,3704,合勤控,上市,通信網路業,274,34.29,20.6,★★ 弱勢,風險偏高,25,7.6923076923076925,58.84430445486385,38,271,263.0,27.23,7.77,31.0,5.0,58.84,30.0,8.0,⑥ 轉弱,🔴 暫不考慮,86.75,78.88,76.67,40.5,,近期回撤偏大,MA5近期上穿MA20,近期回撤偏大,271.0,185.0,32.42,15.0,15.0,43.0,63.0,12.49,⚪ 爆發潛力不足,,,,P50-LIVE-S2.0,12.49,LEGACY_FALLBACK
2026-09-24,2539,櫻花建,上市,建材營造,206,44.84,40.4,★★ 弱勢,風險偏高,25,38.46153846153847,72.1665508909695,40,272,223.0,34.52,16.93,33.0,20.0,72.17,30.0,8.0,⑥ 轉弱,🔴 暫不考慮,86.75,78.88,100.0,34.45,基本面優於產業平均,近期回撤偏大,MA5近期上穿MA20、成交量溫和放大、外資5日買超、法人買超占量提升,近期回撤偏大,272.0,206.0,29.82,27.0,15.0,60.0,68.0,12.24,⚪ 爆發潛力不足,,,,P50-LIVE-S2.0,12.24,LEGACY_FALLBACK
2026-09-24,2618,長榮航,上市,航運業,153,49.26,56.0,★★★ 一般觀察,一般觀察,25,69.23076923076923,59.718387799564276,50,273,146.0,44.66,35.06,48.0,50.0,59.72,10.0,0.0,⑥ 轉弱,🔴 暫不考慮,86.75,78.88,100.0,42.0,法人偏多,無明顯風險訊號,MA5近期上穿MA20、MACD近期黃金交叉、成交量溫和放大、投信5日買超、投信買盤加速、投信連買,無明顯風險訊號,273.0,242.0,24.94,30.0,0.0,63.0,60.0,11.97,⚪ 爆發潛力不足,,,,P50-LIVE-S2.0,11.97,LEGACY_FALLBACK
2026-09-24,2388,威盛,上市,半導體業,336,21.95,2.6,★★ 弱勢,一般觀察,0,30.76923076923077,31.976891327798885,31,274,284.0,22.8,6.87,0.0,45.0,31.98,30.0,5.0,⑥ 轉弱,🔴 暫不考慮,86.75,78.88,83.33,70.1,,無明顯風險訊號,投信5日買超、投信買盤加速、投信由賣轉買,無明顯風險訊號,274.0,192.0,31.94,0.0,15.0,80.0,80.0,11.93,⚪ 爆發潛力不足,,,,P50-LIVE-S2.0,11.93,LEGACY_FALLBACK
2026-09-24,2610,華航,上市,航運業,200,45.17,42.2,★★ 弱勢,一般觀察,25,69.23076923076923,49.42562091503268,45,275,160.0,43.31,33.72,41.0,60.0,49.43,10.0,0.0,⑥ 轉弱,🔴 暫不考慮,86.75,78.88,100.0,20.3,法人偏多,無明顯風險訊號,MA5近期上穿MA20、成交量溫和放大、投信5日買超、外資買盤加速、投信買盤加速,無明顯風險訊號,275.0,242.0,24.94,27.0,0.0,100.0,55.0,11.7,⚪ 爆發潛力不足,,,,P50-LIVE-S2.0,11.7,LEGACY_FALLBACK
2026-09-24,3504,揚明光,上市,光電業,333,23.34,3.5,★★ 弱勢,一般觀察,15,0.0,42.148647193431145,31,276,336.0,12.22,0.0,8.0,0.0,42.15,18.0,18.0,⑥ 轉弱,🔴 暫不考慮,86.75,78.88,100.0,78.5,,無明顯風險訊號,,近期回撤偏大,276.0,184.0,32.71,0.0,0.0,80.0,80.0,11.17,⚪ 爆發潛力不足,,,,P50-LIVE-S2.0,11.17,LEGACY_FALLBACK
2026-09-24,2355,敬鵬,上市,電子零組件業,251,37.58,27.3,★★ 弱勢,一般觀察,15,46.15384615384615,49.482783882783885,45,277,220.0,34.87,23.88,33.0,25.0,49.48,45.0,0.0,⑥ 轉弱,🔴 暫不考慮,86.75,78.88,82.5,41.7,,無明顯風險訊號,MACD近期黃金交叉、MACD動能擴張、外資5日買超、外資連買、法人買超占量提升,無明顯風險訊號,277.0,232.0,26.34,25.0,15.0,60.0,35.0,10.85,⚪ 爆發潛力不足,,,,P50-LIVE-S2.0,10.85,LEGACY_FALLBACK
2026-09-24,2254,巨鎧精密-創,上市,汽車工業,119,53.68,65.7,★★★ 一般觀察,短線過熱,100,53.84615384615385,11.045454545454545,48,278,152.0,43.96,12.36,72.0,30.0,11.05,30.0,27.0,⑤ 過熱,🟠 短線過熱,86.75,78.88,100.0,88.8,技術趨勢強、法人偏多,5日漲幅過大、20日漲幅過大、MA20乖離過大、MA60乖離過大,MA20向上、MACD動能擴張、成交量溫和放大、近期突破20日高、外資5日買超、外資連買、法人買超占量提升,5日漲幅過大、MA20乖離過大,278.0,290.0,20.44,70.0,35.0,100.0,83.0,10.82,⚪ 爆發潛力不足,,,,P50-LIVE-S2.0,10.82,LEGACY_FALLBACK
2026-09-24,2812,台中銀,上市,金融保險,293,31.38,15.1,★★ 弱勢,一般觀察,10,30.76923076923077,43.43498094549988,46,279,293.0,21.77,21.77,10.0,20.0,43.43,35.0,0.0,① 尚未啟動,🔴 暫不考慮,86.75,78.88,70.0,19.0,,無明顯風險訊號,MA20向上、投信5日買超,無明顯風險訊號,279.0,338.0,8.05,0.0,10.0,80.0,20.0,10.79,⚪ 爆發潛力不足,,,,P50-LIVE-S2.0,10.79,LEGACY_FALLBACK
2026-09-24,8105,凌巨,上市,光電業,323,26.61,6.4,★★ 弱勢,一般觀察,15,0.0,53.030985734722826,31,280,305.0,18.65,0.0,8.0,10.0,53.03,30.0,13.0,⑥ 轉弱,🔴 暫不考慮,86.75,78.88,100.0,14.85,,無明顯風險訊號,外資由賣轉買,近期回撤偏大,280.0,191.0,31.99,0.0,15.0,18.0,80.0,10.59,⚪ 爆發潛力不足,,,,P50-LIVE-S2.0,10.59,LEGACY_FALLBACK
2026-09-24,3048,益登,上市,電子通路業,305,29.45,11.6,★★ 弱勢,一般觀察,15,0.0,53.1786283891547,45,281,241.0,31.93,20.47,43.0,0.0,53.18,45.0,0.0,⑥ 轉弱,🔴 暫不考慮,86.75,78.88,76.67,51.9,,無明顯風險訊號,MACD近期黃金交叉、MACD動能擴張、成交量溫和放大,無明顯風險訊號,281.0,230.0,26.71,37.0,15.0,80.0,70.0,10.46,⚪ 爆發潛力不足,,,,P50-LIVE-S2.0,10.46,LEGACY_FALLBACK
2026-09-24,2451,創見,上市,半導體業,134,51.21,61.3,★★★ 一般觀察,整理觀察,15,38.46153846153847,86.71402373247034,65,282,255.0,28.96,18.03,8.0,20.0,86.71,45.0,0.0,⑥ 轉弱,🔴 暫不考慮,86.75,78.88,83.33,284.5,同產業基本面突出、風險動能健康,無明顯風險訊號,外資5日買超、法人買超占量提升,無明顯風險訊號,282.0,225.0,27.14,0.0,40.0,80.0,63.0,10.32,⚪ 爆發潛力不足,,,,P50-LIVE-S2.0,10.32,LEGACY_FALLBACK
2026-09-24,6141,柏承,上市,電子零組件業,334,22.88,3.2,★★ 弱勢,風險偏高,25,0.0,24.589194139194138,40,283,326.0,14.19,0.0,15.0,0.0,24.59,30.0,23.0,⑥ 轉弱,🔴 暫不考慮,86.75,78.88,82.5,51.8,,波動率偏高,RSI位於起漲區,波動率偏高、近期回撤偏大,283.0,198.0,31.4,0.0,55.0,80.0,80.0,10.12,⚪ 爆發潛力不足,,,,P50-LIVE-S2.0,10.12,LEGACY_FALLBACK
2026-09-24,2444,兆勁,上市,通信網路業,204,45.03,41.0,★★ 弱勢,短線過熱,75,46.15384615384615,27.667193583474802,25,284,151.0,44.0,0.0,64.0,25.0,27.67,45.0,40.0,⑤ 過熱,🟠 短線過熱,86.75,78.88,76.67,14.8,技術面偏多,5日漲幅過大、MA20乖離過大、波動率偏高、成交量波動較大、RSI偏熱,MA20向上、MACD動能擴張、成交量溫和放大、近期突破20日高、外資5日買超、外資連買、法人買超占量提升,RSI過熱、5日漲幅過大、MA20乖離過大、ATR偏高、波動率偏高,284.0,270.0,22.6,70.0,53.0,80.0,100.0,10.08,⚪ 爆發潛力不足,,,,P50-LIVE-S2.0,10.08,LEGACY_FALLBACK
2026-09-24,2393,億光,上市,光電業,231,40.43,33.1,★★ 弱勢,整理觀察,15,30.76923076923077,65.91182825320006,50,285,194.0,38.54,28.94,36.0,25.0,65.91,45.0,0.0,⑥ 轉弱,🔴 暫不考慮,86.75,78.88,100.0,63.4,基本面優於產業平均,無明顯風險訊號,MACD動能擴張、成交量溫和放大、外資5日買超、外資由賣轉買、法人買超占量提升,無明顯風險訊號,285.0,258.0,23.32,22.0,15.0,100.0,55.0,9.44,⚪ 爆發潛力不足,,,,P50-LIVE-S2.0,9.44,LEGACY_FALLBACK
2026-09-24,9933,中鼎,上市,其他,230,40.47,33.4,★★ 弱勢,一般觀察,25,30.76923076923077,57.37521367521366,48,286,267.0,26.71,17.11,16.0,35.0,57.38,8.0,0.0,⑥ 轉弱,🔴 暫不考慮,86.75,78.88,100.0,41.0,,無明顯風險訊號,投信5日買超、投信買盤加速,無明顯風險訊號,286.0,233.0,26.22,0.0,0.0,60.0,63.0,9.39,⚪ 爆發潛力不足,,,,P50-LIVE-S2.0,9.39,LEGACY_FALLBACK
2026-09-24,1809,中釉,上市,玻璃陶瓷,143,50.21,58.7,★★★ 一般觀察,短線過熱,75,38.46153846153847,34.721604833463445,48,287,141.0,45.36,3.76,61.0,30.0,34.72,45.0,37.0,⑤ 過熱,🟠 短線過熱,86.75,78.88,100.0,45.35,技術面偏多,5日漲幅過大、MA20乖離過大、成交量波動較大,MA20向上、MA5近期上穿MA20、MACD動能擴張、近期突破20日高、外資5日買超、外資由賣轉買、法人買超占量提升,5日漲幅過大、MA20乖離過大,287.0,292.0,20.17,85.0,45.0,100.0,80.0,8.89,⚪ 爆發潛力不足,,,,P50-LIVE-S2.0,8.89,LEGACY_FALLBACK
2026-09-24,4764,雙鍵,上市,化學工業,339,20.15,1.7,★★ 弱勢,風險偏高,0,15.384615384615385,51.5805414098097,8,288,312.0,17.74,0.0,10.0,20.0,51.58,0.0,23.0,⑥ 轉弱,🔴 暫不考慮,86.75,78.88,100.0,183.0,,波動率偏高、近期回撤偏大,成交量溫和放大、外資5日買超、外資買盤加速,波動率偏高、近期回撤偏大,288.0,212.0,29.24,12.0,0.0,80.0,90.0,8.39,⚪ 爆發潛力不足,,,,P50-LIVE-S2.0,8.39,LEGACY_FALLBACK
2026-09-24,6831,邁科,上市,電腦及週邊設備業,343,16.83,0.6,★★ 弱勢,一般觀察,0,0.0,44.089661909616034,18,289,339.0,10.61,0.0,10.0,0.0,44.09,0.0,18.0,⑥ 轉弱,🔴 暫不考慮,86.75,78.88,82.5,497.5,,無明顯風險訊號,成交量溫和放大,近期回撤偏大,289.0,215.0,28.81,12.0,0.0,80.0,100.0,8.04,⚪ 爆發潛力不足,,,,P50-LIVE-S2.0,8.04,LEGACY_FALLBACK
2026-09-24,2485,兆赫,上市,通信網路業,263,36.51,23.8,★★ 弱勢,一般觀察,15,38.46153846153847,51.05935079503943,45,290,307.0,18.36,6.9,8.0,20.0,51.06,10.0,0.0,⑥ 轉弱,🔴 暫不考慮,86.75,78.88,76.67,39.15,,無明顯風險訊號,外資5日買超、法人買超占量提升,無明顯風險訊號,290.0,228.0,26.81,0.0,0.0,60.0,63.0,7.83,⚪ 爆發潛力不足,,,,P50-LIVE-S2.0,7.83,LEGACY_FALLBACK
2026-09-24,6176,瑞儀,上市,光電業,235,40.0,32.0,★★ 弱勢,一般觀察,35,0.0,59.6788506387601,58,291,296.0,20.85,11.26,23.0,0.0,59.68,18.0,0.0,⑥ 轉弱,🔴 暫不考慮,86.75,78.88,100.0,91.8,,無明顯風險訊號,RSI位於起漲區,無明顯風險訊號,291.0,246.0,24.5,0.0,0.0,80.0,63.0,6.85,⚪ 爆發潛力不足,,,,P50-LIVE-S2.0,6.85,LEGACY_FALLBACK
2026-09-24,2317,鴻海,上市,其他電子業,193,45.9,44.2,★★ 弱勢,一般觀察,40,30.76923076923077,53.811441647597256,58,292,174.0,41.47,30.48,43.0,35.0,53.81,38.0,0.0,⑥ 轉弱,🔴 暫不考慮,86.75,78.88,82.5,250.5,,無明顯風險訊號,MA5近期上穿MA20、MACD近期黃金交叉、投信5日買超、投信買盤加速,無明顯風險訊號,292.0,299.0,19.64,30.0,0.0,0.0,45.0,6.81,⚪ 爆發潛力不足,,,,P50-LIVE-S2.0,6.81,LEGACY_FALLBACK
2026-09-24,6282,康舒,上市,電子零組件業,312,28.63,9.6,★★ 弱勢,一般觀察,15,7.6923076923076925,45.29102564102564,45,293,288.0,22.24,11.25,18.0,5.0,45.29,45.0,0.0,⑥ 轉弱,🔴 暫不考慮,86.75,78.88,82.5,42.85,,無明顯風險訊號,MACD動能擴張,無明顯風險訊號,293.0,254.0,23.95,10.0,15.0,80.0,50.0,6.41,⚪ 爆發潛力不足,,,,P50-LIVE-S2.0,6.41,LEGACY_FALLBACK
2026-09-24,2634,漢翔,上市,航運業,279,33.11,19.2,★★ 弱勢,一般觀察,15,23.076923076923077,43.325185185185184,55,294,287.0,22.45,12.85,8.0,30.0,43.33,25.0,0.0,⑥ 轉弱,🔴 暫不考慮,86.75,78.88,100.0,63.1,,成交量波動較大,投信5日買超、投信買盤加速,無明顯風險訊號,294.0,267.0,22.75,0.0,25.0,80.0,63.0,5.77,⚪ 爆發潛力不足,,,,P50-LIVE-S2.0,5.77,LEGACY_FALLBACK
2026-09-24,8033,雷虎,上市,其他,309,29.0,10.5,★★ 弱勢,一般觀察,0,30.76923076923077,52.82507728677942,35,295,322.0,15.42,0.0,0.0,10.0,52.83,30.0,8.0,⑥ 轉弱,🔴 暫不考慮,86.75,78.88,100.0,168.5,,成交量波動較大,外資5日買超,近期回撤偏大,295.0,236.0,25.92,0.0,15.0,80.0,63.0,5.73,⚪ 爆發潛力不足,,,,P50-LIVE-S2.0,5.73,LEGACY_FALLBACK
2026-09-24,3049,精金,上市,光電業,294,31.34,14.8,★★ 弱勢,一般觀察,15,7.6923076923076925,51.00103334825496,50,296,314.0,16.85,7.26,8.0,5.0,51.0,30.0,0.0,⑥ 轉弱,🔴 暫不考慮,86.75,78.88,100.0,12.25,,成交量波動較大,,無明顯風險訊號,296.0,253.0,23.97,0.0,15.0,35.0,80.0,5.62,⚪ 爆發潛力不足,,,,P50-LIVE-S2.0,5.62,LEGACY_FALLBACK
2026-09-24,5871,中租-KY,上市,其他,266,35.99,23.0,★★ 弱勢,整理觀察,0,53.84615384615385,60.749918166939445,35,297,286.0,22.61,13.02,0.0,45.0,60.75,0.0,0.0,⑥ 轉弱,🔴 暫不考慮,86.75,78.88,100.0,107.0,法人偏多,無明顯風險訊號,投信5日買超、投信買盤加速、投信連買,無明顯風險訊號,297.0,271.0,22.46,0.0,0.0,80.0,48.0,5.57,⚪ 爆發潛力不足,,,,P50-LIVE-S2.0,5.57,LEGACY_FALLBACK
2026-09-24,4989,榮科,上市,電子零組件業,304,29.47,11.9,★★ 弱勢,一般觀察,15,30.76923076923077,38.70531135531136,36,298,323.0,15.01,4.01,8.0,15.0,38.71,10.0,0.0,⑥ 轉弱,🔴 暫不考慮,86.75,78.88,82.5,59.4,,無明顯風險訊號,外資5日買超、法人買超占量提升,無明顯風險訊號,298.0,247.0,24.42,0.0,0.0,80.0,80.0,5.33,⚪ 爆發潛力不足,,,,P50-LIVE-S2.0,5.33,LEGACY_FALLBACK
2026-09-24,3376,新日興,上市,電子零組件業,328,25.11,4.9,★★ 弱勢,風險偏高,15,23.076923076923077,35.987545787545784,26,299,338.0,11.4,0.0,0.0,15.0,35.99,10.0,8.0,⑥ 轉弱,🔴 暫不考慮,86.75,78.88,82.5,174.0,,近期回撤偏大,投信5日買超,近期回撤偏大,299.0,241.0,25.2,0.0,0.0,80.0,80.0,5.16,⚪ 爆發潛力不足,,,,P50-LIVE-S2.0,5.16,LEGACY_FALLBACK
2026-09-24,2385,群光,上市,電子零組件業,240,39.51,30.5,★★ 弱勢,一般觀察,15,46.15384615384615,52.59010989010989,50,300,302.0,19.89,8.89,0.0,35.0,52.59,10.0,0.0,⑥ 轉弱,🔴 暫不考慮,86.75,78.88,82.5,104.5,,無明顯風險訊號,投信5日買超、外資買盤加速、法人買超占量提升,無明顯風險訊號,300.0,263.0,22.9,0.0,0.0,80.0,63.0,5.1,⚪ 爆發潛力不足,,,,P50-LIVE-S2.0,5.1,LEGACY_FALLBACK
2026-09-24,1718,中纖,上市,化學工業,302,29.73,12.5,★★ 弱勢,一般觀察,15,38.46153846153847,33.112720612720615,38,301,281.0,23.37,13.77,31.0,20.0,33.11,0.0,0.0,⑥ 轉弱,🔴 暫不考慮,86.75,78.88,100.0,10.5,,無明顯風險訊號,MA5近期上穿MA20、外資5日買超、法人買超占量提升,無明顯風險訊號,301.0,278.0,21.55,15.0,0.0,60.0,63.0,5.0,⚪ 爆發潛力不足,,,,P50-LIVE-S2.0,5.0,LEGACY_FALLBACK
2026-09-24,2342,茂矽,上市,半導體業,261,36.84,24.4,★★ 弱勢,短線過熱,75,7.6923076923076925,27.339492167346748,23,302,233.0,33.95,0.0,54.0,5.0,27.34,45.0,40.0,⑤ 過熱,🟠 短線過熱,86.75,78.88,83.33,48.2,技術面偏多,5日漲幅過大、MA20乖離過大、成交量波動較大,MA20向上、MACD動能擴張、近期突破20日高,5日漲幅過大、MA20乖離過大,302.0,316.0,15.91,45.0,45.0,45.0,80.0,4.73,⚪ 爆發潛力不足,,,,P50-LIVE-S2.0,4.73,LEGACY_FALLBACK
2026-09-24,1717,長興,上市,化學工業,313,28.4,9.3,★★ 弱勢,一般觀察,15,23.076923076923077,42.26686321808273,33,303,306.0,18.54,0.95,8.0,15.0,42.27,30.0,8.0,⑥ 轉弱,🔴 暫不考慮,86.75,78.88,100.0,71.4,,成交量波動較大,投信5日買超,近期回撤偏大,303.0,250.0,24.24,0.0,15.0,80.0,80.0,4.58,⚪ 爆發潛力不足,,,,P50-LIVE-S2.0,4.58,LEGACY_FALLBACK
2026-09-24,8070,長華*,上市,電子通路業,281,32.95,18.6,★★ 弱勢,一般觀察,15,7.6923076923076925,56.37616769195717,50,304,297.0,20.66,9.2,23.0,5.0,56.38,10.0,0.0,⑥ 轉弱,🔴 暫不考慮,86.75,78.88,76.67,49.7,,無明顯風險訊號,MA5近期上穿MA20,無明顯風險訊號,304.0,276.0,21.73,15.0,0.0,60.0,50.0,4.23,⚪ 爆發潛力不足,,,,P50-LIVE-S2.0,4.23,LEGACY_FALLBACK
2026-09-24,2367,燿華,上市,電子零組件業,303,29.7,12.2,★★ 弱勢,一般觀察,15,46.15384615384615,23.22087912087912,45,305,246.0,30.93,19.94,33.0,25.0,23.22,45.0,0.0,⑥ 轉弱,🔴 暫不考慮,86.75,78.88,82.5,41.7,,無明顯風險訊號,MACD近期黃金交叉、MACD動能擴張、外資5日買超、外資連買、法人買超占量提升,無明顯風險訊號,305.0,301.0,18.95,25.0,15.0,60.0,63.0,4.15,⚪ 爆發潛力不足,,,,P50-LIVE-S2.0,4.15,LEGACY_FALLBACK
2026-09-24,2324,仁寶,上市,電腦及週邊設備業,286,32.51,17.2,★★ 弱勢,一般觀察,15,30.76923076923077,38.86009174311927,51,306,321.0,15.58,4.58,0.0,20.0,38.86,25.0,0.0,⑥ 轉弱,🔴 暫不考慮,86.75,78.88,82.5,36.5,,無明顯風險訊號,投信5日買超,無明顯風險訊號,306.0,269.0,22.61,0.0,12.0,80.0,80.0,4.0,⚪ 爆發潛力不足,,,,P50-LIVE-S2.0,4.0,LEGACY_FALLBACK
2026-09-24,2312,金寶,上市,其他電子業,314,27.89,9.0,★★ 弱勢,一般觀察,0,38.46153846153847,37.3395881006865,45,307,289.0,22.1,11.11,0.0,50.0,37.34,10.0,0.0,⑥ 轉弱,🔴 暫不考慮,86.75,78.88,82.5,30.65,,無明顯風險訊號,外資5日買超、投信5日買超、投信買盤加速,無明顯風險訊號,307.0,284.0,20.95,0.0,0.0,80.0,63.0,3.98,⚪ 爆發潛力不足,,,,P50-LIVE-S2.0,3.98,LEGACY_FALLBACK
2026-09-24,6269,台郡,上市,電子零組件業,340,20.11,1.5,★★ 弱勢,一般觀察,15,7.6923076923076925,28.23827838827839,28,308,316.0,16.44,0.0,8.0,15.0,28.24,30.0,13.0,⑥ 轉弱,🔴 暫不考慮,86.75,78.88,82.5,64.8,,成交量波動較大,外資買盤加速,近期回撤偏大,308.0,257.0,23.39,0.0,15.0,80.0,80.0,3.71,⚪ 爆發潛力不足,,,,P50-LIVE-S2.0,3.71,LEGACY_FALLBACK
2026-09-24,1215,卜蜂,上市,食品工業,277,33.37,19.8,★★ 弱勢,一般觀察,15,7.6923076923076925,57.774322169059,50,309,320.0,15.67,6.07,10.0,5.0,57.77,10.0,0.0,⑥ 轉弱,🔴 暫不考慮,86.75,78.88,100.0,105.5,,無明顯風險訊號,成交量溫和放大,無明顯風險訊號,309.0,275.0,21.83,25.0,0.0,100.0,55.0,3.68,⚪ 爆發潛力不足,,,,P50-LIVE-S2.0,3.68,LEGACY_FALLBACK
2026-09-24,1402,遠東新,上市,紡織纖維,215,42.48,37.8,★★ 弱勢,整理觀察,15,46.15384615384615,62.48872457050363,50,310,240.0,32.07,22.48,8.0,50.0,62.49,30.0,0.0,⑥ 轉弱,🔴 暫不考慮,86.75,78.88,100.0,28.15,,無明顯風險訊號,外資5日買超、外資買盤加速、投信買盤加速,無明顯風險訊號,310.0,306.0,17.49,0.0,15.0,80.0,35.0,3.49,⚪ 爆發潛力不足,,,,P50-LIVE-S2.0,3.49,LEGACY_FALLBACK
2026-09-24,2542,興富發,上市,建材營造,270,34.6,21.8,★★ 弱勢,一般觀察,15,46.15384615384615,55.56663286879232,21,311,311.0,17.83,0.0,5.0,25.0,55.57,0.0,13.0,⑥ 轉弱,🔴 暫不考慮,86.75,78.88,100.0,39.5,,無明顯風險訊號,投信5日買超、投信連買,近期回撤偏大,311.0,260.0,23.0,0.0,0.0,80.0,90.0,3.4,⚪ 爆發潛力不足,,,,P50-LIVE-S2.0,3.4,LEGACY_FALLBACK
2026-09-24,1711,永光,上市,化學工業,329,24.33,4.7,★★ 弱勢,一般觀察,15,0.0,36.08938622353256,45,312,340.0,9.91,0.32,0.0,10.0,36.09,10.0,0.0,⑥ 轉弱,🔴 暫不考慮,86.75,78.88,100.0,38.6,,無明顯風險訊號,外資買盤加速,無明顯風險訊號,312.0,264.0,22.84,0.0,0.0,60.0,63.0,3.34,⚪ 爆發潛力不足,,,,P50-LIVE-S2.0,3.34,LEGACY_FALLBACK
2026-09-24,1316,上曜,上市,建材營造,306,29.39,11.3,★★ 弱勢,一般觀察,15,7.6923076923076925,43.84820295983086,51,313,330.0,13.78,4.18,0.0,15.0,43.85,18.0,0.0,⑥ 轉弱,🔴 暫不考慮,86.75,78.88,100.0,10.45,,無明顯風險訊號,外資買盤加速,無明顯風險訊號,313.0,277.0,21.64,0.0,0.0,18.0,63.0,3.15,⚪ 爆發潛力不足,,,,P50-LIVE-S2.0,3.15,LEGACY_FALLBACK
2026-09-24,6177,達麗,上市,建材營造,248,38.5,28.2,★★ 弱勢,整理觀察,15,23.076923076923077,67.27592764378478,46,314,318.0,15.79,6.2,0.0,15.0,67.28,8.0,0.0,⑥ 轉弱,🔴 暫不考慮,86.75,78.88,100.0,46.2,基本面優於產業平均,無明顯風險訊號,投信5日買超,無明顯風險訊號,314.0,285.0,20.88,0.0,0.0,43.0,63.0,2.94,⚪ 爆發潛力不足,,,,P50-LIVE-S2.0,2.94,LEGACY_FALLBACK
2026-09-24,2504,國產,上市,建材營造,282,32.81,18.3,★★ 弱勢,一般觀察,0,30.76923076923077,55.52300340855156,50,315,268.0,26.03,16.43,18.0,20.0,55.52,30.0,0.0,⑥ 轉弱,🔴 暫不考慮,86.75,78.88,100.0,30.9,,無明顯風險訊號,成交量溫和放大、投信5日買超,無明顯風險訊號,315.0,308.0,17.01,12.0,15.0,60.0,45.0,1.89,⚪ 爆發潛力不足,,,,P50-LIVE-S2.0,1.89,LEGACY_FALLBACK
2026-09-24,1476,儒鴻,上市,紡織纖維,257,37.15,25.6,★★ 弱勢,整理觀察,0,30.76923076923077,76.63801272854359,40,316,269.0,26.0,8.4,10.0,30.0,76.64,10.0,8.0,⑥ 轉弱,🔴 暫不考慮,86.75,78.88,100.0,276.5,基本面優於產業平均,無明顯風險訊號,成交量溫和放大、投信5日買超、外資買盤加速,近期回撤偏大,316.0,304.0,18.0,0.0,0.0,80.0,60.0,1.08,⚪ 爆發潛力不足,,,,P50-LIVE-S2.0,1.08,LEGACY_FALLBACK
2026-09-24,6919,康霈*,上市,生技醫療業,335,22.3,2.9,★★ 弱勢,風險偏高,15,30.76923076923077,30.1638395346377,13,317,331.0,13.72,0.0,8.0,20.0,30.16,0.0,18.0,⑥ 轉弱,🔴 暫不考慮,86.75,78.88,100.0,80.1,,近期回撤偏大、成交量波動較大,投信5日買超,近期回撤偏大,317.0,298.0,19.69,0.0,0.0,80.0,80.0,0.75,⚪ 爆發潛力不足,,,,P50-LIVE-S2.0,0.75,LEGACY_FALLBACK
2026-09-24,8112,至上,上市,電子通路業,280,33.02,18.9,★★ 弱勢,整理觀察,0,23.076923076923077,66.02153110047847,43,318,280.0,23.4,11.94,0.0,30.0,66.02,30.0,0.0,⑥ 轉弱,🔴 暫不考慮,86.75,78.88,76.67,83.5,基本面優於產業平均,無明顯風險訊號,投信5日買超、投信買盤加速,無明顯風險訊號,318.0,310.0,16.54,0.0,15.0,80.0,35.0,0.62,⚪ 爆發潛力不足,,,,P50-LIVE-S2.0,0.62,LEGACY_FALLBACK
2026-09-24,2356,英業達,上市,電腦及週邊設備業,331,24.04,4.1,★★ 弱勢,一般觀察,0,7.6923076923076925,44.98846839959225,45,319,335.0,12.75,1.75,0.0,15.0,44.99,10.0,0.0,⑥ 轉弱,🔴 暫不考慮,86.75,78.88,82.5,59.9,,無明顯風險訊號,投信由賣轉買,無明顯風險訊號,319.0,302.0,18.72,0.0,0.0,80.0,63.0,0.32,⚪ 爆發潛力不足,,,,P50-LIVE-S2.0,0.32,LEGACY_FALLBACK
2026-09-24,1605,華新,上市,電器電纜,284,32.59,17.7,★★ 弱勢,一般觀察,15,7.6923076923076925,46.506302521008394,63,320,304.0,18.88,9.28,8.0,20.0,46.51,18.0,0.0,⑥ 轉弱,🔴 暫不考慮,86.75,78.88,100.0,36.65,風險動能健康,無明顯風險訊號,投信買盤加速,無明顯風險訊號,320.0,309.0,16.83,0.0,0.0,80.0,50.0,0.32,⚪ 爆發潛力不足,,,,P50-LIVE-S2.0,0.32,LEGACY_FALLBACK
2026-09-24,3706,神達,上市,電腦及週邊設備業,332,23.64,3.8,★★ 弱勢,一般觀察,0,0.0,56.81058868501528,33,321,333.0,13.02,0.0,0.0,10.0,56.81,10.0,8.0,⑥ 轉弱,🔴 暫不考慮,86.75,78.88,82.5,78.5,,無明顯風險訊號,外資由賣轉買,近期回撤偏大,321.0,303.0,18.32,0.0,0.0,80.0,80.0,0.0,⚪ 爆發潛力不足,,,,P50-LIVE-S2.0,0.0,LEGACY_FALLBACK
2026-09-24,9914,美利達,上市,運動休閒,341,20.03,1.2,★★ 弱勢,風險偏高,0,0.0,41.446623093681914,38,322,342.0,9.72,0.0,5.0,0.0,41.45,10.0,8.0,⑥ 轉弱,🔴 暫不考慮,86.75,78.88,100.0,66.7,,近期回撤偏大,,近期回撤偏大,322.0,305.0,17.63,0.0,0.0,80.0,90.0,0.0,⚪ 爆發潛力不足,,,,P50-LIVE-S2.0,0.0,LEGACY_FALLBACK
2026-09-24,5388,中磊,上市,通信網路業,298,30.2,13.7,★★ 弱勢,一般觀察,15,7.6923076923076925,53.88819845877582,40,323,299.0,20.53,1.07,18.0,5.0,53.89,25.0,8.0,⑥ 轉弱,🔴 暫不考慮,86.75,78.88,76.67,73.4,,無明顯風險訊號,MACD動能擴張,近期回撤偏大,323.0,313.0,16.34,10.0,0.0,80.0,50.0,0.0,⚪ 爆發潛力不足,,,,P50-LIVE-S2.0,0.0,LEGACY_FALLBACK
2026-09-24,3596,智易,上市,通信網路業,296,31.25,14.2,★★ 弱勢,一般觀察,15,7.6923076923076925,57.36124347981561,40,324,275.0,25.05,5.59,28.0,5.0,57.36,25.0,8.0,⑥ 轉弱,🔴 暫不考慮,86.75,78.88,76.67,153.5,,無明顯風險訊號,MACD動能擴張、成交量溫和放大,近期回撤偏大,324.0,320.0,14.03,10.0,0.0,80.0,45.0,0.0,⚪ 爆發潛力不足,,,,P50-LIVE-S2.0,0.0,LEGACY_FALLBACK
2026-09-24,1608,華榮,上市,電器電纜,239,39.8,30.8,★★ 弱勢,整理觀察,15,7.6923076923076925,70.54411764705881,63,325,291.0,22.03,12.44,8.0,15.0,70.54,25.0,0.0,⑥ 轉弱,🔴 暫不考慮,86.75,78.88,100.0,35.5,基本面優於產業平均、風險動能健康,無明顯風險訊號,外資買盤加速,無明顯風險訊號,325.0,321.0,13.85,0.0,12.0,60.0,35.0,0.0,⚪ 爆發潛力不足,,,,P50-LIVE-S2.0,0.0,LEGACY_FALLBACK
2026-09-24,6153,嘉聯益,上市,電子零組件業,278,33.19,19.5,★★ 弱勢,一般觀察,15,53.84615384615385,23.053663003663008,55,326,301.0,20.16,9.16,8.0,40.0,23.05,10.0,0.0,⑥ 轉弱,🔴 暫不考慮,86.75,78.88,82.5,17.2,法人偏多,無明顯風險訊號,外資5日買超、外資買盤加速、外資連買,無明顯風險訊號,326.0,322.0,13.76,0.0,0.0,60.0,63.0,0.0,⚪ 爆發潛力不足,,,,P50-LIVE-S2.0,0.0,LEGACY_FALLBACK
2026-09-24,2912,統一超,上市,貿易百貨,288,32.28,16.6,★★ 弱勢,整理觀察,0,30.76923076923077,63.76721970839618,35,327,273.0,25.57,15.97,10.0,35.0,63.77,10.0,0.0,⑥ 轉弱,🔴 暫不考慮,86.75,78.88,100.0,212.5,,無明顯風險訊號,成交量溫和放大、投信5日買超、投信買盤加速,無明顯風險訊號,327.0,323.0,13.5,12.0,0.0,100.0,20.0,0.0,⚪ 爆發潛力不足,,,,P50-LIVE-S2.0,0.0,LEGACY_FALLBACK
2026-09-24,2845,遠東銀,上市,金融保險,316,27.67,8.4,★★ 弱勢,一般觀察,15,23.076923076923077,31.190445832802073,46,328,310.0,17.88,5.88,0.0,40.0,31.19,8.0,0.0,⑥ 轉弱,🔴 暫不考慮,86.75,78.88,70.0,13.3,,無明顯風險訊號,投信5日買超、投信買盤加速、投信由賣轉買,無明顯風險訊號,328.0,325.0,12.53,0.0,0.0,60.0,48.0,0.0,⚪ 爆發潛力不足,,,,P50-LIVE-S2.0,0.0,LEGACY_FALLBACK
2026-09-24,1504,東元,上市,電機機械,295,31.33,14.5,★★ 弱勢,一般觀察,15,7.6923076923076925,57.63374403374403,40,329,332.0,13.15,3.55,0.0,15.0,57.63,0.0,0.0,⑥ 轉弱,🔴 暫不考慮,86.75,78.88,100.0,68.5,,無明顯風險訊號,外資買盤加速,無明顯風險訊號,329.0,326.0,12.14,0.0,0.0,80.0,35.0,0.0,⚪ 爆發潛力不足,,,,P50-LIVE-S2.0,0.0,LEGACY_FALLBACK
2026-09-24,2501,國建,上市,建材營造,317,27.51,8.1,★★ 弱勢,一般觀察,0,7.6923076923076925,57.91882146093109,43,330,337.0,11.69,2.09,0.0,5.0,57.92,10.0,0.0,⑥ 轉弱,🔴 暫不考慮,86.75,78.88,100.0,21.1,,無明顯風險訊號,,無明顯風險訊號,330.0,328.0,11.71,0.0,0.0,60.0,50.0,0.0,⚪ 爆發潛力不足,,,,P50-LIVE-S2.0,0.0,LEGACY_FALLBACK
2026-09-24,2474,可成,上市,其他電子業,172,47.8,50.3,★★★ 一般觀察,一般觀察,35,53.84615384615385,43.1066361556064,68,331,244.0,31.87,20.87,23.0,45.0,43.11,18.0,0.0,⑥ 轉弱,🔴 暫不考慮,86.75,78.88,82.5,206.5,法人偏多、風險動能健康,無明顯風險訊號,RSI位於起漲區、投信5日買超、投信買盤加速、投信連買,無明顯風險訊號,331.0,329.0,10.76,0.0,0.0,80.0,35.0,0.0,⚪ 爆發潛力不足,,,,P50-LIVE-S2.0,0.0,LEGACY_FALLBACK
2026-09-24,8422,可寧衛*,上市,綠能環保,320,26.89,7.3,★★ 弱勢,一般觀察,0,0.0,56.29103183451009,50,332,325.0,14.44,4.85,0.0,15.0,56.29,10.0,0.0,⑥ 轉弱,🔴 暫不考慮,86.75,78.88,100.0,25.55,,無明顯風險訊號,投信買盤加速,無明顯風險訊號,332.0,330.0,10.57,0.0,0.0,80.0,35.0,0.0,⚪ 爆發潛力不足,,,,P50-LIVE-S2.0,0.0,LEGACY_FALLBACK
2026-09-24,1909,榮成,上市,造紙工業,318,27.37,7.8,★★ 弱勢,一般觀察,15,7.6923076923076925,35.78306314036109,53,333,329.0,13.82,4.22,8.0,5.0,35.78,25.0,0.0,⑥ 轉弱,🔴 暫不考慮,86.75,78.88,100.0,10.1,,無明顯風險訊號,,無明顯風險訊號,333.0,331.0,10.42,0.0,12.0,18.0,35.0,0.0,⚪ 爆發潛力不足,,,,P50-LIVE-S2.0,0.0,LEGACY_FALLBACK
2026-09-24,3033,威健,上市,電子通路業,292,31.54,15.4,★★ 弱勢,整理觀察,15,0.0,60.1414900888585,45,334,283.0,22.97,11.51,18.0,0.0,60.14,45.0,0.0,⑥ 轉弱,🔴 暫不考慮,86.75,78.88,76.67,41.8,,無明顯風險訊號,MACD動能擴張,無明顯風險訊號,334.0,332.0,10.26,10.0,0.0,60.0,50.0,0.0,⚪ 爆發潛力不足,,,,P50-LIVE-S2.0,0.0,LEGACY_FALLBACK
2026-09-24,1216,統一,上市,食品工業,253,37.5,26.7,★★ 弱勢,整理觀察,0,46.15384615384615,60.228070175438596,51,335,278.0,23.73,14.14,0.0,40.0,60.23,18.0,0.0,⑥ 轉弱,🔴 暫不考慮,86.75,78.88,100.0,74.5,,無明顯風險訊號,外資買盤加速、投信買盤加速、投信連買,無明顯風險訊號,335.0,333.0,10.12,0.0,0.0,80.0,20.0,0.0,⚪ 爆發潛力不足,,,,P50-LIVE-S2.0,0.0,LEGACY_FALLBACK
2026-09-24,1722,台肥,上市,化學工業,322,26.63,6.7,★★ 弱勢,一般觀察,15,30.76923076923077,27.909765031716248,38,336,319.0,15.69,6.09,10.0,20.0,27.91,10.0,0.0,⑥ 轉弱,🔴 暫不考慮,86.75,78.88,100.0,41.3,,無明顯風險訊號,成交量溫和放大、投信5日買超,無明顯風險訊號,336.0,335.0,9.23,25.0,0.0,100.0,40.0,0.0,⚪ 爆發潛力不足,,,,P50-LIVE-S2.0,0.0,LEGACY_FALLBACK
2026-09-24,2547,日勝生,上市,建材營造,220,42.11,36.3,★★ 弱勢,一般觀察,25,61.53846153846154,41.021113604003965,50,337,261.0,27.35,17.76,23.0,35.0,41.02,10.0,0.0,⑥ 轉弱,🔴 暫不考慮,86.75,78.88,100.0,9.82,法人偏多,無明顯風險訊號,MA5近期上穿MA20、外資5日買超、投信5日買超、法人買超占量提升,無明顯風險訊號,337.0,336.0,8.44,15.0,0.0,18.0,35.0,0.0,⚪ 爆發潛力不足,,,,P50-LIVE-S2.0,0.0,LEGACY_FALLBACK
2026-09-24,2105,正新,上市,橡膠工業,264,36.41,23.5,★★ 弱勢,一般觀察,0,53.84615384615385,51.47272727272726,51,338,265.0,26.92,17.33,0.0,45.0,51.47,38.0,0.0,⑥ 轉弱,🔴 暫不考慮,86.75,78.88,100.0,30.1,法人偏多,無明顯風險訊號,投信5日買超、投信買盤加速、投信連買,無明顯風險訊號,338.0,337.0,8.22,0.0,0.0,60.0,0.0,0.0,⚪ 爆發潛力不足,,,,P50-LIVE-S2.0,0.0,LEGACY_FALLBACK
2026-09-24,2515,中工,上市,建材營造,319,27.3,7.6,★★ 弱勢,一般觀察,15,0.0,44.01579798938602,48,339,277.0,23.75,14.16,26.0,10.0,44.02,25.0,0.0,⑥ 轉弱,🔴 暫不考慮,86.75,78.88,100.0,11.95,,無明顯風險訊號,MACD動能擴張、外資買盤加速,無明顯風險訊號,339.0,339.0,7.85,10.0,0.0,18.0,35.0,0.0,⚪ 爆發潛力不足,,,,P50-LIVE-S2.0,0.0,LEGACY_FALLBACK
2026-09-24,2633,台灣高鐵,上市,航運業,308,29.03,10.8,★★ 弱勢,一般觀察,0,53.84615384615385,45.5318954248366,23,340,313.0,17.33,7.74,0.0,30.0,45.53,10.0,0.0,⑥ 轉弱,🔴 暫不考慮,86.75,78.88,100.0,25.55,法人偏多,無明顯風險訊號,投信5日買超、投信連買,無明顯風險訊號,340.0,340.0,7.72,0.0,0.0,80.0,0.0,0.0,⚪ 爆發潛力不足,,,,P50-LIVE-S2.0,0.0,LEGACY_FALLBACK
2026-09-24,1229,聯華,上市,食品工業,326,25.82,5.5,★★ 弱勢,一般觀察,0,23.076923076923077,42.00199362041467,43,341,303.0,19.8,10.21,0.0,40.0,42.0,10.0,0.0,⑥ 轉弱,🔴 暫不考慮,86.75,78.88,100.0,40.1,,無明顯風險訊號,投信5日買超、外資買盤加速、投信買盤加速,無明顯風險訊號,341.0,341.0,6.84,0.0,0.0,60.0,20.0,0.0,⚪ 爆發潛力不足,,,,P50-LIVE-S2.0,0.0,LEGACY_FALLBACK
2026-09-24,2646,星宇航空,上市,航運業,321,26.73,7.0,★★ 弱勢,一般觀察,15,30.76923076923077,24.931372549019606,43,342,300.0,20.24,10.65,15.0,30.0,24.93,10.0,0.0,⑥ 轉弱,🔴 暫不考慮,86.75,78.88,100.0,20.2,,無明顯風險訊號,MACD近期黃金交叉、投信5日買超、外資買盤加速,無明顯風險訊號,342.0,342.0,5.95,15.0,0.0,60.0,20.0,0.0,⚪ 爆發潛力不足,,,,P50-LIVE-S2.0,0.0,LEGACY_FALLBACK
2026-09-24,1201,味全,上市,食品工業,337,21.51,2.3,★★ 弱勢,一般觀察,0,7.6923076923076925,43.22966507177033,35,343,344.0,7.98,0.0,0.0,5.0,43.23,0.0,0.0,⑥ 轉弱,🔴 暫不考慮,86.75,78.88,100.0,11.6,,成交量波動較大,,無明顯風險訊號,343.0,343.0,4.46,0.0,0.0,18.0,35.0,0.0,⚪ 爆發潛力不足,,,,P50-LIVE-S2.0,0.0,LEGACY_FALLBACK
2026-09-24,2002,中鋼,上市,鋼鐵工業,342,18.36,0.9,★★ 弱勢,一般觀察,0,7.6923076923076925,34.06720430107527,33,344,343.0,9.31,0.0,0.0,5.0,34.07,18.0,0.0,⑥ 轉弱,🔴 暫不考慮,86.75,78.88,100.0,18.65,,無明顯風險訊號,,無明顯風險訊號,344.0,344.0,2.87,0.0,0.0,80.0,0.0,0.0,⚪ 爆發潛力不足,,,,P50-LIVE-S2.0,0.0,LEGACY_FALLBACK
