date,TWII_close,NDX_close,SOX_close,VIX_close,USDTWD_close,breadth_ma20,breadth_up20,breadth_count,TWII_ma20,TWII_ma60,TWII_ret20,NDX_ma20,NDX_ma60,NDX_ret20,SOX_ma20,SOX_ma60,SOX_ret20,USDTWD_ma20,USDTWD_ma60,USDTWD_ret20,domestic_score,global_score,regime_score,regime
2019-01-01,,,,,30.565000534057617,,,,,,,,,,,,,,,,0.0,0.0,0.0,偏空逆風
2019-01-02,9554.1396484375,6360.8701171875,1165.300048828125,23.219999313354492,30.500999450683594,0.0,0.0,323.0,,,,,,,,,,,,,0.0,15.0,5.25,偏空逆風
2019-01-03,9492.419921875,6147.1298828125,1096.030029296875,25.450000762939453,30.759000778198242,0.0,0.0,323.0,,,,,,,,,,,,,0.0,15.0,5.25,偏空逆風
2019-01-04,9382.509765625,6422.669921875,1143.9599609375,21.3799991607666,30.863000869750977,0.0,0.0,323.0,,,,,,,,,,,,,0.0,15.0,5.25,偏空逆風
2019-01-07,9590.2998046875,6488.25,1166.239990234375,21.399999618530273,30.783000946044922,0.0,0.0,323.0,,,,,,,,,,,,,0.0,15.0,5.25,偏空逆風
2019-01-08,9563.599609375,6551.85009765625,1160.550048828125,20.469999313354492,30.80299949645996,0.0,0.0,323.0,,,,,,,,,,,,,0.0,15.0,5.25,偏空逆風
2019-01-09,9738.3095703125,6600.68994140625,1189.8399658203125,19.979999542236328,30.81599998474121,0.0,0.0,323.0,,,,,,,,,,,,,0.0,30.0,10.5,偏空逆風
2019-01-10,9720.6904296875,6620.93994140625,1201.4000244140625,19.5,30.711000442504883,0.0,0.0,323.0,,,,,,,,,,,,,0.0,30.0,10.5,偏空逆風
2019-01-11,9759.400390625,6601.39990234375,1213.0400390625,18.190000534057617,30.77899932861328,0.0,0.0,323.0,,,,,,,,,,,,,0.0,30.0,10.5,偏空逆風
2019-01-14,9708.2197265625,6541.0400390625,1194.280029296875,19.06999969482422,30.785999298095703,0.0,0.0,323.0,,,,,,,,,,,,,0.0,30.0,10.5,偏空逆風
2019-01-15,9806.0400390625,6669.64013671875,1197.030029296875,18.600000381469727,30.833999633789062,0.0,0.0,323.0,,,,,,,,,,,,,0.0,30.0,10.5,偏空逆風
2019-01-16,9763.8095703125,6668.56005859375,1187.18994140625,19.040000915527344,30.827999114990234,0.0,0.0,323.0,,,,,,,,,,,,,0.0,30.0,10.5,偏空逆風
2019-01-17,9789.150390625,6718.4501953125,1200.760009765625,18.059999465942383,30.764999389648438,0.0,0.0,323.0,,,,,,,,,,,,,0.0,30.0,10.5,偏空逆風
2019-01-18,9836.0595703125,6784.60986328125,1228.3299560546875,17.799999237060547,30.82699966430664,0.0,0.0,323.0,,,,,,,,,,,,,0.0,30.0,10.5,偏空逆風
2019-01-21,9889.400390625,,,,30.85300064086914,0.0,0.0,323.0,,,,,,,,,,,,,0.0,0.0,0.0,偏空逆風
2019-01-22,9894.66015625,6646.81005859375,1193.3599853515625,20.799999237060547,30.875999450683594,0.0,0.0,323.0,,,,,,,,,,,,,0.0,15.0,5.25,偏空逆風
2019-01-23,9846.400390625,6658.759765625,1185.949951171875,19.520000457763672,30.87700080871582,0.0,0.0,323.0,,,,,,,,,,,,,0.0,30.0,10.5,偏空逆風
2019-01-24,9877.1201171875,6702.5498046875,1253.9100341796875,18.889999389648438,30.857999801635742,0.0,0.0,323.0,,,,,,,,,,,,,0.0,30.0,10.5,偏空逆風
2019-01-25,9969.6103515625,6787.3701171875,1281.1600341796875,17.420000076293945,30.874000549316406,0.0,0.0,323.0,,,,,,,,,,,,,0.0,30.0,10.5,偏空逆風
2019-01-28,10013.330078125,6697.08984375,1254.4000244140625,18.8700008392334,30.70800018310547,0.0,0.0,323.0,,,,,,,,,,30.78330001831055,,,0.0,30.0,10.5,偏空逆風
2019-01-29,9931.58984375,6632.7900390625,1236.25,19.1299991607666,30.788000106811523,79.25696594427245,0.0,323.0,9756.33798828125,,,,,,,,,30.79444999694824,,0.7295912607802046,45.0,30.0,39.75,中性偏空
2019-01-30,9932.259765625,6807.91015625,1271.760009765625,17.65999984741211,30.7810001373291,77.39938080495357,77.08978328173374,323.0,9775.243994140625,,3.957657424960681,,,7.027969929059985,,,9.135841111871624,30.80845003128052,,0.918004956192453,60.0,30.0,49.5,震盪中性
2019-01-31,,6906.83984375,1272.0899658203125,16.56999969482422,30.722999572753906,,,,,,4.6335902474816,,,12.35877515882111,,,16.063422699867402,30.8066499710083,,-0.11704283147537797,0.0,30.0,10.5,偏空逆風
2019-02-01,,6875.52001953125,1287.4000244140625,16.139999389648438,30.68600082397461,,,,,,5.859306451394675,,,7.050807579475404,,,12.53890593854441,30.79779996871948,,-0.5735023840466758,0.0,30.0,10.5,偏空逆風
2019-02-04,,6959.9599609375,1293.8800048828125,15.729999542236328,30.76300048828125,,,,,,3.5656858273644287,,,7.270218640426918,,,10.944575363325182,30.7967999458313,,-0.06497241058053271,0.0,30.0,10.5,偏空逆風
2019-02-05,,7023.52001953125,1300.1300048828125,15.569999694824219,30.777000427246094,,,,,,3.854826334308381,,,7.199034087237854,,,12.027051844565385,30.795499992370605,,-0.08440434256038465,0.0,30.0,10.5,偏空逆風
2019-02-06,,6997.6201171875,1333.760009765625,15.380000114440918,30.729000091552734,,,,,,1.9916207624345983,,,6.013464945403646,,,12.095748006421147,30.79114999771118,,-0.2823205258033368,0.0,30.0,10.5,偏空逆風
2019-02-07,,6904.97998046875,1303.9200439453125,16.3700008392334,30.78700065612793,,,,,,2.176484658860822,,,4.290025911368889,,,8.533379178284118,30.794950008392334,,0.24746902584735775,0.0,30.0,10.5,偏空逆風
2019-02-08,,6913.1298828125,1302.4200439453125,15.720000267028809,30.808000564575195,,,,,,1.7712089685965937,,,4.722179917597091,,,7.368265020492637,30.79640007019043,,0.09422410277957205,0.0,30.0,10.5,偏空逆風
2019-02-11,10004.25,6909.18017578125,1308.8800048828125,15.970000267028809,30.81999969482422,75.23219814241486,80.18575851393189,323.0,,,3.0492745505907415,,,5.62815904688323,,,9.59573741289197,30.798100090026857,,0.1104411014867468,35.0,30.0,33.25,中性偏空
2019-02-12,10097.740234375,7014.669921875,1336.719970703125,15.430000305175781,30.87700080871582,78.328173374613,87.92569659442725,323.0,,,2.9746992073304668,,,5.173139451058795,,,11.66971069959728,30.800250148773195,,0.13946025633222447,35.0,30.0,33.25,中性偏空
2019-02-13,10090.580078125,7015.8798828125,1340.7099609375,15.649999618530273,30.79199981689453,81.73374613003097,83.59133126934985,323.0,,,3.3467521612267737,,,5.20831815514895,,,12.931378053068965,30.798450183868407,,-0.11677468252617729,35.0,30.0,33.25,中性偏空
2019-02-14,10089.009765625,7022.419921875,1344.1099853515625,16.219999313354492,30.851999282836914,84.21052631578947,84.21052631578947,323.0,,,3.063180797458931,,,4.524402469703226,,,11.938270297152709,30.802800178527832,,0.28278854189658365,35.0,30.0,33.25,中性偏空
2019-02-15,10064.7802734375,7055.18017578125,1351.1800537109375,14.90999984741211,30.820999145507812,78.63777089783281,77.39938080495357,323.0,,,2.3253285677054203,,,3.9880010487315376,,,10.001392301042312,30.80250015258789,,-0.019465140507257672,35.0,30.0,33.25,中性偏空
2019-02-18,10145.2802734375,,,,30.812000274658203,81.73374613003097,81.73374613003097,323.0,,,2.587415542959204,,,3.9880010487315376,,,10.001392301042312,30.800450134277344,,-0.1328893960369837,35.0,0.0,22.75,偏空逆風
2019-02-19,10152.259765625,7066.60986328125,1348.489990234375,14.880000114440918,30.81800079345703,83.90092879256966,84.21052631578947,323.0,,,2.6034204844548103,,,6.31580865086907,,,12.999430749063645,30.797550201416016,,-0.18784382128002042,35.0,30.0,33.25,中性偏空
2019-02-20,10272.4599609375,7062.33984375,1360.280029296875,14.020000457763672,30.77899932861328,87.92569659442725,87.92569659442725,323.0,,,4.327059162840485,,,6.060889600018782,,,14.699615102031816,30.792650127410887,,-0.3173931325443857,35.0,30.0,33.25,中性偏空
2019-02-21,10319.5302734375,7035.16015625,1350.25,14.460000038146973,30.79199981689453,88.85448916408669,88.54489164086688,323.0,,,4.479141197039294,,,4.9624450582953505,,,7.683164118176822,30.78935012817383,,-0.21388289962239737,35.0,30.0,33.25,中性偏空
2019-02-22,10322.919921875,7090.6298828125,1364.780029296875,13.510000228881836,30.798999786376953,88.23529411764706,86.9969040247678,323.0,,,3.543865385442335,,,4.468001013486234,,,6.526896943887928,30.785600090026854,,-0.24292531452039245,35.0,30.0,33.25,中性偏空
2019-02-25,10390.9296875,7115.43017578125,1375.949951171875,14.850000381469727,30.746999740600586,90.40247678018576,89.1640866873065,323.0,,,3.7709693621295726,,,6.246598773371126,,,9.68988555421857,30.787550067901613,,0.12700129367777535,35.0,30.0,33.25,中性偏空
2019-02-26,10391.5498046875,7123.22021484375,1366.5799560546875,15.170000076293945,30.735000610351562,86.9969040247678,87.92569659442725,323.0,,,4.631282283842553,,,7.394025333124654,,,10.542362471562194,30.784900093078612,,-0.17214335545047144,35.0,30.0,33.25,中性偏空
2019-02-27,10389.169921875,7117.0,1349.8699951171875,14.699999809265137,30.753000259399414,85.44891640866872,86.06811145510835,323.0,,,4.6002638576906785,,,4.540157502904774,,,6.1418809171360556,30.783500099182127,,-0.09096480882611058,35.0,30.0,33.25,中性偏空
2019-02-28,,7097.52978515625,1350.199951171875,14.779999732971191,30.777000427246094,,,,,,4.6002638576906785,,,2.7608855239173558,,,6.140287829500557,30.78620014190674,,0.1757668692612846,0.0,30.0,10.5,偏空逆風
2019-03-01,,7151.56982421875,1363.1300048828125,13.569999694824219,30.825000762939453,,,,,,4.6002638576906785,,,4.01496619751418,,,5.88239700424249,30.79315013885498,,0.4529750871161031,0.0,30.0,10.5,偏空逆風
2019-03-04,10349.8798828125,7150.830078125,1363.25,14.630000114440918,30.836999893188477,84.82972136222911,87.30650154798761,323.0,,,4.204683798473141,,,2.7424025175252664,,,5.361393240130519,30.79685010910034,,0.2405467728527233,35.0,30.0,33.25,中性偏空
2019-03-05,10305.259765625,7156.7900390625,1356.9000244140625,14.739999771118164,30.83799934387207,81.42414860681114,85.75851393188854,323.0,,,3.755439434749097,,,1.8974818774723845,,,4.366487914134942,30.79990005493164,,0.19819643168337286,35.0,30.0,33.25,中性偏空
2019-03-06,10357.150390625,7112.47021484375,1333.8199462890625,15.739999771118164,30.829999923706055,83.59133126934985,87.30650154798761,323.0,,,4.277884741501858,,,1.6412736863802513,,,0.004493801208504955,30.804950046539307,,0.3286792015763762,35.0,30.0,33.25,中性偏空
2019-03-07,10311.6796875,7026.8798828125,1319.0899658203125,16.59000015258789,30.82900047302246,69.65944272445822,80.18575851393189,323.0,,,3.820076506538328,,,1.7653911045151904,,,1.1634089026731909,30.807050037384034,,0.13642061909064918,35.0,30.0,33.25,中性偏空
2019-03-08,10241.75,7015.68994140625,1318.2099609375,16.049999237060547,30.906999588012695,60.371517027863774,78.0185758513932,323.0,,,3.1160102703528647,,,1.4835546320160375,,,1.2123521183194041,30.811999988555907,,0.32134192944457407,35.0,30.0,33.25,中性偏空
2019-03-11,10250.2802734375,7164.02001953125,1349.8800048828125,14.329999923706055,30.891000747680664,60.99071207430341,79.87616099071208,323.0,,,2.459257549916294,,,3.6884237676025666,,,3.132449105116475,30.81555004119873,,0.2303733081099546,35.0,30.0,33.25,中性偏空
2019-03-12,10343.330078125,7201.27978515625,1355.1199951171875,13.770000457763672,30.91200065612793,66.25386996904025,82.04334365325077,323.0,,,2.4321267734136898,,,2.6602800325545406,,,1.3765055372355839,30.817300033569335,,0.11335248403474552,35.0,30.0,33.25,中性偏空
2019-03-13,10373.3203125,7256.97998046875,1360.77001953125,13.40999984741211,30.886999130249023,63.46749226006192,79.87616099071208,323.0,,,2.80202161011478,,,3.4364912410615345,,,1.4962265648957196,30.82204999923706,,0.30851946583336787,35.0,30.0,33.25,中性偏空
2019-03-14,10348.650390625,7243.009765625,1353.06005859375,13.5,30.895999908447266,57.89473684210527,72.44582043343654,323.0,,,2.573499590461692,,,3.1412226298637824,,,0.6658735772911095,30.82425003051758,,0.14261839308038482,35.0,30.0,33.25,中性偏空
2019-03-15,10439.240234375,7306.990234375,1392.3599853515625,12.880000114440918,30.913000106811523,62.538699690402474,71.20743034055728,323.0,,,3.720498120815985,,,3.569151351487143,,,3.0477012687929017,30.828850078582764,,0.2985009047544729,35.0,30.0,33.25,中性偏空
2019-03-18,10512.7001953125,7326.27978515625,1388.77001953125,13.100000381469727,30.888999938964844,66.87306501547987,73.9938080495356,323.0,,,3.621584736667982,7141.035473632813,,3.8425611057478104,1356.0379943847656,,2.7820101190121793,30.832700061798096,,0.24990154362023453,35.0,70.0,47.25,震盪中性
2019-03-19,10512.3203125,7349.27978515625,1407.3499755859375,13.5600004196167,30.764999389648438,68.11145510835914,77.08978328173374,323.0,,,3.5466049449812687,7155.168969726563,,4.000078217757275,1358.9809936523438,,4.364881146899147,30.830049991607666,,-0.1719819665260247,35.0,70.0,47.25,震盪中性
2019-03-20,10551.5595703125,7380.75,1393.010009765625,13.90999984741211,30.790000915527344,69.96904024767801,76.78018575851394,323.0,,,2.7169695519507098,7171.0894775390625,,4.508564630060752,1360.6174926757812,,2.4061207812973606,30.83060007095337,,0.035743809591082254,35.0,70.0,47.25,震盪中性
2019-03-21,10609.5498046875,7493.27001953125,1441.8299560546875,13.630000114440918,30.7450008392334,71.20743034055728,73.9938080495356,323.0,,,2.810394693996021,7193.994970703125,,6.511719038468056,1365.1964904785157,,6.7824444402657,30.828250122070312,,-0.15263372934727348,35.0,70.0,47.25,震盪中性
2019-03-22,10639.0703125,7326.06005859375,1400.3699951171875,16.479999542236328,30.792999267578125,67.80185758513932,67.18266253869969,323.0,,,3.062606249178157,7205.7664794921875,,3.320299884103761,1366.9759887695313,,2.607743743044666,30.827950096130373,,-0.019482836587059182,35.0,70.0,47.25,震盪中性
2019-03-25,10479.48046875,7316.9599609375,1382.75,16.329999923706055,30.868000030517578,47.6780185758514,53.25077399380805,323.0,,,0.852193055993089,7215.84296875,,2.8322923586854287,1367.3159912109375,,0.49420757072839994,30.83400011062622,30.80161673227946,0.39353527478394046,17.5,70.0,35.875,中性偏空
2019-03-26,10559.2001953125,7351.14990234375,1396.75,14.680000305175781,30.81599998474121,55.10835913312694,59.133126934984524,323.0,,,1.6133338508311335,7227.239453125,,3.19981245315184,1368.8244934082031,,2.207704262867516,30.838050079345702,30.80580005645752,0.26354115106921316,35.0,70.0,47.25,震盪中性
2019-03-27,10542.7001953125,7308.18994140625,1376.47998046875,15.149999618530273,30.839000701904297,57.585139318885446,54.179566563467496,323.0,,,1.4777915328368252,7236.7989501953125,,2.6863838893670167,1370.1549926757812,,1.971299862047271,30.84235010147095,30.811433410644533,0.2796489506047273,27.5,70.0,42.375,中性偏空
2019-03-28,10536.259765625,7320.47021484375,1373.800048828125,14.430000305175781,30.881999969482422,53.86996904024768,53.86996904024768,323.0,,,1.415799768952608,7247.945971679687,,3.1410988954742702,1371.3349975585938,,1.7478964975348177,30.847600078582765,30.813483397165935,0.3411623640339423,17.5,70.0,35.875,中性偏空
2019-03-29,10641.0400390625,7378.77001953125,1395.510009765625,13.710000038146973,30.85099983215332,60.371517027863774,59.75232198142415,323.0,10445.22109375,,2.424352658407991,7259.305981445313,,3.1769275962752586,1372.9539978027344,,2.375415753950505,30.848900032043456,30.81328337987264,0.0843440991739497,60.0,70.0,63.5,中性偏多
2019-04-01,10642.6298828125,7478.419921875,1430.239990234375,13.399999618530273,30.839000701904297,57.585139318885446,56.965944272445824,323.0,10459.85859375,,2.8285352420964305,7275.685473632812,,4.581144289138206,1376.3034973144531,,4.913991581468924,30.84900007247925,30.814216709136964,0.006488337784960052,60.0,70.0,63.5,中性偏多
2019-04-02,10690.2998046875,7499.64013671875,1431.6300048828125,13.359999656677246,30.816999435424805,60.681114551083596,61.60990712074303,323.0,10479.110595703125,,3.7363448163322266,7292.827978515625,,4.790556880737573,1380.0399963378907,,5.50740505005296,30.847950077056886,30.814450041453043,-0.06809750597986941,60.0,70.0,63.5,中性偏多
2019-04-03,10704.3798828125,7544.97021484375,1464.18994140625,13.739999771118164,30.82900047302246,64.70588235294117,61.30030959752322,323.0,10496.4720703125,,3.352558175671594,7314.452978515625,,6.080869050212279,1386.55849609375,,9.774182450929846,30.847900104522704,30.81466671625773,-0.0032418121507227227,60.0,70.0,63.5,中性偏多
2019-04-04,,7540.56982421875,1465.8900146484375,13.579999923706055,30.788000106811523,,,,,,3.8083048272779196,7340.137475585938,,7.310356089375003,1393.8984985351562,,11.128888296624506,30.84585008621216,30.815950043996175,-0.1329928495307997,0.0,70.0,24.5,偏空逆風
2019-04-05,,7578.83984375,1477.6500244140625,12.819999694824219,30.792999267578125,,,,,,4.517097984353269,7368.294970703125,,8.027006709918405,1401.8705017089844,,12.095194862825199,30.84015007019043,30.816183376312257,-0.36884952261359016,0.0,70.0,24.5,偏空逆風
2019-04-08,10800.5703125,7599.740234375,1481.3800048828125,13.180000305175781,30.788999557495117,69.96904024767801,69.3498452012384,323.0,,,5.368536512006572,7390.080981445312,,6.082063054763198,1408.4455017089845,,9.741606626095333,30.83505001068115,30.81623338063558,-0.3301971050361785,35.0,70.0,47.25,震盪中性
2019-04-09,10851.599609375,7568.490234375,1464.52001953125,14.279999732971191,30.808000564575195,72.13622291021672,71.20743034055728,323.0,,,4.913983479314199,7408.44150390625,,5.099238748863333,1413.9155029296876,,8.073087609086738,30.829850006103516,30.81580006281535,-0.3364392124264426,35.0,70.0,47.25,震盪中性
2019-04-10,10868.1396484375,7611.490234375,1477.1600341796875,13.300000190734863,30.816999435424805,71.51702786377709,69.96904024767801,323.0,,,4.77011526715545,7426.167016601563,,4.885093452929046,1419.7350036621094,,8.553246542610538,30.826350021362305,30.81561673482259,-0.22663158220399549,35.0,70.0,47.25,震盪中性
2019-04-11,10808.76953125,7594.89013671875,1476.0699462890625,13.020000457763672,30.83799934387207,61.30030959752322,65.63467492260062,323.0,,,4.446175329701241,7443.76103515625,,4.858206498129536,1425.885498046875,,9.091236336039522,30.823449993133544,30.816833400726317,-0.18772839444285427,35.0,70.0,47.25,震盪中性
2019-04-12,10805.2998046875,7628.14990234375,1497.1199951171875,12.010000228881836,30.851999282836914,55.417956656346746,62.848297213622295,323.0,,,3.5065729123381573,7459.819018554687,,4.395238773659327,1431.1234985351562,,7.523917009089698,30.820399951934814,30.817250061035157,-0.19733064977141002,35.0,70.0,47.25,震盪中性
2019-04-15,10875.599609375,7629.1201171875,1485.8199462890625,12.319999694824219,30.829999923706055,62.538699690402474,68.11145510835914,323.0,,,3.452009543887802,7474.96103515625,,4.133616800232409,1435.9759948730468,,6.988192817596217,30.817449951171874,30.816866715749104,-0.1910065569470376,35.0,70.0,47.25,震盪中性
2019-04-16,10927.849609375,7654.72998046875,1533.219970703125,12.180000305175781,30.854000091552734,63.77708978328174,69.04024767801857,323.0,,,3.9527838243370583,7490.233544921875,,4.156192228923361,1442.2694946289062,,8.94375935628824,30.82189998626709,30.81650005976359,0.28929206458636614,35.0,70.0,47.25,震盪中性
2019-04-17,10997.259765625,7680.72021484375,1557.0799560546875,12.600000381469727,30.863000869750977,68.42105263157895,65.63467492260062,323.0,,,4.224021978386072,7505.2320556640625,,4.064224026606378,1450.4729919433594,,11.778088106966834,30.82554998397827,30.81626672744751,0.23708980855150497,35.0,70.0,47.25,震盪中性
2019-04-18,10962.01953125,7689.72021484375,1558.1300048828125,12.09000015258789,30.761999130249023,50.77399380804953,57.585139318885446,323.0,,,3.3221930529679256,7515.0545654296875,,2.621688459116678,1456.2879943847656,,8.066141804014082,30.826399898529054,30.81466671625773,0.055287983579876965,25.0,70.0,40.75,中性偏空
2019-04-19,10968.5,,,,30.81999969482422,58.51393188854489,58.204334365325074,323.0,,,3.0964142337977396,,,4.963925402487157,,,11.265594829630942,30.827749919891357,30.813766702016196,0.08768365501350406,35.0,0.0,22.75,偏空逆風
2019-04-22,10987.7099609375,7713.490234375,1558.2900390625,12.420000076293945,30.80699920654297,59.44272445820433,58.51393188854489,323.0,,,4.849758475174881,,,5.419330918228682,,,12.694994689025485,30.824699878692627,30.815416685740153,-0.19761832290495773,35.0,30.0,33.25,中性偏空
2019-04-23,11025.6796875,7810.7099609375,1574.050048828125,12.279999732971191,30.84000015258789,60.99071207430341,57.89473684210527,323.0,,,4.4177540302208,,,6.251539754987578,,,12.693756851843574,30.82589988708496,30.81628335316976,0.07788216465005604,35.0,30.0,33.25,中性偏空
2019-04-24,11027.6396484375,7784.41015625,1589.02001953125,13.140000343322754,30.854000091552734,57.27554179566563,64.08668730650155,323.0,,,4.599765184830096,,,6.5162539378679,,,15.440837649532767,30.826649856567382,30.817500019073485,0.04863772919694309,35.0,30.0,33.25,中性偏空
2019-04-25,11039.8603515625,7816.919921875,1560.3199462890625,13.25,30.923999786376953,56.03715170278638,62.848297213622295,323.0,,,4.779690299403194,,,6.781664189065295,,,13.576931928342994,30.82874984741211,30.82085002263387,0.13600096151815677,35.0,30.0,33.25,中性偏空
2019-04-26,10952.4697265625,7826.68017578125,1547.4000244140625,12.729999542236328,30.92300033569336,47.6780185758514,58.204334365325074,323.0,,,2.9266846695131576,,,6.070255002722713,,,10.88419384923991,30.832349872589113,30.82480001449585,0.23338142663693606,25.0,30.0,26.75,偏空逆風
2019-04-29,10939.0595703125,7839.0400390625,1544.43994140625,13.109999656677246,30.902000427246094,38.39009287925697,55.10835913312694,323.0,,,2.7853048613362352,,,4.822143192743922,,,7.984670541421579,30.835499858856203,30.827116680145263,0.20428588445768892,15.0,30.0,20.25,偏空逆風
2019-04-30,10967.73046875,7781.4599609375,1556.1800537109375,13.119999885559082,30.892000198364258,41.17647058823529,52.94117647058824,323.0,,,2.595162615933866,,,3.75777796109098,,,8.699876951679286,30.839249897003175,30.82903334299723,0.2433746448826435,7.5,30.0,15.375,偏空逆風
2019-05-01,,7751.85009765625,1543.47998046875,14.800000190734863,30.886999130249023,,,,,,2.4602133782672286,,,2.7419575812968944,,,5.41528368828621,30.842149829864503,30.831666660308837,0.1881301901996979,0.0,30.0,10.5,偏空逆風
2019-05-02,11004.490234375,7724.06005859375,1560.6099853515625,14.420000076293945,30.906999588012695,46.13003095975232,59.75232198142415,323.0,,,2.803622020593388,,,2.433373586511567,,,6.461601467818268,30.848099803924562,30.833666642506916,0.38651253991273116,25.0,30.0,26.75,偏空逆風
2019-05-03,11096.2998046875,7845.72998046875,1570.699951171875,12.869999885559082,30.889999389648438,53.56037151702786,61.60990712074303,323.0,,,3.661304308755775,,,3.5215170424645503,,,6.297155972011015,30.852949810028075,30.835033289591472,0.31500706127201017,25.0,30.0,26.75,偏空逆風
2019-05-06,10897.1201171875,7794.08984375,1543.72998046875,15.4399995803833,30.895000457763672,30.65015479876161,42.10526315789473,323.0,,,0.893932467397196,,,2.557319110670675,,,4.2089116486265565,30.858249855041503,30.83628330230713,0.3442817298126455,0.0,30.0,10.5,偏空逆風
2019-05-07,10987.1396484375,7640.14990234375,1506.3199462890625,19.31999969482422,30.90999984741211,34.6749226006192,38.080495356037154,323.0,,,1.2490328056833588,,,0.9468158873124022,,,2.8541724387756373,30.863349819183348,30.8368332862854,0.33108050171291037,0.0,30.0,10.5,偏空逆風
2019-05-08,10923.7099609375,7617.5498046875,1494.47998046875,19.399999618530273,30.937000274658203,31.57894736842105,33.746130030959755,323.0,,,0.5113139350209739,,,0.07961082686718246,,,1.1725165783192049,30.869349861145018,30.839249960581462,0.38939819395737985,0.0,30.0,10.5,偏空逆風
2019-05-09,10733.669921875,7582.75,1476.800048828125,19.100000381469727,30.94499969482422,19.5046439628483,25.386996904024766,323.0,,,-0.6948025782016587,,,-0.15984611363970558,,,0.04946259768365824,30.874699878692628,30.840799967447918,0.34697565739916225,0.0,30.0,10.5,偏空逆風
2019-05-10,10712.990234375,7586.52978515625,1478.8699951171875,16.040000915527344,31.00200080871582,19.5046439628483,25.077399380804955,323.0,,,-0.85429901975006,,,-0.5456122089933291,,,-1.2190071643904177,30.88219995498657,30.843816661834715,0.4861971002389831,0.0,30.0,10.5,偏空逆風
2019-05-13,10558.2900390625,7324.1298828125,1408.949951171875,20.549999237060547,30.937000274658203,15.789473684210526,22.291021671826623,323.0,,,-2.917628284503715,,,-3.9977117896976555,,,-5.173574046382646,30.88754997253418,30.84589999516805,0.3470656867237798,0.0,15.0,5.25,偏空逆風
2019-05-14,10519.25,7401.8798828125,1442.8299560546875,18.059999465942383,31.104999542236328,17.027863777089784,20.743034055727556,323.0,,,-3.7390669160057066,,,-3.303187680054087,,,-5.895436817652799,30.90009994506836,30.850683307647706,0.8135070005147016,0.0,30.0,10.5,偏空逆風
2019-05-15,10560.7099609375,7503.25,1454.5,16.440000534057617,31.138999938964844,19.195046439628484,23.219814241486066,323.0,,,-3.9696234697670585,,,-2.31059340634191,,,-6.587969722158871,30.913899898529053,30.85668331782023,0.8942716567927,0.0,30.0,10.5,偏空逆風
2019-05-16,10474.6103515625,7580.14013671875,1430.1099853515625,15.289999961853027,31.077999114990234,17.647058823529413,19.5046439628483,323.0,,,-4.446344747863451,,,-1.425020352671269,,,-8.216260461583147,30.929699897766113,30.861449972788492,1.0272413811704517,0.0,30.0,10.5,偏空逆風
2019-05-17,10384.1103515625,7503.68017578125,1402.010009765625,15.960000038146973,31.18600082397461,16.09907120743034,21.052631578947366,323.0,,,-5.327890308041205,7671.425,,-2.4193343043012128,1512.1544921875,,-10.01970276087003,30.947999954223633,30.86789999008179,1.1875442335317565,0.0,30.0,10.5,偏空逆風
2019-05-20,10398.41015625,7376.7001953125,1345.5799560546875,16.309999465942383,31.365999221801758,18.26625386996904,20.43343653250774,323.0,,,-5.36326319845104,7654.585498046875,,-4.366247040303528,1501.5189880371095,,-13.650224135154154,30.97594995498657,30.878216648101805,1.8145227696830135,0.0,30.0,10.5,偏空逆風
2019-05-21,10464.5,7451.02001953125,1374.2099609375,14.949999809265137,31.3799991607666,23.8390092879257,21.052631578947366,323.0,,,-5.089751411300469,7636.601000976562,,-4.605086390419199,1491.5269836425782,,-12.695917009716762,31.002949905395507,30.888966623942057,1.7509695379602563,0.0,30.0,10.5,偏空逆風
2019-05-22,10457.2197265625,7420.66015625,1345.0400390625,14.75,,21.981424148606813,20.43343653250774,323.0,,,-5.172638389175354,7618.413500976562,,-4.672801056197562,1479.3279846191406,,-15.354116214389945,,,1.704800245196969,0.0,30.0,10.5,偏空逆風
2019-05-23,10308.3701171875,7307.93017578125,1322.8399658203125,16.920000076293945,31.452999114990234,21.671826625387,20.43343653250774,323.0,,,-6.625901153464053,7592.964013671875,,-6.511384933973607,1467.4539855957032,,-15.219954153220494,,,1.7106432941004002,0.0,30.0,10.5,偏空逆風
2019-05-24,10328.2802734375,7300.9599609375,1311.969970703125,15.850000381469727,31.513999938964844,22.291021671826623,18.885448916408667,323.0,,,-5.699074900076495,7566.678002929688,,-6.717026926314551,1455.6824829101563,,-15.214556675484436,,,1.9111974803729392,0.0,30.0,10.5,偏空逆風
2019-05-27,10334.1298828125,,,,31.47100067138672,26.006191950464398,22.910216718266255,323.0,,,-5.529997195935543,,,-6.864106771284595,,,-15.052056377890322,,,1.8413055345081863,0.0,0.0,0.0,偏空逆風
2019-05-28,10312.3095703125,7278.3798828125,1300.300048828125,17.5,31.452999114990234,28.173374613003094,23.52941176470588,323.0,,,-5.975902674714428,,,-6.465111696910785,,,-16.4428276967456,,,1.816000624833869,0.0,30.0,10.5,偏空逆風
2019-05-29,10301.7802734375,7216.85986328125,1305.5699462890625,17.899999618530273,31.547000885009766,28.482972136222912,21.052631578947366,323.0,10587.86953125,,-6.071905187768523,,,-6.901452267978614,,,-15.413872365706682,,,2.136827057810131,0.0,30.0,10.5,偏空逆風
2019-05-30,10382.990234375,7245.39990234375,1315.2900390625,17.299999237060547,31.615999221801758,36.22291021671827,20.743034055727556,323.0,10556.79453125,,-5.647694593417918,,,-6.197001999193996,,,-15.719491006191323,,,2.2939775560227638,0.0,30.0,10.5,偏空逆風
2019-05-31,10498.490234375,7127.9599609375,1296.1800537109375,18.709999084472656,31.57699966430664,46.749226006191954,22.60061919504644,323.0,10526.904052734375,,-5.387467721987493,,,-9.148543492040574,,,-17.47755179186976,,,2.224021651772601,10.0,30.0,17.0,偏空逆風
2019-06-03,10500.0703125,6978.02001953125,1300.52001953125,18.860000610351562,31.52199935913086,44.58204334365325,26.625386996904027,323.0,10507.0515625,,-3.643621437752642,,,-10.47036717023666,,,-15.754695705504783,,,2.0294510182136127,0.0,30.0,10.5,偏空逆風
2019-06-04,10429.1201171875,7166.75,1355.260009765625,16.969999313354492,31.375999450683594,43.034055727554176,23.219814241486066,323.0,10479.1505859375,,-5.078842620602875,,,-6.196212226130882,,,-10.028409760860269,,,1.5076014415137617,0.0,30.0,10.5,偏空逆風
2019-06-05,10461.6201171875,7220.89990234375,1345.0999755859375,16.09000015258789,31.326000213623047,52.94117647058824,25.696594427244584,323.0,10456.04609375,,-4.230154822879806,,,-5.20705361321917,,,-9.995450379734017,,,1.2573938504422122,35.0,30.0,33.25,中性偏空
2019-06-06,10409.2001953125,7275.93017578125,1363.1300048828125,15.930000305175781,31.298999786376953,46.43962848297213,32.81733746130031,323.0,10439.822607421875,,-3.0229150786651005,,,-4.04628695682635,,,-7.697050391859905,,,1.1439654065078075,10.0,30.0,17.0,偏空逆風
2019-06-07,,7417.2900390625,1378.81005859375,16.299999237060547,31.270000457763672,,,,,,-2.83571656854239,,,-2.230792613836219,,,-6.765972455578062,,,0.8644592028154152,0.0,30.0,10.5,偏空逆風
2019-06-10,10566.4697265625,7501.93017578125,1413.8900146484375,15.9399995803833,31.354000091552734,61.60990712074303,40.24767801857585,323.0,,,0.07747170677958604,,,2.427596121499609,,,0.3506202241217782,,,1.3478999682982051,20.0,30.0,23.5,偏空逆風
2019-06-11,10607.759765625,7513.85009765625,1418.02001953125,15.989999771118164,31.38599967956543,65.63467492260062,56.03715170278638,323.0,,,0.8414075682676936,,,1.5127267210016448,,,-1.7195329511509816,,,0.903392192459429,35.0,30.0,33.25,中性偏空
2019-06-12,10615.66015625,7472.2900390625,1384.949951171875,15.90999984741211,31.363000869750977,63.46749226006192,56.34674922600619,323.0,,,0.5203267158718772,,,-0.41262067687335424,,,-4.78171528553627,,,0.7193581400340321,35.0,30.0,33.25,中性偏空
2019-06-13,10561.009765625,7510.68017578125,1392.93994140625,15.819999694824219,31.427000045776367,65.3250773993808,47.987616099071204,323.0,,,0.8248460912879008,,,-0.9163413826748568,,,-2.5991038679570533,,,1.1229839137803177,27.5,30.0,28.375,偏空逆風
2019-06-14,10524.669921875,7479.10986328125,1356.550048828125,15.279999732971191,31.468000411987305,63.1578947368421,59.133126934984524,323.0,,,1.3536024325025542,,,-0.3274434933847936,,,-3.242484762651554,,,0.9042505629510034,35.0,30.0,33.25,中性偏空
2019-06-17,10530.5400390625,7526.52001953125,1347.8599853515625,15.350000381469727,31.493000030517578,63.46749226006192,67.49226006191951,323.0,,,1.2706738898261571,,,2.030987030135134,,,0.16944584278442143,,,0.4048996106189584,35.0,30.0,33.25,中性偏空
2019-06-18,10566.740234375,7635.39990234375,1406.1600341796875,15.149999618530273,31.47599983215332,60.99071207430341,67.80185758513932,323.0,,,0.9770197751923115,,,2.4745589507099375,,,2.324977561681396,,,0.3059294899750764,35.0,30.0,33.25,中性偏空
2019-06-19,10775.33984375,7667.740234375,1407.300048828125,14.329999923706055,31.264999389648438,78.63777089783281,69.04024767801857,323.0,,,3.042109905938384,,,3.3296239542367267,,,4.62885921292131,31.432799911499025,,-0.3664747424912074,35.0,30.0,33.25,中性偏空
2019-06-20,10785.009765625,7738.0498046875,1421.030029296875,14.75,31.110000610351562,81.73374613003097,76.78018575851394,323.0,,,4.623811941354172,,,5.885655973173942,,,7.422671374739842,31.41564998626709,,-1.0905112844237563,35.0,30.0,33.25,中性偏空
2019-06-21,10803.76953125,7728.77978515625,1410.5,15.399999618530273,30.875,80.80495356037152,82.97213622291022,323.0,,,4.603760212001351,,,5.859774968055231,,,7.510082661729656,31.38369998931885,,-2.0276700520480917,35.0,30.0,33.25,中性偏空
2019-06-24,10779.4501953125,7723.02001953125,1412.0799560546875,15.260000228881836,30.94499969482422,81.11455108359134,82.97213622291022,323.0,,,4.309219233257822,7421.242993164063,,5.780884443304823,1366.5720092773438,,7.630508897845467,31.357399940490723,,-1.6713830680342379,35.0,70.0,47.25,震盪中性
2019-06-25,10706.7197265625,7591.5400390625,1391.1199951171875,16.280000686645508,30.836000442504883,74.61300309597523,76.47058823529412,323.0,,,3.824653959045654,7436.9010009765625,,4.302608015686449,1371.1130065917969,,6.9845376358258715,31.326550006866455,,-1.961652910203071,35.0,70.0,47.25,震盪中性
2019-06-26,10652.5498046875,7627.0498046875,1435.8299560546875,16.209999084472656,30.969999313354492,73.37461300309597,73.68421052631578,323.0,,,3.4049409125375796,7457.410498046875,,5.683773125390168,1377.6260070800781,,9.97725247397694,31.29769992828369,,-1.829021952858434,35.0,70.0,47.25,震盪中性
2019-06-27,10773.900390625,7657.0498046875,1456.9000244140625,15.819999694824219,30.924999237060547,78.328173374613,75.54179566563467,323.0,,,3.764909216189105,7477.992993164063,,5.681534599775362,1384.7065063476562,,10.766445509805411,31.26314992904663,,-2.1856022322543356,35.0,70.0,47.25,震盪中性
2019-06-28,10730.830078125,7671.080078125,1458.9599609375,15.079999923706055,30.888999938964844,74.61300309597523,72.75541795665634,323.0,,,2.2130786290513793,7505.148999023438,,7.61957306387655,1392.8455017089843,,12.558433279429583,31.22874994277954,,-2.1788001794213696,35.0,70.0,47.25,震盪中性
2019-07-01,10895.4599609375,7768.14013671875,1497.550048828125,14.0600004196167,30.878999710083008,80.4953560371517,74.30340557275542,323.0,,,3.7655904833970633,7544.655004882812,,11.322984384911194,1402.697003173828,,15.150095833810461,31.19659996032715,,-2.0398441156036506,35.0,70.0,47.25,震盪中性
2019-07-02,10865.1201171875,7799.81982421875,1476.8299560546875,12.930000305175781,30.952999114990234,79.56656346749226,77.08978328173374,323.0,,,4.180601959713348,7576.30849609375,,8.83342971666028,1408.7755004882813,,8.970230465966921,31.175449943542482,,-1.3481652954457357,35.0,70.0,47.25,震盪中性
2019-07-03,10743.76953125,7857.68994140625,1470.489990234375,12.569999694824219,30.968000411987305,74.61300309597523,76.47058823529412,323.0,,,2.696995407039804,7608.147998046875,,8.818707469630095,1415.0450012207032,,9.321984753870538,31.157549953460695,,-1.142820019135593,35.0,70.0,47.25,震盪中性
2019-07-04,10775.900390625,,,,31.055999755859375,75.54179566563467,75.85139318885449,323.0,,,3.5228469856659395,,,7.995675488495646,,,7.875990181933679,31.145399951934813,,-0.7763827348353347,35.0,0.0,22.75,偏空逆風
2019-07-05,10785.73046875,7841.2998046875,1461.699951171875,13.279999732971191,31.01300048828125,75.85139318885449,77.39938080495357,323.0,10702.319970703125,,3.6172834259356357,,,5.716505130472038,,,6.011697699874952,31.132549953460693,,-0.8218738910143353,60.0,30.0,49.5,震盪中性
2019-07-08,10751.2197265625,7785.7900390625,1450.4100341796875,13.960000038146973,31.16900062561035,67.80185758513932,70.27863777089783,323.0,10711.557470703125,,1.7484553004071701,,,3.783824384258394,,,2.582946279617837,31.123299980163573,,-0.5900346539586376,60.0,30.0,49.5,震盪中性
2019-07-09,10702.7802734375,7826.85986328125,1461.2099609375,14.09000015258789,31.15999984741211,64.08668730650155,69.65944272445822,323.0,10716.30849609375,,0.8957641378759318,,,4.1657706975367415,,,3.045792077077092,31.111999988555908,,-0.7200657441555514,35.0,30.0,33.25,中性偏空
2019-07-10,10798.48046875,7903.39990234375,1471.510009765625,13.029999732971191,31.128999710083008,68.73065015479877,73.68421052631578,323.0,10725.44951171875,,1.7221756330656923,,,5.769447666345373,,,6.250049579084593,31.10029993057251,,-0.7461057717013886,60.0,30.0,49.5,震盪中性
2019-07-11,10843.419921875,7896.77978515625,1476.280029296875,12.930000305175781,31.03499984741211,65.01547987616098,75.23219814241486,323.0,10739.57001953125,,2.6740829003796263,,,5.140674350906416,,,5.983035263278369,31.080699920654297,,-1.2473357234011329,60.0,30.0,49.5,震盪中性
2019-07-12,10824.349609375,7943.240234375,1504.280029296875,12.390000343322754,30.961000442504883,64.39628482972137,75.23219814241486,323.0,10754.55400390625,,2.847402243723862,,,6.205689976188222,,,10.890123854727563,31.055349922180177,,-1.611160425971292,60.0,30.0,49.5,震盪中性
2019-07-15,10876.4296875,7966.93017578125,1515.9200439453125,12.680000305175781,31.052000045776367,61.30030959752322,70.89783281733746,323.0,10771.848486328125,,3.2846335245337865,,,5.851444692994101,,,12.468658497189145,31.033299922943115,,-1.4003111304539684,60.0,30.0,49.5,震盪中性
2019-07-16,10886.0498046875,7927.080078125,1499.6400146484375,12.859999656677246,30.98200035095215,61.60990712074303,72.44582043343654,323.0,10787.81396484375,,3.021836093535679,,,3.8201034590436667,,,6.6478905811943045,31.008599948883056,,-1.5694480996169768,60.0,30.0,49.5,震盪中性
2019-07-17,10828.48046875,7888.759765625,1503.8699951171875,13.970000267028809,31.003000259399414,60.681114551083596,63.77708978328174,323.0,10790.47099609375,,0.4931689001978157,,,2.8824598185936745,,,6.862072261667107,30.995499992370604,,-0.8379949955660937,60.0,30.0,49.5,震盪中性
2019-07-18,10799.2802734375,7904.1298828125,1526.969970703125,13.529999732971191,31.000999450683594,52.94117647058824,56.34674922600619,323.0,10791.184521484374,,0.13231798693389418,,,2.1462782266455926,,,7.455151490265766,30.99004993438721,,-0.35037337682243264,50.0,30.0,43.0,中性偏空
2019-07-19,10873.1904296875,7834.89990234375,1523.9100341796875,14.449999809265137,30.899999618530273,56.03715170278638,59.75232198142415,323.0,10794.65556640625,,0.6425618228591334,,,1.3730513759922625,,,8.040413624933528,30.99129991531372,,0.08097042438954816,60.0,30.0,49.5,震盪中性
2019-07-22,10944.5302734375,7905.1201171875,1554.0899658203125,13.529999732971191,31.031999588012695,56.656346749226,59.133126934984524,323.0,10802.9095703125,,1.5314331912474222,,,2.3578871632564002,,,10.056796653526412,30.995649909973146,,0.28114362270628135,60.0,30.0,49.5,震盪中性
2019-07-23,10947.259765625,7954.56005859375,1573.27001953125,12.609999656677246,31.04400062561035,56.03715170278638,63.1578947368421,323.0,10814.936572265626,,2.2466268400184175,,,4.7819021919573546,,,13.093767974970284,31.00604991912842,,0.6745368404482033,60.0,30.0,49.5,震盪中性
2019-07-24,10935.759765625,8010.60986328125,1622.02001953125,12.069999694824219,31.010000228881836,54.179566563467496,60.371517027863774,323.0,10829.0970703125,,2.658611939208,,,5.028943935281749,,,12.967417394478087,31.008049964904785,,0.12916020798907635,50.0,30.0,43.0,中性偏空
2019-07-25,10941.41015625,7929.8701171875,1594.1199951171875,12.739999771118164,31.091999053955078,58.82352941176471,60.681114551083596,323.0,10837.47255859375,,1.5547736618277908,,,3.5629951411963567,,,9.418626426223886,31.016399955749513,,0.540015589375975,60.0,30.0,49.5,震盪中性
2019-07-26,10891.98046875,8016.9501953125,1593.8599853515625,12.15999984741211,31.011999130249023,57.27554179566563,61.30030959752322,323.0,10845.530078125,,1.5017513971590013,,,4.5087538347277745,,,9.246314362690145,31.02254991531372,,0.398197389126298,60.0,30.0,49.5,震盪中性
2019-07-29,10885.73046875,7989.080078125,1598.02001953125,12.829999923706055,31.082000732421875,56.34674922600619,56.03715170278638,323.0,10845.043603515625,,-0.08929859062749568,,,2.844180685694675,,,6.708955789607529,31.032699966430663,,0.6574080256640524,60.0,30.0,49.5,震盪中性
2019-07-30,10830.900390625,7952.47021484375,1593.8199462890625,13.9399995803833,31.027000427246094,49.22600619195047,52.012383900928796,323.0,10843.3326171875,,-0.3149502830471995,,,1.9571014980501733,,,7.9216967230886,31.036400032043456,,0.23907638798084108,17.5,30.0,21.875,偏空逆風
2019-07-31,10823.8095703125,7848.77978515625,1542.43994140625,16.1200008392334,31.023000717163086,46.43962848297213,53.25077399380805,323.0,10847.334619140625,,0.7449902832491917,,,-0.11339409312968174,,,4.89292355947335,31.039150047302247,,0.1776036697367589,17.5,30.0,21.875,偏空逆風
2019-08-01,10731.75,7801.14990234375,1511.97998046875,17.8700008392334,31.14699935913086,38.69969040247678,45.51083591331269,323.0,10845.127099609375,,-0.4097141679539895,7906.38798828125,,-0.7195503956520466,1528.965997314453,,2.8215078313972075,31.04370002746582,,0.29301778718076044,7.5,30.0,15.375,偏空逆風
2019-08-02,10549.0400390625,7692.7998046875,1488.4300537109375,17.610000610351562,31.30699920654297,20.743034055727556,28.482972136222912,323.0,10833.292578125,,-2.194477512425086,7898.96298828125,,-1.893818674184955,1530.3025024414062,,1.828699694327307,31.058399963378907,,0.9479854049362579,0.0,30.0,10.5,偏空逆風
2019-08-05,10423.41015625,7415.68994140625,1423.52001953125,24.59000015258789,31.450000762939453,14.241486068111456,27.86377708978328,323.0,10816.902099609375,,-3.04904539810118,7880.457983398437,,-4.7535329850843855,1528.9580017089843,,-1.853959502124225,31.072449970245362,,0.9015372058423177,0.0,15.0,5.25,偏空逆風
2019-08-06,10394.75,7521.31982421875,1441.77001953125,20.170000076293945,31.694000244140625,13.622291021671826,28.792569659442723,323.0,10801.5005859375,,-2.878039776281116,7865.180981445313,,-3.9037371870666027,1527.9860046386718,,-1.3304002796269976,31.099149990081788,,1.7137368399982922,0.0,15.0,5.25,偏空逆風
2019-08-07,10386.1796875,7551.89990234375,1452.1199951171875,19.489999771118164,31.427000045776367,15.170278637770899,24.458204334365323,323.0,10780.885546875,,-3.818137028104718,7847.605981445313,,-4.447453049867345,1527.01650390625,,-1.3176950560822798,31.114050006866456,,0.957307778819616,0.0,30.0,10.5,偏空逆風
2019-08-08,10494.490234375,7724.830078125,1491.260009765625,16.90999984741211,31.42099952697754,20.43343653250774,27.24458204334365,323.0,10763.4390625,,-3.217893340053035,7839.00849609375,,-2.1774661534119,1527.7655029296875,,1.014711312994243,31.133349990844728,,1.2437560221145505,0.0,30.0,10.5,偏空逆風
2019-08-09,,7646.27001953125,1464.3399658203125,17.969999313354492,31.235000610351562,,,,,,-3.047382862747783,7824.159985351563,,-3.7386533213308537,1525.7684997558595,,-2.655094975583183,31.147049999237062,,0.8849848646057312,0.0,30.0,10.5,偏空逆風
2019-08-12,10472.3603515625,7561.68017578125,1446.97998046875,21.09000015258789,31.365999221801758,27.55417956656347,29.411764705882355,323.0,,,-3.71509169412354,7803.897485351563,,-5.086651835256739,1522.3214965820312,,-4.547737445118816,31.16274995803833,,1.0112043525779324,0.0,15.0,5.25,偏空逆風
2019-08-13,10362.66015625,7728.14990234375,1489.6600341796875,17.520000457763672,31.42799949645996,22.910216718266255,23.52941176470588,323.0,,,-4.807893201187907,7793.9509765625,,-2.5095012768976965,1521.8224975585938,,-0.6654917427693197,31.18504991531372,,1.4395427682386774,0.0,30.0,10.5,偏空逆風
2019-08-14,10427.73046875,7490.1298828125,1442.5400390625,22.100000381469727,31.0939998626709,26.93498452012384,26.31578947368421,323.0,,,-3.7008886071921876,7774.019482421875,,-5.053137560982856,1518.7559997558594,,-4.078142143524078,31.189599895477294,31.205966599782307,0.29351869983582635,0.0,15.0,5.25,偏空逆風
2019-08-15,10327.1298828125,7484.89013671875,1439.2900390625,21.18000030517578,31.357999801635742,23.219814241486066,24.148606811145513,323.0,,,-4.3720542357468695,7753.0574951171875,,-5.304059426014563,1514.372003173828,,-5.74208617869878,31.207449913024902,31.204383277893065,1.1515769080931326,0.0,15.0,5.25,偏空逆風
2019-08-16,10420.8896484375,7604.10986328125,1479.25,18.469999313354492,31.22800064086914,30.340557275541798,29.721362229102166,323.0,,,-4.15977981968444,7741.517993164062,,-2.945666721197815,1512.1390014648437,,-2.9306214394557606,31.223849964141845,31.199616622924804,1.0614919947836254,0.0,30.0,10.5,偏空逆風
2019-08-19,10488.75,7719.31982421875,1506.989990234375,16.8799991607666,31.301000595092773,38.69969040247678,30.030959752321984,323.0,,,-4.164457149373357,7732.227978515625,,-2.350379124091717,1509.784002685547,,-3.030711002697728,31.23730001449585,31.196783288319907,0.866850382351747,0.0,30.0,10.5,偏空逆風
2019-08-20,10522.5,7664.47021484375,1498.9000244140625,17.5,31.350000381469727,38.69969040247678,28.792569659442723,323.0,,,-3.8800556003865783,7717.723486328125,,-3.646837054635099,1506.0655029296875,,-4.727096696303013,31.25260000228882,31.19506664276123,0.9856969130677573,0.0,30.0,10.5,偏空逆風
2019-08-21,10525.7998046875,7733.22021484375,1512.719970703125,15.800000190734863,31.312000274658203,43.653250773993804,31.269349845201237,323.0,,,-3.7488018182893046,7703.85400390625,,-3.462778155118862,1500.6005004882813,,-6.738514168259879,31.267700004577637,31.191149965922037,0.9738795341739159,0.0,70.0,24.5,偏空逆風
2019-08-22,10529.7802734375,7707.43017578125,1512.25,16.68000030517578,31.281999588012695,45.20123839009288,31.57894736842105,323.0,,,-3.7621282534351153,7692.732006835938,,-2.8050893409228173,1496.5070007324218,,-5.135748586552857,31.27720003128052,31.185583305358886,0.6110914056310923,10.0,70.0,31.0,中性偏空
2019-08-23,10538.1103515625,7464.990234375,1446.3800048828125,19.8700008392334,31.302000045776367,47.6780185758514,29.411764705882355,323.0,,,-3.248905175718808,7665.134008789062,,-6.884911936464699,1489.1330017089845,,-9.253007279445558,31.291700077056884,31.180999978383383,0.9351248666987111,10.0,30.0,17.0,偏空逆風
2019-08-26,10354.5703125,7575.02001953125,1458.8800048828125,19.31999969482422,31.41900062561035,32.81733746130031,21.36222910216718,323.0,,,-4.879416753655786,7644.431005859375,,-5.18282523825857,1482.1760009765626,,-8.707025753610498,31.308550071716308,31.179283332824706,1.0842284449113615,0.0,30.0,10.5,偏空逆風
2019-08-27,10387.23046875,7566.02978515625,1454.1199951171875,20.309999465942383,31.374000549316406,38.080495356037154,26.625386996904027,323.0,,,-4.096334615532349,7625.108984375,,-4.859376008302252,1475.1910034179687,,-8.765102450696672,31.325900077819824,31.17925001780192,1.118381143172309,0.0,15.0,5.25,偏空逆風
2019-08-28,10434.2900390625,7587.89990234375,1462.8499755859375,19.350000381469727,31.327999114990234,43.343653250774,30.340557275541798,323.0,,,-3.598728605854007,7612.064990234375,,-3.323827269378621,1471.2115051269532,,-5.160004203972434,31.34114999771118,31.179283332824706,0.9831363529525072,0.0,30.0,10.5,偏空逆風
2019-08-29,10462.4296875,7702.31005859375,1495.8199462890625,17.8799991607666,31.40399932861328,46.43962848297213,29.411764705882355,323.0,,,-2.509565657977497,7607.122998046875,,-1.2669906999262404,1470.4035034179688,,-1.0687994807098922,31.3539999961853,31.181033325195312,0.8251195131805833,10.0,70.0,31.0,中性偏空
2019-08-30,10618.0498046875,7691.0,1504.9200439453125,18.979999542236328,31.270999908447266,61.30030959752322,35.294117647058826,323.0,,,0.6541805260901645,7607.0330078125,,-0.023395964189831808,1471.2280029296876,,1.1078780755106488,31.352200031280518,31.181049982706707,-0.1149880186797958,20.0,70.0,37.5,中性偏空
2019-09-02,10634.849609375,,,,31.33300018310547,70.58823529411765,49.53560371517028,323.0,,,2.0285055462220036,,,3.71253464976371,,,5.71822126118513,31.34635000228882,31.180699984232586,-0.37202091254591174,27.5,0.0,17.875,偏空逆風
2019-09-03,10558.2099609375,7609.509765625,1478.3199462890625,19.65999984741211,31.361000061035156,69.3498452012384,60.371517027863774,323.0,,,1.572524215950355,,,1.172532793011638,,,2.535073296204038,31.329699993133545,31.180283323923746,-1.0506726211281348,35.0,30.0,33.25,中性偏空
2019-09-04,10657.3095703125,7719.25,1519.550048828125,17.329999923706055,31.35099983215332,75.54179566563467,68.11145510835914,323.0,,,2.6104871181731104,,,2.2159999446538237,,,4.643559343420223,31.32589998245239,31.180083306630454,-0.24183095272327648,35.0,30.0,33.25,中性偏空
2019-09-05,10756.9296875,7862.5400390625,1566.2099609375,16.270000457763672,31.167999267578125,82.04334365325077,73.68421052631578,323.0,,,2.500735598050996,,,1.7826924287624557,,,5.025947901845407,31.31324996948242,31.175766626993816,-0.8051948162317135,35.0,30.0,33.25,中性偏空
2019-09-06,10780.6396484375,7852.5400390625,1568.3399658203125,15.0,31.170000076293945,79.87616099071208,68.73065015479877,323.0,10513.010986328125,,2.7266633030464726,,,2.697655445130298,,,7.102175889991491,31.30999994277954,31.17079995473226,-0.2081015936848618,60.0,30.0,49.5,震盪中性
2019-09-09,,7832.39990234375,1576.3900146484375,15.270000457763672,31.180999755859375,,,,,,2.943742256052184,,,3.580153091234517,,,8.943457126322162,31.30074996948242,31.165599950154622,-0.5898089349367641,0.0,30.0,10.5,偏空逆風
2019-09-10,10753.580078125,7814.740234375,1583.1500244140625,15.199999809265137,31.174999237060547,68.11145510835914,62.538699690402474,323.0,,,3.772389675823007,,,1.120453577187841,,,6.275927935856673,31.28809995651245,31.160583273569742,-0.8050154749045135,35.0,30.0,33.25,中性偏空
2019-09-11,10790.349609375,7887.580078125,1606.18994140625,14.609999656677246,31.084999084472656,68.73065015479877,71.8266253869969,323.0,,,3.477450263139259,,,5.3063191363947215,,,11.344565690537456,31.28764991760254,31.15758326848348,-0.028946993754408457,35.0,30.0,33.25,中性偏空
2019-09-12,10827.5498046875,7917.33984375,1610.7900390625,14.220000267028809,31.03499984741211,72.13622291021672,74.30340557275542,323.0,,,4.845682465055967,,,5.777635999088004,,,11.915596950265051,31.271499919891358,31.156333255767823,-1.030040041669955,35.0,30.0,33.25,中性偏空
2019-09-13,,7892.9501953125,1605.6500244140625,13.739999771118164,30.7549991607666,,,,,,3.902355460706497,,,3.798476576804899,,,8.544872361944389,31.24784984588623,31.1543332417806,-1.5146710336732427,0.0,30.0,10.5,偏空逆風
2019-09-16,10898.1298828125,7852.41015625,1594.489990234375,14.670000076293945,30.915000915527344,70.27863777089783,80.4953560371517,323.0,,,3.9030378530568566,,,1.7241199362370008,,,5.806276124394927,31.228549861907958,31.15383326212565,-1.2331863909358365,35.0,30.0,33.25,中性偏空
2019-09-17,10874.5,7888.7900390625,1599.739990234375,14.4399995803833,30.886999130249023,68.42105263157895,72.75541795665634,323.0,,,3.3452126395818516,,,2.9267492459467137,,,6.727597850279032,31.205399799346925,31.15468324025472,-1.4768779763536188,35.0,30.0,33.25,中性偏空
2019-09-18,10929.4501953125,7888.56005859375,1600.949951171875,13.949999809265137,30.849000930786133,71.8266253869969,71.20743034055728,323.0,,,3.8348666905601014,,,2.008734258618783,,,5.832538882113125,31.18224983215332,31.15266660054525,-1.4786642175868558,35.0,30.0,33.25,中性偏空
2019-09-19,10894.7001953125,7901.7900390625,1592.0699462890625,14.050000190734863,30.961999893188477,70.27863777089783,70.58823529411765,323.0,,,3.4655986392759797,,,2.5217207142787856,,,5.278224254525532,31.16624984741211,31.15328327814738,-1.0229515345522966,35.0,30.0,33.25,中性偏空
2019-09-20,10929.6904296875,7823.5498046875,1563.0,15.319999694824219,30.864999771118164,74.61300309597523,70.58823529411765,323.0,,,3.715847197092037,,,4.803215530830762,,,8.062887672913877,31.1443998336792,31.152883275349936,-1.3960778033963672,35.0,30.0,33.25,中性偏空
2019-09-23,10919.01953125,7818.60986328125,1578.0899658203125,14.90999984741211,30.98699951171875,74.61300309597523,72.13622291021672,323.0,,,5.451208516770589,,,3.215699009665096,,,8.1713342110735,31.122799777984618,31.154683272043865,-1.374967711542896,35.0,30.0,33.25,中性偏空
2019-09-24,10918.009765625,7710.0400390625,1551.989990234375,17.049999237060547,30.940000534057617,72.75541795665634,70.89783281733746,323.0,,,5.109921248708704,,,1.9033794208527022,,,6.73053086717923,31.10109977722168,31.15446662902832,-1.3833110462804665,35.0,30.0,33.25,中性偏空
2019-09-25,10873.6904296875,7803.5400390625,1579.56005859375,15.960000038146973,30.924999237060547,61.30030959752322,78.94736842105263,323.0,,,4.2111191943106085,,,2.8418948522521026,,,7.978267420147778,31.080949783325195,31.15374994277954,-1.2863888193129336,35.0,30.0,33.25,中性偏空
2019-09-26,10871.990234375,7771.990234375,1580.0999755859375,16.06999969482422,30.94700050354004,55.417956656346746,74.61300309597523,323.0,,,3.9145835060122147,,,0.90466594114198,,,5.634369932421546,31.058099842071535,31.15193328857422,-1.4552249230780467,35.0,30.0,33.25,中性偏空
2019-09-27,10829.6796875,7681.580078125,1542.8699951171875,17.219999313354492,30.93000030517578,31.88854489164087,65.01547987616098,323.0,,,1.993114429723919,,,-0.12247980594201069,,,2.5217254115630583,31.041049861907958,31.150549952189127,-1.0904659405514217,15.0,30.0,20.25,偏空逆風
2019-09-30,,7749.4501953125,1558.75,16.239999771118164,31.033000946044922,,,,,,1.831996551726034,7813.958032226563,,0.7599817359576155,1572.809991455078,,3.5769312975303613,31.026049900054932,31.148283290863038,-0.9574545536890633,0.0,30.0,10.5,偏空逆風
2019-10-01,10967.650390625,7684.14013671875,1544.199951171875,18.559999465942383,31.034000396728516,38.080495356037154,64.39628482972137,323.0,,,3.8779341498446973,7817.68955078125,,0.9807513675964108,1576.1039916992188,,4.456410471101813,31.0096999168396,31.14618330001831,-1.0426952701451775,15.0,30.0,20.25,偏空逆風
2019-10-02,10947.8798828125,7550.7900390625,1519.77001953125,20.559999465942383,31.02400016784668,38.39009287925697,57.585139318885446,323.0,,,2.726488431089824,7809.266552734375,,-2.1823358608349275,1576.114990234375,,0.014476041989830435,30.993349933624266,31.144433307647706,-1.043027865322732,15.0,15.0,15.0,偏空逆風
2019-10-03,10875.91015625,7638.39013671875,1545.760009765625,19.1200008392334,31.05500030517578,31.88854489164087,47.987616099071204,323.0,,,1.1060820532113436,7798.059057617187,,-2.850858644027676,1575.0924926757812,,-1.305696661489375,30.98769998550415,31.14476664861043,-0.36254801417391347,7.5,30.0,15.375,偏空逆風
2019-10-04,10894.48046875,7754.10009765625,1574.3900146484375,17.040000915527344,30.915000915527344,33.43653250773993,51.08359133126935,323.0,,,1.0559746362452493,7793.137060546875,,-1.2536063607006098,1575.3949951171876,,0.38576131195895424,30.97495002746582,31.143999989827474,-0.8180916270210004,7.5,30.0,15.375,偏空逆風
2019-10-07,10935.0595703125,7725.1298828125,1563.1700439453125,17.860000610351562,30.847999572753906,37.77089783281733,45.82043343653251,323.0,,,1.4323818150937084,7787.7735595703125,,-1.369567704263297,1574.7339965820313,,-0.8386230932878158,30.958300018310545,31.140599981943765,-1.0679586469734437,7.5,30.0,15.375,偏空逆風
2019-10-08,11017.3095703125,7604.27001953125,1514.449951171875,20.280000686645508,30.785999298095703,36.84210526315789,41.795665634674926,323.0,,,2.4524808507631723,7777.250048828125,,-2.693246461577148,1571.2989929199218,,-4.339454390471554,30.938850021362306,31.13733329772949,-1.2477945420521608,0.0,15.0,5.25,偏空逆風
2019-10-09,10889.9599609375,7690.52978515625,1540.8499755859375,18.639999389648438,30.739999771118164,26.625386996904027,36.84210526315789,323.0,,,0.923142948732214,7767.397534179688,,-2.498235086262246,1568.0319946289062,,-4.068009899446023,30.92160005569458,31.132949956258138,-1.1098578848819152,0.0,30.0,10.5,偏空逆風
2019-10-10,,7740.35986328125,1555.7900390625,17.56999969482422,30.658000946044922,,,,,,0.5764014700997411,7758.54853515625,,-2.23534651740962,1565.2819946289062,,-3.414473560564768,30.902750110626222,31.12723331451416,-1.2147539978113575,0.0,30.0,10.5,偏空逆風
2019-10-11,,7843.8798828125,1591.1300048828125,15.579999923706055,30.5,,,,,,0.5764014700997411,7756.09501953125,,-0.6216979872639028,1564.5559936523437,,-0.9043078697394624,30.89000015258789,31.120566654205323,-0.8291307680863058,0.0,70.0,24.5,偏空逆風
2019-10-14,11066.9501953125,7842.330078125,1590.4000244140625,14.569999694824219,30.625999450683594,39.318885448916404,42.10526315789473,323.0,,,1.5490759819833722,7755.591015625,,-0.12836922580995447,1564.351495361328,,-0.2565062085909564,30.875550079345704,31.113799985249837,-0.9348259947765225,0.0,70.0,24.5,偏空逆風
2019-10-15,11111.7998046875,7942.85009765625,1625.68994140625,13.539999961853027,30.5939998626709,42.72445820433436,42.414860681114554,323.0,,,2.182167499080423,7758.294018554688,,0.6852769350694343,1565.648992919922,,1.622135555170634,30.860900115966796,31.10629997253418,-0.9486168155817265,0.0,70.0,24.5,偏空逆風
2019-10-16,11162.830078125,7920.2099609375,1601.7900390625,13.680000305175781,30.481000900268555,50.15479876160991,41.48606811145511,323.0,,,2.1353304936838846,7759.876513671875,,0.40121266883517137,1565.6909973144532,,0.05247433812718416,30.842500114440917,31.097483317057293,-1.1929074505305226,10.0,70.0,31.0,中性偏空
2019-10-17,11186.8798828125,7942.14013671875,1607.1600341796875,13.789999961853027,30.510000228881836,54.179566563467496,47.05882352941176,323.0,,,2.6818515632555995,7761.894018554687,,0.510645024187939,1566.4455017089845,,0.9478281984907966,30.819900131225587,31.087783336639404,-1.4598529354238443,17.5,70.0,35.875,中性偏空
2019-10-18,11180.2197265625,7868.490234375,1590.0899658203125,14.25,30.60700035095215,57.89473684210527,47.6780185758514,323.0,,,2.2921902361891844,7764.141040039062,,0.5744250475733459,1567.8,,1.7332031874800036,30.807000160217285,31.081033356984456,-0.835896394230462,27.5,70.0,42.375,中性偏空
2019-10-21,11184.150390625,7940.330078125,1620.0400390625,14.0,30.53700065612793,65.01547987616098,46.13003095975232,323.0,,,2.4281562883572194,7770.22705078125,,1.5568012341348192,1569.8975036621093,,2.6582814763910667,30.784500217437746,31.071950022379557,-1.4522182291984653,27.5,70.0,42.375,中性偏空
2019-10-22,11271.25,7874.6201171875,1607.5999755859375,14.460000038146973,30.518999099731445,67.49226006191951,49.53560371517028,323.0,,,3.235390350054135,7778.4560546875,,2.134620278120014,1572.6780029296874,,3.5831407226514678,30.763450145721436,31.063483333587648,-1.3607027377480096,27.5,70.0,42.375,中性偏空
2019-10-23,11239.669921875,7889.47021484375,1576.5799560546875,14.010000228881836,30.459999084472656,66.25386996904025,44.58204334365325,323.0,,,3.3657339663477837,7782.7525634765625,,1.1011691533727719,1572.5289978027345,,-0.18866661782493965,30.740200138092042,31.054099973042806,-1.5036383639765227,20.0,70.0,37.5,中性偏空
2019-10-24,11320.1396484375,7966.72021484375,1615.510009765625,13.710000038146973,30.573999404907227,78.63777089783281,47.987616099071204,323.0,,,4.122054972469935,7792.4890625,,2.505535578357687,1574.2994995117188,,2.240999602987559,30.721550083160402,31.044549973805747,-1.205289987926761,27.5,70.0,42.375,中性偏空
2019-10-25,11296.1201171875,8029.22021484375,1648.6700439453125,12.649999618530273,30.493000030517578,74.30340557275542,47.987616099071204,323.0,,,4.307056562585898,7809.871069335937,,4.525633179412303,1579.589501953125,,6.8573534492832655,30.69970006942749,31.03098332087199,-1.4128686399821233,27.5,70.0,42.375,中性偏空
2019-10-28,11315.01953125,8110.669921875,1677.5699462890625,13.109999656677246,30.562000274658203,69.96904024767801,53.86996904024768,323.0,,,4.481571549250862,7827.932055664062,,4.661230377104619,1585.530499267578,,7.622771213412194,30.676150035858154,31.01618331273397,-1.5177412980640126,27.5,70.0,42.375,中性偏空
2019-10-29,11333.8701171875,8047.509765625,1662.4599609375,13.199999809265137,30.527000427246094,61.30030959752322,54.4891640866873,323.0,,,3.339090083282925,7846.100537109375,,4.728826159349753,1591.4434997558594,,7.658335287206741,30.650800037384034,30.996733315785725,-1.633691960434036,27.5,70.0,42.375,中性偏空
2019-10-30,11380.2802734375,8083.10986328125,1661.4599609375,12.329999923706055,30.39900016784668,65.63467492260062,69.3498452012384,323.0,,,3.949626733700673,7872.716528320312,,7.049855994735643,1598.5279968261718,,9.323117286518933,30.619550037384034,30.9795999844869,-2.0145693547531374,35.0,70.0,47.25,震盪中性
2019-10-31,11358.7099609375,8083.830078125,1651.219970703125,13.220000267028809,30.21500015258789,58.204334365325074,59.75232198142415,323.0,,,4.439166908803971,7894.988525390625,,5.831594530174122,1603.8009948730469,,6.82253132900561,30.57755002975464,30.959499994913738,-2.704878906241359,35.0,70.0,47.25,震盪中性
2019-11-01,11399.5302734375,8161.169921875,1689.9300537109375,12.300000190734863,30.483999252319336,56.656346749226,61.30030959752322,323.0,,,4.635831934677359,7915.342016601562,,5.2497365147735175,1609.5779968261718,,7.338717724800881,30.555999946594238,30.946983305613198,-1.3941505755917127,35.0,70.0,47.25,震盪中性
2019-11-04,11556.849609375,8210.66015625,1726.9200439453125,12.829999923706055,30.434999465942383,62.22910216718266,67.49226006191951,323.0,,,5.686206234766122,7939.6185302734375,,6.285075860248601,1617.7654968261718,,10.475507807628425,30.535349941253664,30.931466643015543,-1.338822978901688,35.0,70.0,47.25,震盪中性
2019-11-05,11644.0302734375,8210.1796875,1730.1500244140625,13.100000381469727,30.32699966430664,64.70588235294117,68.73065015479877,323.0,,,5.688509514280837,7969.914013671875,,7.9680188422096565,1628.5505004882812,,14.242799709246224,30.51239995956421,30.913116645812988,-1.490936283550992,35.0,70.0,47.25,震盪中性
2019-11-06,11653.0703125,8196.0302734375,1715.6700439453125,12.619999885559082,30.309999465942383,59.75232198142415,65.01547987616098,323.0,,,7.007467009059654,7995.189038085938,,6.573025557445122,1637.29150390625,,11.345690438999178,30.49089994430542,30.90004997253418,-1.3988298906227992,35.0,70.0,47.25,震盪中性
2019-11-07,11606.5595703125,8219.650390625,1727.6800537109375,12.729999542236328,30.371000289916992,53.86996904024768,62.538699690402474,323.0,,,6.580369550902443,8019.153564453125,,6.192096179111917,1645.886004638672,,11.048406940053201,30.476549911499024,30.8835999806722,-0.9361362361264947,25.0,70.0,40.75,中性偏空
2019-11-08,11579.5400390625,8255.8896484375,1736.780029296875,12.069999694824219,30.246999740600586,52.94117647058824,68.73065015479877,323.0,11342.373486328124,,6.332255404046827,8039.754052734375,,5.252627166407731,1653.168505859375,,9.153873282955892,30.463899898529053,30.867249965667725,-0.8295090472111966,50.0,70.0,57.0,震盪中性
2019-11-11,11427.2802734375,8241.91015625,1727.5899658203125,12.6899995803833,30.381000518798828,35.294117647058826,50.15479876160991,323.0,11360.389990234375,,3.255911265215783,8059.733056640625,,5.095170365750978,1660.0280029296875,,8.62612797411102,30.451649951934815,30.851916631062824,-0.7999704051431245,32.5,70.0,45.625,震盪中性
2019-11-12,11520.3701171875,8263.7900390625,1732.4200439453125,12.680000305175781,30.41200065612793,42.10526315789473,53.56037151702786,323.0,11380.818505859375,,3.6769049090287442,8075.780053710938,,4.040614357067529,1665.3645080566407,,6.565218853894073,30.442549991607667,30.83628330230713,-0.5948852956786266,32.5,70.0,45.625,震盪中性
2019-11-13,11467.830078125,8259.8095703125,1732.8599853515625,13.0,30.3799991607666,39.318885448916404,50.77399380804953,323.0,11396.068505859375,,2.7322820276346027,8092.760034179688,,4.287760186281764,1671.9180053710938,,8.182717028617281,30.437499904632567,30.820749950408935,-0.3313596552568021,32.5,70.0,45.625,震盪中性
2019-11-14,11450.419921875,8257.830078125,1727.5899658203125,13.050000190734863,30.458999633789062,36.53250773993808,46.43962848297213,323.0,11409.2455078125,,2.355795734138555,8108.54453125,,3.9748724647494793,1677.939501953125,,7.49333788044908,30.43494987487793,30.80703328450521,-0.16716025798155787,32.5,70.0,45.625,震盪中性
2019-11-15,11525.599609375,8315.51953125,1742.9300537109375,12.050000190734863,30.430999755859375,38.69969040247678,45.82043343653251,323.0,11426.514501953125,,3.0892047854115923,8130.89599609375,,5.68125883822117,1685.5815063476562,,9.612040272939915,30.42614984512329,30.79251661300659,-0.575033793167179,32.5,70.0,45.625,震盪中性
2019-11-18,11599.7802734375,8328.48046875,1738.780029296875,12.460000038146973,30.489999771118164,47.05882352941176,46.749226006191954,323.0,11447.29599609375,,3.7162401102983855,8150.303515625,,4.888340746618636,1691.518505859375,,7.329447876059203,30.423799800872803,30.777033265431722,-0.15391454301303398,42.5,70.0,52.125,震盪中性
2019-11-19,11656.400390625,8338.740234375,1730.5,12.859999656677246,30.43899917602539,47.05882352941176,45.51083591331269,323.0,11466.553515625,,3.4171044970610964,8173.509521484375,,5.893873104741787,1697.663507080078,,7.644938186147199,30.4197998046875,30.761449909210206,-0.262131544499955,42.5,70.0,52.125,震盪中性
2019-11-20,11631.2001953125,8283.75,1710.1400146484375,12.779999732971191,30.434999465942383,46.43962848297213,47.368421052631575,323.0,11486.130029296875,,3.483467718882838,8193.223510742188,,4.9975445045020495,1704.3415100097657,,8.471505557382407,30.418549823760987,30.746566581726075,-0.0820736023692703,42.5,70.0,52.125,震盪中性
2019-11-21,11558.26953125,8265.6201171875,1690.8299560546875,13.130000114440918,30.447999954223633,39.0092879256966,39.0092879256966,323.0,11498.0365234375,,2.1035949220411743,8208.168505859376,,3.7518564011678635,1708.1075073242187,,4.66230143012174,30.412249851226807,30.73063325881958,-0.4121130801859385,25.0,50.0,33.75,中性偏空
2019-11-22,11566.7998046875,8272.0498046875,1690.7900390625,12.34000015258789,30.44700050354004,42.10526315789473,41.17647058823529,323.0,11511.5705078125,,2.3962182120226494,8220.309985351563,,3.024323450424582,1710.2135070800782,,2.554786221286176,30.40994987487793,30.71689993540446,-0.1508527430279183,25.0,50.0,33.75,中性偏空
2019-11-25,11561.580078125,8371.9296875,1731.949951171875,11.869999885559082,30.55900001525879,46.43962848297213,43.653250773993804,323.0,11523.89853515625,,2.1790554244651927,8233.372973632813,7958.4210205078125,3.221186019669786,1712.9325073242187,1623.757666015625,3.241593890204464,30.40979986190796,30.703999932607015,-0.009816960187325474,35.0,100.0,57.75,震盪中性
2019-11-26,11576.8203125,8385.75,1723.260009765625,11.539999961853027,30.451000213623047,51.08359133126935,45.51083591331269,323.0,11536.046044921875,,2.143576667109248,8250.284985351562,7971.3583577473955,4.2030422357459685,1715.972509765625,1627.840000406901,3.657233873701138,30.405999851226806,30.68883326848348,-0.24896063340443808,42.5,100.0,62.625,中性偏多
2019-11-27,11647.4599609375,8444.7099609375,1735.9100341796875,11.75,30.440000534057617,56.03715170278638,48.60681114551084,323.0,11549.405029296875,,2.347742595791935,8268.364990234375,7983.449357096354,4.473526944114337,1719.6950134277345,1631.4460001627604,4.481003153406005,30.408049869537354,30.673649946848553,0.1348740615959576,52.5,100.0,69.125,中性偏多
2019-11-28,11617.080078125,,,,30.461999893188477,51.39318885448917,48.91640866873065,323.0,11562.32353515625,,2.2746431423641633,,,4.464219056125973,,,5.1289389045179545,30.420399856567382,30.661883290608724,0.8174739015496257,42.5,0.0,27.625,偏空逆風
2019-11-29,11489.5703125,8403.6796875,1716.8399658203125,12.619999885559082,30.423999786376953,39.318885448916404,40.86687306501548,323.0,11566.825537109375,,0.7898574494100474,,,2.9715073689984495,,,1.5923683971583946,30.417399883270264,30.64944995244344,-0.19682281660539092,0.0,30.0,10.5,偏空逆風
2019-12-02,11502.830078125,8309.259765625,1691.75,14.90999984741211,30.52899932861328,31.88854489164087,36.22291021671827,323.0,11564.124560546876,,-0.46742436802309495,,,1.2008731027546515,,,-2.036576277438018,30.42209987640381,30.638583278656007,0.30885449094910644,0.0,30.0,10.5,偏空逆風
2019-12-03,11531.580078125,8254.740234375,1665.7099609375,15.960000038146973,30.43400001525879,40.24767801857585,34.05572755417957,323.0,11558.50205078125,,-0.9657325914809944,,,0.5427475228446443,,,-3.7245361712713865,30.427449893951415,30.626233291625976,0.3528220797855086,0.0,30.0,10.5,偏空逆風
2019-12-04,11510.4697265625,8296.5302734375,1691.449951171875,14.800000190734863,30.44499969482422,40.55727554179567,34.984520123839005,323.0,11551.372021484374,,-1.223716858419155,,,1.2262033770874536,,,-1.4116987621781596,30.43419990539551,30.615566635131835,0.44539832154575354,0.0,30.0,10.5,偏空逆風
2019-12-05,11594.650390625,8308.400390625,1697.6600341796875,14.520000457763672,30.468000411987305,47.987616099071204,41.17647058823529,323.0,11550.7765625,,-0.10260731972601134,,,1.079729620875658,,,-1.7375913709699375,30.439049911499023,30.606116644541423,0.3193840214163579,35.0,30.0,33.25,中性偏空
2019-12-06,11609.6396484375,8397.3701171875,1724.2099609375,13.619999885559082,30.413999557495117,51.39318885448917,40.86687306501548,323.0,11552.28154296875,,0.2599378669054353,,,1.7136913739729698,,,-0.7237570761602918,30.44739990234375,30.60043331782023,0.5521202708590245,35.0,30.0,33.25,中性偏空
2019-12-09,11660.76953125,8362.740234375,1714.97998046875,15.859999656677246,30.422000885009766,54.79876160990712,54.79876160990712,323.0,11563.956005859374,,2.043261845561295,,,1.4660445920218201,,,-0.7299177235944976,30.449449920654295,30.59221665064494,0.1349539696217983,42.5,30.0,38.125,中性偏空
2019-12-10,11627.83984375,8354.2900390625,1720.9000244140625,15.680000305175781,30.39699935913086,54.4891640866873,52.94117647058824,323.0,11569.3294921875,,0.9328669606036621,,,1.0951391501019758,,,-0.6649668809542875,30.448699855804442,30.58404998779297,-0.049326899491719534,42.5,30.0,38.125,中性偏空
2019-12-11,11700.76953125,8402.6103515625,1759.199951171875,14.989999771118164,30.45199966430664,57.27554179566563,53.56037151702786,323.0,11580.97646484375,,2.031242628623642,,,1.728862875522652,,,1.5200285102646927,30.452299880981446,30.57743330001831,0.23699968903561075,52.5,30.0,44.625,中性偏空
2019-12-12,11836.419921875,8466.8896484375,1806.8699951171875,13.9399995803833,30.344999313354492,58.204334365325074,61.91950464396285,323.0,11600.27646484375,,3.3710554078683286,,,2.531652605280632,,,4.589053587101066,30.446599864959715,30.567149957021076,-0.3742746702295019,60.0,30.0,49.5,震盪中性
2019-12-13,11927.73046875,8487.7099609375,1796.0400390625,12.630000114440918,30.187000274658203,53.86996904024768,58.51393188854489,323.0,11620.3830078125,,3.489023330707264,,,2.0707116258990466,,,3.0471667660147306,30.43439989089966,30.55584996541341,-0.8018122413286477,50.0,30.0,43.0,中性偏空
2019-12-16,11939.76953125,8570.330078125,1813.31005859375,12.140000343322754,30.219999313354492,64.39628482972137,60.99071207430341,323.0,11637.382470703125,,2.9309973964855685,,,2.903886372579789,,,4.286340309936354,30.420899868011475,30.543066628774007,-0.8855377493949046,60.0,30.0,49.5,震盪中性
2019-12-17,12097.009765625,8575.7001953125,1821.9200439453125,12.289999961853027,30.097000122070312,73.9938080495356,63.1578947368421,323.0,11659.412939453125,,3.7799780398275695,,,2.841675772086938,,,5.282868763092319,30.40379991531372,30.52901662190755,-1.1235555150067023,60.0,30.0,49.5,震盪中性
2019-12-18,12122.4501953125,8580.6201171875,1820.2900390625,12.579999923706055,30.01799964904785,77.70897832817337,69.3498452012384,323.0,11683.975439453125,,4.223553818616055,,,3.5837648068507644,,,6.44099450749982,30.382949924468996,30.51389996210734,-1.370132492892484,60.0,30.0,49.5,震盪中性
2019-12-19,12018.900390625,8641.2900390625,1834.969970703125,12.5,30.03499984741211,75.54179566563467,70.58823529411765,323.0,11707.006982421875,,3.98529259185032,,,4.54496960359736,,,8.524808431048125,30.362299919128418,30.498699951171876,-1.3564112829494213,60.0,30.0,49.5,震盪中性
2019-12-20,11959.080078125,8678.490234375,1853.8699951171875,12.510000228881836,30.14900016784668,72.13622291021672,68.11145510835914,323.0,11726.62099609375,,3.3914330675847593,,,4.9134185514355,,,9.64519261925101,30.34739990234375,30.48568328221639,-0.9787510453080905,60.0,30.0,49.5,震盪中性
2019-12-23,12022.23046875,8696.009765625,1857.1199951171875,12.609999656677246,30.125,72.13622291021672,66.25386996904025,323.0,11749.653515625,,3.984320374137873,,,3.8710320108024776,,,7.227116687789947,30.325699901580812,30.47054993311564,-1.420203589914859,60.0,30.0,49.5,震盪中性
2019-12-24,11976.3798828125,8699.509765625,1862.199951171875,12.670000076293945,30.138999938964844,70.27863777089783,61.91950464396285,323.0,11769.631494140625,,3.451375762316,,,3.7415826327400703,,,8.062622043039624,30.3100998878479,30.45563325881958,-1.0245977881495727,60.0,30.0,49.5,震盪中性
2019-12-25,12008.1298828125,,,,30.0,75.54179566563467,62.538699690402474,323.0,11787.664990234374,,3.0965542966843618,,,3.0172712368585985,,,7.2751418279499935,30.28809986114502,30.438566589355467,-1.4454682205584213,60.0,0.0,39.0,中性偏空
2019-12-26,12001.009765625,8778.3095703125,1864.489990234375,12.649999618530273,29.899999618530273,78.94736842105263,65.3250773993808,323.0,11806.861474609375,,3.304872523199198,,,3.950397478636014,,,7.40706335714274,30.25999984741211,30.419316577911378,-1.8449224497038674,60.0,30.0,49.5,震盪中性
2019-12-27,12091.58984375,8770.98046875,1858.5899658203125,13.430000305175781,30.076000213623047,80.80495356037152,78.328173374613,323.0,11836.962451171876,,5.239704487425767,,,4.370713721946573,,,8.256448057013355,30.242599868774413,30.405333232879638,-1.1438324191342275,60.0,30.0,49.5,震盪中性
2019-12-30,12053.3701171875,8709.73046875,1844.3900146484375,14.819999694824219,30.08300018310547,77.70897832817337,82.35294117647058,323.0,11864.489453125,,4.786126851595118,,,4.819571350768537,,,9.022610589533775,30.220299911499023,30.392583243052165,-1.460903256956081,60.0,30.0,49.5,震盪中性
2019-12-31,11997.1396484375,8733.0703125,1849.6199951171875,13.779999732971191,30.073999404907227,73.37461300309597,78.328173374613,323.0,11887.767431640625,,4.037257402354166,,,5.794610908930875,,,11.040939809003646,30.202299880981446,30.38071657816569,-1.182889564865175,60.0,30.0,49.5,震盪中性
2020-01-01,,,,,29.898000717163086,,,,,,4.228063088962575,,,5.26171814812928,,,9.351151290981363,30.17494993209839,30.36668326059977,-1.7966792023129008,0.0,0.0,0.0,偏空逆風
2020-01-02,12100.48046875,8872.2197265625,1887.9100341796875,12.470000267028809,29.8439998626709,79.87616099071208,79.87616099071208,323.0,,,4.362616043464285,,,6.7861358315578935,,,11.206601803047644,30.143749904632568,30.35311657587687,-2.0480521887839442,35.0,30.0,33.25,中性偏空
2020-01-03,12110.4296875,8793.900390625,1853.97998046875,14.020000457763672,29.899999618530273,68.73065015479877,78.63777089783281,323.0,,,4.313570913718245,,,4.722076887213689,,,7.526346702039155,30.118049907684327,30.343116569519044,-1.6900110029697712,35.0,30.0,33.25,中性偏空
2020-01-06,11953.3603515625,8848.51953125,1834.6800537109375,13.850000381469727,30.03499984741211,46.13003095975232,62.538699690402474,323.0,,,2.5091896339120456,,,5.808853118242352,,,6.979677582561061,30.098699855804444,30.333266576131184,-1.272109086645734,25.0,30.0,26.75,偏空逆風
2020-01-07,11880.3203125,8846.4501953125,1867.280029296875,13.789999961853027,30.047000885009766,33.746130030959755,56.34674922600619,323.0,,,2.1713445673721576,,,5.891106891774012,,,8.506014457908574,30.08119993209839,30.324149926503498,-1.1514244218186587,15.0,30.0,20.25,偏空逆風
2020-01-08,11817.099609375,8912.3701171875,1867.5899658203125,13.449999809265137,29.985000610351562,21.36222910216718,45.82043343653251,323.0,,,0.9942087810063338,,,6.066683379293059,,,6.161324332474805,30.057849979400636,30.315883255004884,-1.5335579242845454,7.5,30.0,15.375,偏空逆風
2020-01-09,11970.6298828125,8989.6298828125,1878.72998046875,12.539999961853027,30.010000228881836,33.43653250773993,51.702786377708975,323.0,,,1.1338729263015157,,,6.173934657002023,,,3.9770423741472216,30.041100025177002,30.307549921671548,-1.103968008083711,7.5,30.0,15.375,偏空逆風
2020-01-10,12024.650390625,8966.6396484375,1866.3499755859375,12.5600004196167,29.94300079345703,39.0092879256966,53.56037151702786,323.0,,,0.8125596242212652,,,5.642625510345556,,,3.9147198834240893,30.028900051116942,30.296483262379965,-0.8082932354362082,7.5,30.0,15.375,偏空逆風
2020-01-13,12113.419921875,9070.650390625,1890.7900390625,12.319999694824219,29.961999893188477,54.179566563467496,65.63467492260062,323.0,,,1.4543864533608009,,,5.837818473025003,,,4.272847883987185,30.016000080108643,30.286899916330974,-0.8537373462215947,25.0,30.0,26.75,偏空逆風
2020-01-14,12179.8095703125,9033.419921875,1894.6400146484375,12.390000343322754,29.874000549316406,56.965944272445824,60.99071207430341,323.0,,,0.6844650561726784,,,5.337403548840136,,,3.991391990268256,30.004850101470947,30.276149940490722,-0.7409362124113472,35.0,30.0,33.25,中性偏空
2020-01-15,12091.8798828125,9035.669921875,1872.1600341796875,12.420000076293945,29.826000213623047,53.86996904024768,52.012383900928796,323.0,,,-0.2521793202484801,,,5.303227487906237,,,2.8495456220757998,29.995250129699706,30.265583292643228,-0.6396143569509793,17.5,30.0,21.875,偏空逆風
2020-01-16,12066.9296875,9125.0,1903.9300537109375,12.319999694824219,29.933000564575195,57.585139318885446,51.702786377708975,323.0,,,0.39961473441001427,,,5.597659131343979,,,3.758104171121035,29.99015016555786,30.254899978637695,-0.33960140953922524,27.5,30.0,28.375,偏空逆風
2020-01-17,12090.2900390625,9173.73046875,1916.6199951171875,12.100000381469727,29.89900016784668,62.538699690402474,54.79876160990712,323.0,,,1.0971576415605977,,,5.7065252250141585,,,3.384811241633656,29.97765016555786,30.244999980926515,-0.8292148947168787,27.5,30.0,28.375,偏空逆風
2020-01-20,12118.7099609375,,,,29.950000762939453,62.538699690402474,58.204334365325074,323.0,,,0.8025090887941566,,,5.493562173922717,,,3.2038855947079226,29.968900203704834,30.234799989064534,-0.5809103304914465,35.0,0.0,22.75,偏空逆風
2020-01-21,,9166.6298828125,1915.0,12.850000381469727,29.891000747680664,,,,,,1.1884232089970803,,,5.369499314010384,,,2.835358726913184,29.956500244140624,30.22419999440511,-0.8228514276731436,0.0,30.0,10.5,偏空逆風
2020-01-22,,9188.580078125,1930.22998046875,12.90999984741211,30.04199981689453,,,,,,0.9208767660256134,,,5.621814627216115,,,3.6532075545412823,29.95860023498535,30.218249988555907,0.1399993896484375,0.0,30.0,10.5,偏空逆風
2020-01-23,,9216.98046875,1945.3699951171875,12.979999542236328,29.91900062561035,,,,,,0.9807524334296769,,,4.997213813477797,,,4.337915746742382,29.959550285339354,30.213316663106283,0.06354851947323326,0.0,30.0,10.5,偏空逆風
2020-01-24,,9141.4697265625,1924.030029296875,14.5600004196167,29.975000381469727,,,,,,0.22428909298075617,,,4.224034691817069,,,3.520952156205137,29.95450029373169,30.20483334859212,-0.3358153725094515,0.0,30.0,10.5,偏空逆風
2020-01-27,,8952.1796875,1848.8599853515625,18.229999542236328,30.020000457763672,,,,,,0.5420877573221405,,,2.783659260408733,,,0.2423549611320741,29.9513503074646,30.19791669845581,-0.2094196887223232,0.0,30.0,10.5,偏空逆風
2020-01-28,,9090.9296875,1893.27001953125,16.280000686645508,30.094999313354492,,,,,,1.013327476902659,,,4.097749842776155,,,2.3599455309357698,29.952400302886964,30.19405002593994,0.06982745515329292,0.0,30.0,10.5,偏空逆風
2020-01-29,,9101.6103515625,1858.699951171875,16.389999389648438,30.0049991607666,,,,,,1.013327476902659,,,4.220051206217734,,,0.4909092721022468,29.957750225067137,30.188966687520345,0.35787825619419955,0.0,30.0,10.5,偏空逆風
2020-01-30,11421.740234375,9136.08984375,1855.800048828125,15.489999771118164,30.090999603271484,11.76470588235294,19.195046439628484,323.0,,,-5.609200693541672,,,2.9741161211044087,,,-1.700821796072216,29.97010021209717,30.184300009409586,0.8276361805963361,0.0,30.0,10.5,偏空逆風
2020-01-31,11495.099609375,8991.509765625,1789.9300537109375,18.84000015258789,30.204999923706055,14.241486068111456,23.219814241486066,323.0,,,-5.080992945775686,,,2.24711864158329,,,-3.454725910342271,29.98535022735596,30.183600012461344,1.0200679233011156,0.0,30.0,10.5,偏空逆風
2020-02-03,11354.919921875,9126.23046875,1812.1800537109375,17.969999313354492,30.34600067138672,13.312693498452013,17.956656346749224,323.0,,,-5.0064618825724105,,,3.138501717933928,,,-1.226371865464504,30.000900268554688,30.18301668167114,1.0354613802383783,0.0,30.0,10.5,偏空逆風
2020-02-04,11555.919921875,9334.0595703125,1868.6500244140625,16.049999237060547,30.239999771118164,16.09907120743034,20.43343653250774,323.0,,,-2.730569396211302,,,5.511921327024161,,,0.07336848762331538,30.010550212860107,30.18015000025431,0.642323294917202,0.0,30.0,10.5,偏空逆風
2020-02-05,11573.6201171875,9367.48046875,1909.52001953125,15.149999618530273,30.027999877929688,16.408668730650156,18.575851393188856,323.0,,,-2.0603997616668757,,,5.106501924609486,,,2.245142374842457,30.012700176239015,30.174283345540363,0.1434025903046976,0.0,30.0,10.5,偏空逆風
2020-02-06,11749.6796875,9445.919921875,1909.6400146484375,14.960000038146973,29.951000213623047,24.76780185758514,21.36222910216718,323.0,,,-1.8457691656622144,,,5.075737766856148,,,1.645262198454689,30.009750175476075,30.165816688537596,-0.19660118230191426,0.0,30.0,10.5,偏空逆風
2020-02-07,11612.8095703125,9401.099609375,1864.3599853515625,15.470000267028809,30.030000686645508,19.814241486068113,20.743034055727556,323.0,,,-3.4249712626455375,,,4.845292974533755,,,-0.10662470921350975,30.0141001701355,30.159133370717367,0.29055168447742474,0.0,30.0,10.5,偏空逆風
2020-02-10,11574.0703125,9516.83984375,1892.800048828125,15.039999961853027,30.177000045776367,17.647058823529413,18.575851393188856,323.0,,,-4.452496593476596,,,4.919045866723737,,,0.10630528636703662,30.024850177764893,30.153916708628337,0.7175761075840947,0.0,30.0,10.5,偏空逆風
2020-02-11,11664.0400390625,9517.8603515625,1931.0799560546875,15.180000305175781,30.025999069213867,21.671826625387,20.43343653250774,323.0,,,-4.234627218697695,,,5.362757780299754,,,1.923317417795145,30.032450103759764,30.147033373514812,0.508798678123279,0.0,30.0,10.5,偏空逆風
2020-02-12,11774.1904296875,9613.2001953125,1958.8199462890625,13.739999771118164,29.948999404907227,27.86377708978328,29.411764705882355,323.0,,,-2.6272958068047525,,,6.391670771851921,,,4.628873094566743,30.038600063323976,30.138933372497558,0.4123891584631556,0.0,30.0,10.5,偏空逆風
2020-02-13,11791.7802734375,9595.7001953125,1960.3399658203125,14.149999618530273,29.90999984741211,30.959752321981426,30.959752321981426,323.0,,,-2.280194060859775,,,5.158358304794519,,,2.9628143113465066,30.03745002746582,30.129966704050698,-0.0768406665862531,0.0,30.0,10.5,偏空逆風
2020-02-14,11815.7001953125,9623.580078125,1956.56005859375,13.680000305175781,29.985000610351562,34.36532507739938,36.53250773993808,323.0,,,-2.271160103379055,,,4.903671531525777,,,2.0838801420372643,30.041750049591066,30.122266705830892,0.2876365163453354,0.0,30.0,10.5,偏空逆風
2020-02-17,11763.509765625,,,,30.014999389648438,32.50773993808049,29.721362229102166,323.0,,,-2.9310066538222657,,,4.903671531525777,,,2.0838801420372643,30.044999980926512,30.113200028737385,0.217023789827131,0.0,0.0,0.0,偏空逆風
2020-02-18,11648.98046875,9629.7998046875,1929.1199951171875,14.829999923706055,30.016000747680664,33.43653250773993,26.625386996904027,323.0,,,-3.8760684404659296,,,5.052783059818378,,,0.7373365596442527,30.051249980926514,30.105950037638348,0.4181860656160774,0.0,30.0,10.5,偏空逆風
2020-02-19,11758.83984375,9718.73046875,1979.5,14.380000114440918,30.05500030517578,47.6780185758514,24.76780185758514,323.0,,,-2.9695414639633877,,,5.7696661085548495,,,2.5525465892558996,30.051900005340578,30.099533367156983,0.04327437707372095,10.0,30.0,17.0,偏空逆風
2020-02-20,11725.08984375,9627.830078125,1949.25,15.5600004196167,30.17099952697754,48.60681114551084,22.60061919504644,323.0,,,-3.2480364531890293,,,4.457529347794309,,,0.19944817143018323,30.064499950408937,30.094683361053466,0.8422704505426593,10.0,30.0,17.0,偏空逆風
2020-02-21,11686.349609375,9446.6904296875,1891.050048828125,17.079999923706055,30.225000381469727,43.653250773993804,22.60061919504644,323.0,,,-3.5677093762961243,,,3.338858107664189,,,-1.7141094456203598,30.076999950408936,30.091366704305013,0.8340283463500686,0.0,30.0,10.5,偏空逆風
2020-02-24,11534.8701171875,9079.6298828125,1801.22998046875,25.030000686645508,30.386999130249023,33.126934984520126,17.956656346749224,323.0,,,-4.817673214656537,,,1.4236778054227406,,,-2.5761823642776016,30.095349884033205,30.089000034332276,1.222513880376841,0.0,15.0,5.25,偏空逆風
2020-02-25,11540.23046875,8834.8701171875,1746.1099853515625,27.850000381469727,30.341999053955078,31.88854489164087,14.551083591331269,323.0,,,-4.773441183526339,,,-2.816648891967355,,,-7.772796941881666,30.107699871063232,30.087466684977212,0.8207334980432579,0.0,15.0,5.25,偏空逆風
2020-02-26,11433.6201171875,8873.759765625,1749.949951171875,27.559999465942383,30.413000106811523,31.269349845201237,11.455108359133128,323.0,11623.75302734375,,-5.653158182333473,,,-2.5034095850783644,,,-5.850863660454464,30.12809991836548,30.086933358510336,1.3597765620950497,0.0,15.0,5.25,偏空逆風
2020-02-27,11292.169921875,8436.669921875,1668.6500244140625,39.15999984741211,30.20800018310547,16.09907120743034,31.269349845201237,323.0,11617.27451171875,,-1.1344183096551608,,,-7.655571845689247,,,-10.08460068379896,30.133949947357177,30.082600021362303,0.3888225096426057,0.0,0.0,0.0,偏空逆風
2020-02-28,,8461.830078125,1705.5400390625,40.11000061035156,30.19300079345703,,,,,,-1.7653582343427288,,,-5.8908870846695045,,,-4.7147101906846896,30.133349990844728,30.078916708628338,-0.03972564237487708,0.0,0.0,0.0,偏空逆風
2020-03-02,11170.4599609375,8877.98046875,1765.3800048828125,33.41999816894531,30.124000549316406,13.622291021671826,23.8390092879257,323.0,,,-1.6244937190806774,,,-2.720181139957578,,,-2.582527532641643,30.12224998474121,30.07395003636678,-0.7315630302468068,0.0,0.0,0.0,偏空逆風
2020-03-03,11327.7197265625,8594.490234375,1705.260009765625,36.81999969482422,29.80500030517578,20.743034055727556,50.15479876160991,323.0,,,-1.9747471153769736,,,-7.923340646868615,,,-8.743746154375287,30.10050001144409,30.06408338546753,-1.4384903083162204,7.5,0.0,4.875,偏空逆風
2020-03-04,11392.349609375,8949.2802734375,1789.5699462890625,31.989999771118164,29.770000457763672,21.052631578947366,33.126934984520126,323.0,,,-1.5662386183153076,,,-4.464382890443375,,,-6.281687126361357,30.08760004043579,30.052716732025146,-0.8591961543054416,0.0,0.0,0.0,偏空逆風
2020-03-05,11514.8203125,8671.66015625,1734.030029296875,39.619998931884766,29.75,34.6749226006192,42.10526315789473,323.0,,,-1.998857681625632,,,-8.196764021172331,,,-9.195973272684698,30.07755002975464,30.04280007680257,-0.6710968321238964,0.0,0.0,0.0,偏空逆風
2020-03-06,11321.8095703125,8530.33984375,1699.8900146484375,41.939998626708984,29.884000778198242,23.52941176470588,22.291021671826623,323.0,,,-2.5058535424874684,,,-9.26231825856475,,,-8.821792572002174,30.070250034332275,30.037750085194904,-0.48618017019290694,0.0,0.0,0.0,偏空逆風
2020-03-09,10977.6396484375,7948.02978515625,1558.1600341796875,54.459999084472656,29.900999069213867,10.21671826625387,17.956656346749224,323.0,,,-5.153162612277851,,,-16.484569293493323,,,-17.679628382069236,30.056449985504152,30.032433414459227,-0.9146070720874366,0.0,0.0,0.0,偏空逆風
2020-03-10,11003.5400390625,8372.26953125,1656.5,47.29999923706055,29.985000610351562,13.312693498452013,21.671826625387,323.0,,,-5.662703469706953,,,-12.03622219698185,,,-14.218984314645933,30.054400062561037,30.030566755930582,-0.13654319634059942,0.0,0.0,0.0,偏空逆風
2020-03-11,10893.75,8006.1201171875,1562.5400390625,53.900001525878906,29.739999771118164,9.597523219814242,16.408668730650156,323.0,,,-7.477715219108005,,,-16.717430673176136,,,-20.2305427804789,30.043950080871582,30.025933424631756,-0.6978518078798235,0.0,0.0,0.0,偏空逆風
2020-03-12,10422.3203125,7263.64990234375,1392.1099853515625,75.47000122070312,30.069000244140625,2.476780185758514,7.120743034055728,323.0,,,-11.613682829745265,,,-24.303075810017038,,,-28.986297804267423,30.051900100708007,30.026500097910564,0.5315961134726432,0.0,0.0,0.0,偏空逆風
2020-03-13,10128.8701171875,7995.259765625,1544.260009765625,57.83000183105469,29.947999954223633,0.6191950464396285,3.0959752321981426,323.0,,,-14.27617534502268,,,-16.920109764569567,,,-21.072700887314433,30.050050067901612,30.02315009435018,-0.12339721652416813,0.0,0.0,0.0,偏空逆風
2020-03-16,9717.76953125,7020.3798828125,1298.780029296875,82.69000244140625,30.10700035095215,0.30959752321981426,1.8575851393188854,323.0,,,-17.390560089073116,8616.963525390625,,-27.050226362533593,1706.3440063476562,,-33.6192097149139,30.054650115966798,30.02285010019938,0.30651661893899007,0.0,0.0,0.0,偏空逆風
2020-03-17,9439.6298828125,7473.9501953125,1426.52001953125,75.91000366210938,30.236000061035156,0.6191950464396285,0.9287925696594427,323.0,,,-18.96604249500107,8509.171044921875,,-22.38727339197225,1681.2140075683594,,-26.053328816147914,30.065650081634523,30.024466768900552,0.7329401248482137,0.0,0.0,0.0,偏空逆風
2020-03-18,9218.669921875,7175.18017578125,1286.8399658203125,76.44999694824219,30.030000686645508,0.9287925696594427,1.5479876160990713,323.0,,,-21.60221548748399,8381.993530273438,,-26.17163117289223,1646.581005859375,,-34.99166628844089,30.064400100708006,30.024966780344645,-0.08317956505217161,0.0,0.0,0.0,偏空逆風
2020-03-19,8681.33984375,7288.52001953125,1341.219970703125,72.0,30.125,0.30959752321981426,0.6191950464396285,323.0,,,-25.959289357790773,8265.02802734375,,-24.297375832471335,1616.1795043945312,,-31.193024460529696,30.06210012435913,30.028716786702475,-0.15246272148328188,0.0,0.0,0.0,偏空逆風
2020-03-20,9234.08984375,6994.2900390625,1298.5400390625,66.04000091552734,30.320999145507812,0.30959752321981426,0.6191950464396285,323.0,,,-20.98396717190245,8142.4080078125,,-25.960418718898637,1586.55400390625,,-31.332328307904955,30.066900062561036,30.032800102233885,0.3176137727923356,0.0,0.0,0.0,偏空逆風
2020-03-23,8890.0302734375,7006.919921875,1342.1199951171875,61.59000015258789,30.268999099731445,0.9287925696594427,0.6191950464396285,323.0,,,-22.929082138593515,8038.772509765625,,-22.828132728858098,1563.5985046386718,,-25.488693300123966,30.061000061035156,30.03590008417765,-0.388324065867085,0.0,0.0,0.0,偏空逆風
2020-03-24,9285.6201171875,7553.830078125,1491.8299560546875,61.66999816894531,30.215999603271484,1.238390092879257,1.238390092879257,323.0,,,-19.53696122159605,7974.7205078125,,-14.499817451422903,1550.884503173828,,-14.562658219131496,30.054700088500976,30.038266754150392,-0.41526417049693176,0.0,0.0,0.0,偏空逆風
2020-03-25,9644.75,7469.6201171875,1472.5699462890625,63.95000076293945,30.145000457763672,3.4055727554179565,1.238390092879257,323.0,,,-15.64570187615727,7904.513525390625,,-15.82350306435869,1537.0155029296875,,-15.850739313833618,30.041300106048585,30.042383416493735,-0.8812009604663329,0.0,0.0,0.0,偏空逆風
2020-03-26,9736.3603515625,7897.1298828125,1572.6099853515625,61.0,30.253000259399414,8.04953560371517,1.238390092879257,323.0,,,-13.77777328074573,7877.5365234375,,-6.395177766331184,1532.2135009765625,,-5.7555531511902185,30.043550109863283,30.049200089772544,0.14896741267604874,0.0,40.0,14.0,偏空逆風
2020-03-27,9698.919921875,7588.3701171875,1488.75,65.54000091552734,30.131000518798828,10.21671826625387,1.5479876160990713,323.0,10185.02294921875,,-14.109334264564888,7833.863525390625,,-10.32235288197898,1521.3739990234376,,-12.71093226176414,30.04045009613037,30.053050104777018,-0.20534651418827599,0.0,0.0,0.0,偏空逆風
2020-03-30,9629.4296875,7889.009765625,1545.31005859375,57.08000183105469,30.16699981689453,12.693498452012383,2.1671826625387,323.0,10107.971435546875,,-13.795584772931468,7784.414990234375,,-11.139590885631279,1510.3705017089844,,-12.465868293533266,30.042600059509276,30.055250104268392,0.14274089361978604,0.0,40.0,14.0,偏空逆風
2020-03-31,9708.0595703125,7813.5,1510.5899658203125,53.540000915527344,30.030000686645508,18.885448916408667,3.0959752321981426,323.0,10026.988427734375,,-14.298201185645866,7745.365478515625,,-9.08710363357338,1500.6369995117188,,-11.415856985473338,30.053850078582762,30.054966767628986,0.7549081669717461,0.0,40.0,14.0,偏空逆風
2020-04-01,9663.6298828125,7486.2900390625,1427.72998046875,57.060001373291016,30.229999542236328,24.458204334365323,2.476780185758514,323.0,9940.55244140625,,-15.174391463020942,7672.215966796875,,-16.347574214625105,1482.5450012207032,,-20.219381006629057,30.076850032806398,30.0590500831604,1.5451766120235133,0.0,0.0,0.0,偏空逆風
2020-04-02,,7635.66015625,1474.6099853515625,50.90999984741211,30.218000411987305,,,,,,-16.076589815977638,7620.415966796875,,-11.946962649975568,1469.5739990234374,,-14.960527762630715,30.100250053405762,30.062516752878825,1.5731106285287622,0.0,40.0,14.0,偏空逆風
2020-04-03,,7528.10986328125,1443.0400390625,46.79999923706055,30.08099937438965,,,,,,-14.645889221171837,7570.304467773438,,-11.749004129103513,1456.7315002441405,,-15.109799656012324,30.11009998321533,30.0648167292277,0.6592109190919571,0.0,0.0,0.0,偏空逆風
2020-04-06,9818.740234375,8081.66015625,1592.8800048828125,45.2400016784668,30.25,41.48606811145511,2.476780185758514,323.0,,,-10.556908872732507,7576.985986328125,,1.6813018409080227,1458.4674987792969,,2.228267311541199,30.127550029754637,30.069616731007894,1.1671881932047823,0.0,40.0,14.0,偏空逆風
2020-04-07,9996.3896484375,8049.31005859375,1585.3800048828125,46.70000076293945,30.079999923706055,70.89783281733746,4.953560371517028,323.0,,,-9.152967018337932,7560.8380126953125,,-3.8574901518732108,1454.9114990234375,,-4.293389382263058,30.132299995422365,30.07305005391439,0.31682278279392406,20.0,40.0,27.0,偏空逆風
2020-04-08,10137.4697265625,8229.5400390625,1639.8900146484375,43.349998474121094,30.097000122070312,90.40247678018576,11.455108359133128,323.0,,,-6.942331827309234,7572.009008789062,,2.7906141627248804,1458.7789978027345,,4.950271586790578,30.15015001296997,30.077566719055177,1.2004046862799544,20.0,40.0,27.0,偏空逆風
2020-04-09,10119.4296875,8238.5302734375,1601.72998046875,41.66999816894531,30.066999435424805,94.42724458204334,8.978328173374612,323.0,,,-2.9061726747807604,7620.75302734375,,13.421356813730622,1469.2599975585938,,15.057717947784877,30.15004997253418,30.079800033569335,-0.006654057998523033,20.0,40.0,27.0,偏空逆風
2020-04-10,10157.6103515625,,,,30.066999435424805,96.90402476780186,13.622291021671826,323.0,,,0.28374570946696487,,,3.042684227201997,,,3.721521656955118,30.15599994659424,30.082600021362303,0.3973536843297154,20.0,0.0,13.0,偏空逆風
2020-04-13,10099.2197265625,8332.740234375,1623.6800537109375,41.16999816894531,30.025999069213867,96.59442724458205,37.15170278637771,323.0,,,3.9252854689118655,,,18.69358031145094,,,25.01578535896911,30.151949882507324,30.08386665980021,-0.26904467663355636,20.0,0.0,13.0,偏空逆風
2020-04-14,10332.9404296875,8692.16015625,1695.760009765625,37.7599983215332,29.850000381469727,98.76160990712074,71.51702786377709,323.0,,,9.463406489077752,,,16.299412346921116,,,18.87390198161021,30.132649898529053,30.083183320363364,-1.2766228296938742,35.0,0.0,22.75,偏空逆風
2020-04-15,10447.2099609375,8591.9599609375,1647.9100341796875,40.84000015258789,30.020999908447266,98.76160990712074,91.95046439628483,323.0,,,13.32665177811927,,,19.745563880589078,,,28.058661368137283,30.132199859619142,30.082833321889243,-0.029972620687435114,35.0,0.0,22.75,偏空逆風
2020-04-16,10375.48046875,8757.830078125,1690.8699951171875,40.11000061035156,29.905000686645508,97.52321981424149,95.3560371517028,323.0,,,19.51473684352618,,,20.1592374673651,,,26.069551009649892,30.121199893951417,30.08259998957316,-0.7302881771103498,35.0,0.0,22.75,偏空逆風
2020-04-17,10597.0400390625,8832.41015625,1705.6400146484375,38.150001525878906,29.937000274658203,97.8328173374613,97.52321981424149,323.0,,,14.759984128105486,,,26.280295883095484,,,31.35059092054253,30.101999950408935,30.081966654459634,-1.2664453074479276,35.0,0.0,22.75,偏空逆風
2020-04-20,10586.7099609375,8726.509765625,1667.5699462890625,43.83000183105469,30.03499984741211,98.14241486068111,98.76160990712074,323.0,,,19.085195835266223,,,24.54130863379198,,,24.248945873387285,30.090299987792967,30.082216644287108,-0.773065708411258,35.0,0.0,22.75,偏空逆風
2020-04-21,10288.419921875,8403.0,1588.699951171875,45.40999984741211,30.030000686645508,89.47368421052632,97.21362229102168,323.0,,,10.799492032108194,,,11.2415809343408,,,6.493367070692901,30.08100004196167,30.081133333841958,-0.6155643336910765,35.0,0.0,22.75,偏空逆風
2020-04-22,10307.740234375,8664.6396484375,1682.1199951171875,41.97999954223633,30.09600067138672,86.06811145510835,99.07120743034056,323.0,,,6.874104921071056,,,15.99839767621214,,,14.230227185893597,30.07855005264282,30.082650025685627,-0.16254697506343785,35.0,0.0,22.75,偏空逆風
2020-04-23,10366.509765625,8641.5,1664.6700439453125,41.380001068115234,30.054000854492188,87.92569659442725,97.8328173374613,323.0,,,6.472125017038555,,,9.425831007383634,,,5.853966301324842,30.06860008239746,30.08203337987264,-0.6577840319999306,35.0,0.0,22.75,偏空逆風
2020-04-24,10347.3603515625,8786.599609375,1702.56005859375,35.93000030517578,29.854999542236328,85.13931888544892,95.04643962848297,323.0,,,6.685697324142281,,,15.790340661870662,,,14.361716782115863,30.054800033569336,30.07620004018148,-0.9160033580375204,35.0,0.0,22.75,偏空逆風
2020-04-27,10567.26953125,8837.66015625,1725.0400390625,33.290000915527344,30.07900047302246,96.28482972136223,96.28482972136223,323.0,,,9.73930828912344,,,12.024961545346047,,,11.630674340676084,30.050400066375733,30.071750036875407,-0.29170731065800704,35.0,0.0,22.75,偏空逆風
2020-04-28,10616.0595703125,8677.599609375,1713.2099609375,33.56999969482422,29.913000106811523,96.28482972136223,97.52321981424149,323.0,,,9.35305344413715,,,11.059059440391628,,,13.413302067524091,30.044550037384035,30.066300042470296,-0.38961231155087983,35.0,0.0,22.75,偏空逆風
2020-04-29,10772.2197265625,8982.759765625,1797.760009765625,31.229999542236328,29.80500030517578,96.59442724458205,97.8328173374613,323.0,,,11.471774656040079,,,19.989470335160853,,,25.917367734716002,30.023300075531004,30.062583382924398,-1.4058856880455828,35.0,0.0,22.75,偏空逆風
2020-04-30,10992.1396484375,9000.509765625,1731.239990234375,34.150001525878906,29.6299991607666,97.8328173374613,97.8328173374613,323.0,,,13.747523257154693,,,17.874677257052006,,,17.403246107927938,29.99390001296997,30.057233365376792,-1.9458641975113822,35.0,0.0,22.75,偏空逆風
2020-05-01,,8718.1796875,1644.4000244140625,37.189998626708984,29.584999084472656,,,,,,13.747523257154693,,,15.808348255162663,,,13.953873759620695,29.96909999847412,30.049816672007243,-1.648882351758818,0.0,0.0,0.0,偏空逆風
2020-05-04,10720.48046875,8834.1103515625,1661.300048828125,35.970001220703125,29.89299964904785,93.80804953560371,97.21362229102168,323.0,,,9.183868936852457,,,9.31058941807381,,,4.29536711714491,29.951249980926512,30.04508333206177,-1.180166449428588,35.0,0.0,22.75,偏空逆風
2020-05-05,10774.6103515625,8930.6201171875,1689.5,33.61000061035156,29.610000610351562,92.56965944272446,95.6656346749226,323.0,,,7.7850176963303985,,,10.948889434974983,,,6.567510300149393,29.927750015258788,30.038150024414062,-1.5624977212319924,35.0,0.0,22.75,偏空逆風
2020-05-06,10774.98046875,8984.8603515625,1707.75,34.119998931884766,29.625,88.85448916408669,95.04643962848297,323.0,,,6.28865742027398,,,9.178159519423712,,,4.138081502137236,29.904150009155273,30.032750034332274,-1.5682630167655587,35.0,0.0,22.75,偏空逆風
2020-05-07,10842.919921875,9101.8798828125,1724.9300537109375,31.440000534057617,29.996999740600586,91.3312693498452,92.87925696594426,323.0,,,7.149515898793091,,,10.47941296226822,,,7.691688033842792,29.900650024414062,30.034200032552082,-0.23281237282941625,35.0,0.0,22.75,偏空逆風
2020-05-08,10901.419921875,9220.349609375,1775.6099853515625,27.979999542236328,29.780000686645508,91.64086687306502,94.73684210526315,323.0,,,7.322682644526557,8785.8939453125,,11.917408850254052,1692.0110107421874,,10.855762644333232,29.886300086975098,30.03078336715698,-0.9545307286005889,35.0,55.0,42.0,中性偏空
2020-05-11,11013.259765625,9298.919921875,1774.31005859375,27.56999969482422,29.84000015258789,92.56965944272446,94.73684210526315,323.0,,,9.050600579155965,8834.2029296875,,11.594981486572987,1699.5425109863281,,9.277074294196442,29.8770001411438,30.027866713205974,-0.6194595430354388,35.0,55.0,42.0,中性偏空
2020-05-12,10879.4697265625,9112.4501953125,1725.239990234375,33.040000915527344,29.892000198364258,86.687306501548,93.80804953560371,323.0,,,5.289194306247724,8855.217431640625,,4.835277209662259,1701.0165100097656,,1.738452392967127,29.879100131988526,30.025800037384034,0.14070290237115923,35.0,40.0,36.75,中性偏空
2020-05-13,10938.26953125,9000.080078125,1691.5699462890625,35.279998779296875,29.788000106811523,86.06811145510835,91.64086687306502,323.0,,,4.7003895982620225,8875.6234375,,4.750023499212963,1703.1995056152343,,2.6494111452576075,29.867450141906737,30.02135003407796,-0.776122721915673,35.0,20.0,29.75,偏空逆風
2020-05-14,10780.8798828125,9094.419921875,1739.050048828125,32.61000061035156,29.892000198364258,64.39628482972137,71.8266253869969,323.0,,,3.9072832846972716,8892.4529296875,,3.8433018310177314,1705.6085083007813,,2.8494238971694674,29.866800117492676,30.01670004526774,-0.043472623249452,35.0,40.0,36.75,中性偏空
2020-05-15,10814.919921875,9152.6396484375,1700.8900146484375,31.889999389648438,29.875999450683594,57.89473684210527,72.75541795665634,323.0,,,2.0560447257852887,8908.464404296876,,3.6256184498055566,1705.3710083007813,,-0.27848783794973686,29.863750076293947,30.010883363087974,-0.20376398241291893,35.0,20.0,29.75,偏空逆風
2020-05-18,10740.5498046875,9331.9296875,1782.5400390625,29.299999237060547,29.95400047302246,53.56037151702786,68.42105263157895,323.0,,,1.4531411960621687,8938.735400390626,,6.937709784727875,1711.1195129394532,,6.894468986400648,29.85970010757446,30.00366671880086,-0.2696832855040854,25.0,55.0,35.5,中性偏空
2020-05-19,10860.4404296875,9298.5400390625,1775.6099853515625,30.530000686645508,29.940000534057617,64.70588235294117,72.44582043343654,323.0,,,5.559847985950528,8983.51240234375,,10.657384732387243,1720.4650146484375,,11.764967578794018,29.85520009994507,29.996966743469237,-0.2997008009657298,35.0,40.0,36.75,中性偏空
2020-05-20,10907.7998046875,9485.01953125,1840.7900390625,27.989999771118164,29.844999313354492,63.1578947368421,88.85448916408669,323.0,,,5.821446375912509,9024.531396484375,,9.468136196067189,1728.3985168457032,,9.432742277952567,29.84265003204346,29.98750006357829,-0.8340023672011032,35.0,55.0,42.0,中性偏空
2020-05-21,11008.3095703125,9377.990234375,1790.9599609375,29.530000686645508,29.8799991607666,72.44582043343654,88.54489164086688,323.0,,,6.191088603569228,9061.355908203124,,8.52271288983395,1734.7130126953125,,7.586483426642143,29.833949947357176,29.98203337987264,-0.5789634949703526,35.0,55.0,42.0,中性偏空
2020-05-22,10811.150390625,9413.990234375,1802.31005859375,28.15999984741211,29.875999450683594,46.749226006191954,74.92260061919505,323.0,,,4.4822063145067315,9092.725439453125,,7.140311985202974,1739.7005126953125,,5.85882415698098,29.83499994277954,29.97675002415975,0.07033967097389571,25.0,55.0,35.5,中性偏空
2020-05-25,10871.1796875,,,,30.06800079345703,54.179566563467496,78.328173374613,323.0,,,2.875957269295193,,,6.521297129958303,,,4.4793174524368595,29.83444995880127,29.975816694895425,-0.03656929882126514,25.0,0.0,16.25,偏空逆風
2020-05-26,10997.2099609375,9389.98046875,1820.510009765625,28.010000228881836,30.038000106811523,59.75232198142415,71.20743034055728,323.0,,,3.590318875855547,,,8.209423013771765,,,6.263099752782697,29.84069995880127,29.97970002492269,0.4178785128661655,35.0,15.0,28.0,偏空逆風
2020-05-27,11014.66015625,9442.0498046875,1847.31005859375,27.6200008392334,29.975000381469727,64.39628482972137,70.89783281733746,323.0,,,2.2506079140744095,,,5.1130170576318745,,,2.7562104262506493,29.849199962615966,29.98311669031779,0.5703743484425372,35.0,15.0,28.0,偏空逆風
2020-05-28,10944.1904296875,9416.7099609375,1804.6600341796875,28.59000015258789,30.024999618530273,57.89473684210527,59.44272445820433,323.0,,,-0.4362136970923247,,,4.624184697871936,,,4.240893484407837,29.868949985504152,29.987700017293296,1.3331099188375717,35.0,15.0,28.0,偏空逆風
2020-05-29,10942.16015625,9555.5302734375,1852.489990234375,27.510000228881836,29.90999984741211,53.86996904024768,47.368421052631575,323.0,10876.943017578125,,-0.4546839267512759,,,9.604649318459014,,,12.654461367723457,29.885200023651123,29.988133335113524,1.0985322731006164,42.5,15.0,32.875,中性偏空
2020-06-01,11079.01953125,9598.8896484375,1843.239990234375,28.229999542236328,29.944000244140625,74.92260061919505,68.11145510835914,323.0,10894.869970703125,,3.344430910024365,,,8.657117315041596,,,10.951660510368955,29.88775005340576,29.988850021362303,0.17061049640898496,60.0,15.0,44.25,中性偏空
2020-06-02,11127.9296875,9657.3095703125,1883.4100341796875,26.84000015258789,29.83300018310547,76.47058823529412,66.87306501547987,323.0,10912.5359375,,3.2791843455040937,,,8.137054802347299,,,11.47736218879476,29.898900032043457,29.986316680908203,0.7531224861776709,60.0,15.0,44.25,中性偏空
2020-06-03,11320.16015625,9704.6904296875,1937.469970703125,25.65999984741211,29.8710994720459,87.61609907120743,78.0185758513932,323.0,10939.794921875,,5.059681445188224,,,8.011588939162738,,,13.451615910005854,29.91120500564575,29.988501675923665,0.8307155174545056,60.0,15.0,44.25,中性偏空
2020-06-04,11393.23046875,9629.66015625,1953.469970703125,25.809999465942383,29.857999801635742,90.09287925696594,74.30340557275542,323.0,10967.31044921875,,5.075298451340382,,,5.798585349759788,,,13.249228077423592,29.90425500869751,29.984985001881917,-0.46337947183667794,60.0,15.0,44.25,中性偏空
2020-06-05,11479.400390625,9824.3896484375,2003.760009765625,24.520000457763672,29.845199584960938,92.26006191950464,78.0185758513932,323.0,10996.20947265625,,5.301882441847905,,,6.55116199117145,,,12.849106858840397,29.90751495361328,29.983271662394205,0.21893518069886486,60.0,15.0,44.25,中性偏空
2020-06-08,11610.3203125,9901.51953125,1998.6199951171875,25.809999465942383,29.71299934387207,90.71207430340557,74.61300309597523,323.0,11026.0625,,5.421288152473869,,,6.4803182997353215,,,12.64209349639922,29.90116491317749,29.97670497894287,-0.4256059251554811,60.0,15.0,44.25,中性偏空
2020-06-09,11637.1103515625,9967.169921875,1998.0899658203125,27.56999969482422,29.649999618530273,88.54489164086688,76.78018575851394,323.0,11063.94453125,,6.963948097122796,,,9.37969161139749,,,15.815189604367497,29.889064884185792,29.966938304901124,-0.8095830932291603,60.0,15.0,44.25,中性偏空
2020-06-10,11720.16015625,10094.259765625,2004.6600341796875,27.56999969482422,29.594999313354492,89.1640866873065,77.70897832817337,323.0,11103.0390625,,7.1482113579866,,,12.157443911631871,,,18.5088466827799,29.87941484451294,29.95968828201294,-0.6479145721934421,60.0,15.0,44.25,中性偏空
2020-06-11,11535.76953125,9588.48046875,1876.6600341796875,40.790000915527344,29.55299949645996,65.63467492260062,78.0185758513932,323.0,11140.783544921875,,7.002115380591412,,,5.4325680045477664,,,7.912939909020578,29.862464809417723,29.950154940287273,-1.1340850383202095,60.0,0.0,39.0,中性偏空
2020-06-12,11429.9404296875,9663.7802734375,1903.8499755859375,36.09000015258789,29.524999618530273,51.39318885448917,74.30340557275542,323.0,11171.5345703125,,5.686778193969966,,,5.584625251659059,,,11.932574075311408,29.844914817810057,29.936888281504313,-1.1748555315537423,50.0,0.0,32.5,中性偏空
2020-06-15,11306.259765625,9776.8896484375,1931.010009765625,34.400001525878906,29.62809944152832,43.653250773993804,73.37461300309597,323.0,11199.820068359375,,5.26704844002126,,,4.768145237244115,,,8.329124028047662,29.828619766235352,29.926206620534263,-1.0880050288697096,40.0,0.0,26.0,偏空逆風
2020-06-16,11511.6396484375,9949.3701171875,1965.68994140625,33.66999816894531,29.479999542236328,62.848297213622295,72.75541795665634,323.0,11232.380029296875,,5.996066393126354,,,6.999271664055962,,,10.705051087953454,29.805619716644287,29.913939952850342,-1.5364094309150866,60.0,0.0,39.0,中性偏空
2020-06-17,11534.58984375,9982.48046875,1984.0799560546875,33.470001220703125,29.485000610351562,65.3250773993808,74.61300309597523,323.0,11263.71953125,,5.7462554345115935,,,5.244701245590799,,,7.784153214190792,29.78761978149414,29.902939955393474,-1.2062278816734384,60.0,0.0,39.0,中性偏空
2020-06-18,11548.330078125,10012.0498046875,1980.1400146484375,32.939998626708984,29.489999771118164,68.11145510835914,70.89783281733746,323.0,11290.720556640625,,4.905571599011371,,,6.761145559614223,,,10.563053213758543,29.76811981201172,29.890223280588785,-1.3052188775176332,60.0,0.0,39.0,中性偏空
2020-06-19,11549.8603515625,10008.6396484375,1966.7900390625,35.119998931884766,29.5939998626709,65.01547987616098,82.04334365325077,323.0,11327.6560546875,,6.83285251103416,,,6.3166563726734015,,,9.126064612716256,29.754019832611085,29.88127326965332,-0.9439000977295886,60.0,0.0,39.0,中性偏空
2020-06-22,11572.9296875,10130.330078125,1983.3599853515625,31.770000457763672,29.583999633789062,67.49226006191951,78.328173374613,323.0,11362.7435546875,,6.455141209807191,9764.708984375,,7.6093115237606535,1926.9635009765625,,10.045437292797255,29.729819774627686,29.871556599934895,-1.6096885289869078,60.0,40.0,53.0,震盪中性
2020-06-23,11612.3603515625,10209.8203125,1987.72998046875,31.3700008392334,29.434999465942383,62.22910216718266,74.30340557275542,323.0,11393.50107421875,,5.593695062748072,9805.7009765625,,8.731006911872075,1935.3244995117188,,9.185336515927922,29.699669742584227,29.861639912923177,-2.007459347243301,60.0,40.0,53.0,震盪中性
2020-06-24,11660.669921875,10002.7001953125,1944.300048828125,33.84000015258789,29.54800033569336,62.848297213622295,71.20743034055728,323.0,11425.8015625,,5.864999523007874,9833.73349609375,,5.937803784371742,1940.1739990234375,,5.250336281295831,29.67831974029541,29.850273259480794,-1.4245205682810735,60.0,40.0,53.0,震盪中性
2020-06-25,,10101.830078125,1961.050048828125,32.220001220703125,29.395000457763672,,,,,,6.5466650712140195,9867.989501953125,,7.275578413580996,1947.9934997558594,,8.66589893312093,29.64681978225708,29.83655659357707,-2.0982486886620633,0.0,40.0,14.0,偏空逆風
2020-06-26,,9849.3603515625,1921.9200439453125,34.72999954223633,29.3799991607666,,,,,,6.566434372783303,9882.681005859375,,3.0749740696420558,1951.4650024414063,,3.7479313830005356,29.620319747924803,29.82487325668335,-1.7719849192555759,0.0,0.0,0.0,偏空逆風
2020-06-29,11542.6201171875,9961.16015625,1943.9000244140625,31.780000686645508,29.52199935913086,49.53560371517028,73.06501547987617,323.0,,,4.184491097157528,9900.79453125,,3.774087640141488,1956.4980041503907,,5.461037885082365,29.599219703674315,29.812739912668864,-1.409300299121996,25.0,20.0,23.25,偏空逆風
2020-06-30,11621.240234375,10156.849609375,1996.43994140625,30.43000030517578,29.411500930786133,56.965944272445824,75.54179566563467,323.0,,,4.433084686265909,9925.771533203126,,5.172662587084642,1962.1494995117187,,6.001343582933183,29.57814474105835,29.801598262786865,-1.4128624333198392,35.0,40.0,36.75,中性偏空
2020-07-01,11703.419921875,10279.25,1966.97998046875,28.6200008392334,29.395999908447266,64.08668730650155,71.51702786377709,323.0,,,3.3856390751980436,9954.49951171875,,5.920431717789487,1963.625,,1.523120885064122,29.55438976287842,29.789914925893147,-1.590499084385033,35.0,55.0,42.0,中性偏空
2020-07-02,11805.1396484375,10341.8896484375,1993.6099853515625,27.68000030517578,29.42770004272461,70.89783281733746,75.23219814241486,323.0,,,3.615385301098817,9990.110986328125,,7.396205895441055,1965.6320007324218,,2.0548058199220565,29.53287477493286,29.77925993601481,-1.4411540015066837,35.0,55.0,42.0,中性偏空
2020-07-03,11909.16015625,,,,29.432100296020508,71.20743034055728,66.56346749226006,323.0,,,3.743747504233541,,,5.267502801889634,,,-0.5065489062859196,29.51221981048584,29.768678283691408,-1.3841398103720204,35.0,0.0,22.75,偏空逆風
2020-07-06,12116.7001953125,10604.0595703125,2046.81005859375,27.940000534057617,29.451000213623047,79.87616099071208,72.44582043343654,323.0,,,4.361463501289609,,,7.095274991330647,,,2.4111668848653123,29.49911985397339,29.75909496943156,-0.8817660149918805,35.0,15.0,28.0,偏空逆風
2020-07-07,12092.9697265625,10524.009765625,2019.77001953125,29.43000030517578,29.40410041809082,74.30340557275542,64.39628482972137,323.0,,,3.917290128118389,,,5.586739747738223,,,1.0850389162550433,29.486824893951415,29.751663303375246,-0.8293396411572784,35.0,15.0,28.0,偏空逆風
2020-07-08,12170.1904296875,10666.7001953125,2049.760009765625,28.079999923706055,29.479000091552734,78.94736842105263,65.63467492260062,323.0,,,3.8397962778478956,,,5.670950054573476,,,2.2497568074874463,29.481024932861327,29.742629973093667,-0.3919554806322112,35.0,15.0,28.0,偏空逆風
2020-07-09,12192.6904296875,10754.58984375,2076.719970703125,29.260000228881836,29.340200424194336,76.78018575851394,64.39628482972137,323.0,,,5.69464305487315,,,12.161565941553398,,,10.660425057268629,29.470384979248045,29.73321663538615,-0.7200591340689955,35.0,15.0,28.0,偏空逆風
2020-07-10,12073.6796875,10836.330078125,2069.7900390625,27.290000915527344,29.329999923706055,58.204334365325074,53.86996904024768,323.0,,,5.632043856855873,,,12.133448521283619,,,8.716026241799435,29.460634994506837,29.72309996287028,-0.6604562145424486,27.5,15.0,23.125,偏空逆風
2020-07-13,12211.5595703125,10602.2099609375,2034.1400146484375,32.189998626708984,29.46299934387207,67.18266253869969,71.51702786377709,323.0,,,8.00706708897605,,,8.441542680518022,,,5.340728652946236,29.452379989624024,29.71356662114461,-0.5572416076909614,35.0,0.0,22.75,偏空逆風
2020-07-14,12209.009765625,10689.51953125,2069.7900390625,29.520000457763672,29.45599937438965,56.03715170278638,71.8266253869969,323.0,,,6.057956455248803,,,7.439158512998678,,,5.295855438003461,29.45117998123169,29.703999932607015,-0.08141169680919713,35.0,15.0,28.0,偏空逆風
2020-07-15,12202.849609375,10701.6796875,2064.169921875,27.760000228881836,29.387699127197266,53.86996904024768,73.68421052631578,323.0,,,5.793528635845657,,,7.204614334097048,,,4.036629954146109,29.446314907073976,29.692194906870522,-0.33000332759069995,25.0,15.0,21.5,偏空逆風
2020-07-16,12157.740234375,10626.4599609375,2055.919921875,28.0,29.476999282836914,53.86996904024768,66.87306501547987,323.0,,,5.277041374184077,,,6.136706950482229,,,3.8269974176556865,29.445664882659912,29.682578214009602,-0.04408439600593894,25.0,15.0,21.5,偏空逆風
2020-07-17,12181.5595703125,10645.2197265625,2068.989990234375,25.68000030517578,29.36389923095703,44.58204334365325,55.417956656346746,323.0,,,5.469323433547335,,,6.360305700729074,,,5.1962817149811436,29.43415985107422,29.674393208821616,-0.7775246089803178,15.0,15.0,15.0,偏空逆風
2020-07-20,12174.5400390625,10952.080078125,2110.469970703125,24.459999084472656,29.45400047302246,47.987616099071204,55.10835913312694,323.0,,,5.198427432012331,,,8.111779119364048,,,6.408820702764739,29.427659893035887,29.66397654215495,-0.43942388580252567,25.0,15.0,21.5,偏空逆風
2020-07-21,12397.5498046875,10833.0703125,2096.590087890625,24.84000015258789,29.44700050354004,55.72755417956656,60.681114551083596,323.0,,,6.76166971531631,,,6.104416933145718,,,5.4766043925243535,29.428259944915773,29.656209882100423,0.04077131923017063,35.0,15.0,28.0,偏空逆風
2020-07-22,12473.26953125,10870.75,2105.429931640625,24.31999969482422,29.402000427246094,61.30030959752322,63.77708978328174,323.0,,,6.968721478434037,,,8.678154775590375,,,8.287295107029212,29.420959949493408,29.64949321746826,-0.4941109611092731,35.0,15.0,28.0,偏空逆風
2020-07-23,12413.0400390625,10580.58984375,2070.969970703125,26.079999923706055,29.431699752807617,55.10835913312694,62.538699690402474,323.0,,,6.452203194398631,,,4.739336951051376,,,5.605156377354348,29.422794914245607,29.64618822733561,0.12484876500231668,35.0,15.0,28.0,偏空逆風
2020-07-24,12304.0400390625,10483.1298828125,2038.7099609375,25.84000015258789,29.426700592041016,36.22291021671827,50.77399380804953,323.0,12097.6484375,,5.517437004031489,,,6.434626296817925,,,6.0767313062848105,29.425129985809328,29.643549919128418,0.15895654393611736,32.5,15.0,26.375,偏空逆風
2020-07-27,12588.2998046875,10674.3798828125,2104.6201171875,24.739999771118164,29.451000213623047,26.006191950464398,51.39318885448917,323.0,12149.932421875,,9.059292230738269,,,7.16000661945988,,,8.267919684906765,29.421580028533935,29.636183261871338,-0.24049572200079972,32.5,15.0,26.375,偏空逆風
2020-07-28,12586.73046875,10532.5,2060.39990234375,25.440000534057617,29.18000030517578,19.195046439628484,38.69969040247678,323.0,12198.20693359375,,8.307979311185143,,,3.6984931851138825,,,3.203700728029313,29.410004997253417,29.629016590118407,-0.7871091861484381,25.0,15.0,21.5,偏空逆風
2020-07-29,12540.9697265625,10662.98046875,2106.300048828125,24.100000381469727,29.312000274658203,24.76780185758514,40.55727554179567,323.0,12240.084423828124,,7.1564535005876895,,,3.7330590145195464,,,7.082942873987652,29.405805015563963,29.623799928029378,-0.28575191880078066,25.0,15.0,21.5,偏空逆風
2020-07-30,12722.919921875,10715.509765625,2147.550048828125,24.760000228881836,29.259000778198242,34.05572755417957,41.795665634674926,323.0,12285.9734375,,7.774412677608389,,,3.6126871383117987,,,7.721673978745436,29.397370052337646,29.611499945322674,-0.5732669025490966,25.0,15.0,21.5,偏空逆風
2020-07-31,12664.7998046875,10905.8798828125,2136.409912109375,24.459999084472656,29.15999984741211,34.6749226006192,39.318885448916404,323.0,12323.755419921876,,6.345028856135881,10693.082421875,,5.453454383553691,2076.665496826172,,7.162881797696774,29.383765029907227,29.601166598002116,-0.9245023150630804,25.0,55.0,35.5,中性偏空
2020-08-03,12513.0302734375,11055.080078125,2177.27001953125,24.280000686645508,29.309999465942383,33.126934984520126,30.959752321981426,323.0,12343.571923828125,,3.270940699501046,10715.633447265625,,4.253281536395681,2083.1884948730467,,6.373818634990092,29.376714992523194,29.59233325322469,-0.47876386763747725,25.0,55.0,35.5,中性偏空
2020-08-04,12709.919921875,11096.5400390625,2209.81005859375,23.760000228881836,29.24799919128418,39.93808049535604,37.77089783281733,323.0,12374.41943359375,,5.101726120734051,10744.2599609375,,5.440229401036656,2092.690496826172,,9.408993955985379,29.368909931182863,29.58159990310669,-0.5308825115785565,25.0,55.0,35.5,中性偏空
2020-08-05,12802.2998046875,11125.4404296875,2207.56005859375,22.989999771118164,29.264999389648438,52.012383900928796,37.15170278637771,323.0,12406.02490234375,,5.1939152361828,10767.19697265625,,4.300676178904839,2100.580499267578,,7.6984646044572,29.358209896087647,29.572883224487306,-0.7259428787939726,35.0,55.0,42.0,中性偏空
2020-08-06,12913.5,11267.080078125,2204.93994140625,22.649999618530273,29.33810043334961,54.79876160990712,39.0092879256966,323.0,12442.065380859374,,5.9118172028499005,10792.821484375,,4.765316407420528,2106.9914978027346,,6.174157927499158,29.35810489654541,29.56365156173706,-0.007157384115874521,35.0,55.0,42.0,中性偏空
2020-08-07,12828.8701171875,11139.3896484375,2178.860107421875,22.209999084472656,29.36910057067871,51.08359133126935,46.13003095975232,323.0,12479.82490234375,,6.2548489709343125,10807.974462890625,,2.7966993265024165,2112.445001220703,,5.2696199276704325,29.360059928894042,29.555203247070313,0.1333128096637104,42.5,55.0,46.875,震盪中性
2020-08-10,12894.0,11085.169921875,2179.60009765625,22.1299991607666,29.42099952697754,61.30030959752322,43.034055727554176,323.0,12513.946923828125,,5.588478897868043,10832.1224609375,,4.555276331226277,2119.7180053710936,,7.15093759329799,29.357959938049316,29.546319897969564,-0.14255105668075085,45.0,55.0,48.5,震盪中性
2020-08-11,12780.1904296875,10876.080078125,2154.7900390625,24.030000686645508,29.312999725341797,54.79876160990712,43.653250773993804,323.0,12542.50595703125,,4.678353732427043,10841.45048828125,,1.745265971305865,2123.9680053710936,,4.1066967371482965,29.350809955596922,29.535869884490968,-0.4854686722059798,35.0,55.0,42.0,中性偏空
2020-08-12,12670.349609375,11157.7197265625,2227.219970703125,22.280000686645508,29.31800079345703,54.79876160990712,45.51083591331269,323.0,12565.88095703125,,3.8310723721518114,10864.252490234376,,4.261387486631407,2132.1205078125,,7.8990613660341324,29.34732503890991,29.527086575826008,-0.23716839293393965,42.5,55.0,46.875,震盪中性
2020-08-13,12763.1298828125,11178.3701171875,2202.409912109375,22.1299991607666,29.296199798583984,54.179566563467496,44.58204334365325,323.0,12596.150439453126,,4.979458655695002,10891.847998046875,,5.193734868232713,2139.4450073242188,,7.125277043902378,29.338285064697267,29.517356586456298,-0.6133578337405576,35.0,55.0,42.0,中性偏空
2020-08-14,12795.4599609375,11164.4501953125,2200.81005859375,22.049999237060547,29.338899612426758,58.51393188854489,56.965944272445824,323.0,12626.845458984375,,5.039587805498469,10917.809521484374,,4.877592779549578,2146.0360107421875,,6.371227941245006,29.33703508377075,29.50840492248535,-0.0851372576020748,60.0,55.0,58.25,震盪中性
2020-08-17,12956.1103515625,11288.5703125,2227.610107421875,21.350000381469727,29.381999969482422,69.65944272445822,61.91950464396285,323.0,12665.923974609375,,6.419711216951929,10934.634033203125,,3.0723865418687435,2151.893017578125,,5.550428972923194,29.33343505859375,29.496971575419106,-0.24445067693261713,60.0,55.0,58.25,震盪中性
2020-08-18,12872.1396484375,11399.0302734375,2214.659912109375,21.510000228881836,29.3356990814209,66.56346749226006,55.10835913312694,323.0,12689.653466796875,,3.8280938671491294,10962.93203125,,5.224372635008678,2157.7965087890625,,5.631516856856833,29.327869987487794,29.485266558329265,-0.37797201825618965,60.0,55.0,58.25,震盪中性
2020-08-19,12778.6396484375,11318.6396484375,2200.77001953125,22.540000915527344,29.354700088500977,58.204334365325074,47.6780185758514,323.0,12704.92197265625,,2.448196252173007,10985.326513671875,,4.120135670836889,2162.563513183594,,4.528295454426856,29.325504970550536,29.474928220113117,-0.1608745597503125,52.5,55.0,53.375,震盪中性
2020-08-20,12362.6396484375,11477.0498046875,2181.0400390625,22.719999313354492,29.416000366210938,32.81733746130031,32.50773993808049,323.0,12702.401953125,,-0.4060277777755972,11030.14951171875,,8.472684171450439,2168.0670166015625,,5.314904123018471,29.324720001220705,29.464778232574464,-0.05334175983221501,0.0,55.0,19.25,偏空逆風
2020-08-21,12607.83984375,11555.16015625,2198.330078125,22.540000915527344,29.320999145507812,45.20123839009288,51.39318885448917,323.0,12717.591943359375,,2.469106112488295,11083.751025390626,,10.226242404905573,2176.0480224609373,,7.829466684613573,29.319434928894044,29.45496155420939,-0.35920250794883035,17.5,55.0,30.625,中性偏空
2020-08-24,12647.1298828125,11626.169921875,2219.3701171875,22.3700008392334,29.392000198364258,44.58204334365325,56.965944272445824,323.0,12720.533447265625,,0.46733934715388337,11131.34052734375,,8.916583909431953,2181.7855224609375,,5.4522903712117765,29.316484928131104,29.445761553446452,-0.20033280646101215,15.0,55.0,29.0,偏空逆風
2020-08-25,12758.25,11721.8095703125,2243.06005859375,22.030000686645508,29.290000915527344,54.179566563467496,66.87306501547987,323.0,12729.109423828126,,1.3627012326659749,11190.806005859375,,11.291806981367202,2190.9185302734377,,8.865276883493344,29.32198495864868,29.436711565653482,0.37697261549394234,50.0,55.0,51.75,震盪中性
2020-08-26,12833.2900390625,11971.9404296875,2250.22998046875,23.270000457763672,29.290000915527344,56.656346749226,64.70588235294117,323.0,12743.725439453125,,2.330922718686179,11256.25400390625,,12.275741897621106,2198.115026855469,,6.833306191143218,29.32088499069214,29.427026589711506,-0.07505239807833464,60.0,55.0,58.25,震盪中性
2020-08-27,12797.3095703125,11926.16015625,2220.14990234375,24.469999313354492,29.281700134277344,55.417956656346746,57.89473684210527,323.0,12747.444921875,,0.5846900624564944,11316.7865234375,,11.298112895279377,2201.74501953125,,3.380589595815997,29.322019958496092,29.417421595255533,0.07758076309980488,60.0,55.0,58.25,震盪中性
2020-08-28,12728.849609375,11995.849609375,2264.139892578125,22.959999084472656,29.323200225830078,54.79876160990712,56.965944272445824,323.0,12750.647412109374,,0.5057308893567702,11371.285009765625,,9.994330932254947,2208.1315185546873,,5.978720644608715,29.330179977416993,29.408721605936687,0.5596720825512991,25.0,55.0,35.5,中性偏空
2020-08-31,12591.4501953125,12110.7001953125,2260.429931640625,26.40999984741211,29.331499099731445,51.702786377708975,58.204334365325074,323.0,12754.568408203126,,0.62670608287001,11424.066015625,,9.548733340035099,2212.289514160156,,3.819457915802227,29.331254959106445,29.40236326853434,0.07335255605871449,25.0,55.0,35.5,中性偏空
2020-09-01,12703.2802734375,12292.8603515625,2304.679931640625,26.1200008392334,29.308000564575195,53.86996904024768,56.656346749226,323.0,12754.23642578125,,-0.05223989197660206,11483.88203125,,10.781021005544655,2217.0330078125,,4.293123414744837,29.334255027770997,29.39666328430176,0.20514693295292652,25.0,55.0,35.5,中性偏空
2020-09-02,12699.5,12420.5400390625,2370.179931640625,26.56999969482422,29.303499221801758,56.34674922600619,52.012383900928796,323.0,12749.096435546875,,-0.8029792010483927,11548.63701171875,,11.64088395025793,2225.1640014648438,,7.366498248317943,29.336180019378663,29.391804949442545,0.13155589597222406,27.5,55.0,37.125,中性偏空
2020-09-03,12757.9697265625,11771.3701171875,2234.22998046875,33.599998474121094,29.29290008544922,58.204334365325074,51.39318885448917,323.0,12741.319921875,,-1.2044006151508135,11573.851513671874,,4.475782860916899,2226.6285034179687,,1.328382624509028,29.333920001983643,29.387469959259032,-0.15406705694214207,52.5,40.0,48.125,震盪中性
2020-09-04,12637.9501953125,11622.1298828125,2212.72998046875,30.75,29.27899932861328,51.08359133126935,52.94117647058824,323.0,12731.77392578125,,-1.4882052755309627,11597.988525390625,,4.3336327178636225,2228.3219970703126,,1.5544767161280282,29.329414939880373,29.383369954427085,-0.30678924554939924,17.5,20.0,18.375,偏空逆風
2020-09-07,12601.400390625,,,,29.323999404907227,51.08359133126935,50.77399380804953,323.0,12717.1439453125,,-2.2692695003490027,,,4.843948849876312,,,1.5199982257352973,29.324564933776855,29.3783016204834,-0.3296968955163071,17.5,0.0,11.375,偏空逆風
2020-09-08,12663.5595703125,11068.259765625,2108.610107421875,31.459999084472656,29.305200576782227,54.179566563467496,53.25077399380805,323.0,12711.31240234375,,-0.9125909352968198,,,1.7669940467478717,,,-2.1431290661022784,29.32417497634888,29.375388304392498,-0.02660644980946314,17.5,0.0,11.375,偏空逆風
2020-09-09,12608.580078125,11395.849609375,2169.610107421875,28.809999465942383,29.246999740600586,52.012383900928796,55.10835913312694,323.0,12708.22392578125,,-0.4875124456257707,,,2.134216386934318,,,-2.5866265586269366,29.320624923706056,29.37142162322998,-0.24217562908412926,25.0,15.0,21.5,偏空逆風
2020-09-10,12691.75,11154.1201171875,2137.780029296875,29.709999084472656,29.2810001373291,49.53560371517028,53.56037151702786,323.0,12704.654931640625,,-0.5592662886603095,,,-0.21693681409523657,,,-2.9345074437392205,29.31986494064331,29.367938296000162,-0.05188270615090751,17.5,15.0,16.625,偏空逆風
2020-09-11,12675.9501953125,11087.400390625,2136.3701171875,26.8700008392334,29.268600463867188,43.653250773993804,45.82043343653251,323.0,12698.679443359375,,-0.9340013253907542,,,-0.6901352358564927,,,-2.92801012766295,29.316349983215332,29.362514972686768,-0.23961071985738602,7.5,15.0,10.125,偏空逆風
2020-09-14,12787.8203125,11277.759765625,2181.75,25.850000381469727,29.281999588012695,52.012383900928796,43.962848297213625,323.0,12690.26494140625,,-1.298924094469478,,,-0.09576542091453977,,,-2.0587133838673055,29.311349964141847,29.357481638590496,-0.34034572722616563,35.0,15.0,28.0,偏空逆風
2020-09-15,12845.650390625,11438.8701171875,2219.18994140625,25.59000015258789,29.12299919128418,57.585139318885446,46.43962848297213,323.0,12688.940478515626,,-0.20578752667366196,,,0.3495020435452023,,,0.20454740125586124,29.30071496963501,29.352281634012858,-0.7250547857965528,52.5,15.0,39.375,中性偏空
2020-09-16,12976.759765625,11247.599609375,2195.5400390625,26.040000915527344,29.19499969482422,60.06191950464397,49.84520123839009,323.0,12698.846484375,,1.5504006892605782,,,-0.6276376072482104,,,-0.2376432077107249,29.292729949951173,29.346398289998373,-0.5440368772131166,52.5,15.0,39.375,中性偏空
2020-09-17,12872.740234375,11080.9501953125,2194.14990234375,26.459999084472656,29.18000030517578,59.44272445820433,75.85139318885449,323.0,12724.351513671874,,4.126146198898306,,,-3.4512319464992114,,,0.6010831092713609,29.280929946899413,29.34281495412191,-0.8022846685378782,60.0,15.0,44.25,中性偏空
2020-09-18,12875.6201171875,10936.98046875,2160.969970703125,25.829999923706055,29.122100830078125,63.46749226006192,66.56346749226006,323.0,12737.74052734375,12517.660302734375,2.123918742275621,,,-5.349814967001009,,,-1.6994766979552156,29.27098503112793,29.338516648610433,-0.6783476730879423,100.0,15.0,70.25,中性偏多
2020-09-21,12795.1201171875,10980.2197265625,2154.280029296875,27.780000686645508,29.0049991607666,54.79876160990712,61.60990712074303,323.0,12745.1400390625,12538.535302734375,1.1701487669239397,,,-5.556001672546729,,,-2.9328180724137454,29.251634979248045,29.329899978637695,-1.316688333511895,90.0,15.0,63.75,中性偏多
2020-09-22,12645.509765625,11186.3701171875,2180.260009765625,26.860000610351562,28.968700408935547,32.81733746130031,46.749226006191954,323.0,12739.50302734375,12555.606461588543,-0.8836653488918933,,,-4.567890733194413,,,-2.7997488782131152,29.235569953918457,29.322519969940185,-1.0969631155643533,47.5,15.0,36.125,中性偏空
2020-09-23,12583.8798828125,10833.330078125,2126.68994140625,28.579999923706055,29.033000946044922,22.60061919504644,35.60371517027864,323.0,12727.03251953125,12570.280794270833,-1.9434623194117373,,,-9.510658345233857,,,-5.490107239472697,29.222719955444337,29.31646998723348,-0.877432439225978,40.0,15.0,31.25,中性偏空
2020-09-24,12264.3798828125,10896.4697265625,2147.419921875,28.510000228881836,29.19230079650879,9.597523219814242,23.8390092879257,323.0,12700.38603515625,12577.934798177082,-4.164388495659299,,,-8.633880613685053,,,-3.275904045576883,29.218249988555907,29.312546666463216,-0.3053078795240527,15.0,15.0,15.0,偏空逆風
2020-09-25,12232.91015625,11151.1298828125,2177.840087890625,26.3799991607666,29.26409912109375,5.572755417956656,18.575851393188856,323.0,12675.5890625,12583.330631510416,-3.896184402710934,,,-7.041766561514196,,,-3.8115933105720035,29.215294933319093,29.309746646881102,-0.20155066391515097,15.0,15.0,15.0,偏空逆風
2020-09-28,12462.759765625,11364.4501953125,2237.639892578125,26.190000534057617,29.251800537109375,12.345679012345679,26.234567901234566,324.0,12669.154541015625,12589.098291015625,-1.022046132028609,,,-6.161906313962251,,,-1.0082170096712084,29.21131000518799,29.306426652272542,-0.2717166359315071,15.0,15.0,15.0,偏空逆風
2020-09-29,12467.73046875,11322.9501953125,2242.52001953125,26.270000457763672,29.100000381469727,13.580246913580247,23.14814814814815,324.0,12657.37705078125,12595.344303385416,-1.8542439402839395,,,-7.890028264469128,,,-2.697116907905095,29.200909996032713,29.30135831832886,-0.7097044462216928,15.0,15.0,15.0,偏空逆風
2020-09-30,12515.6103515625,11418.0595703125,2244.1201171875,26.3700008392334,28.889999389648438,16.666666666666664,21.91358024691358,324.0,12648.182568359374,12601.101302083332,-1.448006995846296,,,-8.071150413727635,,,-5.318575723737018,29.18023500442505,29.291541639963786,-1.4110937025762382,15.0,15.0,15.0,偏空逆風
2020-10-01,,11583.2001953125,2291.77001953125,26.700000762939453,28.91200065612793,,,,,,-1.899670403633269,,,-1.5985388276956058,,,2.5753856839047407,29.161190032958984,29.28440497716268,-1.3003131414444535,0.0,15.0,5.25,偏空逆風
2020-10-02,,11255.6904296875,2221.1201171875,27.6299991607666,28.867000579833984,,,,,,-0.9680354951499659,,,-3.152945775170801,,,0.37917580512796256,29.140590095520018,29.27668832143148,-1.4071476424286966,0.0,15.0,5.25,偏空逆風
2020-10-05,12548.2802734375,11509.0595703125,2295.56005859375,27.959999084472656,28.920000076293945,23.765432098765434,23.14814814814815,324.0,,,-0.42154138064702806,11209.435986328124,,-0.9728880475446733,2191.159521484375,,3.7433432391716037,29.120390129089355,29.26763833363851,-1.3777088283042138,0.0,55.0,19.25,偏空逆風
2020-10-06,12704.23046875,11291.26953125,2281.090087890625,29.479999542236328,28.7052001953125,41.04938271604938,33.0246913580247,324.0,,,0.3211648210890594,11220.586474609376,,2.0148584361708632,2199.7835205078127,,8.179794826063658,29.090390110015868,29.25512501398722,-2.0474194670590085,0.0,55.0,19.25,偏空逆風
2020-10-07,12746.3701171875,11503.1904296875,2328.840087890625,28.059999465942383,28.80699920654297,44.75308641975309,32.407407407407405,324.0,,,1.0928275682807076,11225.953515625,,0.9419290705994676,2207.74501953125,,7.3391057648584335,29.068390083312988,29.24544668197632,-1.5044296439296279,0.0,55.0,19.25,偏空逆風
2020-10-08,12887.1904296875,11550.9404296875,2356.159912109375,26.360000610351562,28.613000869750977,49.074074074074076,33.641975308641975,324.0,,,1.5399013507790604,11245.79453125,,3.5576119705626574,2218.664013671875,,10.215264424765259,29.034990119934083,29.231046708424888,-2.2813403382575093,10.0,55.0,25.75,偏空逆風
2020-10-09,,11725.849609375,2398.0400390625,25.0,28.63170051574707,,,,,,1.6664646919575032,11277.7169921875,,5.75833104475818,2231.747509765625,,12.248342165517867,29.003145122528075,29.21884339650472,-2.176051939710566,0.0,55.0,19.25,偏空逆風
2020-10-12,12955.91015625,12088.1103515625,2433.47998046875,25.06999969482422,28.60099983215332,46.2962962962963,32.407407407407405,324.0,,,1.3144526560612713,11318.234521484375,,7.185386129676896,2244.3340087890624,,11.537984666838552,28.969095134735106,29.204626719156902,-2.325660014482611,10.0,55.0,25.75,偏空逆風
2020-10-13,12947.1298828125,12083.169921875,2430.1298828125,26.06999969482422,28.610000610351562,45.67901234567901,31.790123456790127,324.0,,,0.7899910794829212,11350.44951171875,,5.632547603800542,2254.881005859375,,9.505267551482422,28.943445205688477,29.190676720937095,-1.7614895277892395,10.0,55.0,25.75,偏空逆風
2020-10-14,12919.3095703125,11985.3603515625,2417.199951171875,26.399999618530273,28.835599899291992,51.23456790123457,41.04938271604938,324.0,,,-0.442716027345158,11387.337548828125,,6.5592728031727665,2265.964001464844,,10.095917549471078,28.925475215911867,29.181236712137856,-1.2310320235966343,10.0,55.0,25.75,偏空逆風
2020-10-15,12827.8203125,11898.5703125,2411.1298828125,26.969999313354492,28.718000411987305,51.85185185185185,35.49382716049383,324.0,,,-0.348953843992339,11428.2185546875,,7.37861016227086,2276.8130004882814,,9.889022634095145,28.90237522125244,29.169341723124187,-1.5832758339845876,10.0,55.0,25.75,偏空逆風
2020-10-16,12750.3701171875,11852.169921875,2399.760009765625,27.40999984741211,28.732999801635742,44.44444444444444,28.703703703703702,324.0,,,-0.9727686811201064,11473.97802734375,,8.367843901156725,2288.7525024414062,,11.050132223022224,28.88292016983032,29.1577800432841,-1.3361021950741514,0.0,55.0,19.25,偏空逆風
2020-10-19,12908.33984375,11634.349609375,2385.85009765625,29.18000030517578,28.77199935913086,59.876543209876544,35.18518518518518,324.0,,,0.8848664610066059,11506.684521484374,,5.957347840955118,2300.331005859375,,10.749302096763902,28.871270179748535,29.146463362375894,-0.8033091135231207,20.0,55.0,32.25,中性偏空
2020-10-20,12862.3701171875,11677.83984375,2385.820068359375,29.350000381469727,28.713300704956055,58.95061728395061,31.790123456790127,324.0,,,1.7149198061750193,11531.2580078125,,4.3934692077403525,2310.6090087890625,,9.42823597520588,28.85850019454956,29.138685035705567,-0.8816401853523059,20.0,55.0,32.25,中性偏空
2020-10-21,12877.25,11665.3701171875,2367.260009765625,28.649999618530273,28.523000717163086,64.50617283950618,31.17283950617284,324.0,,,2.3313168904941284,11572.860009765625,,7.680371899150207,2322.6375122070312,,11.311948379287529,28.83300018310547,29.12553504308065,-1.756622506332095,20.0,55.0,32.25,中性偏空
2020-10-22,12917.0302734375,11662.91015625,2370.449951171875,28.110000610351562,28.676000595092773,65.12345679012346,38.58024691358025,324.0,,,5.3215115387907685,11611.18203125,,7.033841683780717,2333.789013671875,,10.38595325604219,28.807185173034668,29.115818373362224,-1.768617708535536,20.0,55.0,32.25,中性偏空
2020-10-23,12898.8203125,11692.5703125,2360.22998046875,27.549999237060547,28.680999755859375,71.29629629629629,49.691358024691354,324.0,,,5.44359557737597,11638.254052734375,,4.855475950666088,2342.9085083007812,,8.374806469596251,28.77803020477295,29.107835038503012,-1.99254165597762,27.5,55.0,37.125,中性偏空
2020-10-26,12909.0302734375,11504.51953125,2308.449951171875,32.459999084472656,28.58300018310547,72.22222222222221,59.25925925925925,324.0,,,3.5808321447662994,11645.25751953125,,1.2325218864989607,2346.449011230469,,3.16449750599348,28.744590187072752,29.095718383789062,-2.2863561959389656,35.0,0.0,22.75,偏空逆風
2020-10-27,12875.009765625,11598.9501953125,2300.909912109375,33.349998474121094,28.596799850463867,68.51851851851852,81.17283950617285,324.0,,,3.266667481269625,11659.05751953125,,2.4375272807811044,2349.368505859375,,2.603762377574226,28.71943016052246,29.084865061442056,-1.729211424087429,35.0,0.0,22.75,偏空逆風
2020-10-28,12793.75,11142.759765625,2222.97998046875,40.279998779296875,28.573999404907227,49.691358024691354,82.09876543209876,324.0,,,2.222341864476274,11645.292529296876,,-2.4110909825982407,2348.3114990234376,,-0.9420234040432907,28.7036301612854,29.073348395029704,-1.0938040547499472,25.0,0.0,16.25,偏空逆風
2020-10-29,12662.91015625,11350.740234375,2283.64990234375,37.59000015258789,28.58300018310547,39.50617283950617,63.580246913580254,324.0,,,1.1769286558934056,11633.66953125,,-2.0068716504750728,2347.9054931640626,,-0.35431640689500554,28.68718013763428,29.06076339085897,-1.1379374154542599,15.0,0.0,9.75,偏空逆風
2020-10-30,12546.33984375,11052.9501953125,2246.14990234375,38.02000045776367,28.3656005859375,29.32098765432099,57.407407407407405,324.0,,,0.24552931358767793,11623.53251953125,,-1.8012243286316898,2349.156982421875,,1.1268992146153733,28.662110137939454,29.044038391113283,-1.7369313881773873,15.0,0.0,9.75,偏空逆風
2020-11-02,12591.3095703125,11084.759765625,2260.070068359375,37.130001068115234,28.583599090576172,29.938271604938272,51.23456790123457,324.0,,,0.34290991225376377,11602.317529296875,,-3.686659210470822,2347.3824829101563,,-1.5460275195812612,28.645290088653564,29.030081717173257,-1.1632122573662307,7.5,0.0,4.875,偏空逆風
2020-11-03,12736.009765625,11279.91015625,2302.72998046875,35.54999923706055,28.558300018310547,45.06172839506173,57.098765432098766,324.0,,,0.2501473580251101,11601.749560546876,,-0.10060316927659185,2348.4644775390625,,0.9486645307435371,28.637945079803465,29.017503388722737,-0.5117545810599866,25.0,0.0,16.25,偏空逆風
2020-11-04,12867.900390625,11777.01953125,2384.219970703125,29.56999969482422,28.594600677490234,51.85185185185185,51.54320987654321,324.0,,,0.9534500592731643,11615.441015625,,2.380462213820267,2351.2334716796877,,2.3780028135234055,28.62732515335083,29.00544672012329,-0.7373157041795975,17.5,55.0,30.625,中性偏空
2020-11-05,12918.7998046875,12078.0703125,2489.159912109375,27.579999923706055,28.551700592041016,54.32098765432099,53.086419753086425,324.0,,,0.245277472793326,11641.797509765625,,4.56352351586633,2357.8834716796873,,5.644778154337171,28.62426013946533,28.993038400014242,-0.21423924735823885,17.5,55.0,30.625,中性偏空
2020-11-06,12973.5302734375,12091.349609375,2529.27001953125,24.860000610351562,28.531299591064453,58.0246913580247,50.617283950617285,324.0,12836.947021484375,,0.6699663842252512,11660.072509765625,,3.117044923617107,2364.444970703125,,5.472384878112946,28.619240093231202,28.9795783996582,-0.35066350539465496,52.5,55.0,53.375,震盪中性
2020-11-09,13127.4697265625,11830.3896484375,2497.590087890625,25.75,28.575000762939453,70.37037037037037,65.4320987654321,324.0,12845.525,,1.3241799938674248,11647.186474609374,,-2.1320181205302102,2367.6504760742187,,2.634503178017744,28.617940139770507,28.966128412882487,-0.09090265853097801,60.0,55.0,58.25,震盪中性
2020-11-10,13081.7197265625,11624.2900390625,2422.330078125,24.799999237060547,28.62540054321289,67.28395061728395,67.5925925925926,324.0,12852.2544921875,,1.0395342054046353,11624.24248046875,,-3.7976779750631295,2367.2604858398436,,-0.3209624614167961,28.618710136413576,28.954290103912353,0.05382709728345425,60.0,55.0,58.25,震盪中性
2020-11-11,13262.1904296875,11892.9296875,2511.239990234375,23.450000762939453,28.587099075317383,74.07407407407408,67.5925925925926,324.0,12869.39853515625,,2.654018448190998,11619.620947265625,,-0.7711963708329383,2371.9624877929687,,3.890453456980625,28.606285095214844,28.941496753692626,-0.8617848244617643,60.0,55.0,58.25,震盪中性
2020-11-12,13221.7802734375,11827.1396484375,2478.429931640625,25.350000381469727,28.508699417114258,69.75308641975309,66.9753086419753,324.0,12889.096533203125,,3.0711371950978172,11616.0494140625,,-0.6003298059049866,2375.327490234375,,2.7912245336871644,28.595820045471193,28.926375071207683,-0.7288146523797723,60.0,55.0,58.25,震盪中性
2020-11-13,13273.330078125,11937.83984375,2508.820068359375,23.100000381469727,28.43199920654297,69.75308641975309,70.67901234567901,324.0,12915.24453125,,4.101527690027984,11620.33291015625,,0.7228205673703858,2380.7804931640626,,4.544623551935989,28.580770015716553,28.911558405558267,-1.0475780363024878,60.0,55.0,58.25,震盪中性
2020-11-16,13551.830078125,12013.3798828125,2570.97998046875,22.450000762939453,28.479999542236328,74.38271604938271,68.82716049382715,324.0,12947.41904296875,,4.985073542873653,11639.284423828125,,3.2578552833935515,2390.0369873046875,,7.759493481772517,28.566170024871827,28.8963583946228,-1.0148749596779916,60.0,55.0,58.25,震盪中性
2020-11-17,13593.009765625,11977.490234375,2548.9599609375,22.709999084472656,28.515100479125977,75.61728395061729,71.29629629629629,324.0,12983.951025390625,,5.680443353602249,11654.266943359375,,2.5659744835888842,2398.193981933594,,6.837895897585833,28.55626001358032,28.88344338734945,-0.6902732216915286,60.0,55.0,58.25,震盪中性
2020-11-18,13773.2900390625,11894.7099609375,2530.590087890625,23.84000015258789,28.500999450683594,79.01234567901234,74.69135802469135,324.0,13028.75302734375,,6.9583182671960175,11665.733935546876,,1.9659885751254214,2406.360485839844,,6.899541134105114,28.555159950256346,28.870293362935385,-0.0771351748634741,60.0,55.0,58.25,震盪中性
2020-11-19,13722.4296875,11985.4296875,2570.219970703125,23.110000610351562,28.530000686645508,81.17283950617285,73.14814814814815,324.0,13069.022998046876,,6.235174780992181,11681.859912109376,,2.765343528580355,2416.348986816406,,8.427514760752075,28.547859954833985,28.857765038808186,-0.5091362303579094,60.0,55.0,58.25,震盪中性
2020-11-20,13716.4404296875,11906.4404296875,2555.5,23.700000762939453,28.48699951171875,80.61538461538461,76.61538461538461,325.0,13109.90400390625,,6.338720110669027,11692.55341796875,,1.829111234497871,2426.1124877929688,,8.273347137657684,28.538159942626955,28.843828360239666,-0.6764068400404777,60.0,55.0,58.25,震盪中性
2020-11-23,13878.009765625,11905.9404296875,2595.25,22.65999984741211,28.52630043029785,85.84615384615385,79.07692307692308,325.0,13158.352978515624,,7.506214422483293,11712.624462890624,,3.4892452252969886,2440.452490234375,,12.423923190647134,28.53532495498657,28.830408382415772,-0.19836879419372622,60.0,55.0,58.25,震盪中性
2020-11-24,13807.1298828125,12079.8095703125,2609.010009765625,21.639999389648438,28.517900466918945,85.23076923076923,78.15384615384615,325.0,13204.958984375,,7.239762409160799,11736.667431640624,,4.1457146285043045,2455.8574951171877,,13.390359006876418,28.531379985809327,28.817240047454835,-0.275902842127429,60.0,55.0,58.25,震盪中性
2020-11-25,13738.830078125,12152.2197265625,2600.239990234375,21.25,28.46739959716797,85.53846153846155,82.46153846153847,325.0,13252.21298828125,,7.387045065950182,11787.1404296875,,9.05933522906639,2474.720495605469,,16.97091350710562,28.526049995422362,28.803305053710936,-0.37306575893940597,60.0,55.0,58.25,震盪中性
2020-11-26,13845.66015625,,,,28.480199813842773,89.84615384615384,85.23076923076923,325.0,13311.35048828125,,9.340270012231212,,,7.061032810532208,,,13.863337263987052,28.520909976959228,28.789760049184164,-0.3596556295845321,60.0,0.0,39.0,中性偏空
2020-11-27,13867.08984375,12258.2099609375,2631.56005859375,20.84000015258789,28.509700775146484,88.92307692307693,89.84615384615384,325.0,13377.38798828125,,10.526974531603628,,,10.904416869046818,,,17.15870146724592,28.528114986419677,28.776938406626382,0.5080103584354401,60.0,15.0,44.25,中性偏空
2020-11-30,13722.8896484375,12268.3203125,2663.489990234375,20.56999969482422,28.51799964904785,84.0,89.84615384615384,325.0,13433.9669921875,,8.986992749292844,,,10.67736759208211,,,17.849885608539996,28.52483501434326,28.763505077362062,-0.22950028553243573,60.0,15.0,44.25,中性偏空
2020-12-01,13885.669921875,12455.330078125,2709.72998046875,20.770000457763672,28.516700744628906,85.23076923076923,89.23076923076924,325.0,13491.45,,9.026847320367004,,,10.42047237604744,,,17.674673255313667,28.52275505065918,28.75036341349284,-0.14566439057985825,60.0,15.0,44.25,中性偏空
2020-12-02,13989.1396484375,12456.41015625,2716.35009765625,21.170000076293945,28.472999572753906,82.46153846153847,88.0,325.0,13547.511962890625,,8.713459257342304,,,5.768782357855962,,,13.93034749453832,28.516674995422363,28.737463410695394,-0.42525897146747926,60.0,15.0,44.25,中性偏空
2020-12-03,13977.08984375,12467.1298828125,2716.14990234375,21.280000686645508,28.44099998474121,77.84615384615384,87.38461538461539,325.0,13600.42646484375,,8.191860351288248,,,3.221206370274632,,,9.119140523278713,28.511139965057374,28.723463408152263,-0.38771983806338284,60.0,15.0,44.25,中性偏空
2020-12-04,14132.4404296875,12528.48046875,2793.030029296875,20.790000915527344,28.3882999420166,80.3076923076923,88.3076923076923,325.0,13658.37197265625,,8.932882043855074,,,3.6152362928624004,,,10.428305705948615,28.50398998260498,28.708791732788086,-0.5012027180585799,60.0,15.0,44.25,中性偏空
2020-12-07,14256.599609375,12596.4697265625,2806.610107421875,21.299999237060547,28.215999603271484,76.0,83.6923076923077,325.0,13714.828466796875,,8.601275846234003,,,6.475527018893912,,,12.372727655731408,28.486039924621583,28.691025066375733,-1.256346981917067,60.0,15.0,44.25,中性偏空
2020-12-08,14360.400390625,12635.7197265625,2816.27001953125,20.68000030517578,28.0,74.76923076923076,81.84615384615384,325.0,13778.7625,,9.774560920045804,,,8.701001816895237,,,16.262851415822666,28.454769897460938,28.67230841318766,-2.1847748200720774,60.0,15.0,44.25,中性偏空
2020-12-09,14390.1396484375,12364.6396484375,2734.77001953125,22.270000457763672,28.22570037841797,77.30061349693251,78.52760736196319,326.0,13835.1599609375,,8.504999417178304,,,3.966305808006987,,,8.901181494645316,28.436699962615968,28.656153424580893,-1.2642020652296693,60.0,15.0,44.25,中性偏空
2020-12-10,14249.490234375,12401.740234375,2733.669921875,22.520000457763672,28.243000030517578,73.00613496932516,79.4478527607362,326.0,13886.545458984376,,7.772856148594176,,,4.858322494005662,,,10.298454960371473,28.423414993286134,28.640536753336587,-0.9319940650718506,60.0,15.0,44.25,中性偏空
2020-12-11,14261.6904296875,12375.41015625,2704.080078125,23.309999465942383,28.18670082092285,59.50920245398773,73.92638036809815,326.0,13935.9634765625,,7.446212410488906,,,3.6654061222733514,,,7.782941958580314,28.41115007400513,28.624946753184002,-0.8627546161568134,60.0,15.0,44.25,中性偏空
2020-12-14,14211.0498046875,12462.2099609375,2736.25,24.719999313354492,28.18199920654297,64.11042944785275,73.31288343558282,326.0,13968.924462890625,,4.8644332371507115,,,3.736084952804486,,,6.428288854319186,28.39625005722046,28.611230087280273,-1.0463495101234788,60.0,15.0,44.25,中性偏空
2020-12-15,14068.51953125,12595.919921875,2774.7900390625,22.889999389648438,28.11199951171875,48.77300613496933,65.95092024539878,326.0,13992.699951171875,,3.4981933642650898,,,5.163266054896276,,,8.859694996618938,28.376095008850097,28.596951738993326,-1.4136403541776366,50.0,15.0,37.75,中性偏空
2020-12-16,14304.4599609375,12668.16015625,2773.419921875,22.5,28.097999572753906,63.190184049079754,70.5521472392638,326.0,14019.258447265625,,3.8565217197092716,,,6.502472089294553,,,9.595779069331067,28.355945014953612,28.58136838277181,-1.4139850731445858,60.0,15.0,44.25,中性偏空
2020-12-17,14258.9296875,12752.0595703125,2778.139892578125,21.93000030517578,28.115299224853516,57.97546012269939,68.09815950920245,326.0,14046.083447265624,,3.909657489363627,,,6.3963487567912924,,,8.089576932908194,28.335209941864015,28.563418356577554,-1.453562747322712,60.0,15.0,44.25,中性偏空
2020-12-18,14249.9599609375,12738.1796875,2764.739990234375,21.56999969482422,28.128000259399414,55.21472392638037,67.79141104294479,326.0,14072.759423828125,,3.8896354632595775,,,6.985624819812997,,,8.187829788079636,28.317259979248046,28.544483375549316,-1.2602213587698308,60.0,15.0,44.25,中性偏空
2020-12-21,14384.9599609375,12690.259765625,2747.2900390625,25.15999984741211,28.16900062561035,56.13496932515337,64.7239263803681,326.0,14098.10693359375,,3.6529027135301817,,,6.587630272210987,,,5.858396650130038,28.29939498901367,28.526436710357665,-1.2525276649895,60.0,15.0,44.25,中性偏空
2020-12-22,14177.4599609375,12717.5595703125,2743.969970703125,24.229999542236328,28.139999389648438,37.73006134969325,55.828220858895705,326.0,14116.6234375,,2.682165528014613,,,5.279470643041773,,,5.172841822466756,28.280499935150146,28.510436693827312,-1.3251363918212578,40.0,15.0,31.25,中性偏空
2020-12-23,14223.08984375,12653.1396484375,2723.530029296875,23.309999465942383,28.130800247192383,46.012269938650306,59.50920245398773,326.0,14140.83642578125,,3.524752565329714,,,4.122044639960576,,,4.741486921420179,28.263669967651367,28.497783374786376,-1.1824028704366496,50.0,15.0,37.75,中性偏空
2020-12-24,14280.2802734375,12711.009765625,2750.239990234375,21.530000686645508,28.135000228881836,51.22699386503068,60.122699386503065,326.0,14162.567431640626,,3.139034992067957,12539.817919921876,,4.598254900222787,2740.90400390625,,5.768698295670771,28.24640998840332,28.48483336766561,-1.212068690589574,50.0,55.0,51.75,震盪中性
2020-12-25,14331.419921875,,,,28.11400032043457,54.601226993865026,55.52147239263804,326.0,14185.783935546875,,3.34843203121149,,,3.6938493151154272,,,4.5098697729910375,28.226624965667725,28.472283363342285,-1.3879502202873595,50.0,0.0,32.5,中性偏空
2020-12-28,14483.0703125,12838.8603515625,2744.300048828125,21.700000762939453,27.93899917602539,66.56441717791411,65.03067484662577,326.0,14223.79296875,,5.539508686124672,,,4.6505146958152555,,,3.033991450692075,28.1976749420166,28.45593334833781,-2.0302983384102524,60.0,15.0,44.25,中性偏空
2020-12-29,14472.0498046875,12843.490234375,2738.050048828125,23.079999923706055,28.10700035095215,66.25766871165644,63.49693251533742,326.0,14253.111962890625,,4.222913882525314,,,3.1164180621091386,,,1.0451251070586753,28.177189922332765,28.4459633509318,-1.4367033456839318,60.0,15.0,44.25,中性偏空
2020-12-30,14687.7001953125,12845.3603515625,2783.77001953125,22.770000457763672,28.12459945678711,73.00613496932516,67.48466257668711,326.0,14288.039990234374,,4.993591917949192,,,3.1224902715438096,,,2.48200413978934,28.159769916534422,28.434590021769207,-1.2236157805452397,60.0,15.0,44.25,中性偏空
2020-12-31,14732.5302734375,12888.2802734375,2795.5,22.75,28.06999969482422,73.92638036809815,66.25766871165644,326.0,14325.81201171875,,5.404847776844646,,,3.378086172067629,,,2.9214182025734114,28.141219902038575,28.425540002187095,-1.3044558563905517,60.0,15.0,44.25,中性偏空
2021-01-01,,,,,28.078699111938477,,,,,,4.246186967747012,,,2.871855095156639,,,0.0884333744076038,28.12573986053467,28.416323312123616,-1.0905930637286732,0.0,0.0,0.0,偏空逆風
2021-01-04,14902.0302734375,12694.66015625,2783.2099609375,26.969999313354492,28.054000854492188,83.12883435582822,66.56441717791411,326.0,,,4.527241289978234,,,0.7795075272593488,,,-0.8337512368566946,28.1176399230957,28.40720666249593,-0.5741379042283334,35.0,15.0,28.0,偏空逆風
2021-01-05,15000.0302734375,12802.3798828125,2837.169921875,25.34000015258789,28.10099983215332,81.90184049079755,67.79141104294479,326.0,,,4.454122903356339,,,1.3189605329694931,,,0.7421128726580184,28.12268991470337,28.398723316192626,0.36071368626184874,35.0,15.0,28.0,偏空逆風
2021-01-06,14983.1298828125,12623.349609375,2827.9599609375,25.06999969482422,27.954999923706055,60.24464831804281,58.40978593272171,327.0,,,4.120809449124341,,,2.092337247937448,,,3.4075970096462793,28.109154891967773,28.384046649932863,-0.959056643706524,35.0,15.0,28.0,偏空逆風
2021-01-07,15214.0,12939.5703125,2937.0,22.3700008392334,27.829999923706055,68.19571865443424,60.24464831804281,327.0,,,6.768731721351329,,,4.336730716502579,,,7.43798936725828,28.0885048866272,28.36924664179484,-1.4623096213761344,35.0,15.0,28.0,偏空逆風
2021-01-08,15463.9501953125,13105.2001953125,2936.469970703125,21.559999465942383,27.926799774169922,69.41896024464832,66.97247706422019,327.0,,,8.429994828119014,,,5.8970977918976875,,,8.594046250999465,28.07550983428955,28.35580997467041,-0.9220697675976552,35.0,15.0,28.0,偏空逆風
2021-01-11,15557.2998046875,12902.490234375,2969.919921875,24.079999923706055,28.017000198364258,71.86544342507645,76.75840978593273,327.0,,,9.473262134060922,,,3.532922931145821,,,8.539787003197796,28.067259883880617,28.3432266553243,-0.5854765908176018,35.0,15.0,28.0,偏空逆風
2021-01-12,15500.7001953125,12892.08984375,2988.02001953125,23.329999923706055,28.020700454711914,53.21100917431193,61.46788990825688,327.0,,,10.180038211421172,,,2.3513163287157024,,,7.684544685074357,28.062694931030272,28.331683317820232,-0.3247689904404605,25.0,15.0,21.5,偏空逆風
2021-01-13,15769.98046875,12973.6298828125,2991.949951171875,22.209999084472656,27.97800064086914,61.773700305810394,80.1223241590214,327.0,,,10.245199831482843,,,2.4113187929013735,,,7.879442545762605,28.056694984436035,28.322599983215333,-0.4270728653620104,35.0,15.0,28.0,偏空逆風
2021-01-14,15707.1904296875,12898.6904296875,3055.639892578125,23.25,28.01799964904785,63.91437308868502,67.88990825688074,327.0,,,10.156868530301466,,,1.149860213297349,,,9.98869786008072,28.05183000564575,28.31163330078125,-0.34607341372220324,35.0,15.0,28.0,偏空逆風
2021-01-15,15616.3896484375,12803.9296875,2992.77001953125,24.34000015258789,27.986900329589844,48.318042813455655,58.103975535168196,327.0,,,9.589007205955014,,,0.5161648022952603,,,8.247792924554332,28.044775009155273,28.30006497701009,-0.5016351269494179,25.0,15.0,21.5,偏空逆風
2021-01-18,15612.0,,,,27.9822998046875,43.425076452599384,56.574923547400616,327.0,,,8.53002053807963,,,0.8957257296096088,,,8.935349998667007,28.03543996810913,28.29005330403646,-0.662788230950262,15.0,0.0,9.75,偏空逆風
2021-01-19,15877.3701171875,12996.5400390625,3093.320068359375,23.239999771118164,27.982200622558594,45.56574923547401,55.96330275229357,327.0,,,11.990230696709304,,,2.1936635500512613,,,12.731556882407546,28.02755002975464,28.279809983571372,-0.5607632214373548,25.0,15.0,21.5,偏空逆風
2021-01-20,15806.1796875,13296.4501953125,3085.0400390625,21.579999923706055,27.915000915527344,25.076452599388375,47.40061162079511,327.0,,,11.130421456527962,,,5.084197003661783,,,13.27358266209222,28.016760063171386,28.26882667541504,-0.767128306940279,7.5,15.0,10.125,偏空逆風
2021-01-21,16153.76953125,13404.990234375,3132.169921875,21.31999969482422,27.889999389648438,25.076452599388375,44.64831804281346,327.0,,,13.119415179107818,,,5.459680084793628,,,13.887149230495943,28.004510021209718,28.257276662190755,-0.8708044685988403,0.0,15.0,5.25,偏空逆風
2021-01-22,16019.0302734375,13366.400390625,3074.39990234375,21.90999984741211,27.958799362182617,29.66360856269113,46.17737003058104,327.0,,,11.775597678123905,,,5.156086236141566,,,11.786604560344216,27.99674997329712,28.25049664179484,-0.5520415326279449,7.5,15.0,10.125,偏空逆風
2021-01-25,15946.5400390625,13483.2900390625,3079.2099609375,23.190000534057617,27.95159912109375,32.11009174311927,47.09480122324159,327.0,,,10.104692547818495,,,5.019368307262351,,,12.203837268172935,27.997379970550536,28.239963308970133,0.04509805447565629,7.5,15.0,10.125,偏空逆風
2021-01-26,15658.849609375,13490.1904296875,3031.77001953125,23.020000457763672,27.920000076293945,25.993883792048926,36.391437308868504,327.0,,,8.200633778244004,,,5.03523717861083,,,10.7273411904518,27.988029956817627,28.22932497660319,-0.6653156591712506,0.0,15.0,5.25,偏空逆風
2021-01-27,15701.4501953125,13112.650390625,2875.1298828125,37.209999084472656,27.917999267578125,29.051987767584098,40.67278287461774,327.0,,,6.902033582653955,,,2.0808294337183453,,,3.281875393450573,27.977699947357177,28.218048286437988,-0.7345889121956106,0.0,0.0,0.0,偏空逆風
2021-01-28,15415.8798828125,13201.5302734375,2935.1201171875,30.209999084472656,27.933000564575195,23.24159021406728,31.804281345565748,327.0,,,4.638372341287966,,,2.430502699771364,,,4.99445956671436,27.970849990844727,28.207736619313557,-0.48806245720866004,0.0,0.0,0.0,偏空逆風
2021-01-29,15138.3095703125,12925.3798828125,2887.080078125,33.09000015258789,27.932600021362305,14.067278287461773,24.159021406727827,327.0,15552.20400390625,,2.7543082508142858,,,0.28785538945379496,,,3.2759820470398937,27.963545036315917,28.197758293151857,-0.5203200119554441,0.0,0.0,0.0,偏空逆風
2021-02-01,15410.08984375,13248.900390625,2999.989990234375,30.239999771118164,28.000999450683594,16.819571865443425,19.877675840978593,327.0,15577.606982421876,,3.4093312185662583,,,4.3659320340460495,,,7.788849290545596,27.960894966125487,28.188191604614257,-0.18892636413428976,0.0,0.0,0.0,偏空逆風
2021-02-02,15760.0498046875,13456.1201171875,3047.330078125,25.559999465942383,27.950300216674805,25.688073394495415,22.018348623853214,327.0,15615.607958984376,,5.066786649063393,,,5.106396157269644,,,7.40738701019048,27.95335998535156,28.176939932505288,-0.5362784825402644,25.0,15.0,21.5,偏空逆風
2021-02-03,15771.3203125,13402.3701171875,2982.8701171875,22.90999984741211,27.857999801635742,26.299694189602445,28.74617737003058,327.0,15655.01748046875,,5.260519236315586,,,6.17126620048567,,,5.477805852620543,27.948509979248048,28.16478827794393,-0.3469866654803866,25.0,15.0,21.5,偏空逆風
2021-02-04,15706.2197265625,13560.8896484375,3008.419921875,21.770000457763672,27.86400032043457,23.547400611620795,23.547400611620795,327.0,15679.628466796876,,3.2353077860030277,,,4.801699909132906,,,2.4317304009193075,27.95020999908447,28.15404329299927,0.12217174567634714,25.0,15.0,21.5,偏空逆風
2021-02-05,15802.400390625,13603.9599609375,2985.010009765625,20.8700008392334,27.90290069580078,29.357798165137616,24.770642201834864,327.0,15696.5509765625,,2.188639972567241,,,3.8058156929445364,,,1.6530064855686977,27.949015045166014,28.145224984486898,-0.08557757624361173,25.0,15.0,21.5,偏空逆風
2021-02-08,,13695.01953125,3078.47998046875,21.239999771118164,27.973600387573242,,,,,,1.5754699659618954,,,6.1424522125467895,,,3.6553193840059173,27.946845054626465,28.136784998575845,-0.1549052735258516,0.0,15.0,5.25,偏空逆風
2021-02-09,,13687.080078125,3064.949951171875,21.6299991607666,27.88089942932129,,,,,,1.9463649481056056,,,6.166496231488838,,,2.574612323136094,27.939855003356932,28.1262149810791,-0.4989205234771976,0.0,15.0,5.25,偏空逆風
2021-02-10,,13655.26953125,3074.860107421875,21.989999771118164,27.853900909423828,,,,,,0.20557997480874501,,,5.254039575620539,,,2.7711077258336436,27.933650016784668,28.11543000539144,-0.44356182930396226,0.0,15.0,5.25,偏空逆風
2021-02-11,,13734.349609375,3180.840087890625,21.25,27.961299896240234,,,,,,0.6061552596799746,,,6.478635829294377,,,4.097347845752375,27.930815029144288,28.105951658884685,-0.20236902533312673,0.0,15.0,5.25,偏空逆風
2021-02-12,,13807.7001953125,3219.8701171875,19.969999313354492,27.943099975585938,,,,,,1.1911251343943663,,,7.839550296753384,,,7.588290987084267,27.92862501144409,28.096886666615806,-0.15650305495816808,0.0,30.0,10.5,偏空逆風
2021-02-15,,,,,28.014999389648438,,,,,,1.2195771882205886,,,7.839550296753384,,,7.588290987084267,27.93025999069214,28.08836498260498,0.11685810383412765,0.0,0.0,0.0,偏空逆風
2021-02-16,,13773.76953125,3238.919921875,21.459999084472656,27.993999481201172,,,,,,-0.47217975023045033,,,5.980280058011234,,,4.706912000633934,27.930849933624266,28.079633299509684,0.04216558519369862,0.0,15.0,5.25,偏空逆風
2021-02-17,16362.2900390625,13699.7099609375,3178.239990234375,21.5,28.040000915527344,67.2782874617737,31.19266055045872,327.0,,,3.518309689989718,,,3.0328377852847144,,,3.0210289004935387,27.937099933624268,28.072509988149008,0.44778791295139175,20.0,15.0,18.25,偏空逆風
2021-02-18,16424.509765625,13637.509765625,3146.7900390625,22.489999771118164,27.918699264526367,83.18042813455658,52.293577981651374,327.0,,,1.6760189245689228,,,1.7345744173221433,,,0.466772798161208,27.938534927368163,28.0631516456604,0.10290382038724566,27.5,15.0,23.125,偏空逆風
2021-02-19,16341.3798828125,13580.7802734375,3223.4599609375,22.049999237060547,27.86079978942871,89.29663608562691,49.54128440366973,327.0,,,2.0122916548170444,,,1.6038714728526582,,,4.8484277689481825,27.933634948730468,28.05233662923177,-0.35051423877114907,27.5,15.0,23.125,偏空逆風
2021-02-22,16410.16015625,13223.740234375,3102.010009765625,23.450000762939453,27.907800674438477,92.66055045871559,56.88073394495413,327.0,,,2.907339874680148,,,-1.9249738300930797,,,0.7404512559183507,27.931445026397704,28.042166646321615,-0.15669388526047268,35.0,15.0,28.0,偏空逆風
2021-02-23,16443.400390625,13194.7099609375,3083.8798828125,23.110000610351562,27.80940055847168,92.35474006116208,77.06422018348624,327.0,,,5.010270874434397,,,-2.1903357872528173,,,1.7187934093136459,27.925915050506593,28.03037830988566,-0.3961300770775167,35.0,15.0,28.0,偏空逆風
2021-02-24,16212.5302734375,13302.1904296875,3183.739990234375,21.34000015258789,27.850200653076172,91.13149847094802,74.61773700305811,327.0,,,3.2549864615535773,,,1.4454746631391346,,,10.73377968998004,27.922525119781493,28.01999832789103,-0.24284911627133754,35.0,15.0,28.0,偏空逆風
2021-02-25,16452.1796875,12828.3095703125,2999.159912109375,28.889999389648438,27.649999618530273,92.66055045871559,76.75840978593273,327.0,,,6.722287748511158,,,-2.8271018237631784,,,2.1818457972765826,27.90837507247925,28.006814988454185,-1.0131419479646797,35.0,15.0,28.0,偏空逆風
2021-02-26,15953.7998046875,12909.4404296875,3067.6201171875,27.950000762939453,27.764999389648438,85.3211009174312,84.09785932721712,327.0,,,5.386930625162045,,,-0.12331903022978485,,,6.253378298386192,27.899995040893554,27.996426645914713,-0.6000180133095001,35.0,15.0,28.0,偏空逆風
2021-03-01,,13282.9501953125,3169.110107421875,23.350000381469727,27.854999542236328,,,,,,3.5282724919220243,,,0.25700098637313484,,,5.637356049120923,27.892695045471193,27.990409978230794,-0.5214096329111628,0.0,15.0,5.25,偏空逆風
2021-03-02,15946.8798828125,13059.9501953125,3070.93994140625,24.100000381469727,27.819000244140625,79.81651376146789,81.03975535168195,327.0,,,1.1854662925584902,,,-2.9441616039750707,,,0.7747721013463993,27.88613004684448,27.98739331563314,-0.4697622977797078,35.0,15.0,28.0,偏空逆風
2021-03-03,16211.73046875,12683.330078125,2975.580078125,26.670000076293945,27.739999771118164,83.79204892966361,80.73394495412845,327.0,,,2.792474869088424,,,-5.365021505714029,,,-0.24439679825462024,27.880230045318605,27.979298305511474,-0.4235768230231973,35.0,15.0,28.0,偏空逆風
2021-03-04,15906.41015625,12464.0,2831.6298828125,28.56999969482422,27.719999313354492,77.06422018348624,74.61773700305811,327.0,,,1.2745933341868243,,,-8.088626018455102,,,-5.876508055840668,27.8730299949646,27.97058162689209,-0.516799473959495,35.0,15.0,28.0,偏空逆風
2021-03-05,15855.23046875,12668.509765625,2920.75,24.65999984741211,27.812999725341797,72.47706422018348,77.37003058103976,327.0,,,0.33431679250668367,,,-6.876308060289493,,,-2.152756927293198,27.86853494644165,27.96435327529907,-0.32219220302250884,35.0,15.0,28.0,偏空逆風
2021-03-08,15820.1103515625,12299.080078125,2762.75,25.469999313354492,27.927499771118164,68.50152905198776,71.25382262996942,327.0,,,0.11207133409938397,,,-10.193044631587956,,,-10.256034876688558,27.866229915618895,27.960111618041992,-0.16480043975876102,35.0,15.0,28.0,偏空逆風
2021-03-09,15853.08984375,12794.490234375,2932.2099609375,24.030000686645508,28.283000946044922,66.05504587155964,75.84097859327217,327.0,,,0.3207705909987757,,,-6.5214044095245445,,,-4.330902375212431,27.88633499145508,27.962961641947427,1.4422114241435136,35.0,15.0,28.0,偏空逆風
2021-03-10,15911.669921875,12752.0703125,2879.320068359375,22.559999465942383,28.25200080871582,69.72477064220183,85.3211009174312,327.0,,,0.6914742605485857,,,-6.614290671326806,,,-6.359314968200325,27.906239986419678,27.96552832921346,1.4292428934336465,35.0,15.0,28.0,偏空逆風
2021-03-11,16179.5595703125,13052.900390625,2997.1298828125,21.90999984741211,28.20199966430664,79.20489296636084,90.21406727828746,327.0,,,2.3867208168656173,,,-4.961641709519659,,,-5.775524704228452,27.918274974823,27.96697333653768,0.8608318245560964,35.0,15.0,28.0,偏空逆風
2021-03-12,16255.1796875,12937.2900390625,2965.090087890625,20.690000534057617,28.000999450683594,77.06422018348624,88.9908256880734,327.0,,,2.8652564527071434,,,-6.303802544506942,,,-7.91274244066158,27.92116994857788,27.964856656392417,0.20720490979255768,35.0,15.0,28.0,偏空逆風
2021-03-15,16249.330078125,13082.5400390625,3032.050048828125,20.030000686645508,28.145700454711914,76.75840978593273,87.76758409785933,327.0,,,2.828239232345653,13061.36357421875,,-5.251853284706898,3038.018994140625,,-5.8331566654443945,27.927705001831054,27.964468320210774,0.46653959632698694,35.0,35.0,35.0,中性偏空
2021-03-16,16313.16015625,13152.2802734375,3070.320068359375,19.790000915527344,28.176700592041016,77.06422018348624,88.07339449541286,327.0,,,3.2321657026739725,13030.289111328126,,-4.512121800807412,3029.589001464844,,-5.205434452915503,27.936840057373047,27.96508000691732,0.6526438316273309,35.0,70.0,47.25,震盪中性
2021-03-17,16215.8203125,13202.3798828125,3107.919921875,19.229999542236328,28.236499786376953,70.9480122324159,88.9908256880734,327.0,,,-0.8951664236046764,13005.422607421875,,-3.6302234101528885,3026.072998046875,,-2.2125474657497257,27.946665000915527,27.966841665903726,0.7007805436297199,35.0,70.0,47.25,震盪中性
2021-03-18,16287.83984375,12789.1396484375,2976.219970703125,21.579999923706055,28.217599868774414,77.98165137614679,83.79204892966361,327.0,,,-0.8321095961173697,12963.0041015625,,-6.220857999500174,3017.5444946289062,,-5.420446430871239,27.96161003112793,27.968218326568604,1.070610781025283,35.0,15.0,28.0,偏空逆風
2021-03-19,16070.240234375,12866.990234375,3011.3701171875,20.950000762939453,28.404699325561523,66.66666666666666,74.00611620795107,327.0,,,-1.6592212553768415,12927.314599609375,,-5.255883864483057,3006.9400024414062,,-6.579571216027036,27.98880500793457,27.973063309987385,1.9522035987609598,35.0,35.0,35.0,中性偏空
2021-03-22,16189.2197265625,13086.509765625,3077.550048828125,18.8799991607666,28.38610076904297,69.72477064220183,71.86544342507645,327.0,,,-1.3463636404752122,12920.453076171874,,-1.0377583521587241,3005.717004394531,,-0.7885197294817292,28.012720012664794,27.980515003204346,1.7138580721001828,35.0,70.0,47.25,震盪中性
2021-03-23,16177.58984375,13017.7900390625,2994.2099609375,20.299999237060547,28.3085994720459,64.22018348623854,63.91437308868502,327.0,,,-1.616518120099708,12911.607080078125,,-1.3408397941202632,3001.233508300781,,-2.9076982659007156,28.037679958343507,27.983874988555907,1.795072542195264,35.0,35.0,35.0,中性偏空
2021-03-24,16032.1201171875,12798.8798828125,2953.969970703125,21.200000762939453,28.402999877929688,64.52599388379205,57.798165137614674,327.0,,,-1.1127822320590064,12886.441552734375,,-3.783666679073572,2989.745007324219,,-7.216984434534024,28.06531991958618,27.988514995574953,1.9849021259832789,35.0,15.0,28.0,偏空逆風
2021-03-25,16060.1396484375,12780.509765625,2959.8798828125,19.809999465942383,28.48069953918457,63.91437308868502,64.52599388379205,327.0,,,-2.382906377811833,12884.0515625,,-0.3726118739613149,2987.781005859375,,-1.3097010645640617,28.106854915618896,27.99535999298096,3.004339718318061,35.0,30.0,33.25,中性偏空
2021-03-26,16305.8798828125,12979.1201171875,3106.280029296875,18.860000610351562,28.503299713134766,73.70030581039755,62.99694189602446,327.0,,,2.206872860605613,12887.535546875,,0.5397576128842951,2989.714001464844,,1.2602574840596459,28.143769931793212,28.002436669667564,2.659104411007429,35.0,70.0,47.25,震盪中性
2021-03-29,16475.970703125,12965.740234375,3054.6298828125,20.739999771118164,28.585500717163086,77.67584097859327,72.47706422018348,327.0,16115.858544921875,,3.2730189975436197,12871.675048828125,,-2.388098700012009,2983.989990234375,,-3.6123776305931665,28.18029499053955,28.011295000712078,2.6225136849099773,60.0,55.0,58.25,震盪中性
2021-03-30,16554.900390625,12896.5302734375,3044.550048828125,19.610000610351562,28.52750015258789,82.87461773700305,80.73394495412845,327.0,16146.2595703125,,3.8127866534432453,12863.504052734375,,-1.2513058582233727,2982.6704956054687,,-0.8593425166771751,28.215719985961915,28.018403339385987,2.5468201668983115,60.0,70.0,63.5,中性偏多
2021-03-31,16431.130859375,13091.4404296875,3124.93994140625,19.399999618530273,28.441099166870117,80.42813455657493,72.47706422018348,327.0,16157.22958984375,,1.3533434388631083,12883.9095703125,,3.217690851288091,2990.1384887695312,,5.019520878610195,28.250774955749513,28.02650499343872,2.527395102872032,60.0,70.0,63.5,中性偏多
2021-04-01,16571.279296875,13329.51953125,3240.169921875,17.329999923706055,28.374399185180664,78.89908256880734,78.59327217125383,327.0,16190.473046875,,4.179881784097961,12927.185546875,,6.944155417602693,3010.5654907226562,,14.427734413394443,28.28349494934082,28.035578314463297,2.360749956840391,60.0,70.0,63.5,中性偏多
2021-04-02,,,,,28.461700439453125,,,,,,4.516167895107559,,,5.217738927893456,,,10.93622945733117,28.315929985046388,28.04449332555135,2.332365154846161,0.0,0.0,0.0,偏空逆風
2021-04-05,,13598.16015625,3305.429931640625,17.90999984741211,28.530500411987305,,,,,,4.74819030095015,,,10.562416618747994,,,19.642744788367562,28.346080017089843,28.053051662445068,2.1591644286494516,0.0,30.0,10.5,偏空逆風
2021-04-06,,13578.4599609375,3266.10009765625,18.1200008392334,28.387100219726562,,,,,,4.530280596423553,,,6.127401031236124,,,11.386979144290098,28.351284980773926,28.059158325195312,0.36806304210867946,0.0,30.0,10.5,偏空逆風
2021-04-07,16815.359375,13616.7001953125,3266.4599609375,17.15999984741211,28.431800842285156,87.76758409785933,87.76758409785933,327.0,,,5.679413019262225,,,6.780309876153678,,,13.44553170147269,28.360274982452392,28.06672166188558,0.6364152216570274,35.0,30.0,33.25,中性偏空
2021-04-08,16926.439453125,13758.509765625,3301.260009765625,16.950000762939453,28.350400924682617,90.21406727828746,90.51987767584097,327.0,,,4.61619415266985,,,5.4057669474501635,,,10.147378954018826,28.36769504547119,28.07226168314616,0.5262082906972054,35.0,30.0,33.25,中性偏空
2021-04-09,16854.099609375,13845.0595703125,3294.530029296875,16.690000534057617,28.37070083618164,83.79204892966361,87.46177370030581,327.0,,,3.684486627579764,,,7.0166899598687715,,,11.11062165536476,28.386180114746093,28.07865835825602,1.3203149628611577,35.0,30.0,33.25,中性偏空
2021-04-12,16859.69921875,13819.349609375,3258.330078125,16.90999984741211,28.5,80.73394495412845,85.93272171253822,327.0,,,3.7562726444130945,,,5.632006996443328,,,7.462938462520796,28.403895092010497,28.087286694844565,1.2588052155894092,35.0,30.0,33.25,中性偏空
2021-04-13,16824.91015625,13986.490234375,3252.699951171875,16.649999618530273,28.393600463867188,72.78287461773701,78.89908256880734,327.0,,,3.137037797081499,,,6.342702129168276,,,5.940093500087595,28.414740085601807,28.094143358866372,0.7697844931050524,35.0,30.0,33.25,中性偏空
2021-04-14,16865.970703125,13803.91015625,3213.8798828125,16.989999771118164,28.413700103759766,65.74923547400611,75.84097859327217,327.0,,,4.009358626919601,,,4.556226065124824,,,3.4093529949630996,28.423600101470946,28.10245501200358,0.6275576602037036,35.0,30.0,33.25,中性偏空
2021-04-15,17076.73046875,14026.1904296875,3271.330078125,16.56999969482422,28.33370018005371,70.9480122324159,77.67584097859327,327.0,,,4.843433092220106,,,9.672666146867325,,,9.915601344216363,28.42940511703491,28.109850025177003,0.4114464441314025,35.0,30.0,33.25,中性偏空
2021-04-16,17158.810546875,14041.91015625,3253.080078125,16.25,28.24530029296875,79.20489296636084,80.1223241590214,327.0,,,6.773827252261588,,,9.131272352536058,,,8.02657765506578,28.421435165405274,28.114625040690104,-0.5611713426916243,35.0,30.0,33.25,中性偏空
2021-04-19,17263.279296875,13907.669921875,3171.0,17.290000915527344,28.2549991607666,81.9571865443425,83.18042813455658,327.0,,,6.634412210430596,,,6.274859920304987,,,3.036504677071261,28.414880084991456,28.119681708017985,-0.4618514157440856,35.0,30.0,33.25,中性偏空
2021-04-20,17323.869140625,13809.2998046875,3121.429931640625,18.68000030517578,28.12700080871582,85.3211009174312,83.79204892966361,327.0,,,7.08559994378799,,,6.080216098507618,,,4.248866056917788,28.405800151824952,28.123131720225015,-0.6414964594394834,35.0,30.0,33.25,中性偏空
2021-04-21,17202.109375,13935.150390625,3207.25,17.5,28.025999069213867,79.20489296636084,83.4862385321101,327.0,,,7.297782509489759,,,8.877890238960573,,,8.574224917952966,28.38695011138916,28.124931716918944,-1.3273274313843397,35.0,30.0,33.25,中性偏空
2021-04-22,17096.970703125,13762.3603515625,3133.169921875,18.709999084472656,27.979999542236328,63.30275229357798,73.08868501529052,327.0,,,6.455928014227275,,,7.682405506064605,,,5.854630793254989,28.361915111541748,28.125715033213297,-1.7580326503545463,35.0,30.0,33.25,中性偏空
2021-04-23,17300.26953125,13941.4404296875,3196.97998046875,17.329999923706055,28.086299896240234,69.41896024464832,79.20489296636084,327.0,,,6.098350138624875,,,7.414372498376487,,,2.9198897174896876,28.34106512069702,28.128276697794597,-1.4629878683918518,35.0,30.0,33.25,中性偏空
2021-04-26,17572.2890625,14026.16015625,3250.260009765625,17.639999389648438,28.031999588012695,72.78287461773701,81.03975535168195,327.0,,,6.654044117516311,,,8.178630010368359,,,6.404380709226931,28.313390064239503,28.12879336675008,-1.9363002755381609,35.0,30.0,33.25,中性偏空
2021-04-27,17595.900390625,13960.2802734375,3225.610107421875,17.559999465942383,27.808000564575195,69.72477064220183,82.56880733944955,327.0,,,6.288168309303233,,,8.248342596387847,,,5.947021914237927,28.277415084838868,28.126421705881754,-2.522126313782269,35.0,30.0,33.25,中性偏空
2021-04-28,17567.529296875,13901.6201171875,3178.489990234375,17.280000686645508,27.897199630737305,70.64220183486239,80.1223241590214,327.0,,,6.916130406518017,,,6.188621426735841,,,1.7136344964129746,28.250220108032227,28.12707503636678,-1.9123717158104014,35.0,30.0,33.25,中性偏空
2021-04-29,17566.66015625,13970.2001953125,3202.5,17.610000610351562,27.783000946044922,64.83180428134557,76.45259938837921,327.0,,,6.0066627418603025,,,4.806479802670127,,,-1.1625909376135835,28.22065019607544,28.12572504679362,-2.084267001659079,35.0,30.0,33.25,中性偏空
2021-04-30,,13860.759765625,3108.989990234375,18.610000610351562,27.766000747680664,,,,,,6.0066627418603025,13857.48408203125,,3.9854417342616744,3223.939001464844,,-4.048550995890821,28.185865211486817,28.123443380991617,-2.444336357388166,0.0,50.0,17.5,偏空逆風
2021-05-03,17222.349609375,13799.7197265625,3073.3798828125,18.309999465942383,27.846500396728516,45.25993883792049,62.079510703363916,327.0,,,3.9289079668265448,13867.562060546876,,1.4822561875759366,3212.3364990234377,,-7.020268274540276,28.151665210723877,28.121325047810874,-2.3974343435329337,25.0,30.0,26.75,偏空逆風
2021-05-04,16933.779296875,13544.669921875,3024.31005859375,19.479999542236328,27.923999786376953,29.051987767584098,54.43425076452599,327.0,,,2.187519705061991,13865.87255859375,,-0.24885030526073937,3200.2469970703123,,-7.403019865680427,28.128510189056396,28.122043387095133,-1.6313763285613625,7.5,30.0,15.375,偏空逆風
2021-05-05,16843.439453125,13503.3701171875,3042.8798828125,19.149999618530273,27.893199920654297,28.134556574923547,50.15290519877675,327.0,,,0.1669906512182351,13860.2060546875,,-0.8322873860732716,3189.0679931640625,,-6.84472122109927,28.101580142974854,28.12269837061564,-1.8943609116374605,7.5,30.0,15.375,偏空逆風
2021-05-06,16994.359375,13613.73046875,3066.219970703125,18.389999389648438,27.885000228881836,31.804281345565748,47.09480122324159,327.0,,,0.40126526351329517,13852.96708984375,,-1.052289087563274,3177.3159912109377,,-7.11970697149622,28.078310108184816,28.121426709493,-1.6416018138057153,7.5,30.0,15.375,偏空逆風
2021-05-07,17285.0,13719.6298828125,3112.030029296875,16.690000534057617,27.947999954223633,39.14373088685015,50.45871559633027,327.0,,,2.556650314237574,13846.69560546875,,-0.9059526747646096,3168.1909912109377,,-5.539485097331154,28.057175064086913,28.12150837580363,-1.4899204795777554,7.5,30.0,15.375,偏空逆風
2021-05-10,17235.609375,13359.080078125,2967.110107421875,19.65999984741211,27.75279998779297,41.59021406727829,50.15290519877675,327.0,,,2.2296373818575743,13823.68212890625,,-3.3306164491110013,3153.629992675781,,-8.937706239716114,28.019815063476564,28.117138385772705,-2.6217544287965966,7.5,30.0,15.375,偏空逆風
2021-05-11,16583.130859375,13351.26953125,2976.010009765625,21.84000015258789,27.731300354003906,21.406727828746178,37.308868501529055,327.0,,,-1.4370317263488364,13791.92109375,,-4.5416733753819045,3139.7954956054687,,-8.506469873022404,27.9867000579834,28.112760066986084,-2.3325682514484303,0.0,15.0,5.25,偏空逆風
2021-05-12,15902.3701171875,13001.6298828125,2851.14990234375,27.59000015258789,27.91699981689453,5.5045871559633035,22.629969418960243,327.0,,,-5.713282697443322,13751.807080078124,,-5.811978376824278,3121.6589965820312,,-11.286357726329243,27.961865043640138,28.110710048675536,-1.7481013914112165,0.0,15.0,5.25,偏空逆風
2021-05-13,15670.099609375,13109.150390625,2893.93994140625,23.1299991607666,28.02400016784668,2.7522935779816518,17.12538226299694,327.0,,,-8.237120460202263,13705.955078125,,-6.5380549598236914,3102.7894897460938,,-11.536290368321843,27.946380043029784,28.112465063730877,-1.0930447143823963,0.0,15.0,5.25,偏空逆風
2021-05-14,15827.08984375,13393.1201171875,2981.419921875,18.809999465942383,27.937000274658203,2.4464831804281344,15.902140672782874,327.0,,,-7.76114812554729,13673.515576171874,,-4.620383066428646,3089.2064819335938,,-8.350859792132093,27.93096504211426,28.113735071818034,-1.0915090833263141,0.0,30.0,10.5,偏空逆風
2021-05-17,15353.8896484375,13312.91015625,2954.6298828125,19.719999313354492,27.95989990234375,1.2232415902140672,6.116207951070336,327.0,,,-11.060411035481177,13643.777587890625,,-4.276487499099457,3078.387976074219,,-6.823403254099658,27.916210079193114,28.114603392283122,-1.044414323793752,0.0,30.0,10.5,偏空逆風
2021-05-18,16145.98046875,13217.6796875,2929.14990234375,21.34000015258789,28.05419921875,6.116207951070336,8.868501529051988,327.0,,,-6.799224020417094,13614.19658203125,,-4.284215170610439,3068.773974609375,,-6.159998254255628,27.912569999694824,28.11868336995443,-0.25883168440504756,0.0,15.0,5.25,偏空逆風
2021-05-19,16132.66015625,13237.91015625,2987.280029296875,22.18000030517578,27.965499877929688,7.339449541284404,9.174311926605505,327.0,,,-6.216965579257627,13579.3345703125,,-5.003464008856873,3057.7754760742187,,-6.858522743881046,27.909545040130617,28.120605023701987,-0.2158680985279715,0.0,15.0,5.25,偏空逆風
2021-05-20,16042.3603515625,13494.08984375,3066.110107421875,20.670000076293945,27.890899658203125,6.727828746177369,7.033639143730887,327.0,,,-6.1684047418396615,13565.921044921875,,-1.949305939965762,3054.4224853515625,,-2.1403184674067766,27.905090045928954,28.1246200243632,-0.31844133484957293,0.0,35.0,12.25,偏空逆風
2021-05-21,16302.0595703125,13411.740234375,3052.10009765625,20.149999618530273,27.95050048828125,10.703363914373089,9.480122324159021,327.0,,,-5.769909879926461,13539.43603515625,,-3.7994653277328094,3047.1784912109374,,-4.531773226532909,27.898300075531004,28.127711709340414,-0.48350764771675214,0.0,35.0,12.25,偏空逆風
2021-05-24,16338.2900390625,13641.75,3122.97998046875,18.399999618530273,27.948999404907227,14.067278287461773,10.703363914373089,327.0,,,-7.022414775038643,13520.21552734375,,-2.7406656702027465,3040.814489746094,,-3.915995302358999,27.894150066375733,28.12927837371826,-0.296090840201646,0.0,70.0,24.5,偏空逆風
2021-05-25,16595.669921875,13657.73046875,3134.669921875,18.84000015258789,28.012399673461914,25.688073394495415,9.480122324159021,327.0,,,-5.684451756063114,13505.088037109375,,-2.1672187002088172,3036.26748046875,,-2.819317354494544,27.904370021820068,28.132501697540285,0.735037056735055,0.0,70.0,24.5,偏空逆風
2021-05-26,16643.689453125,13702.740234375,3140.97998046875,17.360000610351562,27.820499420166016,36.08562691131498,10.091743119266056,327.0,,,-5.258792105241216,13495.14404296875,,-1.4306237771999797,3034.391979980469,,-1.180120430797993,27.900535011291502,28.133843358357748,-0.2749387450587726,0.0,70.0,24.5,偏空逆風
2021-05-27,16601.609375,13657.849609375,3159.27001953125,16.739999771118164,27.667999267578125,41.896024464831804,9.785932721712538,327.0,,,-5.493649747112839,13479.526513671875,,-2.2358347165440384,3032.2304809570314,,-1.349882294106164,27.894784927368164,28.132976690928142,-0.41392820987959933,0.0,70.0,24.5,偏空逆風
2021-05-28,16870.859375,13686.509765625,3186.56005859375,16.760000228881836,27.78700065612793,62.38532110091744,11.62079510703364,327.0,16476.214794921874,,-3.9609167312458227,13470.814013671876,,-1.2571460940557055,3036.108984375,,2.4950247058700636,27.895834922790527,28.13254337310791,0.07563173623057473,45.0,70.0,53.75,震盪中性
2021-05-31,17068.4296875,,,,27.6200008392334,78.89908256880734,18.654434250764528,327.0,16468.518798828125,,-0.8937219680595354,,,-0.8203786973991045,,,3.682596362857593,27.88450994491577,28.12741839090983,-0.8133860782079672,45.0,0.0,29.25,偏空逆風
2021-06-01,17162.380859375,13654.58984375,3174.320068359375,17.899999618530273,27.516700744628906,90.51987767584097,42.50764525993883,327.0,16479.948876953124,,1.3499736738755486,,,0.8115363645553098,,,4.96013989502706,27.86414499282837,28.11464672088623,-1.458598499011421,45.0,30.0,39.75,中性偏空
2021-06-02,17165.0390625,13675.7900390625,3196.97998046875,17.479999542236328,27.58180046081543,88.9908256880734,43.425076452599384,327.0,16496.028857421876,,1.9093464269575477,,,1.276865851847897,,,5.06428461164945,27.848575019836424,28.10347671508789,-1.1163991966668618,45.0,30.0,39.75,中性偏空
2021-06-03,17246.16015625,13529.6796875,3139.18994140625,18.040000915527344,27.54400062561035,93.27217125382263,44.03669724770643,327.0,16508.618896484375,,1.481672687353064,,,-0.617397130367292,,,2.3798022125070206,27.83152503967285,28.09251006444295,-1.2228782516497727,45.0,30.0,39.75,中性偏空
2021-06-04,17147.41015625,13770.76953125,3214.139892578125,16.420000076293945,27.62380027770996,90.82568807339449,26.911314984709477,327.0,16501.739404296874,,-0.7960071955452674,,,0.3727480177986964,,,3.28113361117921,27.81531505584717,28.08622341156006,-1.1600102942775248,45.0,30.0,39.75,中性偏空
2021-06-07,17083.91015625,13802.8896484375,3191.659912109375,16.420000076293945,27.535999298095703,90.21406727828746,25.688073394495415,327.0,16494.154443359374,,-0.88015001645394,,,3.3221566733417696,,,7.56796332316132,27.804475021362304,28.076061725616455,-0.7811849247377767,45.0,30.0,39.75,中性偏空
2021-06-08,17076.2109375,13810.8603515625,3171.219970703125,17.06999969482422,27.622800827026367,91.74311926605505,51.07033639143731,327.0,16518.808447265626,,2.9733835082549787,,,3.4423005185894917,,,6.559452431172219,27.799050045013427,28.06683006286621,-0.3912529365463824,52.5,30.0,44.625,中性偏空
2021-06-09,16966.220703125,13814.9404296875,3158.47998046875,17.889999389648438,27.58690071105957,85.01529051987767,85.01529051987767,327.0,16572.0009765625,,6.68988696714885,,,6.255450695071363,,,10.779162395928864,27.78254508972168,28.05600341161092,-1.182430447397842,60.0,30.0,49.5,震盪中性
2021-06-10,17159.220703125,13960.349609375,3196.2099609375,16.100000381469727,27.779499053955078,87.46177370030581,92.96636085626912,327.0,16646.45703125,,9.502945934428508,,,6.4931684616169605,,,10.444930636133654,27.7703200340271,28.04870173136393,-0.8724704268740724,60.0,30.0,49.5,震盪中性
2021-06-11,17213.51953125,13998.2998046875,3210.06005859375,15.649999618530273,27.5575008392334,85.93272171253822,92.04892966360856,327.0,16715.778515625,,8.759852260821589,,,4.51858627567574,,,7.668833733926328,27.751345062255858,28.0345817565918,-1.358411539155302,60.0,30.0,49.5,震盪中性
2021-06-14,,14128.2001953125,3255.340087890625,16.389999389648438,27.641000747680664,,,,,,12.111783563598477,,,6.12405574358772,,,10.177593032122179,27.735400104522704,28.022163422902427,-1.140558999770791,0.0,30.0,10.5,偏空逆風
2021-06-15,17371.2890625,14030.41015625,3225.97998046875,17.020000457763672,27.63680076599121,81.65137614678899,97.55351681957187,327.0,,,7.5889389072502755,,,6.1488134677571304,,,10.13365952652312,27.714530181884765,28.010966777801514,-1.4878287899225517,35.0,30.0,33.25,中性偏空
2021-06-16,17307.859375,13983.009765625,3201.010009765625,18.149999618530273,27.561199188232422,75.22935779816514,90.51987767584097,327.0,,,7.284596634205509,,,5.628528979124536,,,7.154668406465281,27.6943151473999,27.996936766306558,-1.445712365100038,35.0,30.0,33.25,中性偏空
2021-06-17,17390.609375,14163.8095703125,3231.7099609375,17.75,27.67799949645996,80.42813455657493,92.04892966360856,327.0,,,8.4043058121817,,,4.9630596380880965,,,5.40097542859832,27.683670139312746,27.983558432261148,-0.7633319984375109,35.0,30.0,33.25,中性偏空
2021-06-18,17318.5390625,14049.580078125,3152.81005859375,20.700000762939453,27.684999465942383,64.83180428134557,92.04892966360856,327.0,,,6.235282651270646,,,4.755832074015154,,,3.299693906331469,27.6703950881958,27.969920094807943,-0.9498972029147845,35.0,15.0,28.0,偏空逆風
2021-06-21,17062.98046875,14137.23046875,3171.989990234375,17.889999389648438,27.7810001373291,45.56574923547401,77.98165137614679,327.0,,,4.4355341223278,,,3.6320887624388343,,,1.569334740284467,27.661995124816894,27.95651175181071,-0.60109224356929,25.0,30.0,26.75,偏空逆風
2021-06-22,17075.55078125,14270.419921875,3185.429931640625,16.65999984741211,27.947500228881836,47.09480122324159,75.84097859327217,327.0,,,2.891602819494876,,,4.486026829471279,,,1.6193095614757125,27.658750152587892,27.94684508641561,-0.23168113170097815,25.0,30.0,26.75,偏空逆風
2021-06-23,17336.7109375,14274.240234375,3197.219970703125,16.31999969482422,27.950300216674805,61.773700305810394,79.51070336391437,327.0,,,4.163869353167238,,,4.170698635637282,,,1.7905236768170019,27.66524019241333,27.938665103912353,0.4665652997397407,35.0,30.0,33.25,中性偏空
2021-06-24,17407.9609375,14365.9599609375,3253.800048828125,15.970000267028809,28.034700393676758,70.9480122324159,81.9571865443425,327.0,,,4.857068638865014,,,5.184640128680584,,,2.992147828848779,27.683575248718263,27.93300345738729,1.3253619192058474,35.0,30.0,33.25,中性偏空
2021-06-25,17502.990234375,14345.1796875,3241.47998046875,15.619999885559082,27.906099319458008,72.17125382262996,81.9571865443425,327.0,,,3.7468800214867537,,,4.812548510572889,,,1.723486168945354,27.689530181884766,27.923743438720702,0.4286128783885568,35.0,30.0,33.25,中性偏空
2021-06-28,17590.970703125,14524.98046875,3323.139892578125,15.760000228881836,27.865800857543945,74.31192660550458,76.75840978593273,327.0,,,3.061447509771109,14014.55947265625,,6.126256565650512,3204.6084838867187,,4.2861214435935935,27.701820182800294,27.912665112813315,0.8899348690873055,35.0,70.0,47.25,震盪中性
2021-06-29,17598.189453125,14572.75,3348.8701171875,16.020000457763672,27.81599998474121,63.608562691131496,67.2782874617737,327.0,,,2.5393248018496184,14060.46748046875,,6.7241870078599275,3213.335986328125,,5.498816914147531,27.716785144805907,27.90314677556356,1.0877003129480478,35.0,70.0,47.25,震盪中性
2021-06-30,17755.4609375,14554.7998046875,3345.31005859375,15.829999923706055,27.875900268554688,71.55963302752293,63.30275229357798,327.0,,,3.4396768504295405,14104.41796875,,6.427488014325045,3220.752490234375,,4.6396936806357925,27.73149013519287,27.893881766001382,1.0662821238123232,35.0,70.0,47.25,震盪中性
2021-07-01,17713.939453125,14560.0498046875,3295.06005859375,15.479999542236328,27.81800079345703,64.83180428134557,62.079510703363916,327.0,,,2.7123678119472805,14155.936474609374,,7.6156283148333115,3228.54599609375,,4.96529742057199,27.745190143585205,27.88500843048096,0.9947725879439373,35.0,70.0,47.25,震盪中性
2021-07-02,17710.150390625,14727.6298828125,3315.830078125,15.069999694824219,27.878999710083008,72.17125382262996,59.9388379204893,327.0,,,3.281779751269842,14203.7794921875,,6.948488604003544,3233.630505371094,,3.1638381945257255,27.757950115203858,27.876813411712646,0.9238389714936179,35.0,70.0,47.25,震盪中性
2021-07-05,17919.330078125,,,,27.937999725341797,84.70948012232415,74.92354740061162,327.0,,,4.890097841970742,,,6.699613326834664,,,3.8904572991788733,27.77805013656616,27.867446740468342,1.459908619600725,35.0,0.0,22.75,偏空逆風
2021-07-06,17913.0703125,14786.3603515625,3307.919921875,16.440000534057617,27.968799591064453,81.9571865443425,75.22935779816514,327.0,,,4.900732241262173,,,7.063281904009955,,,4.31064235325076,27.795350074768066,27.86036672592163,1.2525839295034702,35.0,30.0,33.25,中性偏空
2021-07-07,17850.689453125,14810.5400390625,3261.72998046875,16.200000762939453,27.896900177001953,78.89908256880734,73.70030581039755,327.0,,,5.213115905282839,,,7.206687675869494,,,3.2689775030543933,27.810850048065184,27.851753393809002,1.1237198016162298,35.0,30.0,33.25,中性偏空
2021-07-08,17866.08984375,14722.1396484375,3222.81005859375,19.0,27.88159942626953,78.59327217125383,79.51070336391437,327.0,,,4.1194711161694375,,,5.456812045386905,,,0.8322387446802137,27.815955066680907,27.84421838124593,0.3675385654584584,35.0,30.0,33.25,中性偏空
2021-07-09,17661.48046875,14826.08984375,3278.389892578125,16.18000030517578,27.959999084472656,73.08868501529052,73.70030581039755,327.0,,,2.602378535585115,,,5.913504144162607,,,2.128615438251602,27.83607997894287,27.83946336110433,1.4605760064650752,35.0,30.0,33.25,中性偏空
2021-07-12,17814.330078125,14877.8896484375,3319.0,16.170000076293945,27.951000213623047,73.70030581039755,77.06422018348624,327.0,17558.4095703125,,3.4903410995309248,,,5.306333735090574,,,1.9555533489781896,27.85157995223999,27.83439671198527,1.1215204137223322,60.0,30.0,49.5,震盪中性
2021-07-13,17847.51953125,14874.5400390625,3300.81005859375,17.1200008392334,27.959199905395508,68.19571865443424,70.64220183486239,327.0,17582.22109375,,2.741480307169919,,,6.016430549155927,,,2.3196076410284094,27.867699909210206,27.831600030263264,1.166557381710498,60.0,30.0,49.5,震盪中性
2021-07-14,17845.75,14900.4404296875,3289.179931640625,16.329999923706055,28.01919937133789,60.85626911314985,73.70030581039755,327.0,17609.115625,,3.107782501266132,,,6.561038570664923,,,2.754440679848291,27.890599918365478,27.831486701965332,1.6617570954641891,60.0,30.0,49.5,震盪中性
2021-07-15,18034.189453125,14794.6904296875,3217.739990234375,17.010000228881836,27.96660041809082,70.33639143730886,72.78287461773701,327.0,17641.29462890625,,3.700733333992212,,,4.454174960791146,,,-0.4322779850909786,27.90502996444702,27.831263383229572,1.0427087465904927,60.0,30.0,49.5,震盪中性
2021-07-16,17895.25,14681.3798828125,3145.449951171875,18.450000762939453,27.87969970703125,70.33639143730886,77.37003058103976,327.0,17670.13017578125,,3.33002071028472,,,4.496930165700852,,,-0.2334459509164888,27.914764976501466,27.827820046742758,0.703269802581663,60.0,30.0,49.5,震盪中性
2021-07-19,17789.25,14549.08984375,3147.510009765625,22.5,27.972000122070312,67.88990825688074,83.18042813455658,327.0,17706.44365234375,,4.256404867720076,,,2.913296037087365,,,-0.7717546569855682,27.924314975738525,27.82682005564372,0.6875201893274063,60.0,15.0,44.25,中性偏空
2021-07-20,17528.740234375,14728.2099609375,3190.949951171875,19.729999542236328,28.077299118041992,47.40061162079511,72.17125382262996,327.0,17729.103125,,2.6540253894628663,,,3.2079647380296006,,,0.17328962336984333,27.930804920196532,27.831308364868164,0.46443827926341275,25.0,30.0,26.75,偏空逆風
2021-07-21,17458.7890625,14842.6298828125,3288.75,17.90999984741211,27.999099731445312,44.342507645259936,59.32721712538226,327.0,17735.20703125,,0.7041596611958356,,,3.9819257565016475,,,2.8628004996711587,27.933244895935058,27.833006699879963,0.1745938841164696,15.0,30.0,20.25,偏空逆風
2021-07-22,17572.330078125,14940.169921875,3259.419921875,17.690000534057617,27.961599349975586,51.07033639143731,59.021406727828754,327.0,17743.42548828125,,0.9442182298957214,,,3.997017689725113,,,0.1727172217880657,27.92958984375,27.835983339945475,-0.26075200617324823,25.0,30.0,26.75,偏空逆風
2021-07-23,17572.919921875,15111.7900390625,3280.06005859375,17.200000762939453,27.99570083618164,54.74006116207951,60.24464831804281,327.0,17746.92197265625,,0.3995299463897428,,,5.344027528846529,,,1.1901994878099176,27.934069919586182,27.839811674753825,0.3210821967553068,25.0,30.0,26.75,偏空逆風
2021-07-26,17403.560546875,15125.9501953125,3276.919921875,17.579999923706055,28.018299102783203,54.43425076452599,60.24464831804281,327.0,17737.55146484375,,-1.0653770017177489,,,4.137490772228336,,,-1.3908523925325045,27.941694831848146,27.842674986521402,0.5472595100311839,25.0,30.0,26.75,偏空逆風
2021-07-27,17269.869140625,14956.9697265625,3215.969970703125,19.360000610351562,28.047199249267578,48.01223241590214,57.18654434250765,327.0,17721.13544921875,,-1.865648243954432,,,2.63656294496577,,,-3.968507043682823,27.953254795074464,27.844728310902912,0.8311736577983675,25.0,30.0,26.75,偏空逆風
2021-07-28,17135.220703125,15018.099609375,3272.449951171875,18.309999465942383,28.02389907836914,30.58103975535168,47.706422018348626,327.0,17690.1234375,,-3.4932364558615148,,,3.183141031855974,,,-2.1779777104578124,27.960654735565186,27.84690663019816,0.53092028737598,7.5,30.0,15.375,偏空逆風
2021-07-29,17402.810546875,15048.3603515625,3333.239990234375,17.700000762939453,27.89900016784668,40.0611620795107,54.74006116207951,327.0,17674.5669921875,,-1.756407190356024,,,3.3537697564591573,,,1.1587021469016578,27.964704704284667,27.84713996251424,0.29117611646880537,7.5,30.0,15.375,偏空逆風
2021-07-30,17247.41015625,14959.900390625,3356.530029296875,18.239999771118164,27.844999313354492,34.25076452599388,49.84709480122324,327.0,17651.42998046875,,-2.6128532178922415,,,1.5771071765156464,,,1.2274438138545785,27.963004684448244,27.845423285166422,-0.12195701812148796,7.5,30.0,15.375,偏空逆風
2021-08-02,17503.279296875,14963.6201171875,3377.489990234375,19.459999084472656,27.924100875854492,43.425076452599384,43.730886850152906,327.0,17630.62744140625,,-2.3217987471411905,14875.943017578125,,1.602363966590481,3267.1159790039064,,1.85956187912506,27.962309741973876,27.848278299967447,-0.04974890695090828,0.0,70.0,24.5,偏空逆風
2021-08-03,17553.759765625,15061.419921875,3396.659912109375,18.040000915527344,27.920900344848633,43.730886850152906,46.788990825688074,327.0,17612.6619140625,,-2.005856844229925,14889.69599609375,,1.8602249896028988,3271.552978515625,,2.6826523111259437,27.959914779663087,27.85143829981486,-0.17125957107978484,7.5,70.0,29.375,偏空逆風
2021-08-04,17623.890625,15083.3896484375,3436.89990234375,17.969999313354492,27.850299835205078,49.235474006116206,50.764525993883794,327.0,17601.32197265625,,-1.270532596068974,14903.3384765625,,1.8422664444062375,3280.311474609375,,5.370460550809475,27.95758476257324,27.85032663345337,-0.16704487416595581,42.5,70.0,52.125,震盪中性
2021-08-05,17603.119140625,15181.6396484375,3424.4599609375,17.280000686645508,27.71470069885254,48.01223241590214,45.56574923547401,327.0,17588.1734375,,-1.4718984703695148,14926.3134765625,,3.1211495813298296,3290.3939697265623,,6.2569589481714205,27.949239826202394,27.845171642303466,-0.598598110765991,42.5,70.0,52.125,震盪中性
2021-08-06,17526.279296875,15109.3603515625,3412.050048828125,16.149999618530273,27.72640037536621,42.50764525993883,45.25993883792049,327.0,17581.41337890625,,-0.7655143752768767,14940.477001953124,,1.910621821382752,3297.0769775390627,,4.0770061106090605,27.93755989074707,27.841661643981933,-0.8354746665073076,7.5,70.0,29.375,偏空逆風
2021-08-09,17485.150390625,15133.1103515625,3399.760009765625,16.719999313354492,27.82229995727539,31.49847094801223,33.02752293577982,327.0,17564.95439453125,,-1.8478364668016,14953.238037109375,,1.7154361885713065,3301.1149780273436,,2.4332633252674096,27.931124877929687,27.839368311564126,-0.4604495558800381,0.0,70.0,24.5,偏空逆風
2021-08-10,17323.640625,15053.580078125,3358.8701171875,16.790000915527344,27.785600662231445,24.464831804281346,32.7217125382263,327.0,17538.76044921875,,-2.9353037285249517,14962.1900390625,,1.2036677342110558,3304.0179809570313,,1.7589639380366284,27.922444915771486,27.834891668955485,-0.6209020420879896,0.0,70.0,24.5,偏空逆風
2021-08-11,17227.1796875,15027.759765625,3350.929931640625,16.170000076293945,27.826200485229492,17.682926829268293,27.439024390243905,328.0,17507.83193359375,,-3.4662051889105205,14968.556005859375,,0.8544669302783081,3307.1054809570314,,1.8773676503978765,27.912794971466063,27.832570012410482,-0.688809425103798,0.0,70.0,24.5,偏空逆風
2021-08-12,17219.939453125,15088.98046875,3312.9599609375,15.59000015258789,27.791500091552734,19.817073170731707,23.47560975609756,328.0,17467.11943359375,,-4.51503518977896,14983.2705078125,,1.9891598304211167,3311.8664794921874,,2.9592189235957855,27.90403995513916,27.83091335296631,-0.626105153720502,0.0,70.0,24.5,偏空逆風
2021-08-13,16982.109375,15136.6796875,3335.0400390625,15.449999809265137,27.796499252319336,13.719512195121952,16.158536585365855,328.0,17421.46240234375,,-5.102698341738732,15006.035498046875,,3.101205801646212,3321.345983886719,,6.027439343614138,27.899879932403564,27.828346665700277,-0.29842665303504434,0.0,70.0,24.5,偏空逆風
2021-08-16,16858.76953125,15140.76953125,3322.639892578125,16.1200008392334,27.808000564575195,6.707317073170732,11.890243902439025,328.0,17374.93837890625,,-5.230577279817872,15035.619482421875,,4.066781454058965,3330.1024780273438,,5.5640770726425925,27.891679954528808,27.825996685028077,-0.5862990017854286,0.0,50.0,17.5,偏空逆風
2021-08-17,16661.359375,15002.830078125,3256.820068359375,17.90999984741211,27.78969955444336,6.097560975609756,14.939024390243901,328.0,17331.5693359375,,-4.948335406751081,15049.35048828125,,1.864585838441024,3333.3959838867186,,2.064279233314492,27.877299976348876,27.822285016377766,-1.024313493935125,0.0,30.0,10.5,偏空逆風
2021-08-18,16826.26953125,14857.919921875,3208.830078125,21.56999969482422,27.89940071105957,12.5,20.426829268292682,328.0,17299.943359375,,-3.6229289957377286,15050.114990234375,,0.10301435246462542,3329.3999877929687,,-2.4301002470543565,27.87231502532959,27.82360003789266,-0.3560793787729222,0.0,15.0,5.25,偏空逆風
2021-08-19,16375.400390625,14933.9404296875,3235.8701171875,21.670000076293945,27.842199325561523,5.487804878048781,8.841463414634147,328.0,17240.096875,,-6.8114455065353186,15049.803515625,,-0.041696260618684367,3328.2224975585937,,-0.7225152098215282,27.866345024108888,27.826503372192384,-0.427014288130001,0.0,15.0,5.25,偏空逆風
2021-08-20,16341.9404296875,15092.5703125,3256.5,18.559999465942383,28.01799964904785,8.536585365853659,8.841463414634147,328.0,17178.547900390626,,-7.004979807909784,15048.842529296875,,-0.1271836527163117,3327.0444946289062,,-0.7182813171979219,27.867459964752197,27.830353355407716,0.07965084709504744,0.0,50.0,17.5,偏空逆風
2021-08-23,16741.83984375,15312.8203125,3342.010009765625,17.149999618530273,27.97100067138672,17.378048780487802,14.02439024390244,328.0,17145.461865234374,,-3.802214502846768,15058.18603515625,,1.235427293985203,3330.2989990234373,,1.9863191485430365,27.86509504318237,27.83620335261027,-0.16881264356188863,0.0,70.0,24.5,偏空逆風
2021-08-24,16818.73046875,15357.6796875,3345.389892578125,17.219999313354492,27.901199340820312,21.341463414634145,17.378048780487802,328.0,17122.904931640624,,-2.6122877261053334,15078.221533203125,,2.679085190804842,3336.7699951171876,,4.024288878751703,27.85779504776001,27.842611662546794,-0.5205507585613112,0.0,70.0,24.5,偏空逆風
2021-08-25,17045.859375,15368.919921875,3372.550048828125,16.790000915527344,27.89310073852539,29.48328267477204,28.57142857142857,329.0,17118.436865234376,,-0.521506723918086,15095.762548828125,,2.335983390874574,3341.775,,3.0588732952326447,27.85125513076782,27.847800000508627,-0.4667385486864961,0.0,70.0,24.5,偏空逆風
2021-08-26,17066.9609375,15278.51953125,3370.389892578125,18.84000015258789,27.884899139404297,30.3951367781155,22.188449848024316,329.0,17101.644384765626,,-1.9298584471190927,15107.2705078125,,1.5294635050628669,3343.6324951171873,,1.1145282803695755,27.8505500793457,27.853481642405193,-0.050543131859737134,0.0,70.0,24.5,偏空逆風
2021-08-27,17209.9296875,15432.9501953125,3436.449951171875,16.389999389648438,27.91659927368164,35.56231003039514,24.924012158054712,329.0,17099.770361328126,,-0.21731070584193324,15130.922998046875,,3.162118679506376,3347.6284912109377,,2.3810280610461643,27.85413007736206,27.858361625671385,0.25713759056480434,25.0,70.0,40.75,中性偏空
2021-08-30,17396.51953125,15605.08984375,3446.43994140625,16.190000534057617,27.87299919128418,48.02431610942249,24.924012158054712,329.0,17094.432373046875,,-0.6099415076125769,15162.996484375,,4.286861879270076,3351.0759887695312,,2.041455381695756,27.851574993133546,27.86397829055786,-0.18300207694242898,35.0,70.0,47.25,震盪中性
2021-08-31,17490.2890625,15582.509765625,3417.719970703125,16.479999542236328,27.72920036315918,52.27963525835866,26.13981762917933,329.0,17091.258837890626,,-0.36157896640065523,15189.0509765625,,3.459765722308661,3352.1289916992187,,0.6200225850892194,27.841989994049072,27.865751616160075,-0.68658237851138,35.0,70.0,47.25,震盪中性
2021-09-01,17473.990234375,15611.5703125,3399.949951171875,16.110000610351562,27.568700790405273,66.26139817629179,24.924012158054712,329.0,17083.763818359374,,-0.8505522067435045,15215.460009765626,,3.5017371848987233,3350.281494140625,,-1.075095354004274,27.827910041809083,27.86544828414917,-1.01111674368346,45.0,70.0,53.75,震盪中性
2021-09-02,17319.759765625,15604.25,3411.320068359375,16.40999984741211,27.671600341796875,54.1033434650456,21.580547112462007,329.0,17069.595849609374,,-1.6097111695736577,15236.59052734375,,2.7836937336738643,3349.6244995117186,,-0.3837069998776643,27.825755023956297,27.863649972279866,-0.1555144236410566,35.0,70.0,47.25,震盪中性
2021-09-03,17516.919921875,15652.8603515625,3430.889892578125,16.40999984741211,27.62660026550293,64.74164133738601,25.227963525835868,329.0,17069.127880859374,,-0.053401950530762576,15263.76552734375,,3.597107934114474,3350.5664916992187,,0.5521561372310746,27.820765018463135,27.86480162938436,-0.35994614703735994,45.0,70.0,53.75,震盪中性
2021-09-06,17495.30078125,,,,27.60700035095215,50.15197568389058,25.835866261398177,329.0,17069.635400390624,17397.666455078124,0.058051491684296685,,,3.4345219715280484,,,0.9156494200496912,27.810000038146974,27.864234956105552,-0.7738382759651885,60.0,0.0,39.0,中性偏空
2021-09-07,17428.869140625,15675.759765625,3419.72998046875,18.139999389648438,27.533100128173828,48.02431610942249,27.659574468085108,329.0,17074.896826171876,17398.626123046874,0.6074272602557995,,,4.133101124589733,,,1.8119147557932314,27.797375011444093,27.862506612141928,-0.90874599806956,60.0,30.0,49.5,震盪中性
2021-09-08,17270.490234375,15620.849609375,3377.679931640625,17.959999084472656,27.59119987487793,30.091185410334347,26.74772036474164,329.0,17077.062353515626,17398.003304036458,0.2514082261905415,,,3.946628459596835,,,0.7982858652882507,27.785624980926514,27.86300662358602,-0.8445299978209531,25.0,30.0,26.75,偏空逆風
2021-09-09,17304.330078125,15561.0498046875,3390.840087890625,18.799999237060547,27.670700073242188,38.60182370820669,28.57142857142857,329.0,17081.281884765624,17396.565315755208,0.49007503905413863,,,3.1285701304682556,,,2.350771753096792,27.779584980010988,27.862884966532388,-0.434665339807494,25.0,30.0,26.75,偏空逆風
2021-09-10,17474.5703125,15440.75,3416.659912109375,20.950000762939453,27.629600524902344,52.58358662613982,44.680851063829785,329.0,17105.904931640624,17399.16583658854,2.8998808488712946,,,2.008830990531596,,,2.4473431230474407,27.771240043640137,27.86196165084839,-0.6004307445408474,60.0,15.0,44.25,中性偏空
2021-09-13,17446.310546875,15434.5,3449.679931640625,19.3700008392334,27.65049934387207,52.27963525835866,59.27051671732523,329.0,17135.281982421875,17405.55467122396,3.485076502979134,,,1.9399969608133283,,,3.8234669771549212,27.76336498260498,27.859786637624104,-0.5663881527094294,75.0,30.0,59.25,震盪中性
2021-09-14,17434.900390625,15382.900390625,3449.389892578125,19.459999084472656,27.639400482177734,49.848024316109424,60.48632218844985,329.0,17173.959033203126,17411.543831380208,4.642724511336582,,,2.533324116322322,,,5.912817416276761,27.7558500289917,27.854651641845702,-0.540844538355556,75.0,30.0,59.25,震盪中性
2021-09-15,17354.0,15503.5302734375,3465.760009765625,18.18000030517578,27.63559913635254,43.46504559270517,50.455927051671736,329.0,17200.345556640626,17411.831982421874,3.1363485992536244,,,4.345227023413822,,,8.006965946627997,27.742659950256346,27.84940662384033,-0.9455456675901197,32.5,30.0,31.625,中性偏空
2021-09-16,17278.69921875,15515.91015625,3473.60009765625,18.690000534057617,27.612699508666992,44.37689969604863,65.34954407294833,329.0,17245.510498046875,17409.677620442708,5.516193843065631,,,3.8969602785182467,,,7.346709597707091,27.73118495941162,27.842373275756835,-0.8242876728629334,40.0,30.0,36.5,中性偏空
2021-09-17,17276.7890625,15333.4697265625,3421.159912109375,20.809999465942383,27.69300079345703,42.857142857142854,67.17325227963525,329.0,17292.2529296875,17405.907600911458,5.720548528706004,,,1.5961457132519064,,,5.056346141850909,27.71493501663208,27.83882163365682,-1.159964521599477,15.0,15.0,15.0,偏空逆風
2021-09-20,,15012.1904296875,3338.22998046875,25.709999084472656,27.781999588012695,,,,,,3.1952833364948585,,,-1.9632561257647119,,,-0.1131064624531164,27.70548496246338,27.837424945831298,-0.6757036889544099,0.0,15.0,5.25,偏空逆風
2021-09-21,,15027.76953125,3345.030029296875,24.360000610351562,27.766000747680664,,,,,,2.7235027911357124,,,-2.1481770877050055,,,-0.010756990748628237,27.698725032806397,27.83659162521362,-0.484561941184547,0.0,15.0,5.25,偏空逆風
2021-09-22,16925.8203125,15176.509765625,3412.02001953125,20.8700008392334,27.718599319458008,24.924012158054712,42.5531914893617,329.0,,,-0.704212441621177,,,-1.2519432544907505,,,1.1703301695060064,27.689999961853026,27.83396994272868,-0.625607818589935,0.0,15.0,5.25,偏空逆風
2021-09-23,17078.220703125,15316.580078125,3457.449951171875,18.6299991607666,27.703899383544922,34.954407294832826,47.41641337386018,329.0,,,0.06597405165591486,,,0.24911148489978885,,,2.5830856775788336,27.68094997406006,27.832068252563477,-0.6490959675145569,7.5,30.0,15.375,偏空逆風
2021-09-24,17260.189453125,15329.6796875,3453.919921875,17.75,27.684999465942383,41.03343465045592,43.161094224924014,329.0,,,0.29203934320256586,,,-0.6691559715126028,,,0.5083726214946793,27.669369983673096,27.82883491516113,-0.829613254353645,0.0,30.0,10.5,偏空逆風
2021-09-27,17313.76953125,15204.8203125,3445.43994140625,18.760000228881836,27.726999282836914,49.544072948328264,48.02431610942249,329.0,,,-0.4756698594299502,,,-2.564993442894603,,,-0.029015448317715187,27.66206998825073,27.825318241119383,-0.5238040852558079,17.5,30.0,21.875,偏空逆風
2021-09-28,17181.439453125,14770.2998046875,3314.389892578125,23.25,27.654199600219727,46.808510638297875,46.504559270516715,329.0,,,-1.7658347913596661,,,-5.212317997253779,,,-3.023362914772154,27.65831995010376,27.82007490793864,-0.270475751039323,17.5,15.0,16.625,偏空逆風
2021-09-29,16855.4609375,14752.8896484375,3263.840087890625,22.559999465942383,27.738100051879883,33.73860182370821,32.82674772036474,329.0,,,-3.53971410409869,,,-5.500283743877866,,,-4.0032902023847905,27.66678991317749,27.817428239186604,0.6144622583504677,0.0,15.0,5.25,偏空逆風
2021-09-30,16934.76953125,14689.6201171875,3258.090087890625,23.139999389648438,27.812400817871094,41.03343465045592,34.650455927051674,329.0,,,-2.2228381893558358,,,-5.86141520939808,,,-4.491808959528198,27.6738299369812,27.81627492904663,0.5088266465801183,0.0,15.0,5.25,偏空逆風
2021-10-01,16570.890625,14791.8701171875,3261.179931640625,21.100000381469727,27.836599349975586,19.45288753799392,19.45288753799392,329.0,,,-5.400660053789508,,,-5.500529711740853,,,-4.9465289254728155,27.684329891204833,27.814218266805014,0.7601336482031096,0.0,15.0,5.25,偏空逆風
2021-10-04,16408.349609375,14472.1201171875,3180.06005859375,22.959999084472656,27.753999710083008,13.98176291793313,18.541033434650455,329.0,,,-6.212817861582032,15200.653466796875,,-7.543287347204474,3379.707482910156,,-7.310926372979287,27.691679859161376,27.810934925079344,0.5324713198179509,0.0,15.0,5.25,偏空逆風
2021-10-05,16460.75,14674.150390625,3227.25,21.299999237060547,27.882299423217773,19.45288753799392,20.66869300911854,329.0,,,-5.554687070134734,15150.572998046875,,-6.3895427716135655,3370.0834838867186,,-5.628513992861106,27.709139823913574,27.809653250376382,1.2682890536057645,0.0,15.0,5.25,偏空逆風
2021-10-06,16393.16015625,14766.75,3238.7900390625,21.0,27.871000289916992,20.060790273556233,24.012158054711247,329.0,,,-5.079937316306005,15107.868017578125,,-5.467689855117763,3363.1389892578127,,-4.111990934282006,27.72312984466553,27.807183265686035,1.0140929582907576,0.0,15.0,5.25,偏空逆風
2021-10-07,16713.859375,14897.1298828125,3274.47998046875,19.540000915527344,27.951000213623047,37.38601823708207,34.954407294832826,329.0,,,-3.412271382128995,15074.672021484375,,-4.266549687894483,3357.3209838867188,,-3.4316011491494547,27.73714485168457,27.80692326227824,1.0129853586607007,0.0,30.0,10.5,偏空逆風
2021-10-08,16640.4296875,14820.75,3246.27001953125,18.770000457763672,27.9685001373291,36.77811550151976,43.46504559270517,329.0,,,-4.773454282897694,15043.672021484375,,-4.015348995353207,3348.8014892578126,,-4.987031105268236,27.754089832305908,27.80840326944987,1.2265816587587297,0.0,30.0,10.5,偏空逆風
2021-10-11,,14713.73046875,3221.22998046875,20.0,28.049999237060547,,,,,,-4.619205058913445,15007.633544921875,,-4.66985993229454,3337.3789916992187,,-6.622352093494865,27.774064826965333,27.809703254699706,1.4448198139937585,0.0,15.0,5.25,偏空逆風
2021-10-12,16462.83984375,14662.1103515625,3178.14990234375,19.850000381469727,28.042999267578125,27.0516717325228,34.34650455927052,329.0,,,-5.575371955653329,14971.59404296875,,-4.685657585755287,3323.8169921875,,-7.863419290987894,27.79424476623535,27.809131590525308,1.4602298832806948,0.0,30.0,10.5,偏空逆風
2021-10-13,16347.990234375,14774.599609375,3192.75,18.639999389648438,28.128700256347656,22.492401215805472,27.96352583586626,329.0,,,-5.7969906973896475,14935.147509765626,,-4.701707618885942,3310.1664916992186,,-7.877348950774222,27.818899822235107,27.81129159927368,1.7842968323653174,0.0,30.0,10.5,偏空逆風
2021-10-14,16387.279296875,15052.419921875,3291.239990234375,16.860000610351562,27.999500274658203,22.492401215805472,24.012158054711247,329.0,,,-5.159068461054495,14911.972998046875,,-2.987193337081162,3301.048486328125,,-5.249887790621588,27.838239860534667,27.811923281351724,1.4008075011637366,0.0,50.0,17.5,偏空逆風
2021-10-15,16781.189453125,15146.919921875,3314.409912109375,16.299999237060547,27.98889923095703,34.954407294832826,28.267477203647417,329.0,,,-2.8685863303773207,14902.6455078125,,-1.2166183389290874,3295.710986328125,,-3.120286766548175,27.85303478240967,27.811809921264647,1.0684953924166685,0.0,70.0,24.5,偏空逆風
2021-10-18,16705.4609375,15300.8896484375,3338.780029296875,16.309999465942383,28.0,42.24924012158054,30.3951367781155,329.0,,,-3.3069115038285246,14917.08046875,,1.9230985651439658,3295.738488769531,,0.016477259845593117,27.863934803009034,27.811504936218263,0.7846822230944239,0.0,70.0,24.5,偏空逆風
2021-10-19,16900.669921875,15410.7197265625,3381.449951171875,15.699999809265137,27.949199676513672,55.01519756838906,37.08206686930091,329.0,,,-2.1770199269341206,14936.227978515624,,2.5482836592360725,3297.5594848632813,,1.0887771277394265,27.873094749450683,27.809871610005697,0.659795879492342,20.0,70.0,37.5,中性偏空
2021-10-20,16887.8203125,15388.7099609375,3374.219970703125,15.489999771118164,27.8262996673584,58.96656534954408,34.650455927051674,329.0,,,-0.22450905952213773,14946.83798828125,,1.3982147317767035,3295.669482421875,,-1.1078495616012818,27.878479766845704,27.80657828648885,0.38854902680738324,20.0,70.0,37.5,中性偏空
2021-10-21,16889.509765625,15489.58984375,3412.050048828125,15.010000228881836,27.805999755859375,60.48632218844985,51.06382978723404,329.0,,,-1.1049800841692492,14955.4884765625,,1.1295587183466127,3293.3994873046877,,-1.3131036742371927,27.883584785461426,27.805028279622395,0.3685415215415322,27.5,70.0,42.375,中性偏空
2021-10-22,16888.740234375,15355.0703125,3370.280029296875,15.430000305175781,27.818500518798828,63.22188449848024,45.2887537993921,329.0,,,-2.152057599128776,14956.7580078125,,0.1656304992510904,3289.217492675781,,-2.4215932757560954,27.89025983810425,27.80458663304647,0.4822143956357161,27.5,70.0,42.375,中性偏空
2021-10-25,16894.240234375,15514.1904296875,3392.389892578125,15.239999771118164,27.836999893188477,69.6048632218845,39.81762917933131,329.0,,,-2.423096230533639,14972.226513671874,,2.0346844673538422,3286.564990234375,,-1.5397177060202272,27.895759868621827,27.803134950002036,0.3967274252416164,20.0,70.0,37.5,中性偏空
2021-10-26,17034.33984375,15559.490234375,3392.9599609375,15.979999542236328,27.80620002746582,75.07598784194529,39.81762917933131,329.0,,,-0.8561541643604564,15011.68603515625,,5.34309012087244,3290.4934936523437,,2.3705740997857827,27.90335988998413,27.801223278045654,0.549646814745941,20.0,70.0,37.5,中性偏空
2021-10-27,17074.55078125,15598.3896484375,3360.2900390625,16.979999542236328,27.796300888061523,76.29179331306992,48.328267477203646,329.0,,,1.2998152026953536,15053.96103515625,,5.731080623175044,3295.3159912109377,,2.9551065179240776,27.90626993179321,27.800323295593262,0.209822720636188,27.5,70.0,42.375,中性偏空
2021-10-28,17041.630859375,15778.16015625,3438.830078125,16.530000686645508,27.762500762939453,77.20364741641338,63.829787234042556,329.0,,,0.6310173157527021,15108.388037109375,,7.410266775985996,3304.352990722656,,5.547421506425909,27.90377492904663,27.801119963328045,-0.17941656766135017,35.0,70.0,47.25,震盪中性
2021-10-29,16987.41015625,15850.4697265625,3451.27001953125,16.260000228881836,27.72330093383789,74.16413373860182,54.7112462006079,329.0,,,2.513561525906205,15161.318017578125,,7.156631318341233,3313.8574951171877,,5.828874575313447,27.898110008239748,27.80106830596924,-0.4070124181235313,27.5,70.0,42.375,中性偏空
2021-11-01,17068.240234375,15905.2802734375,3506.280029296875,16.40999984741211,27.816699981689453,79.33130699088146,79.0273556231003,329.0,,,4.021675797442592,15232.976025390624,,9.90290396047735,3330.168493652344,,10.258295902983106,27.901245021820067,27.800974973042806,0.22591436283565525,35.0,70.0,47.25,震盪中性
2021-11-02,17065.970703125,15972.490234375,3548.860107421875,16.030000686645508,27.80109977722168,75.37993920972644,82.37082066869301,329.0,,,3.6767504708169474,15297.893017578124,,8.84780249069468,3346.2489990234376,,9.965453789507329,27.897185039520263,27.801233291625977,-0.29122291803694855,35.0,70.0,47.25,震盪中性
2021-11-03,17122.16015625,16144.5,3590.169921875,15.100000381469727,27.85849952697754,79.0273556231003,80.24316109422493,329.0,,,4.4469766234917385,15366.780517578125,,9.330082787343198,3363.8179931640625,,10.849109654363719,27.89656000137329,27.801771608988442,-0.04485222205669048,35.0,70.0,47.25,震盪中性
2021-11-04,17078.859375,16346.240234375,3715.760009765625,15.4399995803833,27.789499282836914,76.59574468085107,82.97872340425532,329.0,,,2.18381638741052,15439.23603515625,,9.727446581736565,3385.8819946289063,,13.47633920283442,27.888484954833984,27.801738262176514,-0.5778001844364056,35.0,70.0,47.25,震盪中性
2021-11-05,17296.900390625,16359.3798828125,3756.550048828125,16.479999542236328,27.874099731445312,79.33130699088146,74.77203647416414,329.0,,,3.9450345661333985,15516.167529296876,,10.381592583455635,3411.39599609375,,15.718964418448401,27.883764934539794,27.80303160349528,-0.33752401959443734,35.0,70.0,47.25,震盪中性
2021-11-08,17415.30078125,16336.0302734375,3803.330078125,17.219999313354492,27.83009910583496,82.72727272727273,79.39393939393939,330.0,16916.55517578125,,4.656557001842754,15597.28251953125,,11.025754536778077,3440.5010009765624,,18.070740095730244,27.872769927978517,27.803399912516277,-0.7839577084018168,60.0,70.0,63.5,中性偏多
2021-11-09,17541.359375,16219.9404296875,3800.570068359375,17.780000686645508,27.80120086669922,81.81818181818183,85.15151515151516,330.0,16970.48115234375,,6.551236247733128,15675.1740234375,,10.624869413556048,3471.6220092773438,,19.58435521108104,27.86068000793457,27.803591601053874,-0.8622415832619579,60.0,70.0,63.5,中性偏多
2021-11-10,17559.650390625,15985.5703125,3693.02001953125,18.729999542236328,27.731300354003906,80.9090909090909,88.18181818181819,330.0,17031.06416015625,,7.411676535640677,15735.72255859375,,8.196301322146127,3496.6355102539064,,15.668938048116821,27.840810012817382,27.80078992843628,-1.412791557100368,60.0,70.0,63.5,中性偏多
2021-11-11,17452.51953125,16032.4697265625,3764.489990234375,17.65999984741211,27.759000778198242,78.18181818181819,85.45454545454545,330.0,17084.326171875,,6.500409342374103,15784.725048828124,,6.510911931597385,3520.2980102539063,,14.379079052399923,27.828785037994386,27.799403285980226,-0.8589421028975752,60.0,70.0,63.5,中性偏多
2021-11-12,17518.130859375,16199.8896484375,3794.5,16.290000915527344,27.801700592041016,76.96969696969697,80.3030303030303,330.0,17121.1732421875,,4.391473013927305,15837.37353515625,,6.951708545324875,3544.3025146484374,,14.484933988900718,27.819425106048584,27.795798301696777,-0.6688317299344382,60.0,70.0,63.5,中性偏多
2021-11-15,17634.470703125,16189.1201171875,3793.75,16.489999771118164,27.781299591064453,79.0909090909091,81.21212121212122,330.0,17167.62373046875,,5.561114231452202,15881.78505859375,,5.805090351989461,3567.0510131835936,,13.626832756602369,27.808490085601807,27.79263661702474,-0.781072889055523,60.0,70.0,63.5,中性偏多
2021-11-16,17693.130859375,16309.76953125,3859.39990234375,16.3700008392334,27.752500534057617,78.48484848484848,79.39393939393939,330.0,17207.24677734375,,4.688932102474208,15926.737548828125,,5.833924830505244,3590.9485107421874,,14.134467700941023,27.798655128479005,27.790158303578696,-0.7037737922111043,60.0,70.0,63.5,中性偏多
2021-11-17,17764.0390625,16308.0703125,3831.43994140625,17.110000610351562,27.80069923400879,77.27272727272727,79.6969696969697,330.0,17251.05771484375,,5.188465614780613,15972.70556640625,,5.974252253088097,3613.8095092773438,,13.550390154553217,27.797375106811522,27.788618278503417,-0.09200085406843028,60.0,70.0,63.5,中性偏多
2021-11-18,17841.369140625,16482.970703125,3899.9599609375,17.59000015258789,27.740699768066406,77.27272727272727,79.0909090909091,330.0,17298.65068359375,,5.635802271403434,16022.374609375,,6.413216033449887,3638.2050048828123,,14.299611820669167,27.794110107421876,27.786214955647786,-0.23484135929767724,60.0,70.0,63.5,中性偏多
2021-11-19,17818.310546875,16573.33984375,3912.02001953125,17.90999984741211,27.806400299072266,73.03030303030303,81.81818181818183,330.0,17345.12919921875,,5.504083191521714,16083.2880859375,,7.933988620411925,3665.2920043945314,,16.07403496223414,27.793505096435545,27.784378306070963,-0.04349702356669649,60.0,70.0,63.5,中性偏多
2021-11-22,17803.5390625,16380.98046875,3847.1201171875,19.170000076293945,27.792999267578125,75.15151515151514,80.3030303030303,330.0,17390.594140625,,5.38230080495028,16126.627587890625,,5.587078765024289,3688.028515625,,13.404421042647074,27.79130506515503,27.783044974009197,-0.15806525767569912,60.0,70.0,63.5,中性偏多
2021-11-23,17666.119140625,16306.7197265625,3834.429931640625,19.3799991607666,27.769500732421875,65.75757575757576,74.54545454545455,330.0,17422.18310546875,,3.708856948200445,16163.9890625,,4.802403426666735,3710.102014160156,,13.011352205321746,27.78947010040283,27.78371664683024,-0.1319824176179929,60.0,70.0,63.5,中性偏多
2021-11-24,17642.51953125,16367.8095703125,3870.010009765625,18.579999923706055,27.751399993896484,70.60606060606061,76.96969696969697,330.0,17450.58154296875,,3.326405228907703,16202.46005859375,,4.932688176257183,3735.5880126953125,,15.168927824020017,27.78722505569458,27.786761633555095,-0.16153550195711075,60.0,70.0,63.5,中性偏多
2021-11-25,17654.189453125,,,,27.7677001953125,68.48484848484848,75.45454545454545,330.0,17481.20947265625,,3.5944834083353916,,,3.737124026015981,,,12.538564623574633,27.78748502731323,27.788363297780354,0.018728256569700008,60.0,0.0,39.0,中性偏空
2021-11-26,17369.390625,16025.580078125,3757.1298828125,28.6200008392334,27.764699935913086,38.368580060422964,64.6525679758308,331.0,17500.30849609375,,2.2486092066803964,,,1.1047644302240922,,,8.862240901185459,27.78955497741699,27.790664958953858,0.14932926700899074,15.0,15.0,15.0,偏空逆風
2021-11-29,17328.08984375,16399.240234375,3910.5400390625,22.959999084472656,27.853900909423828,31.1178247734139,51.963746223564954,331.0,17513.3009765625,,1.5224159363053102,,,3.1056350623536844,,,11.529598502909444,27.79141502380371,27.794779968261718,0.1337359491200063,7.5,15.0,10.125,偏空逆風
2021-11-30,17427.759765625,16135.919921875,3833.219970703125,27.190000534057617,27.7455997467041,42.46987951807229,61.14457831325302,332.0,17531.3904296875,,2.119944237533189,,,1.0231947874244307,,,8.012709846932452,27.788640022277832,27.798321628570555,-0.19963250001732158,15.0,15.0,15.0,偏空逆風
2021-12-01,17585.990234375,15877.7197265625,3810.75,31.1200008392334,27.578699111938477,48.493975903614455,59.63855421686747,332.0,17554.58193359375,,2.7089460318807435,,,-1.652452992892317,,,6.144001061927451,27.774650001525877,27.798113282521566,-1.0043628328514576,50.0,0.0,32.5,中性偏空
2021-12-02,17724.880859375,15990.759765625,3810.820068359375,27.950000762939453,27.60449981689453,41.265060240963855,54.51807228915663,332.0,17586.8830078125,,3.7825797975750364,,,-2.174692551027424,,,2.5582938172518332,27.76540002822876,27.79700994491577,-0.6657171619376401,32.5,15.0,26.375,偏空逆風
2021-12-03,17697.140625,15712.0400390625,3804.5400390625,30.670000076293945,27.678699493408203,47.59036144578313,56.62650602409639,332.0,17606.89501953125,,2.3139419510788795,,,-3.9569949985091335,,,1.277501686669824,27.755630016326904,27.797828261057536,-0.7010100412917497,50.0,0.0,32.5,中性偏空
2021-12-06,17688.2109375,15846.16015625,3800.070068359375,27.18000030517578,27.65719985961914,46.98795180722892,57.53012048192772,332.0,17620.54052734375,,1.5670711616065036,,,-2.998709655821541,,,-0.08571461584087059,27.746985054016115,27.797939936319988,-0.6212670876891369,50.0,15.0,37.75,中性偏空
2021-12-07,17796.919921875,16325.66015625,3988.75,21.889999389648438,27.65920066833496,53.01204819277109,58.43373493975904,332.0,17633.3185546875,,1.4569027485932695,,,0.6517886241369952,,,4.95136067105475,27.7398850440979,27.798269939422607,-0.5107700168964557,50.0,15.0,37.75,中性偏空
2021-12-08,17832.419921875,16394.33984375,3964.43994140625,19.899999618530273,27.742599487304688,57.22891566265061,59.63855421686747,332.0,17646.95703125,,1.5533881665185767,,,2.557115719107994,,,7.349538330134786,27.74045000076294,27.800053278605144,0.04074505398787842,60.0,30.0,49.5,震盪中性
2021-12-09,17914.119140625,16149.5703125,3879.52001953125,21.579999923706055,27.630699157714844,55.72289156626506,59.93975903614458,332.0,17670.03701171875,,2.6448880836286826,,,0.7303964263440266,,,3.05566038414975,27.734034919738768,27.80035327275594,-0.4621982668200575,60.0,15.0,44.25,中性偏空
2021-12-10,17826.259765625,16331.98046875,3914.669921875,18.690000534057617,27.68560028076172,46.3855421686747,56.62650602409639,332.0,17685.44345703125,,1.7589142855677586,,,0.8153809882602614,,,3.166950108709976,27.728229904174803,27.800229930877684,-0.4176014733161093,50.0,30.0,43.0,中性偏空
2021-12-13,17767.599609375,16082.5498046875,3814.429931640625,20.309999465942383,27.63599967956543,49.6987951807229,51.204819277108435,332.0,17692.09990234375,,0.7549356512662975,,,-0.6582835368974638,,,0.5451052821252134,27.720964908599854,27.79779659907023,-0.5230133710006801,42.5,15.0,32.875,中性偏空
2021-12-14,17599.369140625,15914.900390625,3794.409912109375,21.889999389648438,27.745899200439453,34.63855421686747,38.855421686746986,332.0,17687.41181640625,,-0.5299328846613882,,,-2.421058984729485,,,-1.6839402984621388,27.720634841918944,27.797461573282877,-0.023786446234141945,0.0,15.0,5.25,偏空逆風
2021-12-15,17660.099609375,16289.58984375,3934.4599609375,19.290000915527344,27.78420066833496,35.8433734939759,37.34939759036144,332.0,17682.21484375,,-0.5851115996722611,,,-0.1133210023986364,,,2.6888068482534777,27.719809913635252,27.798554929097495,-0.0593458658537771,0.0,30.0,10.5,偏空逆風
2021-12-16,17785.740234375,15863.9404296875,3766.320068359375,20.56999969482422,27.739700317382812,49.096385542168676,43.07228915662651,332.0,17679.4333984375,,-0.3117972943193714,,,-3.75557467514116,,,-3.4266990922132368,27.719759941101074,27.799151611328124,-0.0036028315505753916,35.0,15.0,28.0,偏空逆風
2021-12-17,17812.58984375,15801.4599609375,3761.0400390625,21.56999969482422,27.757699966430664,46.68674698795181,38.55421686746988,332.0,17679.14736328125,,-0.03210575497576418,,,-4.65735868623719,,,-3.8593867034157125,27.717324924468993,27.800363286336264,-0.17514073061526414,35.0,15.0,28.0,偏空逆風
2021-12-20,17669.109375,15627.6396484375,3732.389892578125,22.8700008392334,27.827199935913086,43.07228915662651,34.33734939759036,332.0,17672.42587890625,,-0.7550728370807613,,,-4.598875029181848,,,-2.9822366111420084,27.719034957885743,27.802033297220866,0.1230549751241039,0.0,15.0,5.25,偏空逆風
2021-12-21,17789.26953125,15986.2802734375,3857.300048828125,21.010000228881836,27.815399169921875,53.915662650602414,46.3855421686747,332.0,17678.5833984375,,0.6970992873120752,,,-1.9650761066496214,,,0.5964411293262195,27.72132987976074,27.804719956715903,0.16528362516223805,42.5,15.0,32.875,中性偏空
2021-12-22,17826.830078125,16180.1396484375,3891.919921875,18.6299991607666,27.730199813842773,58.13253012048193,42.46987951807229,332.0,17687.79892578125,,1.0446951556354112,,,-1.1465793334704433,,,0.5661461353869246,27.720269870758056,27.804588286081948,-0.07639319118449839,45.0,30.0,39.75,中性偏空
2021-12-23,17946.66015625,16308.2099609375,3932.389892578125,17.959999084472656,27.711000442504883,69.27710843373494,53.915662650602414,332.0,17702.4224609375,,1.6566645775585531,16062.184033203124,,-0.36412697202379274,3847.9554809570313,,1.6118791076790373,27.717434883117676,27.802898279825847,-0.20419318996101055,52.5,70.0,58.625,震盪中性
2021-12-24,17961.640625,,,,27.62470054626465,69.27710843373494,68.67469879518072,332.0,17732.0349609375,,3.409733897904088,,,1.763617176006571,,,4.664731197273109,27.710434913635254,27.799366633097332,-0.5042351978288506,60.0,0.0,39.0,中性偏空
2021-12-27,18048.939453125,16567.5,4039.510009765625,17.68000030517578,27.67930030822754,76.20481927710844,76.80722891566265,332.0,17768.07744140625,,4.160006185765486,,,1.0260217133248872,,,3.29800921138359,27.701704883575438,27.798121643066406,-0.6268443395560985,60.0,30.0,49.5,震盪中性
2021-12-28,18196.810546875,16488.66015625,3992.18994140625,17.540000915527344,27.683700561523438,77.40963855421687,71.08433734939759,332.0,17806.52998046875,,4.412791957156181,,,2.1860559303891858,,,4.1471653575352985,27.698609924316408,27.794811662038168,-0.22309550251483623,60.0,30.0,49.5,震盪中性
2021-12-29,18248.279296875,16491.009765625,3999.35009765625,16.950000762939453,27.53499984741211,81.62650602409639,69.57831325301204,332.0,17839.64443359375,,3.766003811405727,,,3.8625825976541295,,,4.94915955274553,27.696424961090088,27.789211654663085,-0.15845295802023873,60.0,30.0,49.5,震盪中性
2021-12-30,18218.83984375,16429.099609375,3952.0400390625,17.329999923706055,27.617399215698242,82.2289156626506,77.71084337349397,332.0,17864.3423828125,,2.786811309446602,,,2.7412071106983182,,,3.7057632785040484,27.697069931030274,27.783651638031007,0.04672933358429443,60.0,30.0,49.5,震盪中性
2021-12-31,,16320.080078125,3946.169921875,17.219999313354492,27.658700942993164,,,,,,2.947929441285102,,,3.86989873721566,,,3.7226545484694062,27.696070003509522,27.778488318125408,-0.07225249300387704,0.0,30.0,10.5,偏空逆風
2022-01-03,18270.509765625,16501.76953125,4027.219970703125,16.600000381469727,27.70210075378418,72.59036144578313,71.08433734939759,332.0,,,3.292016531137665,,,4.1373390684898315,,,5.977518789326397,27.698315048217772,27.7726900100708,0.16234793975147266,35.0,30.0,33.25,中性偏空
2022-01-04,18526.349609375,16279.73046875,4009.0,16.90999984741211,27.62470054626465,70.78313253012048,70.48192771084338,332.0,,,4.098628811626126,,,-0.2813343353984754,,,0.5076778439360607,27.69659004211426,27.765718364715575,-0.12473289623951,35.0,30.0,33.25,中性偏空
2022-01-05,18499.9609375,15771.7802734375,3879.8701171875,19.729999542236328,27.515499114990234,64.7590361445783,63.85542168674698,332.0,,,3.743412383454081,,,-3.7974055451207356,,,-2.1332098724833215,27.685235023498535,27.755498345692953,-0.8185980279835636,35.0,30.0,33.25,中性偏空
2022-01-06,18367.919921875,15765.3603515625,3909.0400390625,19.610000610351562,27.596399307250977,55.12048192771084,56.62650602409639,332.0,,,2.5332017593926004,,,-2.3790723437397965,,,0.7609193761762612,27.68352003097534,27.748779996236166,-0.1241367446697117,35.0,30.0,33.25,中性偏空
2022-01-07,18169.759765625,15592.1904296875,3796.320068359375,18.760000228881836,27.6200008392334,43.07228915662651,48.493975903614455,332.0,,,1.926932539502113,,,-4.529701957934817,,,-3.0232396569195075,27.680240058898924,27.742631689707437,-0.23694426294922355,7.5,30.0,15.375,偏空逆風
2022-01-10,18239.380859375,15614.4296875,3805.389892578125,19.399999618530273,27.658000946044922,42.77108433734939,52.40963855421686,332.0,,,2.6552897429716227,,,-2.910733203829774,,,-0.2369958086662738,27.6813401222229,27.736931705474852,0.07961089424877166,7.5,30.0,15.375,偏空逆風
2022-01-11,18288.2109375,15844.1201171875,3875.43994140625,18.40999984741211,27.598899841308594,36.74698795180723,43.674698795180724,332.0,,,3.914014140909927,,,-0.4447421705460086,,,2.1355106900358356,27.673990154266356,27.7310933748881,-0.5298057131575384,0.0,30.0,10.5,偏空逆風
2022-01-12,18375.400390625,15905.099609375,3901.2099609375,17.6200008392334,27.62700080871582,37.34939759036144,55.42168674698795,332.0,,,4.050377954098727,,,-2.3603432502784627,,,-0.8450969213085413,27.666130161285402,27.727771727244058,-0.5657886706753379,15.0,30.0,20.25,偏空逆風
2022-01-13,18436.9296875,15495.6201171875,3811.840087890625,20.309999465942383,27.598600387573242,38.25301204819277,53.915662650602414,332.0,,,3.661300820454061,,,-2.321745433503597,,,1.208607306470344,27.65907516479492,27.724315071105956,-0.5086570085299447,7.5,15.0,10.125,偏空逆風
2022-01-14,18403.330078125,15611.58984375,3900.610107421875,19.190000534057617,27.56599998474121,31.32530120481928,43.373493975903614,332.0,,,3.316419675953397,,,-1.2015985716311905,,,3.710943433459568,27.64949016571045,27.720106728871663,-0.6906191144125384,0.0,30.0,10.5,偏空逆風
2022-01-17,18525.439453125,,,,27.538000106811523,35.24096385542169,47.89156626506024,332.0,,,4.846481279563641,,,-0.10270139988225457,,,4.507037573385797,27.63503017425537,27.715123399098715,-1.039270317414609,7.5,0.0,4.875,偏空逆風
2022-01-18,18378.640625,15210.759765625,3727.239990234375,22.790000915527344,27.4237003326416,36.44578313253012,50.602409638554214,332.0,,,3.3130707964970973,,,-4.851162963163425,,,-3.371790033115607,27.61544523239136,27.708748404184977,-1.4082085785913745,7.5,15.0,10.125,偏空逆風
2022-01-19,18227.4609375,15047.83984375,3612.18994140625,23.850000381469727,27.516199111938477,33.433734939759034,43.674698795180724,332.0,,,2.247347720370141,,,-6.998084251991266,,,-7.18745467748435,27.604745197296143,27.704080041249593,-0.7717243414793851,0.0,15.0,5.25,偏空逆風
2022-01-20,18218.279296875,14846.4599609375,3494.75,25.59000015258789,27.54759979248047,34.93975903614458,45.78313253012048,332.0,,,1.513480158760383,,,-8.963276800466025,,,-11.12910735031929,27.59657516479492,27.70049835840861,-0.589659873029269,7.5,15.0,10.125,偏空逆風
2022-01-21,17899.30078125,14438.400390625,3434.7900390625,28.850000381469727,27.615699768066406,19.27710843373494,30.72289156626506,332.0,,,-0.34707210244052655,,,-11.465449456385413,,,-12.653878865236123,27.59612512588501,27.698705005645753,-0.03258235571881318,0.0,15.0,5.25,偏空逆風
2022-01-24,17989.0390625,14509.580078125,3479.949951171875,29.899999618530273,27.691200256347656,20.783132530120483,27.40963855421687,332.0,,,-0.33187761962727436,,,-12.421427022031084,,,-13.852176557082373,27.596720123291014,27.696613343556724,0.04299222880492781,0.0,15.0,5.25,偏空逆風
2022-01-25,17701.119140625,14149.1201171875,3350.85009765625,31.15999984741211,27.66390037536621,12.349397590361445,20.481927710843372,332.0,,,-2.724056531627339,,,-14.188781968289288,,,-16.064862974031936,27.595730113983155,27.69432668685913,-0.07152290248633175,0.0,0.0,0.0,偏空逆風
2022-01-26,17674.400390625,14172.759765625,3407.0,31.959999084472656,27.697999954223633,12.951807228915662,18.373493975903614,332.0,,,-3.1448384634724214,,,-14.05765949415857,,,-14.81115889312582,27.60388011932373,27.6916516939799,0.5919742426540919,0.0,0.0,0.0,偏空逆風
2022-01-27,,14003.1103515625,3244.0,30.489999771118164,27.664499282836914,,,,,,-2.988332175891928,,,-14.766416392217552,,,-17.915811380050208,27.606235122680665,27.689568360646565,0.170544904575598,0.0,0.0,0.0,偏空逆風
2022-01-28,,14454.6103515625,3303.39990234375,27.65999984741211,27.756500244140625,,,,,,-2.988332175891928,,,-11.430518218246522,,,-16.288452658060947,27.61112508773804,27.687608369191487,0.35359325569568334,0.0,15.0,5.25,偏空逆風
2022-01-31,,14930.0498046875,3483.2099609375,24.829999923706055,27.82699966430664,,,,,,-3.26268605882879,,,-9.52455264622426,,,-13.50832618340052,27.61737003326416,27.68755671183268,0.45086440061914423,0.0,15.0,5.25,偏空逆風
2022-02-01,,15019.6796875,3510.860107421875,21.959999084472656,27.77039909362793,,,,,,-4.598581138287939,,,-7.739997806897048,,,-12.42553984979109,27.624654960632324,27.687043348948162,0.5274212732886419,0.0,15.0,5.25,偏空逆風
2022-02-02,,15139.740234375,3597.169921875,22.09000015258789,27.742300033569336,,,,,,-4.462498865073616,,,-4.007410882631735,,,-7.286331417646219,27.63599500656128,27.687226676940917,0.8242660532206791,0.0,15.0,5.25,偏空逆風
2022-02-03,,14501.1103515625,3432.550048828125,24.350000381469727,27.75079917907715,,,,,,-3.7757107729115447,,,-8.019163354389802,,,-12.189437444305407,27.64371500015259,27.687089983622233,0.5594928168241253,0.0,15.0,5.25,偏空逆風
2022-02-04,,14694.349609375,3453.070068359375,23.219999313354492,27.743900299072266,,,,,,-2.726284669636414,,,-5.758272542663489,,,-9.041650699076587,27.64990997314453,27.686126645406087,0.4485860104061601,0.0,15.0,5.25,偏空逆風
2022-02-07,17900.30078125,14571.25,3452.330078125,22.860000610351562,27.799999237060547,30.120481927710845,23.795180722891565,332.0,,,-1.8590547603523189,,,-6.680869608290008,,,-9.277888059295003,27.657009887695313,27.68643830617269,0.5134076439314406,0.0,15.0,5.25,偏空逆風
2022-02-08,17966.560546875,14747.0302734375,3535.1298828125,21.440000534057617,27.826000213623047,45.18072289156627,27.40963855421687,332.0,,,-1.7587854368272593,,,-6.92427118473995,,,-8.781198102382781,27.668364906311034,27.687663300832114,0.8228602358074433,10.0,15.0,11.75,偏空逆風
2022-02-09,18151.759765625,15056.9599609375,3653.719970703125,19.959999084472656,27.805200576782227,64.45783132530121,32.831325301204814,332.0,,,-1.2170653169228385,,,-5.3325013314445275,,,-6.3439290043979195,27.677274894714355,27.68773832321167,0.6450203165382584,20.0,30.0,23.5,偏空逆風
2022-02-10,18338.05078125,14705.6396484375,3536.10009765625,23.90999984741211,27.78070068359375,67.7710843373494,37.04819277108434,332.0,,,-0.5363089620992523,,,-5.098088768153042,,,-7.233776440683859,27.68637990951538,27.688405005137124,0.6598171409536446,20.0,15.0,18.25,偏空逆風
2022-02-11,18310.939453125,14253.83984375,3365.25,27.360000610351562,27.826400756835938,61.14457831325302,35.24096385542169,332.0,,,-0.5020321029280406,,,-8.69706425539719,,,-13.725035127279705,27.699399948120117,27.688738346099854,0.944644751646484,20.0,15.0,18.25,偏空逆風
2022-02-14,17997.669921875,14268.58984375,3370.199951171875,28.329999923706055,27.9060001373291,41.265060240963855,29.21686746987952,332.0,,,-2.8488907514740314,14636.043994140626,,-8.602583167003075,3472.1880004882814,,-13.598133154625314,27.717799949645997,27.690621693929035,1.3363353514787457,0.0,15.0,5.25,偏空逆風
2022-02-15,17951.810546875,14620.8203125,3554.449951171875,25.700000762939453,27.861799240112305,37.34939759036144,34.33734939759036,332.0,,,-2.3224246386557734,14606.547021484375,,-3.878435148638737,3463.5484985351563,,-4.63587103366625,27.739704895019532,27.692160002390544,1.5975193068648252,0.0,55.0,19.25,偏空逆風
2022-02-16,18231.470703125,14603.6396484375,3555.68994140625,24.290000915527344,27.82069969177246,56.024096385542165,42.46987951807229,332.0,,,0.021998487001284595,14584.33701171875,,-2.9519200092828934,3460.723498535156,,-1.564148090673334,27.75492992401123,27.69331499735514,1.1066229699648877,20.0,55.0,32.25,中性偏空
2022-02-17,18268.5703125,14171.740234375,3422.60009765625,28.110000610351562,27.810800552368164,62.34939759036144,46.98795180722892,332.0,,,0.2760470119350211,14550.601025390624,,-4.544650565439534,3457.116003417969,,-2.0645225650976484,27.768089962005615,27.694033336639404,0.9554398999202185,27.5,15.0,23.125,偏空逆風
2022-02-18,18232.349609375,14009.5400390625,3384.300048828125,27.75,27.836700439453125,65.06024096385542,48.19277108433735,332.0,,,1.8606806611902726,14529.1580078125,,-2.970276069092548,3454.59150390625,,-1.4699585610815302,27.77913999557495,27.69523334503174,0.8002718498637318,27.5,15.0,23.125,偏空逆風
2022-02-21,18221.490234375,,,,27.8700008392334,68.37349397590361,49.39759036144578,332.0,,,1.292182262028474,,,-3.4462750566873535,,,-2.7485999421209995,27.78808002471924,27.69550167719523,0.6456945933383862,27.5,0.0,17.875,偏空逆風
2022-02-22,17969.2890625,13870.5302734375,3356.070068359375,28.809999465942383,27.812400817871094,43.07228915662651,47.59036144578313,332.0,,,1.5149885142546449,,,-1.9689552526420795,,,0.15578049005462447,27.795505046844482,27.69661502838135,0.536802260310032,7.5,15.0,10.125,偏空逆風
2022-02-23,18055.73046875,13509.4296875,3277.800048828125,31.020000457763672,27.837400436401367,51.80722891566265,45.78313253012048,332.0,,,2.157527665420944,,,-4.680316953751373,,,-3.792191111590104,27.80247507095337,27.700926717122396,0.5032871774428571,17.5,0.0,11.375,偏空逆風
2022-02-24,17594.55078125,13974.669921875,3399.159912109375,30.31999969482422,27.872699737548828,26.506024096385545,28.614457831325304,332.0,,,-0.451781150195929,,,-0.20310080384624563,,,4.782981261078145,27.812885093688966,27.705396715799967,0.7525907213548733,0.0,0.0,0.0,偏空逆風
2022-02-25,17652.1796875,14189.16015625,3452.669921875,27.59000015258789,28.06719970703125,31.32530120481928,32.831325301204814,332.0,,,-0.12572252882075974,,,-1.8364396469795263,,,4.518678450808933,27.828420066833495,27.711871719360353,1.119375498199604,0.0,15.0,5.25,偏空逆風
2022-02-28,,14237.8095703125,3429.530029296875,30.149999618530273,27.962799072265625,,,,,,-0.12572252882075974,,,-4.636556765923594,,,-1.5411052518400914,27.835210037231445,27.716965039571125,0.48801311530963787,0.0,0.0,0.0,偏空逆風
2022-03-01,17898.25,14005.990234375,3304.85009765625,33.31999969482422,27.97559928894043,54.21686746987952,43.373493975903614,332.0,,,1.266518831913177,,,-6.749075041651087,,,-5.867793174958036,27.84547004699707,27.72223834991455,0.7389169835862575,10.0,0.0,6.5,偏空逆風
2022-03-02,17867.599609375,14243.6904296875,3416.159912109375,30.739999771118164,28.04680061340332,55.12048192771084,55.42168674698795,332.0,,,1.0931019694024657,,,-5.918528262809996,,,-5.032011656298819,27.86069507598877,27.727308368682863,1.0976039458355125,35.0,0.0,22.75,偏空逆風
2022-03-03,17934.400390625,14035.2099609375,3339.760009765625,30.479999542236328,27.970500946044922,56.024096385542165,61.74698795180723,332.0,,,1.4710541475450034,,,-3.2128601143622038,,,-2.7032392169832664,27.871680164337157,27.732971731821696,0.7916952789360332,35.0,0.0,22.75,偏空逆風
2022-03-04,17736.51953125,13837.830078125,3258.919921875,31.979999542236328,28.050500869750977,43.97590361445783,68.37349397590361,332.0,,,0.351463920993611,,,-5.828903993842238,,,-5.622537123222049,27.887010192871095,27.73905340830485,1.1051098344992294,15.0,0.0,9.75,偏空逆風
2022-03-07,17178.689453125,13319.3798828125,3098.929931640625,36.45000076293945,28.125999450683594,17.771084337349397,44.87951807228915,332.0,,,-4.03128046250969,,,-8.591370796517117,,,-10.236568882089935,27.903310203552245,27.74722007115682,1.1726626711142218,0.0,0.0,0.0,偏空逆風
2022-03-08,16825.25,13267.6103515625,3156.8701171875,35.130001068115234,28.27589988708496,11.44578313253012,25.903614457831324,332.0,,,-6.352415332346473,,,-10.031985385828811,,,-10.70002455819422,27.925805187225343,27.756053415934243,1.616831991691181,0.0,0.0,0.0,偏空逆風
2022-03-09,17015.359375,13742.2001953125,3282.179931640625,32.45000076293945,28.30340003967285,18.072289156626507,24.69879518072289,332.0,,,-6.260552173993972,,,-8.731907164765673,,,-10.168815400239895,27.950715160369874,27.764706738789876,1.791749214377658,0.0,0.0,0.0,偏空逆風
2022-03-10,17433.19921875,13591.0,3211.070068359375,30.229999542236328,28.26799964904785,30.120481927710845,25.903614457831324,332.0,,,-4.934284310223303,,,-7.579674703615713,,,-9.191765513434047,27.97508010864258,27.77351172765096,1.7540917020206104,0.0,0.0,0.0,偏空逆風
2022-03-11,17264.740234375,13301.830078125,3144.14990234375,30.75,28.30069923400879,28.012048192771083,24.69879518072289,332.0,,,-5.7135201687942505,,,-6.678970551520791,,,-6.570094276985361,27.99879503250122,27.78256171544393,1.7044909304568812,0.0,0.0,0.0,偏空逆風
2022-03-14,17263.0390625,13046.6396484375,3047.5,31.770000457763672,28.410999298095703,34.33734939759036,29.21686746987952,332.0,,,-4.081810937548669,,,-8.563917028197043,,,-9.57509809053516,28.02404499053955,27.79229170481364,1.8096436547030637,0.0,0.0,0.0,偏空逆風
2022-03-15,16926.060546875,13458.5595703125,3180.239990234375,29.829999923706055,28.51099967956543,25.903614457831324,30.120481927710845,332.0,,,-5.713908339894768,,,-7.949353848455621,,,-10.527928823814946,28.056505012512208,27.80388504664103,2.3300736390293064,0.0,15.0,5.25,偏空逆風
2022-03-16,16940.830078125,13956.7900390625,3340.070068359375,26.670000076293945,28.51889991760254,27.710843373493976,31.92771084337349,332.0,,,-7.079190955114633,,,-4.429372573872081,,,-6.064079731361471,28.091415023803712,27.817030048370363,2.509642940563994,0.0,15.0,5.25,偏空逆風
2022-03-17,17448.220703125,14118.599609375,3364.550048828125,25.670000076293945,28.378999710083008,46.08433734939759,36.44578313253012,332.0,,,-4.49049704132396,,,-0.3749760023903259,,,-1.6960803825102677,28.119824981689455,27.828163369496664,2.0430881040080617,10.0,15.0,11.75,偏空逆風
2022-03-18,17456.51953125,14420.080078125,3432.300048828125,23.8700008392334,28.17799949645996,52.40963855421686,36.144578313253014,332.0,,,-4.255239147707391,,,2.9304319622043273,,,1.4183139587939486,28.136889934539795,27.837385018666584,1.2260758337691247,10.0,15.0,11.75,偏空逆風
2022-03-21,17560.359375,14376.08984375,3423.239990234375,23.530000686645508,28.356000900268555,62.65060240963856,36.44578313253012,332.0,,,-3.6283029042694426,13825.15498046875,,2.61642997318583,3295.8010009765626,,1.1506054677313138,28.16118993759155,27.84866336186727,1.7438107154664984,20.0,55.0,32.25,中性偏空
2022-03-22,17559.7109375,14654.330078125,3445.85009765625,22.940000534057617,28.40999984741211,70.78313253012048,37.04819277108434,332.0,,,-2.2793229246600877,13864.344970703125,,5.650827972947092,3300.290002441406,,2.675153601330038,28.191069889068604,27.860768349965415,2.1486783304123236,20.0,55.0,32.25,中性偏空
2022-03-23,17731.369140625,14447.5498046875,3360.320068359375,23.56999969482422,28.46739959716797,76.20481927710844,52.40963855421686,332.0,,,-1.796445337320407,13911.2509765625,,6.944187422327119,3304.4160034179686,,2.5175428123125565,28.222569847106932,27.876308345794676,2.2631393409234812,27.5,55.0,37.125,中性偏空
2022-03-24,17699.060546875,14765.6904296875,3532.719970703125,21.670000076293945,28.55970001220703,74.3975903614458,46.08433734939759,332.0,,,0.5939893943548213,13950.802001953125,,5.66038777470006,3311.0940063476564,,3.92920786450639,28.256919860839844,27.892013359069825,2.464778371406573,27.5,55.0,37.125,中性偏空
2022-03-25,17676.94921875,14754.3095703125,3525.340087890625,20.809999465942383,28.651500701904297,66.56626506024097,62.048192771084345,332.0,,,0.14031995871615077,13979.05947265625,,3.9829659249674743,3314.7275146484376,,2.104752775676877,28.286134910583495,27.908560021718344,2.0817929860194484,35.0,55.0,42.0,中性偏空
2022-03-28,17520.009765625,14987.400390625,3547.169921875,19.6299991607666,28.66900062561035,60.24096385542169,52.40963855421686,332.0,17446.8068359375,,-0.7487456179057217,14016.539013671874,,5.264790321929036,3320.609509277344,,3.4302044762163364,28.321444988250732,27.924675019582114,2.5255038006733788,52.5,70.0,58.625,震盪中性
2022-03-29,17548.66015625,15239.3203125,3625.580078125,18.899999618530273,28.783700942993164,62.34939759036144,43.674698795180724,332.0,17429.32734375,,-1.9532068428477656,14078.205517578124,,8.805732814935352,3336.6460083007814,,9.704826875391625,28.36185007095337,27.943991692860923,2.8885946131355977,45.0,70.0,53.75,震盪中性
2022-03-30,17740.560546875,15071.5498046875,3508.6201171875,19.329999923706055,28.628299713134766,71.98795180722891,48.19277108433735,332.0,17422.975390625,,-0.7110024025462458,14119.598486328125,,5.812112942826464,3341.2690185546876,,2.706553775494469,28.390925025939943,27.962538369496663,2.073317052261392,52.5,70.0,58.625,震盪中性
2022-03-31,17693.470703125,14838.490234375,3429.0,20.559999465942383,28.52560043334961,68.37349397590361,40.66265060240964,332.0,17410.92890625,,-1.3433941601189159,14159.7625,,5.723322099727568,3345.7310180664062,,2.672047990676951,28.418680000305176,27.978025054931642,1.9845890081678252,45.0,55.0,48.5,震盪中性
2022-04-01,17625.58984375,14861.2099609375,3366.639892578125,19.6299991607666,28.615699768066406,65.36144578313254,46.08433734939759,332.0,17405.382421875,,-0.6254309776196676,14210.931494140625,,7.395522831504264,3351.1170166015627,,3.3053886958090306,28.446939945220947,27.994620037078857,2.014933355164894,52.5,70.0,58.625,震盪中性
2022-04-04,,15159.580078125,3424.949951171875,18.56999969482422,28.667999267578125,,,,,,2.6014812820526423,14302.94150390625,,13.81595998840095,3367.418017578125,,10.52040629258919,28.474039936065672,28.011453342437743,1.9270419806587835,0.0,70.0,24.5,偏空逆風
2022-04-05,,14820.6396484375,3269.820068359375,21.030000686645508,28.588499069213867,,,,,,4.756778316815491,14380.59296875,,11.705418351331831,3373.0655151367187,,3.577909352586972,28.48966989517212,28.02794666290283,1.1055322142786483,0.0,35.0,12.25,偏空逆風
2022-04-06,17522.5,14498.8896484375,3193.9599609375,22.100000381469727,28.653200149536133,57.831325301204814,67.46987951807229,332.0,,,2.9804872986997966,14418.42744140625,,5.506319529409187,3368.6545166015626,,-2.6878468743493755,28.507159900665282,28.045049985249836,1.2358943073021766,35.0,35.0,35.0,中性偏空
2022-04-07,17178.630859375,14531.8095703125,3197.43994140625,21.549999237060547,28.725400924682617,36.144578313253014,70.18072289156626,332.0,,,-1.460250388816775,14465.467919921875,,6.922298361507617,3367.973010253906,,-0.4244730467712565,28.53002996444702,28.06382999420166,1.618088585373867,15.0,35.0,22.0,偏空逆風
2022-04-08,17284.5390625,14327.259765625,3120.159912109375,21.15999984741211,28.7987003326416,42.77108433734939,64.45783132530121,332.0,,,0.11467782229110934,14516.739404296875,,7.708936901745056,3366.7735107421877,,-0.7630040226928148,28.554930019378663,28.084375,1.7596777186139834,15.0,15.0,15.0,偏空逆風
2022-04-11,17048.369140625,13990.2099609375,3055.090087890625,24.3700008392334,28.891000747680664,31.024096385542173,40.963855421686745,332.0,,,-1.2435233512349542,14563.917919921874,,7.232286151269651,3367.1530151367188,,0.2490594877973651,28.57893009185791,28.106925010681152,1.6894916104451596,0.0,15.0,5.25,偏空逆風
2022-04-12,16990.91015625,13940.240234375,3047.469970703125,24.260000228881836,29.0310001373291,27.40963855421687,41.86746987951807,332.0,,,0.38313468863830913,14588.001953125,,3.5789912103596278,3360.514514160156,,-4.174842777241638,28.604930114746093,28.13371334075928,1.823859084591728,0.0,15.0,5.25,偏空逆風
2022-04-13,17301.650390625,14217.2900390625,3119.320068359375,21.81999969482422,29.038000106811523,36.144578313253014,47.89156626506024,332.0,,,2.1298856716939207,14601.026953125,,1.8664750223432947,3349.477014160156,,-6.609142786888633,28.630885124206543,28.159076690673828,1.820197099848797,7.5,15.0,10.125,偏空逆風
2022-04-14,17245.650390625,13893.2099609375,3028.219970703125,22.700000762939453,28.86669921875,37.34939759036144,60.54216867469879,332.0,,,-1.1609797694943191,14589.757470703125,,-1.5964022967818847,3332.660510253906,,-9.99628696984739,28.655270099639893,28.181061681111654,1.718522547127388,15.0,15.0,15.0,偏空逆風
2022-04-15,17004.1796875,,,,28.96619987487793,26.20481927710843,52.108433734939766,332.0,,,-2.5912372906880865,,,-3.653725321447776,,,-11.772865786106411,28.69468011856079,28.20357001622518,2.7972190804992803,7.5,0.0,4.875,偏空逆風
2022-04-18,16898.869140625,13910.759765625,3085.18994140625,22.170000076293945,29.111000061035156,17.46987951807229,31.626506024096386,332.0,,,-3.7669515768381068,,,-3.23683340311971,,,-9.87514897560484,28.732430076599123,28.227233346303304,2.662572777529615,0.0,15.0,5.25,偏空逆風
2022-04-19,16993.400390625,14210.259765625,3153.22998046875,21.3700008392334,29.214000701904297,24.096385542168676,36.144578313253014,332.0,,,-3.225056203320542,,,-3.030301010913339,,,-8.491957249867898,28.77263011932373,28.253068351745604,2.8299924632538387,0.0,15.0,5.25,偏空逆風
2022-04-20,17148.880859375,13998.5302734375,3142.199951171875,20.31999969482422,29.253700256347656,28.614457831325304,33.734939759036145,332.0,,,-3.2850722165353785,,,-3.10792859218465,,,-6.491051826917005,28.811945152282714,28.27899669011434,2.7621091856170565,0.0,15.0,5.25,偏空逆風
2022-04-21,17127.94921875,13720.4501953125,3058.739990234375,22.68000030517578,29.16349983215332,33.433734939759034,33.433734939759034,332.0,,,-3.226788939517111,,,-7.078844293480979,,,-13.41685682418844,28.84213514328003,28.303980032602947,2.1141672345585283,0.0,15.0,5.25,偏空逆風
2022-04-22,17025.08984375,13356.8701171875,2989.830078125,28.209999084472656,29.288999557495117,30.72289156626506,28.313253012048197,332.0,,,-3.6876237349178442,,,-9.471398485069216,,,-15.190307783498003,28.87401008605957,28.329521687825522,2.2250103484054096,0.0,15.0,5.25,偏空逆風
2022-04-25,16620.900390625,13533.2197265625,3042.389892578125,27.020000457763672,29.31100082397461,10.542168674698797,16.265060240963855,332.0,,,-5.131899964828158,,,-9.702687765465502,,,-14.230500382402123,28.906110095977784,28.354255040486652,2.239353253879206,0.0,15.0,5.25,偏空逆風
2022-04-26,16644.7890625,13009.7099609375,2909.1201171875,33.52000045776367,29.193700790405273,15.060240963855422,20.783132530120483,332.0,,,-5.150655866043907,,,-14.630641694260271,,,-19.761250489549898,28.92661008834839,28.37797673543294,1.4244167149461529,0.0,0.0,0.0,偏空逆風
2022-04-27,16303.349609375,13003.3603515625,2894.909912109375,31.600000381469727,29.30069923400879,8.734939759036145,15.060240963855422,332.0,,,-8.101271285665012,,,-13.722473666787472,,,-17.491497642385788,28.96023006439209,28.403950055440266,2.3487232130852798,0.0,0.0,0.0,偏空逆風
2022-04-28,16419.380859375,13456.0595703125,3056.360107421875,29.989999771118164,29.37470054626465,10.542168674698797,14.759036144578314,332.0,,,-7.200904023454102,,,-9.31651833998547,,,-10.867305120388593,29.002685070037842,28.431015078226725,2.9766248563250164,0.0,15.0,5.25,偏空逆風
2022-04-29,16592.1796875,12854.7998046875,2919.739990234375,33.400001525878906,29.452699661254883,15.66265060240964,14.759036144578314,332.0,,,-5.8631238183296635,,,-13.500987884054016,,,-13.274360092059634,29.044535064697264,28.459495067596436,2.924967412897317,0.0,0.0,0.0,偏空逆風
2022-05-02,,13075.849609375,3022.239990234375,32.34000015258789,29.43400001525879,,,,,,-5.8631238183296635,,,-13.745304672104908,,,-11.758126882984365,29.082835102081297,28.48672841389974,2.6719714219714197,0.0,0.0,0.0,偏空逆風
2022-05-03,16498.900390625,13089.900390625,3044.889892578125,29.25,29.484600067138672,18.373493975903614,15.66265060240964,332.0,,,-6.3923503446582375,,,-11.677898517659235,,,-6.878977163232969,29.127640151977538,28.514371744791667,3.1344807426066934,0.0,15.0,5.25,偏空逆風
2022-05-04,16565.830078125,13535.7099609375,3163.7900390625,25.420000076293945,29.422100067138672,21.987951807228914,14.759036144578314,332.0,,,-5.459665697674421,,,-6.643127238393731,,,-0.9445929893919014,29.166085147857665,28.54132006963094,2.6834696075474396,0.0,15.0,5.25,偏空逆風
2022-05-05,16696.119140625,12850.5498046875,3005.530029296875,31.200000762939453,29.239999771118164,33.13253012048193,15.963855421686745,332.0,,,-2.80879030872635,,,-11.569514157821747,,,-6.001986452479602,29.191815090179443,28.56564172108968,1.7914418245538632,0.0,0.0,0.0,偏空逆風
2022-05-06,16408.19921875,12693.5302734375,2982.06005859375,30.190000534057617,29.606700897216797,23.49397590361446,18.373493975903614,332.0,,,-5.070079338426092,,,-11.402944588938514,,,-4.4260505040032765,29.232215118408202,28.595313390096027,2.805684128944441,0.0,0.0,0.0,偏空逆風
2022-05-09,16048.919921875,12187.7197265625,2829.10009765625,34.75,29.649999618530273,10.843373493975903,10.240963855421686,332.0,,,-5.862433001690393,,,-12.883939836555625,,,-7.397162889897269,29.270165061950685,28.62438004811605,2.627111734475096,0.0,0.0,0.0,偏空逆風
2022-05-10,16061.7001953125,12345.8603515625,2900.1298828125,32.9900016784668,29.750999450683594,15.963855421686745,17.16867469879518,332.0,,,-5.468865130781097,,,-11.437248254021803,,,-4.834833133946526,29.30616502761841,28.655866718292238,2.4801050943769942,0.0,0.0,0.0,偏空逆風
2022-05-11,16006.25,11967.5595703125,2811.93994140625,32.560001373291016,29.641700744628906,15.36144578313253,17.16867469879518,332.0,,,-7.487149268297088,,,-15.823904995739602,,,-9.85407461295863,29.33635005950928,28.686216735839842,2.0790021199695863,0.0,0.0,0.0,偏空逆風
2022-05-12,15616.6796875,11945.5,2827.2099609375,31.770000457763672,29.68899917602539,9.63855421686747,7.228915662650602,332.0,,,-9.445690166666799,,,-14.01915012019347,,,-6.637893274277307,29.377465057373048,28.71752004623413,2.848610958405917,0.0,0.0,0.0,偏空逆風
2022-05-13,15832.5400390625,12387.400390625,2970.3701171875,28.8700008392334,29.821500778198242,16.566265060240966,12.048192771084338,332.0,,,-6.890303854521063,13056.67998046875,,-10.83845687602989,2990.4484985351564,,-1.9103583648248934,29.420230102539062,28.750600051879882,2.9527549592796465,0.0,15.0,5.25,偏空逆風
2022-05-16,15901.0400390625,12243.580078125,2920.06005859375,27.469999313354492,29.781999588012695,18.072289156626507,16.867469879518072,332.0,,,-5.904709322612078,12973.32099609375,,-11.984821214580831,2982.192004394531,,-5.352340891440632,29.453780078887938,28.782466697692872,2.3049689999336875,0.0,15.0,5.25,偏空逆風
2022-05-17,16056.08984375,12564.099609375,3066.5,26.100000381469727,29.71190071105957,29.518072289156628,22.590361445783135,332.0,,,-5.515732727583467,12891.01298828125,,-11.584307277985905,2977.855505371094,,-2.7505123637019624,29.478675079345702,28.81412502924601,1.7043198370390256,0.0,35.0,12.25,偏空逆風
2022-05-18,16296.8603515625,11928.3095703125,2907.9599609375,30.959999084472656,29.60580062866211,41.566265060240966,22.289156626506024,332.0,,,-4.968373824503624,12787.501953125,,-14.788843276306562,2966.143505859375,,-7.454649413606407,29.496280097961424,28.84359836578369,1.2036096945994057,0.0,0.0,0.0,偏空逆風
2022-05-19,16020.3203125,11875.6298828125,2890.330078125,29.350000381469727,29.74020004272461,36.74698795180723,17.46987951807229,332.0,,,-6.466792329331971,12695.2609375,,-13.445770993216177,2957.723010253906,,-5.505859034996652,29.52511510848999,28.874723370869955,1.97747257321792,0.0,15.0,5.25,偏空逆風
2022-05-20,16144.849609375,11835.6201171875,2882.64990234375,29.43000030517578,29.600500106811523,43.97590361445783,15.963855421686745,332.0,,,-5.1702530938369184,12619.1984375,,-11.389269991047302,2952.3640014648436,,-3.5848249894009143,29.54069013595581,28.90027837753296,1.0635411042460463,0.0,15.0,5.25,偏空逆風
2022-05-23,16156.41015625,12034.2802734375,2898.429931640625,28.479999542236328,29.71299934387207,49.6987951807229,21.987951807228914,332.0,,,-2.7946153545146957,12544.25146484375,,-11.076000267570752,2945.1660034179686,,-4.731805127563982,29.560790061950684,28.929448382059732,1.3714936665303101,10.0,15.0,11.75,偏空逆風
2022-05-24,15963.6298828125,11769.83984375,2827.050048828125,29.450000762939453,29.489999771118164,36.144578313253014,32.831325301204814,332.0,,,-4.092326896602872,12482.257958984375,,-9.530344034650195,2941.0625,,-2.8211302749066025,29.57560501098633,28.954688390096027,1.0149414863163564,0.0,15.0,5.25,偏空逆風
2022-05-25,16104.0302734375,11943.9296875,2882.929931640625,28.3700008392334,29.531700134277344,48.493975903614455,35.24096385542169,332.0,,,-1.2225667774607762,12429.28642578125,,-8.147360646936141,2940.4635009765625,,-0.41382912879733835,29.587155055999755,28.979436715443928,0.7883801626154874,10.0,15.0,11.75,偏空逆風
2022-05-26,15968.830078125,12276.7900390625,2994.610107421875,27.5,29.40999984741211,46.68674698795181,45.78313253012048,332.0,,,-2.7440180912348344,12370.32294921875,,-8.76385486470177,2937.3760009765624,,-2.0203771096884204,29.588920021057127,29.003428363800047,0.12016905871725658,17.5,35.0,23.625,偏空逆風
2022-05-27,16266.2197265625,12681.419921875,3115.35009765625,25.719999313354492,29.312999725341797,59.337349397590366,43.97590361445783,332.0,,,-1.9645397233919004,12361.653955078125,,-1.3487559934560522,2947.1565063476564,,6.69957284128484,29.581935024261476,29.02447001139323,-0.4743196295070473,20.0,55.0,32.25,中性偏空
2022-05-30,16610.619140625,,,,29.29599952697754,81.02409638554217,50.903614457831324,332.0,16161.201904296875,,0.11113339821706703,,,-3.016474640525124,,,3.080831030055098,29.57503499984741,29.043970012664794,-0.468847211421175,52.5,0.0,34.125,中性偏空
2022-05-31,16807.76953125,12642.099609375,3098.68994140625,26.190000534057617,28.83099937438965,83.43373493975903,53.01204819277109,332.0,16176.645361328125,,1.8720589452161596,,,-3.4209640095559157,,,1.7668963649313474,29.54235496520996,29.053221670786538,-2.2167527836929324,52.5,15.0,39.375,中性偏空
2022-06-01,16675.08984375,12548.3603515625,3049.030029296875,25.690000534057617,28.991500854492188,83.73493975903614,53.01204819277109,332.0,16182.108349609374,,0.6595489939817512,,,-7.294405777195124,,,-3.627295375126438,29.520825004577638,29.064690017700194,-1.463523037661807,52.5,15.0,39.375,中性偏空
2022-06-02,16552.5703125,12892.8896484375,3157.97998046875,24.719999313354492,29.128299713134766,82.53012048192771,45.48192771084337,332.0,16174.930908203125,,-0.8597736211388041,,,0.32947885027110324,,,5.072315022170648,29.515240001678468,29.079028352101645,-0.38201114520435286,52.5,15.0,39.375,中性偏空
2022-06-03,,12548.0302734375,3062.590087890625,24.790000915527344,29.10099983215332,,,,,,0.8798716533440443,,,-1.1462532240102963,,,2.700483146367305,29.489954948425293,29.092366695404053,-1.70806287002081,0.0,15.0,5.25,偏空逆風
2022-06-06,16605.9609375,12599.6298828125,3062.739990234375,25.06999969482422,29.361000061035156,87.04819277108435,54.21686746987952,332.0,,,3.4708941058752663,,,3.3797147086691126,,,8.258452670928197,29.47550497055054,29.108200041453042,-0.9747034105002217,27.5,15.0,23.125,偏空逆風
2022-06-07,16512.880859375,12711.6796875,3092.969970703125,24.020000457763672,29.38129997253418,82.2289156626506,72.59036144578313,332.0,,,2.8090467296493005,,,2.9630930977702308,,,6.6493603970458,29.457019996643066,29.122705046335856,-1.2426455748562049,35.0,15.0,28.0,偏空逆風
2022-06-08,16670.509765625,12615.1298828125,3019.10009765625,23.959999084472656,29.405000686645508,85.54216867469879,75.0,332.0,,,4.150002440452938,,,5.411047329201568,,,7.36716148163532,29.445184993743897,29.137473392486573,-0.7985373714640476,35.0,15.0,28.0,偏空逆風
2022-06-09,16621.33984375,12269.7802734375,2937.7900390625,26.09000015258789,29.438800811767578,80.42168674698796,76.80722891566265,332.0,,,6.433250706000937,,,2.714664714222925,,,3.9112793054935313,29.432675075531005,29.155136744181316,-0.8427308808033329,35.0,15.0,28.0,偏空逆風
2022-06-10,16460.119140625,11832.8203125,2831.97998046875,27.75,29.5856990814209,67.7710843373494,86.74698795180723,332.0,,,3.96385608382559,,,-4.476969022045307,,,-4.659019962461275,29.420884990692137,29.178598403930664,-0.7907103620678035,35.0,15.0,28.0,偏空逆風
2022-06-13,16070.98046875,11288.3203125,2673.0,34.02000045776367,29.642000198364258,36.44578313253012,67.46987951807229,332.0,,,1.0687378263938951,,,-7.802127805181058,,,-8.460786889182337,29.413885021209715,29.20003172556559,-0.47008055733365195,15.0,0.0,9.75,偏空逆風
2022-06-14,16047.3701171875,11311.6904296875,2689.889892578125,32.689998626708984,29.68869972229004,35.54216867469879,64.1566265060241,332.0,,,-0.054307908384643166,,,-9.968157039705295,,,-12.281431841574275,29.41272497177124,29.22134339014689,-0.0780865182445023,15.0,0.0,9.75,偏空逆風
2022-06-15,15999.25,11593.76953125,2737.550048828125,29.6200008392334,29.577699661254883,40.36144578313253,55.42168674698795,332.0,,,-1.8261821304369596,,,-2.8045888404431785,,,-5.860118928681413,29.411319923400878,29.239848391215006,-0.09491710006322984,15.0,15.0,15.0,偏空逆風
2022-06-16,15838.6103515625,11127.5703125,2566.860107421875,32.95000076293945,29.405000686645508,24.69879518072289,35.24096385542169,332.0,,,-1.134246740345879,,,-6.299114890698643,,,-11.191454330813478,29.394559955596925,29.25393673578898,-1.127091800315927,0.0,0.0,0.0,偏空逆風
2022-06-17,15641.259765625,11265.990234375,2578.5400390625,31.1299991607666,29.695999145507812,18.373493975903614,35.8433734939759,332.0,,,-3.1191981092073773,,,-4.812843578726323,,,-10.549663454934022,29.39933490753174,29.27134504318237,0.32262643655238676,0.0,0.0,0.0,偏空逆風
2022-06-20,15367.580078125,,,,29.70199966430664,7.228915662650602,18.072289156626507,332.0,,,-4.882458853768612,,,-6.384179374302068,,,-11.036661231174039,29.398784923553468,29.28856169382731,-0.03701975501742005,0.0,0.0,0.0,偏空逆風
2022-06-21,15728.6396484375,11546.759765625,2649.3701171875,30.190000534057617,29.702999114990234,20.180722891566266,31.92771084337349,332.0,,,-1.4720350954014916,,,-1.8953535569429136,,,-6.284994201438964,29.40943489074707,29.30388333002726,0.7222765192445912,0.0,0.0,0.0,偏空逆風
2022-06-22,15347.75,11527.7099609375,2619.7099609375,28.950000762939453,29.724000930786133,10.542168674698797,26.20481927710843,332.0,,,-4.696217410153114,,,-3.4847804487504463,,,-9.130293727025517,29.41904993057251,29.32214501698812,0.6511673748359259,0.0,15.0,5.25,偏空逆風
2022-06-23,15176.4404296875,11697.6796875,2602.739990234375,29.049999237060547,29.67169952392578,12.650602409638553,23.795180722891565,332.0,,,-4.962102073607511,,,-4.717115383743442,,,-13.085847677341523,29.432134914398194,29.34124666849772,0.8898322947006099,0.0,15.0,5.25,偏空逆風
2022-06-24,15303.3203125,12105.849609375,2718.469970703125,27.229999542236328,29.613100051879883,22.52252252252252,31.83183183183183,333.0,,,-5.919626257661448,,,-4.538689800084306,,,-12.739503250427841,29.447139930725097,29.357870006561278,1.023778969569733,0.0,15.0,5.25,偏空逆風
2022-06-27,15548.009765625,12008.240234375,2713.47998046875,26.950000762939453,29.694000244140625,27.927927927927925,31.53153153153153,333.0,,,-6.397168979698953,,,-5.308393631369224,,,-12.89967755116307,29.46703996658325,29.37497002283732,1.3585497118696388,0.0,15.0,5.25,偏空逆風
2022-06-28,15439.919921875,11637.76953125,2642.070068359375,28.360000610351562,29.43000030517578,23.723723723723726,21.32132132132132,333.0,,,-8.138198270935437,,,-7.944329732857181,,,-14.735900709047755,29.49699001312256,29.388995043436687,2.0776280523880253,0.0,15.0,5.25,偏空逆風
2022-06-29,15240.1298828125,11658.259765625,2583.97998046875,28.15999984741211,29.67099952697754,20.12012012012012,18.01801801801802,333.0,,,-8.605410671747226,,,-7.0933616902917995,,,-15.252393199137115,29.530964946746828,29.405958366394042,2.3437857732710787,0.0,15.0,5.25,偏空逆風
2022-06-30,14825.73046875,11503.7197265625,2556.25,28.709999084472656,29.665000915527344,12.312312312312311,10.81081081081081,333.0,,,-10.432457383648408,,,-10.77469799055757,,,-19.054268367446493,29.557800006866454,29.421618366241454,1.8425421589251423,0.0,15.0,5.25,偏空逆風
2022-07-01,14343.080078125,11585.6796875,2458.4599609375,26.700000762939453,29.65570068359375,6.906906906906906,7.207207207207207,333.0,15739.444091796875,,-13.348321092504046,,,-7.669335863610938,,,-19.726117750522164,29.585535049438477,29.43590170542399,1.9061230014081776,0.0,15.0,5.25,偏空逆風
2022-07-04,14217.0595703125,,,,29.79599952697754,7.807807807807808,7.5075075075075075,333.0,15619.9990234375,,-14.385806254625244,,,-8.047460161473929,,,-19.73004666486994,29.607285022735596,29.450985018412272,1.4815553456561936,0.0,0.0,0.0,偏空逆風
2022-07-05,14349.2001953125,11779.900390625,2477.639892578125,27.540000915527344,29.690000534057617,12.612612612612612,9.90990990990991,333.0,15511.814990234376,,-13.102987192171833,,,-7.330103650985342,,,-19.89447307776858,29.62272005081177,29.461968358357748,1.0506701943481467,0.0,15.0,5.25,偏空逆風
2022-07-06,13985.509765625,11852.58984375,2494.110107421875,26.729999542236328,29.78070068359375,7.5075075075075075,6.606606606606606,333.0,15377.564990234376,,-16.106286116916092,,,-6.0446467546990785,,,-17.388956088005447,29.64150505065918,29.474346701304118,1.2776738247752162,0.0,15.0,5.25,偏空逆風
2022-07-07,14336.26953125,12109.0498046875,2605.889892578125,26.079999923706055,29.788000106811523,10.81081081081081,8.408408408408409,333.0,15263.311474609374,,-13.74781054945603,,,-1.3099702290346737,,,-11.297612901917597,29.658965015411376,29.48970171610514,1.1861872271113683,0.0,15.0,5.25,偏空逆風
2022-07-08,14464.5302734375,12125.6904296875,2618.02001953125,24.639999389648438,29.75200080871582,12.612612612612612,8.708708708708707,333.0,15163.53203125,,-12.12378142672257,,,2.475066040495144,,,-7.555136774027805,29.66728010177612,29.502798398335774,0.5621017331287392,0.0,15.0,5.25,偏空逆風
2022-07-11,14340.5302734375,11860.2802734375,2553.68994140625,26.170000076293945,29.75200080871582,15.315315315315313,11.11111111111111,333.0,15077.009521484375,,-10.767545879838247,,,5.066829653160587,,,-4.463526322250278,29.672780132293703,29.513481744130452,0.37109712440266396,0.0,15.0,5.25,偏空逆風
2022-07-12,13950.6201171875,11744.990234375,2558.169921875,27.290000915527344,29.86319923400879,9.90990990990991,9.90990990990991,333.0,14972.172021484375,,-13.06600386660417,,,3.830548646825638,,,-4.896853624624686,29.681505107879637,29.524301719665527,0.587764076402908,0.0,15.0,5.25,偏空逆風
2022-07-13,14324.6796875,11728.5302734375,2577.360107421875,26.81999969482422,29.864999771118164,15.915915915915916,9.60960960960961,333.0,14888.443505859375,,-10.466555072894046,,,1.1623548477849521,,,-5.851580374752352,29.695870113372802,29.534490044911703,0.9713402771468038,0.0,15.0,5.25,偏空逆風
2022-07-14,14438.51953125,11768.400390625,2626.919921875,26.399999618530273,29.766000747680664,24.624624624624623,15.015015015015015,333.0,14818.43896484375,,-8.8397327116162,,,5.7589398235941225,,,2.3398164270606925,29.71392011642456,29.544531726837157,1.2276825458436669,0.0,15.0,5.25,偏空逆風
2022-07-15,14550.6201171875,11983.6201171875,2693.77001953125,24.229999542236328,29.918699264526367,28.82882882882883,15.015015015015015,333.0,14763.906982421875,,-6.97283764083001,,,6.369878438407084,,,4.4688071049168165,29.725055122375487,29.555026721954345,0.7499330732309906,0.0,15.0,5.25,偏空逆風
2022-07-18,14719.6396484375,11877.5,2679.570068359375,25.299999237060547,29.910999298095703,42.94294294294294,32.432432432432435,333.0,14731.5099609375,,-4.216281460018623,,,5.427927353950213,,,3.9181097739947157,29.73550510406494,29.56502669652303,0.7036550944420794,0.0,15.0,5.25,偏空逆風
2022-07-19,14694.080078125,12249.419921875,2803.139892578125,24.5,29.81999969482422,51.051051051051054,22.52252252252252,333.0,14679.781982421875,,-6.57755275368187,,,6.085344897724787,,,5.804012598808317,29.74135513305664,29.57546501159668,0.39390156994261183,35.0,15.0,28.0,偏空逆風
2022-07-20,14733.2197265625,12439.6796875,2872.9599609375,23.8799991607666,29.785999298095703,54.65465465465466,30.930930930930934,333.0,14649.05546875,,-4.004041461696339,,,7.911109228569924,,,9.667100701078034,29.74445505142212,29.58355334599813,0.2085801553227462,35.0,15.0,28.0,偏空逆風
2022-07-21,14937.7001953125,12619.41015625,2916.81005859375,23.110000610351562,29.880699157714844,67.56756756756756,41.14114114114114,333.0,14637.11845703125,,-1.5730976936329966,,,7.879600855671831,,,12.066901401514695,29.754905033111573,29.591986656188965,0.7043736528153266,45.0,15.0,34.5,中性偏空
2022-07-22,14949.3603515625,12396.4697265625,2842.409912109375,23.030000686645508,29.880300521850586,71.77177177177178,36.33633633633634,333.0,14619.420458984376,,-2.312961852130746,,,2.4006585788281853,,,4.559180080778802,29.768265056610108,29.599113337198894,0.9023049579496512,45.0,15.0,34.5,中性偏空
2022-07-25,14936.330078125,12328.41015625,2825.030029296875,23.360000610351562,29.801000595092773,74.25149700598801,26.047904191616766,334.0,14588.836474609376,,-3.9341349582398544,,,2.666251803977704,,,4.110958976334689,29.773615074157714,29.60523001352946,0.3603433355977792,45.0,15.0,34.5,中性偏空
2022-07-26,14806.7802734375,12086.900390625,2778.9599609375,24.690000534057617,29.827999114990234,69.16167664670658,23.053892215568865,334.0,14557.1794921875,,-4.100666659161101,,,3.859252051426032,,,5.181160568657006,29.793515014648438,29.610953330993652,1.3523574777009273,45.0,15.0,34.5,中性偏空
2022-07-27,14921.58984375,12601.4697265625,2911.0,23.239999771118164,29.920299530029297,73.95209580838323,31.736526946107784,334.0,14541.252490234376,,-2.090139923425083,,,8.090486744158888,,,12.655671561043857,29.805980014801026,29.619256655375164,0.8402143743930557,45.0,15.0,34.5,中性偏空
2022-07-28,14891.900390625,12717.8701171875,2944.5,22.329999923706055,29.85930061340332,69.76047904191617,45.209580838323355,334.0,14544.560986328124,,0.4463181224997559,,,10.55441561064361,,,15.188264058679701,29.815694999694824,29.629578336079916,0.6549795782216705,52.5,15.0,39.375,中性偏空
2022-07-29,15000.0703125,12947.9697265625,2967.139892578125,21.329999923706055,29.915000915527344,74.8502994011976,71.25748502994011,334.0,14577.410498046875,,4.580538007153656,,,11.758395500371899,,,20.690999232163488,29.828660011291504,29.634716669718426,0.8743689272431965,60.0,15.0,44.25,中性偏空
2022-08-01,14981.6904296875,12940.7802734375,2978.320068359375,22.84000015258789,30.00200080871582,76.64670658682635,72.75449101796407,334.0,14615.642041015624,,5.378263033881292,12207.94658203125,,11.696340849122056,2736.2704833984376,,21.145762618954087,29.838960075378417,29.640583356221516,0.6913722815432566,60.0,55.0,58.25,震盪中性
2022-08-02,14747.23046875,12901.599609375,2974.75,23.93000030517578,30.167999267578125,60.17964071856288,60.778443113772454,334.0,14635.5435546875,,2.773884732387555,12264.03154296875,,9.522145192693653,2761.1259887695314,,20.06385628964844,29.862860012054444,29.64753335316976,1.6099653921265222,60.0,55.0,58.25,震盪中性
2022-08-03,14777.01953125,13253.259765625,3053.4599609375,21.950000762939453,29.966299057006836,46.706586826347305,69.46107784431138,334.0,14675.11904296875,,5.659498859100953,12334.0650390625,,11.817416618137578,2789.0934814453126,,22.42683079031409,29.872139930725098,29.652943325042724,0.6232169463874726,50.0,55.0,51.75,震盪中性
2022-08-04,14702.2001953125,13311.0400390625,3081.409912109375,21.440000534057617,29.941999435424805,40.7185628742515,57.784431137724546,334.0,14693.415576171876,,2.552481754509772,12394.16455078125,,9.926379474545577,2812.869482421875,,18.24789377654006,29.87983989715576,29.657159996032714,0.5169844503192023,40.0,55.0,45.25,震盪中性
2022-08-05,15036.0400390625,13207.6904296875,3053.389892578125,21.149999618530273,29.95170021057129,59.58083832335329,59.58083832335329,334.0,14721.991064453125,,3.9511118219615726,12448.26455078125,,8.923203229326425,2834.637976074219,,16.62973811502124,29.889824867248535,29.659329986572267,0.6712133517990715,60.0,55.0,58.25,震盪中性
2022-08-08,15020.41015625,13159.16015625,3004.340087890625,21.290000915527344,29.94499969482422,60.778443113772454,63.17365269461078,334.0,14755.98505859375,,4.740967522461981,12513.208544921876,,10.951510865400849,2857.1704833984377,,17.64701889518403,29.899474811553954,29.662046655019125,0.6486921244364119,60.0,55.0,58.25,震盪中性
2022-08-09,15050.2802734375,13008.169921875,2866.89990234375,21.770000457763672,30.000699996948242,62.27544910179641,81.1377245508982,334.0,14810.96806640625,,7.882518103228908,12576.367529296875,,10.755050981676861,2872.606982421875,,12.068392245127635,29.906349849700927,29.666859976450603,0.4604354739825123,60.0,35.0,51.25,震盪中性
2022-08-10,14939.01953125,13378.3203125,2988.7099609375,19.739999771118164,30.027999877929688,59.88023952095808,74.8502994011976,334.0,14841.68505859375,,4.288681193242216,12658.85703125,,14.066468693003298,2893.1744750976563,,15.960123396458448,29.914499855041505,29.67389663060506,0.5457897473990947,60.0,70.0,63.5,中性偏多
2022-08-11,15197.849609375,13291.990234375,2978.699951171875,20.200000762939453,29.910400390625,68.562874251497,75.44910179640718,334.0,14879.6515625,,5.259057734288786,12735.0365234375,,12.946448057322456,2910.7634765625,,13.391349556091047,29.92171983718872,29.67673330307007,0.485116036139277,60.0,55.0,58.25,震盪中性
2022-08-12,15288.9697265625,13565.8701171875,3067.840087890625,19.530000686645508,29.94930076599121,74.25149700598801,77.24550898203593,334.0,14916.56904296875,,5.074351494496421,12814.1490234375,,13.20343923227889,2929.4669799804688,,13.886488662624142,29.923249912261962,29.68254664738973,0.10228219213102019,60.0,70.0,63.5,中性偏多
2022-08-15,15417.349609375,13667.1796875,3077.330078125,19.950000762939453,29.94300079345703,81.1377245508982,77.24550898203593,334.0,14951.454541015624,,4.739993488981664,12903.6330078125,,15.06781467059566,2949.35498046875,,14.844172744815065,29.92484998703003,29.686380004882814,0.10698905456951735,60.0,70.0,63.5,中性偏多
2022-08-16,15420.5703125,13635.2099609375,3045.639892578125,19.690000534057617,29.98270034790039,79.94011976047905,75.74850299401199,334.0,14987.779052734375,,4.944101505588794,12972.922509765625,,11.313107460605188,2961.47998046875,,8.651013124320595,29.932985019683837,29.694591681162517,0.5456091708291089,60.0,70.0,63.5,中性偏多
2022-08-17,15465.4501953125,13470.8603515625,2970.1201171875,19.899999618530273,29.94379997253418,81.73652694610777,74.8502994011976,334.0,15024.390576171874,,4.96992838184489,13024.48154296875,,8.289447075543933,2966.33798828125,,3.3818834084375693,29.94087505340576,29.70146001180013,0.5297813676124141,60.0,70.0,63.5,中性偏多
2022-08-18,15396.759765625,13505.990234375,3037.840087890625,19.559999465942383,29.935699462890625,82.33532934131736,69.46107784431138,334.0,15047.3435546875,,3.07316095724397,13068.810546875,,7.025527082071292,2972.3894897460937,,4.1493970078814835,29.943625068664552,29.710221672058104,0.1840663261775788,60.0,70.0,63.5,中性偏多
2022-08-19,15408.7802734375,13242.900390625,2953.340087890625,20.600000381469727,29.97369956970215,85.62874251497006,73.35329341317365,334.0,15070.31455078125,,3.073174444062299,13111.132080078125,,6.827997669762498,2977.935998535156,,3.902680444106954,29.948295021057127,29.721233336130776,0.31257733764511464,60.0,35.0,51.25,震盪中性
2022-08-22,15245.1396484375,12890.5400390625,2843.3701171875,23.799999237060547,30.101999282836914,80.53892215568862,70.65868263473054,334.0,15085.755029296875,,2.0675063331973886,13139.23857421875,,4.559629957862188,2978.8530029296876,,0.6491997501063551,29.963344955444335,29.7346666653951,1.010028796797191,60.0,15.0,44.25,中性偏空
2022-08-23,15095.8896484375,12881.7900390625,2864.31005859375,24.110000610351562,30.13170051574707,68.8622754491018,73.05389221556887,334.0,15100.210498046876,,1.9525472091906693,13178.983056640625,,6.576455689616201,2983.1205078125,,3.0712964150608535,29.97853002548218,29.75634501775106,1.0181755725083397,35.0,15.0,28.0,偏空逆風
2022-08-24,15069.1904296875,12917.8603515625,2866.179931640625,22.81999969482422,30.170000076293945,66.46706586826348,67.96407185628742,334.0,15107.59052734375,,0.9891746622383124,13194.802587890625,,2.5107438407210747,2980.879504394531,,-1.5396794352241505,29.99101505279541,29.775986671447754,0.8345522945518491,35.0,15.0,28.0,偏空逆風
2022-08-25,15200.0400390625,13143.580078125,2971.070068359375,21.780000686645508,30.204999923706055,71.55688622754491,73.95209580838323,334.0,15122.997509765624,,2.0691761316875557,13216.0880859375,,3.3473369126657104,2982.2080078125,,0.9023626544192531,30.008300018310546,29.793931674957275,1.1577609093347485,60.0,15.0,44.25,中性偏空
2022-08-26,15278.4404296875,12605.169921875,2798.43994140625,25.559999465942383,30.187999725341797,77.91044776119404,73.73134328358208,335.0,15136.916015625,15151.256868489583,1.8557920822246166,13198.948095703125,,-2.647517811107125,2973.7730102539062,,-5.685608271920506,30.02194995880127,29.81204833984375,0.91258165288155,85.0,15.0,60.5,中性偏多
2022-08-29,14926.1904296875,12484.3203125,2744.5,26.209999084472656,30.2810001373291,52.537313432835816,54.92537313432836,335.0,15134.141015625,15123.260693359374,-0.3704521880256051,13176.12509765625,,-3.527298596317552,2962.0820068359376,,-7.850736757388743,30.035899925231934,29.82738167444865,0.9299357412597242,32.5,15.0,26.375,偏空逆風
2022-08-30,14953.6298828125,12342.7001953125,2708.6298828125,26.209999084472656,30.368000030517578,58.805970149253724,71.34328358208955,335.0,15144.460986328126,15097.273177083332,1.3995808535024246,13148.180126953124,,-4.332016424198848,2948.7760009765625,,-8.945965784939913,30.045899963378908,29.843826675415038,0.6629566686392696,50.0,15.0,37.75,中性偏空
2022-08-31,15095.4404296875,12272.0302734375,2677.389892578125,25.8700008392334,30.43670082092285,64.4776119402985,77.91044776119404,335.0,15160.38203125,15071.022021484376,2.154838448742069,13099.11865234375,,-7.4036841466920915,2929.9724975585937,,-12.316194519344892,30.069420051574706,29.861021677652996,1.5697693032467486,75.0,15.0,54.0,震盪中性
2022-09-01,14801.8603515625,12274.6201171875,2625.949951171875,25.559999465942383,30.332700729370117,42.08955223880597,73.13432835820896,335.0,15165.3650390625,15040.69736328125,0.6778587893380372,13047.29765625,,-7.786167863919935,2907.199499511719,,-14.780894912670528,30.088955116271972,29.875920009613036,1.3048604011496545,30.0,15.0,24.75,偏空逆風
2022-09-02,14673.0400390625,12098.4404296875,2599.260009765625,25.469999313354492,30.548200607299805,38.80597014925373,61.791044776119406,335.0,15147.2150390625,15010.912711588542,-2.4141994771027075,12991.83515625,,-8.398516045672078,2884.4930053710937,,-14.872973933540345,30.1187801361084,29.89196170171102,1.991541022829768,30.0,15.0,24.75,偏空逆風
2022-09-05,14661.099609375,,,,30.613000869750977,25.970149253731346,53.43283582089552,335.0,15129.24951171875,14987.414697265625,-2.3921487039119893,,,-8.06069470975096,,,-13.483163233008366,30.152180194854736,29.908145046234132,2.2307603330589343,22.5,0.0,14.625,偏空逆風
2022-09-06,14677.2001953125,12011.3095703125,2571.469970703125,26.90999984741211,30.68600082397461,19.402985074626866,45.37313432835821,335.0,15110.5955078125,14964.578531901041,-2.478891232234759,,,-7.663340481785563,,,-10.304856873415947,30.186445236206055,29.924766731262206,2.284282790388481,22.5,15.0,19.875,偏空逆風
2022-09-07,14410.0498046875,12259.3896484375,2611.5,24.639999389648438,30.7987003326416,16.716417910447763,37.91044776119403,335.0,15084.147021484376,14938.091861979166,-3.54085972948881,,,-8.36376045666234,,,-12.621163172995765,30.22498025894165,29.945116742451987,2.5666060271912094,15.0,15.0,15.0,偏空逆風
2022-09-08,14583.419921875,12321.1904296875,2658.179931640625,23.610000610351562,30.84779930114746,28.65671641791045,43.28358208955223,335.0,15053.425537109375,14917.172021484375,-4.0428725332364195,,,-7.303645184577945,,,-10.760399663791297,30.271850204467775,29.969163386027017,3.1340232771216225,15.0,15.0,15.0,偏空逆風
2022-09-09,,12588.2900390625,2721.77001953125,22.790000915527344,30.858699798583984,,,,,,-4.61476356684587,,,-7.206173062842747,,,-11.280577163242056,30.317320156097413,29.988541730244954,3.0364616513031795,0.0,15.0,5.25,偏空逆風
2022-09-12,14807.4296875,12739.7197265625,2731.090087890625,23.8700008392334,30.850000381469727,44.47761194029851,47.76119402985074,335.0,,,-3.95606208154039,,,-6.786037662077094,,,-11.251311411005249,30.362670135498046,30.007675075531004,3.0290871455037616,7.5,15.0,10.125,偏空逆風
2022-09-13,14894.41015625,12033.6201171875,2562.27001953125,27.270000457763672,30.882999420166016,46.865671641791046,42.38805970149254,335.0,,,-3.4120667756593392,,,-11.745985931557168,,,-15.870880671900577,30.40768508911133,30.027341747283934,3.0027284461343395,10.0,15.0,11.75,偏空逆風
2022-09-14,14658.3095703125,12134.400390625,2591.510009765625,26.15999984741211,31.11870002746582,35.223880597014926,37.61194029850746,335.0,,,-5.218992106965237,,,-9.921118073074542,,,-12.747299519333676,30.46643009185791,30.0505867322286,3.9236838878476066,0.0,15.0,5.25,偏空逆風
2022-09-15,14670.0400390625,11927.490234375,2549.5400390625,26.270000457763672,31.069000244140625,39.701492537313435,39.1044776119403,335.0,,,-4.719952364165502,,,-11.687406644071563,,,-16.07392208610903,30.52309513092041,30.07387507756551,3.7857835346552626,0.0,15.0,5.25,偏空逆風
2022-09-16,14561.759765625,11861.3798828125,2563.139892578125,26.299999237060547,31.222000122070312,34.02985074626866,31.343283582089555,335.0,,,-5.496999066646701,,,-10.43215962562487,,,-13.212166012048886,30.585510158538817,30.10069007873535,4.164652913349287,0.0,15.0,5.25,偏空逆風
2022-09-19,14425.6796875,11953.26953125,2577.93994140625,25.760000228881836,31.26099967956543,23.283582089552237,24.47761194029851,335.0,,,-5.3752210857674125,,,-7.270994892163307,,,-9.335055404035774,30.643460178375243,30.12680673599243,3.850243918480656,0.0,15.0,5.25,偏空逆風
2022-09-20,14549.2998046875,11851.5400390625,2539.5,27.15999984741211,31.32200050354004,31.044776119402982,24.776119402985074,335.0,,,-3.62078589920386,,,-7.997723894551056,,,-11.33990566486428,30.70297517776489,30.158340072631837,3.95032463292575,0.0,15.0,5.25,偏空逆風
2022-09-21,14424.51953125,11637.7900390625,2514.9599609375,27.989999771118164,31.339000701904297,22.686567164179106,25.07462686567164,335.0,,,-4.278072544411193,,,-9.909306012471076,,,-12.253940055399237,30.76142520904541,30.18614009221395,3.874712040617112,0.0,15.0,5.25,偏空逆風
2022-09-22,14284.6298828125,11501.650390625,2444.25,27.350000381469727,31.450000762939453,22.98507462686567,24.776119402985074,335.0,,,-6.02241937453778,,,-12.492256126111945,,,-17.731660857472974,30.82367525100708,30.21589008967082,4.1218369222913775,0.0,15.0,5.25,偏空逆風
2022-09-23,14118.3798828125,11311.240234375,2408.89990234375,29.920000076293945,31.538299560546875,15.82089552238806,15.82089552238806,335.0,,,-7.592794252879953,,,-10.265071359764189,,,-13.919899916335222,30.891190242767333,30.247266737620034,4.472968886612083,0.0,15.0,5.25,偏空逆風
2022-09-26,13778.1904296875,11254.1103515625,2373.469970703125,32.2599983215332,31.791000366210938,4.166666666666666,6.25,336.0,,,-7.6911788403602355,,,-9.854040349363235,,,-13.519039143628165,30.966690254211425,30.28051675160726,4.986626009820516,0.0,0.0,0.0,偏空逆風
2022-09-27,13826.58984375,11271.75,2398.0400390625,32.599998474121094,31.822999954223633,9.523809523809524,13.988095238095239,336.0,,,-7.536899387605578,,,-8.676790154225934,,,-11.46667714628843,31.03944025039673,30.31606674194336,4.791227351962224,0.0,0.0,0.0,偏空逆風
2022-09-28,13466.0703125,11493.830078125,2427.260009765625,30.18000030517578,31.674999237060547,1.488095238095238,5.654761904761905,336.0,,,-10.793789851822366,,,-6.341250616019867,,,-9.342303244883166,31.101355171203615,30.34763838450114,4.0684383745246855,0.0,0.0,0.0,偏空逆風
2022-09-29,13534.259765625,11164.7802734375,2347.360107421875,31.84000015258789,31.67099952697754,6.845238095238096,6.845238095238096,336.0,,,-8.563792360084598,,,-9.041744943258568,,,-10.609107139520102,31.168270111083984,30.379021708170573,4.412066072018428,0.0,0.0,0.0,偏空逆風
2022-09-30,13424.580078125,10971.2197265625,2306.699951171875,31.6200008392334,31.63050079345703,6.528189910979229,10.979228486646884,337.0,,,-8.508529640850536,,,-9.317074458283015,,,-11.255513395911866,31.222385120391845,30.410330041249594,3.542926145046321,0.0,0.0,0.0,偏空逆風
2022-10-03,13300.48046875,11229.73046875,2393.320068359375,30.100000381469727,31.80299949645996,6.824925816023739,9.198813056379821,337.0,,,-9.280471293946846,11775.88505859375,,-7.180346640430068,2514.60849609375,,-7.923021961347365,31.281885051727294,30.444513352711997,3.8872328517288057,0.0,0.0,0.0,偏空逆風
2022-10-04,13576.51953125,11582.5400390625,2500.110107421875,29.06999969482422,31.783700942993164,15.727002967359049,14.540059347181009,337.0,,,-7.499254962905166,11754.44658203125,,-3.569715098424897,2511.0405029296876,,-2.7750611165697547,31.336770057678223,30.476521714528403,3.5772016214016933,0.0,15.0,5.25,偏空逆風
2022-10-05,13801.4296875,11573.1796875,2523.610107421875,28.549999237060547,31.628000259399414,18.397626112759642,17.804154302670625,337.0,,,-4.223580941333871,11720.136083984375,,-5.597423530990875,2506.6460083007814,,-3.365494642087885,31.378235054016113,30.505905055999754,2.6926458512890328,0.0,35.0,12.25,偏空逆風
2022-10-06,13892.0498046875,11485.5,2508.840087890625,30.520000457763672,31.523500442504883,21.364985163204746,25.816023738872403,337.0,,,-4.740795512240936,11678.3515625,,-6.782546170814241,2499.1790161132812,,-5.618123964160226,31.412020111083983,30.53519671758016,2.190435482158648,0.0,20.0,7.0,偏空逆風
2022-10-07,13702.2802734375,11039.4697265625,2356.75,31.360000610351562,31.538999557495117,18.991097922848667,14.836795252225517,337.0,14084.84541015625,,-6.04206457167018,11600.910546875,,-12.303659255497635,2480.928015136719,,-13.411126469609458,31.44603509902954,30.562201722462973,2.2045639101824666,0.0,0.0,0.0,偏空逆風
2022-10-10,,10926.9697265625,2275.340087890625,32.45000076293945,31.711000442504883,,,,,,-7.4634790600791145,11510.273046875,,-14.229119940687474,2458.140515136719,,-16.6874758917968,31.489085102081297,30.59220174153646,2.7909239882937698,0.0,0.0,0.0,偏空逆風
2022-10-11,13106.0302734375,10791.349609375,2218.489990234375,33.630001068115234,31.792800903320312,6.824925816023739,3.5608308605341246,337.0,,,-12.007054083051816,11448.159521484375,,-10.323331596932972,2440.951513671875,,-13.417010177552136,31.534575176239013,30.62508176167806,2.945962180604167,0.0,0.0,0.0,偏空逆風
2022-10-12,13081.240234375,10785.6201171875,2198.60009765625,33.56999969482422,31.825300216674805,9.198813056379821,4.451038575667656,337.0,,,-10.7588759015674,11380.7205078125,,-11.11534340402649,2421.306018066406,,-15.161427531777495,31.56990518569946,30.659070110321046,2.2706610127843696,0.0,0.0,0.0,偏空逆風
2022-10-13,12810.73046875,11033.580078125,2263.239990234375,31.940000534057617,31.774200439453125,4.154302670623145,2.0771513353115725,337.0,,,-12.67419560793046,11336.025,,-7.494536894893056,2406.991015625,,-11.229478433035368,31.605165195465087,30.690628465016683,2.2697872148154996,0.0,0.0,0.0,偏空逆風
2022-10-14,13128.1201171875,10692.0595703125,2162.320068359375,32.02000045776367,31.848600387573242,10.979228486646884,5.341246290801187,337.0,,,-9.84523623183099,11277.558984375,,-9.858214845596347,2386.9500244140627,,-15.6378442464015,31.636495208740236,30.723433462778726,2.0069190412307814,0.0,0.0,0.0,偏空逆風
2022-10-17,12966.0498046875,11062.5302734375,2211.659912109375,31.3700008392334,31.961999893188477,12.759643916913946,5.934718100890208,337.0,,,-10.11827459386392,11233.022021484376,,-7.451846170487486,2368.636022949219,,-14.208245250937523,31.671545219421386,30.75945011774699,2.2424113777822496,0.0,0.0,0.0,偏空逆風
2022-10-18,13124.6796875,11147.740234375,2220.9599609375,30.5,31.988000869750977,18.397626112759642,7.418397626112759,337.0,,,-9.791674763128565,11197.83203125,,-5.9384670883934625,2352.709020996094,,-12.543415596081909,31.704845237731934,30.795450146993,2.1263021374885227,0.0,0.0,0.0,偏空逆風
2022-10-19,12976.759765625,11103.3798828125,2237.739990234375,30.760000228881836,32.016998291015625,19.881305637982198,5.637982195845697,337.0,,,-10.03679715285144,11171.1115234375,,-4.592024383119475,2338.8480224609375,,-11.022838335755692,31.7387451171875,30.830395126342772,2.163430785685927,0.0,0.0,0.0,偏空逆風
2022-10-20,12946.099609375,11046.7099609375,2253.219970703125,29.979999542236328,32.152000427246094,22.255192878338278,9.792284866468842,337.0,,,-9.370423206050592,11148.364501953125,,-3.9554360829670343,2329.296520996094,,-7.815486521299986,31.77384510040283,30.86860678990682,2.2321133458726994,0.0,15.0,5.25,偏空逆風
2022-10-21,12819.2001953125,11310.330078125,2336.68994140625,29.690000534057617,32.09400177001953,16.320474777448073,7.71513353115727,337.0,,,-9.20204512333318,11148.318994140625,,-0.008046476170087136,2325.6860229492186,,-2.997632274684514,31.801630210876464,30.904923470815024,1.761991664787832,0.0,55.0,19.25,偏空逆風
2022-10-24,12856.98046875,11430.259765625,2351.550048828125,29.850000381469727,32.18000030517578,20.474777448071215,10.979228486646884,337.0,,,-6.6860010800300245,11157.12646484375,,1.5652007005426682,2324.5900268554688,,-0.9235390439132574,31.821080207824707,30.941223462422688,1.2236165407940147,0.0,55.0,19.25,偏空逆風
2022-10-25,12666.1201171875,11669.990234375,2404.68994140625,28.459999084472656,32.31129837036133,17.210682492581604,17.804154302670625,337.0,,,-8.393029226125947,11177.0384765625,,3.53308256814604,2324.9225219726563,,0.27730572615249915,31.84549512863159,30.97694511413574,1.534419812211607,0.0,55.0,19.25,偏空逆風
2022-10-26,12729.0498046875,11405.900390625,2376.330078125,27.280000686645508,32.22700119018555,19.584569732937684,15.133531157270031,337.0,,,-5.473166935184903,11172.6419921875,,-0.7650164210044053,2322.376025390625,,-2.098247877677628,31.87309522628784,31.014623483022053,1.742705497776753,0.0,55.0,19.25,偏空逆風
2022-10-27,12926.3701171875,11191.6298828125,2340.60009765625,27.389999389648438,31.962900161743164,32.93768545994065,43.02670623145401,337.0,,,-4.491487964354346,11173.98447265625,,0.24048488834911286,2322.0380249023438,,-0.2879834987504104,31.887690258026122,31.048305161794026,0.9216653693451704,0.0,55.0,19.25,偏空逆風
2022-10-28,12788.419921875,11546.2099609375,2433.659912109375,25.75,32.042999267578125,20.474777448071215,24.33234421364985,337.0,,,-4.738771362290928,11202.733984375,,5.2408961693009015,2328.386022949219,,5.503965128754618,31.908315181732178,31.083160146077475,1.3041161656423217,0.0,55.0,19.25,偏空逆風
2022-10-31,12949.75,11405.5703125,2384.449951171875,25.8799991607666,32.11399841308594,31.750741839762615,27.299703264094955,337.0,,,-2.636975931614316,11211.5259765625,,1.5658420675306983,2327.942517089844,,-0.3706197639323894,31.923865127563477,31.11931012471517,0.9778917760904671,0.0,55.0,19.25,偏空逆風
2022-11-01,13037.2099609375,11288.9501953125,2402.75,25.809999465942383,32.24769973754883,47.47774480712167,35.90504451038576,337.0,,,-3.9723698630649396,11196.846484375,,-2.534762174444105,2323.07451171875,,-3.8942327833022206,31.94706506729126,31.156760120391844,1.4598639579068706,10.0,55.0,25.75,偏空逆風
2022-11-02,13100.169921875,10906.33984375,2328.469970703125,25.860000610351562,32.124000549316406,61.72106824925816,29.673590504451035,337.0,,,-5.081066103319232,11163.5044921875,,-5.761941504029721,2313.3175048828125,,-7.732578663591805,31.971865081787108,31.19169346491496,1.5682315854591122,20.0,35.0,25.25,偏空逆風
2022-11-03,12986.599609375,10690.599609375,2292.85009765625,25.299999237060547,32.247501373291016,62.01780415430267,29.080118694362017,337.0,,,-6.517758056172385,11123.75947265625,,-6.920903666579603,2302.5180053710938,,-8.60915732640315,32.008065128326415,31.23064514795939,2.2967022082672095,20.0,15.0,18.25,偏空逆風
2022-11-04,13026.7099609375,10857.0302734375,2398.239990234375,24.549999237060547,32.150001525878906,72.70029673590504,30.56379821958457,337.0,,,-4.9303495405040305,11114.6375,,-1.652610656524789,2304.5925048828126,,1.7604748163519757,32.038615226745605,31.26732349395752,1.937290265881586,20.0,35.0,25.25,偏空逆風
2022-11-07,13223.73046875,10977.0,2450.6201171875,24.350000381469727,31.999000549316406,87.24035608308606,37.68545994065282,337.0,12962.501025390626,,-3.492482967343702,11117.139013671875,,0.4578604561874089,2313.3565063476562,,7.703465087690242,32.05301523208618,31.301590156555175,0.9082025252836079,45.0,35.0,41.5,中性偏空
2022-11-08,13347.759765625,11059.5,2503.389892578125,25.540000915527344,31.850000381469727,89.31750741839762,67.06231454005935,337.0,12974.5875,,1.8444142668998964,11130.546533203125,,2.484864269359255,2327.6015014648438,,12.842063908237478,32.05587520599365,31.33271182378133,0.1799133027736488,60.0,35.0,51.25,震盪中性
2022-11-09,13638.8095703125,10797.5498046875,2424.820068359375,26.09000015258789,31.7898006439209,92.28486646884274,72.70029673590504,337.0,13002.465966796875,,4.262358354006168,11131.143017578124,,0.11060733986902882,2338.9125,,10.28927320362989,32.05410022735596,31.363478501637776,-0.11154513079912887,60.0,35.0,51.25,震盪中性
2022-11-10,13503.759765625,11605.9599609375,2672.5,23.530000686645508,31.91200065612793,86.94362017804154,85.16320474777447,337.0,13037.117431640625,,5.409756286462741,11159.76201171875,,5.1876170631805385,2359.3755004882814,,18.082925873152455,32.060990238189696,31.396416854858398,0.4336858670523913,60.0,55.0,58.25,震盪中性
2022-11-11,14007.5595703125,11817.009765625,2754.89990234375,22.520000457763672,31.402000427246094,88.72403560830861,80.41543026706232,337.0,13081.089404296876,,6.6988985877241225,11216.009521484375,,10.521361089644788,2389.0044921875,,27.404815903779923,32.03866024017334,31.420221869150797,-1.402259298343933,60.0,55.0,58.25,震盪中性
2022-11-14,14174.900390625,11700.9404296875,2728.050048828125,23.729999542236328,31.096599578857422,92.28486646884274,86.94362017804154,337.0,13141.53193359375,,9.323198693101386,11247.930029296875,,5.770923472931888,2414.8239990234374,,23.348532651488973,31.995390224456788,31.436798540751138,-2.707591255938535,60.0,55.0,58.25,震盪中性
2022-11-15,14546.3095703125,11871.150390625,2810.610107421875,24.540000915527344,30.888999938964844,92.58160237388724,85.7566765578635,337.0,13212.613427734375,,10.8317301196041,11284.100537109374,,6.489298647445185,2444.306506347656,,26.549337081946977,31.94044017791748,31.44942019780477,-3.435666190147535,60.0,55.0,58.25,震盪中性
2022-11-16,14537.349609375,11699.08984375,2690.820068359375,24.110000610351562,31.07900047302246,88.13056379821958,83.08605341246292,337.0,13290.642919921875,,12.026036329068447,11313.88603515625,,5.365122757437413,2466.9605102539062,,20.247217286291864,31.89354028701782,31.464570204416912,-2.929686941503129,60.0,55.0,58.25,震盪中性
2022-11-17,14535.23046875,11676.8603515625,2719.10009765625,23.93000030517578,31.03499984741211,89.61424332344214,87.53709198813057,337.0,13370.099462890625,,12.274977849113888,11345.3935546875,,5.7044169065114225,2490.2545166015625,,20.67619375873655,31.83769025802612,31.478403536478677,-3.4741246733979936,60.0,55.0,58.25,震盪中性
2022-11-18,14504.990234375,11677.01953125,2724.030029296875,23.1200008392334,31.024999618530273,87.53709198813057,89.31750741839762,337.0,13454.38896484375,,13.150508716440278,11363.72802734375,,3.2420756122246486,2509.6215209960938,,16.576443499282533,31.78424015045166,31.492353534698488,-3.330847175586127,60.0,55.0,58.25,震盪中性
2022-11-21,14449.3896484375,11553.4501953125,2675.830078125,22.360000610351562,31.111299514770508,83.67952522255193,87.83382789317507,337.0,13534.009423828125,,12.385561163120595,11369.887548828125,,1.0777570432649153,2525.8355224609377,,13.790054328568392,31.730805110931396,31.506191857655843,-3.3210092612503295,60.0,55.0,58.25,震盪中性
2022-11-22,14542.2001953125,11724.83984375,2756.820068359375,21.290000915527344,31.131000518798828,82.49258160237389,90.50445103857567,337.0,13627.813427734374,,14.811797620482237,11372.630029296875,,0.47000561502987814,2543.442028808594,,14.643473193354861,31.671790218353273,31.518908532460532,-3.6528951515150787,60.0,55.0,58.25,震盪中性
2022-11-23,14608.5400390625,11838.7197265625,2786.419921875,20.350000381469727,31.107200622558594,84.56973293768546,91.69139465875371,337.0,13721.787939453125,,14.76536161939499,11394.27099609375,,3.7946967895077677,2563.9465209960936,,17.257276147157707,31.615800189971925,31.53008352915446,-3.4747277943067756,60.0,55.0,58.25,震盪中性
2022-11-24,14784.0,,,,31.079700469970703,89.02077151335311,90.50445103857567,337.0,13814.66943359375,,14.370854818264167,,,5.7819088955377795,,,19.047244536355002,31.5716402053833,31.542533524831136,-2.763202610849358,60.0,0.0,39.0,中性偏空
2022-11-25,14778.509765625,11756.0302734375,2751.27001953125,20.5,30.913000106811523,85.7566765578635,91.98813056379822,337.0,13914.17392578125,,15.561655434428513,,,1.8172223890770445,,,13.050718625125658,31.51514024734497,31.548613516489663,-3.5265087120292193,60.0,15.0,44.25,中性偏空
2022-11-28,14556.8701171875,11587.75,2678.780029296875,22.209999084472656,30.928499221801758,83.08605341246292,89.91097922848664,337.0,13994.529931640625,,12.410433538774889,,,1.5972869616203145,,,12.343730594150104,31.45586528778076,31.553871822357177,-3.691534065721036,60.0,15.0,44.25,中性偏空
2022-11-29,14709.6396484375,11503.4501953125,2670.64990234375,21.889999389648438,31.006099700927734,86.35014836795251,90.50445103857567,337.0,14078.151416015626,,12.828125745546682,,,1.9000881064128228,,,11.149720209915714,31.393785285949708,31.55920680363973,-3.850197213215145,60.0,15.0,44.25,中性偏空
2022-11-30,14879.5498046875,12030.0595703125,2826.85009765625,20.579999923706055,30.945999145507812,90.20771513353115,91.98813056379822,337.0,14167.12041015625,,13.582876355223794,,,10.303362472300549,,,21.403760118178795,31.33488521575928,31.561661783854166,-3.6670445264130103,60.0,15.0,44.25,中性偏空
2022-12-01,15012.7998046875,12041.8896484375,2804.699951171875,19.84000015258789,30.777999877929688,92.87833827893175,92.28486646884274,337.0,14268.430419921875,,15.602238124364675,,,12.639983615862871,,,22.3237382172885,31.26141014099121,31.56049846013387,-4.556946841712339,60.0,30.0,49.5,震盪中性
2022-12-02,14970.6796875,11994.259765625,2771.239990234375,19.059999465942383,30.587799072265625,92.28486646884274,93.47181008902076,337.0,14365.62890625,,14.922952398508738,,,10.474590781696659,,,15.553072316317573,31.183300018310547,31.555983448028563,-4.8591053793754835,60.0,30.0,49.5,震盪中性
2022-12-05,14980.740234375,11786.7998046875,2738.050048828125,20.75,30.538000106811523,92.87833827893175,91.98813056379822,337.0,14453.47939453125,,13.286793539668128,,,7.377241547667857,,,11.728865262499323,31.110249996185303,31.55078344345093,-4.5657689847319105,60.0,15.0,44.25,中性偏空
2022-12-06,14728.8798828125,11549.6904296875,2673.530029296875,22.170000076293945,30.562999725341797,77.44807121661721,88.13056379821958,337.0,14522.535400390625,,10.347205384564617,,,4.43230190955739,,,6.796389856137464,31.045899963378908,31.545450115203856,-4.040818338189734,60.0,15.0,44.25,中性偏空
2022-12-07,14630.009765625,11497.3896484375,2673.25,22.68000030517578,30.633499145507812,59.64391691394659,80.1186943620178,337.0,14572.09541015625,,7.267497872175288,,,6.4814690037010125,,,10.245293450112026,30.988084888458253,31.53736343383789,-3.6373348526619442,60.0,15.0,44.25,中性偏空
2022-12-08,14553.0400390625,11637.5,2744.72998046875,22.290000915527344,30.636999130249023,57.27002967359051,82.7893175074184,337.0,14624.559423828125,,7.77028243725526,,,0.27175726237773645,,,2.7027120848924335,30.924334812164307,31.53016341527303,-3.995366945550849,35.0,15.0,28.0,偏空逆風
2022-12-09,14705.4296875,11563.330078125,2721.02001953125,22.829999923706055,30.46299934387207,63.20474777448071,80.41543026706232,337.0,14659.4529296875,,4.982096372208611,,,-2.146733332132289,,,-1.2298044943003683,30.877384757995607,31.51751340230306,-2.9902588070768066,60.0,15.0,44.25,中性偏空
2022-12-12,14612.58984375,11706.4404296875,2779.2099609375,25.0,30.693700790405273,57.566765578635014,67.06231454005935,337.0,14681.33740234375,,3.0877779812440886,,,0.04700476883077176,,,1.8753289416868046,30.857239818573,31.508058420817058,-1.2956361592863064,35.0,15.0,28.0,偏空逆風
2022-12-13,14522.9599609375,11834.2099609375,2821.530029296875,22.549999237060547,30.68000030517578,53.70919881305638,59.940652818991104,337.0,14680.169921875,,-0.16051912866377194,,,-0.3111781796368507,,,0.3885249628244214,30.846789836883545,31.497358417510988,-0.676615086930743,25.0,15.0,21.5,偏空逆風
2022-12-14,14739.3603515625,11740.919921875,2777.27001953125,21.139999389648438,30.60099983215332,67.95252225519289,73.29376854599407,337.0,14690.270458984374,,1.3895981565802407,,,0.3575498494641227,,,3.212773391592272,30.822889804840088,31.485058403015138,-1.5380180623378203,60.0,15.0,44.25,中性偏空
2022-12-15,14734.1298828125,11345.2197265625,2661.409912109375,22.829999923706055,30.48430061340332,66.17210682492582,69.73293768545994,337.0,14700.2154296875,,1.3683953239690627,,,-2.840152361294812,,,-2.121664649146293,30.79535484313965,31.468963400522867,-1.7744457442125938,60.0,15.0,44.25,中性偏空
2022-12-16,14528.5498046875,11243.7197265625,2636.10009765625,22.6200008392334,30.809999465942383,48.07121661721068,64.98516320474778,337.0,14701.393408203125,,0.16242389640956922,,,-3.71070548891268,,,-3.227935474093191,30.784604835510255,31.456825065612794,-0.692990024920026,25.0,15.0,21.5,偏空逆風
2022-12-19,14433.3203125,11084.58984375,2599.860107421875,22.420000076293945,30.77079963684082,32.047477744807125,62.31454005934718,337.0,14700.58994140625,,-0.11121117450962892,,,-4.058184729551417,,,-2.8391178993084076,30.76757984161377,31.43982172012329,-1.094457265496196,15.0,15.0,15.0,偏空逆風
2022-12-20,14170.0302734375,11072.419921875,2583.639892578125,21.479999542236328,30.78569984436035,16.023738872403563,46.29080118694362,337.0,14681.9814453125,,-2.5592408086567597,,,-5.56442502046437,,,-6.281881714692828,30.750314807891847,31.422533384958903,-1.1091859197713938,7.5,15.0,10.125,偏空逆風
2022-12-21,14234.400390625,11235.8798828125,2644.5,20.06999969482422,30.724000930786133,20.178041543026705,42.13649851632047,337.0,14663.274462890626,,-2.5611022555099283,,,-5.092103349633403,,,-5.093271145560186,30.73115482330322,31.40668341318766,-1.2318681337547543,0.0,15.0,5.25,偏空逆風
2022-12-22,14442.9404296875,10956.1396484375,2533.330078125,21.969999313354492,30.679000854492188,29.970326409495552,43.916913946587535,337.0,14646.221484375,,-2.306950556767451,11558.384423828125,,-7.455029754144427,2704.546008300781,,-9.082975676533856,30.711119842529296,31.390150101979575,-1.2892647271992574,0.0,15.0,5.25,偏空逆風
2022-12-23,14271.6298828125,10985.4501953125,2535.489990234375,20.8700008392334,30.739999771118164,24.629080118694365,43.32344213649852,337.0,14620.877490234376,,-3.4298443540735635,11519.855419921874,,-6.554764322665186,2693.7570068359373,,-7.842924459069955,30.70246982574463,31.375308418273924,-0.5596361889677604,0.0,15.0,5.25,偏空逆風
2022-12-26,14285.1298828125,,,,30.745100021362305,24.85207100591716,42.01183431952663,338.0,14607.290478515624,,-1.8667490483009308,,,-5.197728676296087,,,-5.349078218270531,30.693299865722658,31.35767676035563,-0.5929780139806273,0.0,0.0,0.0,偏空逆風
2022-12-27,14328.4296875,10822.509765625,2490.169921875,21.649999618530273,30.7189998626709,29.289940828402365,39.349112426035504,338.0,14588.22998046875,,-2.591565599487633,,,-5.919445193625251,,,-6.757904894623645,30.678944873809815,31.33993174235026,-0.9259463170991689,0.0,15.0,5.25,偏空逆風
2022-12-28,14173.099609375,10679.33984375,2453.489990234375,22.139999389648438,30.72209930419922,19.526627218934912,23.964497041420117,338.0,14552.907470703125,,-4.747792806808892,,,-11.227872303274166,,,-13.20763728262171,30.667749881744385,31.324833393096924,-0.7235178940444564,0.0,15.0,5.25,偏空逆風
2022-12-29,14085.01953125,10951.0498046875,2534.949951171875,21.440000534057617,30.72800064086914,18.34319526627219,16.86390532544379,338.0,14506.51845703125,,-6.179928364513431,,,-9.05870985033933,,,-9.61778460071251,30.66524991989136,31.31157506306966,-0.16245122249285426,0.0,15.0,5.25,偏空逆風
2022-12-30,14137.6904296875,10939.759765625,2532.110107421875,21.670000076293945,30.680099487304688,21.597633136094675,21.005917159763314,338.0,14464.868994140625,,-5.56413786949177,,,-8.791705537528449,,,-8.628984990660292,30.66986494064331,31.29726006189982,0.3017556602258109,0.0,15.0,5.25,偏空逆風
2023-01-02,,,,,30.64780044555664,,,,,,-5.627557727441445,,,-7.1863444963716105,,,-7.521408949204256,30.675354957580566,31.279540061950684,0.3595531415321096,0.0,0.0,0.0,偏空逆風
2023-01-03,14224.1201171875,10862.6396484375,2500.989990234375,22.899999618530273,30.72010040283203,27.218934911242602,17.45562130177515,338.0,,,-3.4270071427089044,,,-5.948651052014298,,,-6.453641334557114,30.68320999145508,31.261661720275878,0.5140224418481054,0.0,15.0,5.25,偏空逆風
2023-01-04,14199.1298828125,10914.7998046875,2569.4599609375,22.010000228881836,30.650299072265625,34.61538461538461,28.698224852071007,338.0,,,-2.945178367719925,,,-5.06714881868141,,,-3.882541440662113,30.684049987792967,31.24207836786906,0.0548416838638488,0.0,15.0,5.25,偏空逆風
2023-01-05,14301.0498046875,10741.2197265625,2518.52001953125,22.459999084472656,30.687999725341797,39.053254437869825,34.023668639053255,338.0,,,-1.73152986385402,,,-7.701656484962404,,,-8.241610743030813,30.686600017547608,31.22397502263387,0.1664673321168042,0.0,15.0,5.25,偏空逆風
2023-01-06,14373.33984375,11040.349609375,2636.10009765625,21.1299991607666,30.62299919128418,49.70414201183432,38.46153846153847,338.0,,,-2.258280450195105,,,-4.522749633683388,,,-3.1208855967781224,30.69460000991821,31.20354833602905,0.5252268353683753,10.0,15.0,11.75,偏空逆風
2023-01-09,14752.2099609375,11108.4501953125,2686.75,21.969999313354492,30.561500549316406,68.34319526627219,45.26627218934911,338.0,,,0.9554782463645051,,,-5.108215754965951,,,-3.326843320117878,30.68798999786377,31.18020668029785,-0.4307080530679852,27.5,15.0,23.125,偏空逆風
2023-01-10,14802.9599609375,11205.7802734375,2721.2900390625,20.579999923706055,30.461999893188477,68.04733727810651,46.74556213017752,338.0,,,1.927981628766573,,,-5.3102800235446885,,,-3.552682026898535,30.677089977264405,31.154773330688478,-0.710561961599876,27.5,15.0,23.125,偏空逆風
2023-01-11,14751.4404296875,11402.51953125,2755.360107421875,21.09000015258789,30.432600021362305,69.5266272189349,49.40828402366864,338.0,,,0.08195795364838165,,,-2.882230633346816,,,-0.7889010415009223,30.668669986724854,31.128366692860922,-0.55030819814611,27.5,15.0,23.125,偏空逆風
2023-01-12,14731.6396484375,11459.6103515625,2789.64990234375,18.829999923706055,30.434999465942383,66.27218934911244,35.20710059171598,338.0,,,-0.016901129519053537,,,1.0082715694979205,,,4.818498257291548,30.666204929351807,31.099750010172524,-0.1617263524794854,20.0,30.0,23.5,偏空逆風
2023-01-13,14824.1298828125,11541.48046875,2800.659912109375,18.350000381469727,30.32550048828125,57.98816568047337,32.544378698224854,338.0,,,2.034477508757515,,,2.64824052385495,,,6.242548020063232,30.64197998046875,31.070274988810223,-1.5725380917214982,20.0,30.0,23.5,偏空逆風
2023-01-16,14927.009765625,,,,30.279300689697266,61.53846153846154,42.89940828402367,338.0,,,3.4204842852232575,,,4.121854136602221,,,7.723484971913397,30.617405033111574,31.03859666188558,-1.5972901352719449,20.0,0.0,13.0,偏空逆風
2023-01-17,14932.9296875,11557.1904296875,2807.47998046875,19.360000610351562,30.32900047302246,66.5680473372781,51.4792899408284,338.0,,,5.3838940308589045,,,4.378180300539114,,,8.663749485121276,30.594570064544676,31.0055583635966,-1.4834789322535236,27.5,30.0,28.375,偏空逆風
2023-01-18,,11410.2900390625,2789.469970703125,20.34000015258789,30.27630043029785,,,,,,4.907332080774274,,,1.5522607759165696,,,5.48194254880412,30.572185039520264,30.973046684265135,-1.4571686203787237,0.0,15.0,5.25,偏空逆風
2023-01-19,,11295.669921875,2710.43994140625,20.520000457763672,30.184999465942383,,,,,,3.3925865733360316,,,3.098995488670342,,,6.991187797064913,30.547484970092775,30.94341500600179,-1.610226457154884,0.0,15.0,5.25,偏空逆風
2023-01-20,,11619.0302734375,2794.68994140625,19.850000381469727,30.339000701904297,,,,,,4.633667003121422,,,5.767447549808646,,,10.222874165159501,30.52743501663208,30.915015029907227,-1.3044862465829477,0.0,30.0,10.5,偏空逆風
2023-01-23,,11872.5400390625,2934.830078125,19.809999465942383,30.317699432373047,,,,,,4.534784142683335,,,8.075134181833722,,,15.750016345113282,30.50606498718262,30.88507671356201,-1.3901421322171426,0.0,30.0,10.5,偏空逆風
2023-01-24,,11846.6396484375,2913.739990234375,19.200000762939453,30.292999267578125,,,,,,4.21888520364071,,,9.462961041304796,,,17.00968534871883,30.484764957427977,30.852498372395832,-1.3867658354673185,0.0,30.0,10.5,偏空逆風
2023-01-25,,11814.6904296875,2918.989990234375,19.079999923706055,30.267499923706055,,,,,,5.361072024233859,,,10.631280608622596,,,18.972973268806047,30.46203498840332,30.821556695302327,-1.4797145728613237,0.0,30.0,10.5,偏空逆風
2023-01-26,,12051.48046875,2966.60009765625,18.729999542236328,30.247600555419922,,,,,,6.019943063399857,,,10.048631717403666,,,17.027955375798598,30.43801498413086,30.788225015004475,-1.5633951947080837,0.0,30.0,10.5,偏空逆風
2023-01-27,,12166.599609375,2945.27001953125,18.510000228881836,30.208799362182617,,,,,,5.62495877079463,,,11.214504431852212,,,16.316822514880403,30.414449977874757,30.75587164560954,-1.5361753481832552,0.0,30.0,10.5,偏空逆風
2023-01-30,15493.8203125,11912.3896484375,2866.68994140625,19.940000534057617,30.256000518798828,85.20710059171599,82.24852071005917,338.0,,,9.592301441010376,,,8.890779172945873,,,13.213478869014693,30.394859981536865,30.726821645100912,-1.2783949290384289,35.0,30.0,33.25,中性偏空
2023-01-31,15265.2001953125,12101.9296875,2921.919921875,19.399999618530273,30.094999313354492,90.53254437869822,84.61538461538461,338.0,,,7.319117594254743,,,11.408737463188888,,,16.830532440522816,30.363604927062987,30.69757162729899,-2.034827625172453,35.0,30.0,33.25,中性偏空
2023-02-01,15420.1298828125,12363.099609375,3073.469970703125,17.8700008392334,30.0310001373291,92.60355029585799,82.84023668639054,338.0,,,8.599118467660283,,,13.269137598524793,,,19.61540624986935,30.332639980316163,30.668258285522462,-2.02053145868617,35.0,30.0,33.25,中性偏空
2023-02-02,15595.16015625,12803.1396484375,3141.840087890625,18.729999542236328,29.533000946044922,94.67455621301775,91.12426035502959,338.0,,,9.049058420440748,,,19.196329414768186,,,24.749458552066137,30.27489004135132,30.62860829035441,-3.7636821872853776,35.0,30.0,33.25,中性偏空
2023-02-03,15602.66015625,12573.3603515625,3082.110107421875,18.329999923706055,29.542999267578125,94.97041420118343,89.64497041420118,338.0,,,8.552781231528094,,,13.885527147489341,,,16.919312364586283,30.220890045166016,30.59762493769328,-3.526760775324189,35.0,30.0,33.25,中性偏空
2023-02-06,15392.8203125,12464.509765625,3029.739990234375,19.43000030517578,29.96579933166504,92.01183431952663,86.68639053254438,338.0,,,4.342470404493826,,,12.207459604803606,,,12.765980840583424,30.19110498428345,30.57877826690674,-1.9491883806231902,35.0,30.0,33.25,中性偏空
2023-02-07,15400.91015625,12728.26953125,3124.14990234375,18.65999984741211,29.998300552368164,91.71597633136095,90.53254437869822,338.0,,,4.0393961538124135,,,13.586642078119727,,,14.804003156533717,30.16792001724243,30.563933277130126,-1.522222252137817,35.0,30.0,33.25,中性偏空
2023-02-08,15618.169921875,12495.3798828125,3055.6298828125,19.6299991607666,30.027099609375,92.01183431952663,93.49112426035504,338.0,,,5.875558365427103,,,9.584376054497268,,,10.897659967632345,30.147644996643066,30.546401596069337,-1.3324540515850192,35.0,30.0,33.25,中性偏空
2023-02-09,15598.7099609375,12381.169921875,3059.6201171875,20.709999084472656,30.041500091552734,89.64497041420118,92.3076923076923,338.0,,,5.885769223196857,,,8.041805454465978,,,9.677566156847561,30.127970027923585,30.529843266805013,-1.2929173034157082,35.0,15.0,28.0,偏空逆風
2023-02-10,15586.650390625,12304.919921875,3011.14990234375,20.530000686645508,30.003000259399414,79.28994082840237,88.46153846153845,338.0,,,5.143779188663111,,,6.614744574511966,,,7.515728322609516,30.111845016479492,30.51280994415283,-1.0634621809670008,35.0,15.0,28.0,偏空逆風
2023-02-13,15544.2802734375,12502.3095703125,3057.320068359375,20.34000015258789,30.18079948425293,77.2189349112426,88.75739644970415,338.0,,,4.135258953430809,12113.230419921874,,8.325007386739202,2960.2574951171873,,9.164274289079643,30.106919956207275,30.497301610310874,-0.3253087198207716,35.0,55.0,42.0,中性偏空
2023-02-14,15654.48046875,12590.8896484375,3121.6298828125,18.90999984741211,30.219999313354492,84.61538461538461,91.42011834319527,338.0,,,4.831943874040956,12164.915380859375,,8.944208586324653,2975.964990234375,,11.189746838062863,30.101469898223876,30.4821182568868,-0.35939581907726836,35.0,70.0,47.25,震盪中性
2023-02-15,15432.8896484375,12687.8896484375,3133.070068359375,18.229999542236328,30.248699188232422,76.03550295857988,88.46153846153845,338.0,,,3.3480366639374592,12228.795361328124,,11.196907396755096,2993.1449951171876,,12.317755748044167,30.100089836120606,30.46780989964803,-0.09116451373896162,35.0,70.0,47.25,震盪中性
2023-02-16,15550.5,12442.48046875,3055.239990234375,20.170000076293945,30.302000045776367,84.31952662721893,85.20710059171599,338.0,,,4.135627270896158,12286.135888671875,,10.15265632589093,3010.3849975585936,,12.721183877228182,30.105939865112305,30.45484822591146,0.3876116677291819,35.0,55.0,42.0,中性偏空
2023-02-17,15479.7001953125,12358.1796875,3005.8701171875,20.020000457763672,30.253000259399414,83.72781065088756,86.68639053254438,338.0,,,3.661508620576903,12323.093359375,,6.3615413392310804,3020.9440063476563,,7.5564796170192405,30.101639842987062,30.44384822845459,-0.2834649807680889,35.0,35.0,35.0,中性偏空
2023-02-20,15551.23046875,,,,30.373300552368164,88.75739644970415,92.60355029585799,338.0,,,4.140518934925175,,,4.090444393867454,,,2.42058440084838,30.104419898986816,30.434594917297364,0.18339491793941676,35.0,0.0,22.75,偏空逆風
2023-02-21,15563.0,12060.2998046875,2906.260009765625,22.8700008392334,30.364500045776367,88.16568047337277,94.97041420118343,338.0,,,4.219334890643833,,,1.8035507332932132,,,-0.25671406830464205,30.107994937896727,30.42390158971151,0.23603069992070846,35.0,15.0,28.0,偏空逆風
2023-02-22,15418.76953125,12066.26953125,2892.389892578125,22.290000915527344,30.484500885009766,76.92307692307693,92.89940828402366,338.0,,,3.2534797519115477,,,2.1293753150767536,,,-0.9112774536823354,30.118844985961914,30.41620995203654,0.716943790701885,35.0,15.0,28.0,偏空逆風
2023-02-23,15615.41015625,12180.1396484375,2988.81005859375,21.139999389648438,30.475299835205078,82.54437869822485,93.78698224852072,338.0,,,4.570305245067141,,,1.067579871378621,,,0.7486671680165813,30.130229949951172,30.411164951324462,0.752784603089296,35.0,15.0,28.0,偏空逆風
2023-02-24,15503.7900390625,11969.650390625,2935.110107421875,21.670000076293945,30.283000946044922,72.48520710059172,92.01183431952663,338.0,15514.414111328126,,3.8228288990093784,,,-1.6187696239978178,,,-0.3449568984168039,30.133940029144288,30.406084982554116,0.2456290399783123,35.0,15.0,28.0,偏空逆風
2023-02-27,,12057.7900390625,2951.2099609375,20.950000762939453,30.65679931640625,,,,,,0.0643464707955621,,,1.2205812176742548,,,2.948348836421033,30.153979969024657,30.408064969380696,1.3246919313026684,0.0,15.0,5.25,偏空逆風
2023-02-28,,12042.1201171875,2958.389892578125,20.700000762939453,30.59779930114746,,,,,,1.5629657043296774,,,-0.49421515292951135,,,1.2481509308346128,30.179119968414305,30.40864496231079,1.6707094177266013,0.0,15.0,5.25,偏空逆風
2023-03-01,15598.490234375,11938.5703125,2955.830078125,20.579999923706055,30.64579963684082,62.1301775147929,77.51479289940828,338.0,,,1.1566721740865704,,,-3.433841919004499,,,-3.827592060423235,30.209859943389894,30.408849970499674,2.0472161989287585,35.0,15.0,28.0,偏空逆風
2023-03-02,15598.7197265625,12044.8701171875,2984.110107421875,19.59000015258789,30.560699462890625,63.31360946745562,74.2603550295858,338.0,,,0.02282483973767846,,,-5.922528005406392,,,-5.020305809855752,30.26124486923218,30.407578309377033,3.4798309820368356,35.0,30.0,33.25,中性偏空
2023-03-03,15608.419921875,12290.8095703125,3028.340087890625,18.489999771118164,30.601499557495117,66.5680473372781,71.59763313609467,338.0,,,0.036915279621041464,,,-2.2472177154684636,,,-1.7445846403011056,30.314169883728027,30.409886646270753,3.5829141121722197,35.0,30.0,33.25,中性偏空
2023-03-06,15763.509765625,12302.48046875,2994.590087890625,18.610000610351562,30.498600006103516,81.65680473372781,72.48520710059172,338.0,,,2.408197104879961,,,-1.2999251468505335,,,-1.1601623392451854,30.340809917449953,30.40663496653239,1.7780292410737086,35.0,30.0,33.25,中性偏空
2023-03-07,15857.8896484375,12152.169921875,2962.419921875,19.59000015258789,30.575000762939453,88.46153846153845,78.10650887573965,338.0,,,2.9672239338533357,,,-4.526142441913105,,,-5.17676761756597,30.369644927978516,30.404884974161785,1.9224429382742603,35.0,30.0,33.25,中性偏空
2023-03-08,15818.2001953125,12215.330078125,3041.389892578125,19.110000610351562,30.726299285888672,86.98224852071006,84.91124260355029,338.0,,,1.2807535994171504,,,-2.2412268159426763,,,-0.4660247078506763,30.4046049118042,30.406973298390707,2.3285621508890797,35.0,30.0,33.25,中性偏空
2023-03-09,15770.66015625,11995.8798828125,2980.2099609375,22.610000610351562,30.72480010986328,77.81065088757396,74.55621301775149,338.0,,,1.1023359992146764,,,-3.1119033297634546,,,-2.595425353752623,30.438769912719728,30.410981623331704,2.2745203010108073,35.0,15.0,28.0,偏空逆風
2023-03-10,15526.2001953125,11830.2802734375,2923.929931640625,24.799999237060547,30.813899993896484,52.071005917159766,57.396449704142015,338.0,,,-0.38783313795797136,,,-3.857316028475022,,,-2.896566877498752,30.47931489944458,30.41104663213094,2.7027288187388088,25.0,15.0,21.5,偏空逆風
2023-03-13,15560.490234375,11923.169921875,2921.7099609375,26.520000457763672,30.828699111938477,45.857988165680474,56.80473372781065,338.0,,,0.10428247980833749,,,-4.632261304844842,,,-4.435587520761164,30.511709880828857,30.41201162338257,2.1467278493520148,25.0,15.0,21.5,偏空逆風
2023-03-14,15360.419921875,12199.7900390625,3010.14990234375,23.729999542236328,30.454999923706055,35.50295857988166,57.692307692307686,338.0,,,-1.8784433470150241,,,-3.106211080354715,,,-3.571210702542027,30.523459911346436,30.40649995803833,0.7776327455034426,15.0,15.0,15.0,偏空逆風
2023-03-15,15387.58984375,12251.3203125,2977.389892578125,26.139999389648438,30.378999710083008,36.3905325443787,57.98816568047337,338.0,,,-0.2935276913101359,,,-3.4408349066250232,,,-4.968933741809723,30.529974937438965,30.400749937693277,0.4307640505125443,15.0,15.0,15.0,偏空逆風
2023-03-16,15221.1201171875,12581.3896484375,3098.070068359375,22.989999771118164,30.520000457763672,25.14792899408284,44.08284023668639,338.0,,,-2.1181304962059055,,,1.116410670978163,,,1.4018564257439747,30.54087495803833,30.398099931081138,0.7194258189491709,0.0,15.0,5.25,偏空逆風
2023-03-17,15452.9599609375,12519.8798828125,3083.52001953125,25.510000228881836,30.548999786376953,35.798816568047336,56.50887573964497,338.0,,,-0.17274387770828126,,,1.3084467081835305,,,2.5832753684116083,30.555674934387206,30.394916598002116,0.9784137918207758,15.0,15.0,15.0,偏空逆風
2023-03-20,15419.9697265625,12562.6103515625,3114.7099609375,24.149999618530273,30.618000030517578,39.64497041420118,50.0,338.0,,,-0.8440537387139013,12159.241015625,,1.6542133973766138,2985.4269897460936,,3.6209097368397947,30.567909908294677,30.39279826482137,0.8056400644622652,7.5,55.0,24.125,偏空逆風
2023-03-21,15513.4501953125,12741.4404296875,3116.889892578125,21.3799991607666,30.506000518798828,44.97041420118343,53.55029585798816,338.0,,,-0.31838209013365093,12193.298046875,,5.647791813063052,2995.9584838867186,,7.247454876877524,30.5749849319458,30.389248275756835,0.4660062665584386,7.5,55.0,24.125,偏空逆風
2023-03-22,15760.4599609375,12567.150390625,3091.7099609375,22.260000228881836,30.480100631713867,51.77514792899408,52.366863905325445,338.0,,,2.2160680785517917,12218.34208984375,,4.151082967919684,3005.9244873046873,,6.891189492496519,30.574764919281005,30.385214964548748,-0.014434395079965245,17.5,55.0,30.625,中性偏空
2023-03-23,15863.9501953125,12729.23046875,3174.360107421875,22.610000610351562,30.350000381469727,55.62130177514793,52.366863905325445,338.0,,,1.5916331148242202,12245.796630859375,,4.508083126805018,3015.2019897460937,,6.208157935450309,30.568499946594237,30.378914960225423,-0.41115084810618985,27.5,55.0,37.125,中性偏空
2023-03-24,15914.7001953125,12767.0498046875,3121.260009765625,21.739999771118164,30.13800048828125,60.650887573964496,58.875739644970416,338.0,,,2.6503851975206993,12285.6666015625,,6.6618438136426095,3024.509484863281,,6.342177824029216,30.561249923706054,30.369879976908365,-0.4788179943659432,35.0,55.0,42.0,中性偏空
2023-03-27,15830.3095703125,12673.0703125,3083.580078125,20.600000381469727,30.320999145507812,57.100591715976336,54.73372781065089,338.0,,,2.106062649373608,12316.430615234374,,5.1027615462222675,3031.1279907226562,,4.485282949690594,30.544459915161134,30.36443328857422,-1.0953529996157507,27.5,55.0,37.125,中性偏空
2023-03-28,15701.48046875,12610.5703125,3057.27001953125,19.969999313354492,30.163000106811523,46.44970414201183,49.112426035502956,338.0,15626.44951171875,,1.2751103387585339,12344.853125,,4.72051590401561,3036.0719970703126,,3.3423629252246734,30.522719955444337,30.355148283640542,-1.4210145966923604,42.5,70.0,52.125,震盪中性
2023-03-29,15769.759765625,12846.0302734375,3157.110107421875,19.1200008392334,30.344999313354492,47.928994082840234,54.437869822485204,338.0,15635.01298828125,,1.097987873676165,12390.226123046876,,7.601077324873362,3046.1359985351564,,6.809594055709556,30.50767993927002,30.350059954325356,-0.9815385046266556,42.5,70.0,52.125,震盪中性
2023-03-30,15849.4296875,12963.1396484375,3208.260009765625,19.020000457763672,30.516000747680664,53.55029585798816,55.917159763313606,338.0,15647.548486328125,,1.6072470390667615,12436.139599609374,,7.623739586362754,3057.3434936523436,,7.511448782880348,30.50544500350952,30.347193304697672,-0.14626208167858312,50.0,70.0,57.0,震盪中性
2023-03-31,15868.0595703125,13181.349609375,3230.860107421875,18.700000762939453,30.351999282836914,59.76331360946746,54.142011834319526,338.0,15660.53046875,,1.663458887812319,12480.6666015625,,7.245576737382131,3067.4694946289064,,6.687492608279477,30.49296998977661,30.342676639556885,-0.8153204198030672,52.5,70.0,58.625,震盪中性
2023-04-03,,13148.349609375,3200.429931640625,18.549999237060547,30.524999618530273,,,,,,0.663239381596914,12522.96005859375,,6.875598321603715,3077.7614868164064,,6.873723538402299,30.49428997039795,30.34206829071045,0.0865600795494803,0.0,70.0,24.5,偏空逆風
2023-04-04,,13100.080078125,3142.5,19.0,30.478599548339844,,,,,,0.06413162217964175,12570.35556640625,,7.800336584692391,3086.765490722656,,6.078816740167681,30.489469909667967,30.342344951629638,-0.3152942344860299,0.0,70.0,24.5,偏空逆風
2023-04-05,,12967.2001953125,3085.97998046875,19.079999923706055,30.385299682617188,,,,,,0.3152025792085622,12607.949072265625,,6.1551354926866475,3088.9949951171875,,1.4661088997315996,30.472419929504394,30.341556612650553,-1.1097971809058471,0.0,50.0,17.5,偏空逆風
2023-04-06,15810.76953125,13062.599609375,3071.77001953125,18.399999618530273,30.540800094604492,59.46745562130178,44.97041420118343,338.0,,,0.2543290807272003,12661.28505859375,,8.89238419343361,3093.572998046875,,3.0722687258231796,30.463219928741456,30.34331995646159,-0.5988648082358772,20.0,50.0,30.5,中性偏空
2023-04-07,15836.5,,,,30.510400772094727,65.08875739644971,40.23668639053255,338.0,,,1.9985559942810927,,,10.41665376858758,,,5.056211720082904,30.448044967651366,30.34640162785848,-0.9849425806596201,20.0,0.0,13.0,偏空逆風
2023-04-10,15876.169921875,13051.23046875,3126.969970703125,18.969999313354492,30.39299964904785,72.48520710059172,41.124260355029584,338.0,,,2.028725848255264,,,9.46107917832646,,,7.025338329604858,30.426259994506836,30.34829661051432,-1.4132917555444324,20.0,30.0,23.5,偏空逆風
2023-04-11,15913.8798828125,12964.150390625,3109.419921875,19.100000381469727,30.522199630737305,79.58579881656804,50.887573964497044,338.0,,,3.6031564485376366,,,6.265356609540773,,,3.297843056053673,30.429619979858398,30.351516596476237,0.22065246166342867,27.5,30.0,28.375,偏空逆風
2023-04-12,15932.9697265625,12848.349609375,3052.52001953125,19.09000015258789,30.479900360107422,84.02366863905326,71.30177514792899,338.0,,,3.544283986968999,,,4.8731833112374945,,,2.5233553435646927,30.43466501235962,30.35490992863973,0.3321394745954276,35.0,30.0,33.25,中性偏空
2023-04-13,15804.759765625,13109.3896484375,3074.93994140625,17.799999237060547,30.446500778198242,75.14792899408283,68.34319526627219,338.0,,,3.8344066924382414,,,4.196674729532535,,,-0.7465979284766111,30.43099002838135,30.359268283843996,-0.2408246345446341,35.0,30.0,33.25,中性偏空
2023-04-14,15929.4296875,13079.51953125,3070.449951171875,17.06999969482422,30.451000213623047,78.69822485207101,78.69822485207101,338.0,,,3.0833557309857484,,,4.470008128478797,,,-0.42386844504294086,30.426090049743653,30.36113494237264,-0.3207947017552004,35.0,30.0,33.25,中性偏空
2023-04-17,15963.5498046875,13087.7099609375,3066.679931640625,16.950000762939453,30.506000518798828,81.06508875739645,80.76923076923077,338.0,,,3.525169554572005,,,4.179860671310953,,,-1.5420385814163717,30.420490074157716,30.36427329381307,-0.36579630154522924,35.0,30.0,33.25,中性偏空
2023-04-18,15869.4404296875,13091.7900390625,3077.719970703125,16.829999923706055,30.46649932861328,72.48520710059172,86.68639053254438,338.0,,,2.294719935882261,,,2.7496860445910487,,,-1.256698928257638,30.418515014648438,30.36716496149699,-0.12948662398797328,35.0,30.0,33.25,中性偏空
2023-04-19,15770.4697265625,13088.7099609375,3046.3798828125,16.459999084472656,30.451900482177734,63.905325443786985,75.7396449704142,338.0,,,0.06351188765942872,,,4.150181656945717,,,-1.4661814561432673,30.41710500717163,30.370238304138184,-0.09251987018307206,35.0,30.0,33.25,中性偏空
2023-04-20,15707.51953125,12985.98046875,3046.280029296875,17.170000076293945,30.537500381469727,48.81656804733728,67.45562130177515,338.0,,,-0.9860763689785279,,,2.0170111667811907,,,-4.034831392491977,30.42648000717163,30.37506996790568,0.6177924139812552,25.0,30.0,26.75,偏空逆風
2023-04-21,15602.990234375,13000.76953125,3021.43994140625,16.770000457763672,30.55929946899414,29.585798816568047,50.591715976331365,338.0,,,-1.9586291737327954,,,1.8306478797998293,,,-3.198069627235911,30.447544956207274,30.38091163635254,1.3978995749127643,7.5,30.0,15.375,偏空逆風
2023-04-24,15626.8701171875,12969.759765625,3007.510009765625,16.889999389648438,30.625,36.3905325443787,50.29585798816568,338.0,,,-1.2851261829176175,,,2.341101610020746,,,-2.466939934494261,30.462744998931885,30.387061627705894,1.0026083013732867,7.5,30.0,15.375,偏空逆風
2023-04-25,15370.73046875,12725.1103515625,2906.2900390625,18.760000228881836,30.57200050354004,25.14792899408284,37.573964497041416,338.0,,,-2.1064892616863617,,,0.9082859555444855,,,-4.938392078691789,30.48319501876831,30.39501164754232,1.355967228989785,0.0,30.0,10.5,偏空逆風
2023-04-26,15374.6298828125,12806.48046875,2922.989990234375,18.84000015258789,30.693700790405273,28.698224852071007,36.09467455621302,338.0,,,-2.5056176421520804,,,-0.30787569268989623,,,-7.415646246772322,30.50063009262085,30.40605665842692,1.1491233644461474,0.0,30.0,10.5,偏空逆風
2023-04-27,15411.490234375,13160.0302734375,2941.590087890625,17.030000686645508,30.628299713134766,30.17751479289941,39.053254437869825,338.0,,,-2.7631243632090463,,,1.518849833757141,,,-8.311979735535246,30.506245040893553,30.424311637878418,0.3680002710140018,0.0,30.0,10.5,偏空逆風
2023-04-28,15579.1796875,13245.990234375,2994.969970703125,15.779999732971191,30.626800537109375,36.09467455621302,50.887573964497044,338.0,,,-1.8205117111670277,,,0.4903945871675086,,,-7.301156004150943,30.519985103607176,30.442374992370606,0.9053810647256189,7.5,30.0,15.375,偏空逆風
2023-05-01,,13231.4697265625,3019.090087890625,16.079999923706055,30.746000289916992,,,,,,-1.8205117111670277,,,0.6321714865889616,,,-5.66610885485127,30.531035137176513,30.455378341674805,0.7239989325096063,0.0,30.0,10.5,偏空逆風
2023-05-02,15636.48046875,13113.66015625,2996.860107421875,17.780000686645508,30.72879981994629,42.30769230769231,55.02958579881657,338.0,,,-1.459404034477918,,,0.10366408483011291,,,-4.634523232398569,30.543545150756835,30.467553329467773,0.8209047505926881,15.0,30.0,20.25,偏空逆風
2023-05-03,15553.41015625,13030.2099609375,2957.3701171875,18.34000015258789,30.75480079650879,36.68639053254438,47.337278106508876,338.0,,,-1.9829104665776254,,,0.4859165022205625,,,-4.167553389692258,30.562020206451415,30.47968168258667,1.2160522283839237,7.5,30.0,15.375,偏空逆風
2023-05-04,15609.0302734375,12982.48046875,2941.6298828125,20.09000015258789,30.646799087524414,43.19526627218935,46.15384615384615,338.0,,,-1.2759610303202606,,,-0.6133475955850232,,,-4.236649745628074,30.567320156097413,30.489769999186198,0.3470733988355734,7.5,15.0,10.125,偏空逆風
2023-05-05,15626.0703125,13259.1298828125,3007.68994140625,17.190000534057617,30.627899169921875,41.71597633136095,45.26627218934911,338.0,,,-1.3287638524926648,13041.596044921875,,1.5045265055544599,3019.439489746094,,-2.0860962154575113,30.57319507598877,30.500184981028237,0.38510932289888,7.5,50.0,22.375,偏空逆風
2023-05-08,15699.5703125,13291.6396484375,3024.409912109375,16.979999542236328,30.577999114990234,44.67455621301775,45.857988165680474,338.0,,,-1.1123565081756381,13053.61650390625,,1.842042252361864,3014.311486816406,,-3.2798542856069868,30.582445049285887,30.506804974873862,0.6086910409587531,7.5,70.0,29.375,偏空逆風
2023-05-09,15727.7001953125,13201.1103515625,2967.840087890625,17.709999084472656,30.58799934387207,36.98224852071006,38.16568047337278,338.0,,,-1.1699201506546464,13065.464501953125,,1.8278094113198362,3007.2324951171877,,-4.553255512012077,30.585735034942626,30.51293830871582,0.21557985312599115,0.0,50.0,17.5,偏空逆風
2023-05-10,15641.759765625,13347.830078125,2997.510009765625,16.940000534057617,30.649799346923828,37.278106508875744,34.319526627218934,338.0,,,-1.8277192885894467,13090.438525390626,,3.887506831115073,3004.4819946289062,,-1.8021179030325407,30.594229984283448,30.51962331136068,0.5574131962674311,0.0,50.0,17.5,偏空逆風
2023-05-11,15514.6396484375,13389.7802734375,2978.719970703125,16.93000030517578,30.61440086364746,27.810650887573964,29.585798816568047,338.0,,,-1.835650281875878,13104.458056640626,,2.138853390732942,2999.67099609375,,-3.1291658548336154,30.60262498855591,30.524829991658528,0.5514593833700898,0.0,50.0,17.5,偏空逆風
2023-05-12,15502.3603515625,13340.1796875,2972.85009765625,17.030000686645508,30.697900772094727,27.514792899408285,29.585798816568047,338.0,,,-2.6810083243132388,13117.491064453125,,1.9928878551480622,2994.7910034179686,,-3.178682442890002,30.614970016479493,30.53224500020345,0.8108126391238368,0.0,50.0,17.5,偏空逆風
2023-05-15,15475.0498046875,13413.509765625,3052.639892578125,17.1200008392334,30.809999465942383,28.402366863905325,26.923076923076923,338.0,,,-3.0600963192820574,13133.7810546875,,2.489356852038327,2994.089001464844,,-0.4578253803939947,30.63016996383667,30.539523315429687,0.996521805459949,0.0,70.0,24.5,偏空逆風
2023-05-16,15673.900390625,13426.009765625,3048.7099609375,17.989999771118164,30.743000030517578,40.532544378698226,29.289940828402365,338.0,,,-1.2321797982031923,13150.492041015625,,2.5528955594710467,2992.6385009765627,,-0.9425811978273524,30.643994998931884,30.545831648508706,0.9075565227299132,0.0,70.0,24.5,偏空逆風
2023-05-17,15925.2900390625,13589.259765625,3124.679931640625,16.8700008392334,30.777799606323242,55.02958579881657,33.13609467455622,338.0,,,0.9817102165272429,13175.51953125,,3.824286779838215,2996.553503417969,,2.570265424541751,30.66028995513916,30.5507199605306,1.0702094745654422,20.0,70.0,37.5,中性偏空
2023-05-18,16101.8798828125,13834.6201171875,3223.489990234375,16.049999237060547,30.79129981994629,64.79289940828401,38.75739644970414,338.0,,,2.510646896080071,13217.951513671875,,6.5350448545622,3005.4140014648438,,5.81725774496189,30.67297992706299,30.555986626942953,0.8311074426725851,20.0,70.0,37.5,中性偏空
2023-05-19,16174.919921875,13803.490234375,3203.489990234375,16.809999465942383,30.69029998779297,62.42603550295858,45.26627218934911,338.0,,,3.6655133337197165,13258.087548828125,,6.174409147054694,3014.51650390625,,6.025274450545415,30.67952995300293,30.56277494430542,0.4286764457141601,27.5,70.0,42.375,中性偏空
2023-05-22,16180.8896484375,13849.740234375,3215.0400390625,17.209999084472656,30.6200008392334,71.30177514792899,60.650887573964496,338.0,,,3.545300671825835,13302.086572265625,,6.784863287000098,3024.8930053710938,,6.900393635366409,30.6792799949646,30.56216163635254,-0.016323790258288007,35.0,70.0,47.25,震盪中性
2023-05-23,16188.0302734375,13672.5400390625,3177.43994140625,18.530000686645508,30.660999298095703,74.2603550295858,59.171597633136095,338.0,,,5.317247650325663,13349.458056640626,,7.445355374726992,3038.4505004882812,,9.329760577895275,30.683729934692384,30.56321496963501,0.2911121061422106,35.0,70.0,47.25,震盪中性
2023-05-24,16159.3203125,13604.48046875,3124.090087890625,20.030000686645508,30.805400848388672,76.03550295857988,73.96449704142012,338.0,,,5.103800453529717,13389.358056640625,,6.231220216571254,3048.505505371094,,6.879944793794013,30.689314937591554,30.565874989827474,0.36391850805528314,35.0,55.0,42.0,中性偏空
2023-05-25,16292.0,13938.5302734375,3336.719970703125,19.139999389648438,30.808399200439453,68.93491124260355,68.93491124260355,338.0,,,5.713333053678626,13428.283056640625,,5.915639887024748,3068.261999511719,,13.432527000926985,30.698319911956787,30.570003318786622,0.5880166022649069,35.0,70.0,47.25,震盪中性
2023-05-26,16505.05078125,14298.41015625,3545.669921875,17.950000762939453,30.75979995727539,59.171597633136095,61.834319526627226,338.0,,,5.943002855874857,13480.904052734375,,7.945196268859078,3095.7969970703125,,18.38749491844114,30.704969882965088,30.57264165878296,0.4342582895815905,35.0,70.0,47.25,震盪中性
2023-05-29,16636.30078125,,,,30.684999465942383,69.5266272189349,64.20118343195266,338.0,15891.182666015626,,6.785473400747688,,,8.063657717068207,,,17.441673439837135,30.701919841766358,30.57574831644694,-0.1984024699128617,60.0,0.0,39.0,中性偏空
2023-05-30,16622.740234375,14354.990234375,3549.389892578125,17.459999084472656,30.535999298095703,67.45562130177515,60.946745562130175,338.0,15940.495654296876,,6.307428117190894,,,9.465931428254827,,,18.436956192512355,30.692279815673828,30.575098292032877,-0.6274261376307932,60.0,30.0,49.5,震盪中性
2023-05-31,16578.9609375,14254.08984375,3453.179931640625,17.940000534057617,30.56130027770996,71.89349112426035,65.97633136094674,338.0,15991.773193359375,,6.5937358492272,,,9.392633629707415,,,16.765227036399732,30.682604789733887,30.57234830856323,-0.6291717513605022,60.0,30.0,49.5,震盪中性
2023-06-01,16512.650390625,14441.509765625,3506.739990234375,15.649999618530273,30.64590072631836,72.48520710059172,63.31360946745562,338.0,16036.95419921875,,5.789085557257367,,,11.23844784813668,,,19.2107821151712,30.682559871673583,30.571033318837483,-0.002931337799716438,60.0,30.0,49.5,震盪中性
2023-06-02,16706.91015625,14546.6396484375,3501.39990234375,14.600000381469727,30.582799911499023,81.06508875739645,67.45562130177515,338.0,16090.99619140625,,6.916901192268332,,,9.710363930396127,,,16.41492210153368,30.68030490875244,30.567181650797526,-0.14724894506359387,60.0,30.0,49.5,震盪中性
2023-06-05,16714.4296875,14556.5,3444.1201171875,14.729999542236328,30.66699981689453,86.98224852071006,75.7396449704142,338.0,16141.73916015625,,6.464249369882236,,,9.516210076543796,,,13.877424597692789,30.684754943847658,30.564486662546795,0.29106123513709115,60.0,30.0,49.5,震盪中性
2023-06-06,16761.66015625,14558.08984375,3488.340087890625,13.960000038146973,30.64579963684082,86.68639053254438,81.65680473372781,338.0,16193.437158203125,,6.574133205092902,,,10.279283000061334,,,17.538006920377658,30.687644958496094,30.567666657765706,0.1889639538662058,60.0,30.0,49.5,震盪中性
2023-06-07,16922.48046875,14303.2900390625,3477.179931640625,13.9399995803833,30.631799697875977,88.16568047337277,81.95266272189349,338.0,16257.473193359376,,8.187830028815334,,,7.158166948074562,,,16.002279235508055,30.686744976043702,30.57187999089559,-0.058726808760189986,60.0,30.0,49.5,震盪中性
2023-06-08,16733.689453125,14484.5400390625,3514.320068359375,13.649999618530273,30.712900161743164,75.44378698224851,86.68639053254438,338.0,16318.42568359375,,7.8574161715078805,,,8.176084620273949,,,17.98088114774421,30.691669940948486,30.575094985961915,0.32174171408549945,60.0,30.0,49.5,震盪中性
2023-06-09,16886.400390625,14528.3603515625,3524.969970703125,13.829999923706055,30.64579963684082,77.81065088757396,86.98224852071006,338.0,16387.627685546875,,8.9279310226007,,,8.906781556891975,,,18.572072419062025,30.68906488418579,30.57670831680298,-0.1697221436759211,60.0,30.0,49.5,震盪中性
2023-06-12,16955.369140625,14784.2998046875,3641.659912109375,15.010000228881836,30.660999298095703,68.63905325443787,86.68639053254438,338.0,16461.64365234375,,9.5658453744627,,,10.219473225236285,,,19.295430848667493,30.681614875793457,30.577424971262612,-0.483609770949156,60.0,30.0,49.5,震盪中性
2023-06-13,17216.599609375,14900.849609375,3683.659912109375,14.609999656677246,30.711299896240234,69.8224852071006,82.24852071005917,338.0,16538.77861328125,,9.842471754335836,,,10.984945411897984,,,20.82684018182639,30.68002986907959,30.580846627553303,-0.10311334042181208,60.0,30.0,49.5,震盪中性
2023-06-14,17238.140625,15005.6904296875,3739.75,13.880000114440918,30.577999114990234,71.30177514792899,75.7396449704142,338.0,16604.421142578125,,8.243809580342099,,,10.423162765976857,,,19.68425828614164,30.67003984451294,30.582478268941244,-0.6491708110672012,60.0,30.0,49.5,震盪中性
2023-06-15,17334.98046875,15185.48046875,3708.06005859375,14.5,30.731300354003906,71.89349112426035,73.96449704142012,338.0,16666.076171875,,7.658115666691434,,,9.764347268807573,,,15.032466979186832,30.66703987121582,30.58883326848348,-0.19485850319159725,60.0,30.0,49.5,震盪中性
2023-06-16,17288.91015625,15083.919921875,3673.139892578125,13.539999961853027,30.65329933166504,66.27218934911244,75.44378698224851,338.0,16721.77568359375,,6.8871452826696045,,,9.276129919020981,,,14.660570308489994,30.665189838409425,30.597421582539877,-0.12056140260162662,60.0,30.0,49.5,震盪中性
2023-06-19,17274.560546875,,,,30.70800018310547,63.31360946745562,70.11834319526628,338.0,16776.459228515625,,6.759028225268882,,,8.911211810578013,,,14.248651585975459,30.669589805603028,30.60387159983317,0.2873917095368439,60.0,0.0,39.0,中性偏空
2023-06-20,17184.91015625,15070.150390625,3647.56005859375,13.880000114440918,30.791799545288086,60.946745562130175,63.31360946745562,338.0,16826.30322265625,,6.158129593124451,,,10.22202420010856,,,14.79556264970463,30.676129817962646,30.614351590474445,0.42660138347319077,60.0,30.0,49.5,震盪中性
2023-06-21,17202.400390625,14867.4501953125,3549.72998046875,13.199999809265137,30.95330047607422,66.86390532544378,65.08875739644971,338.0,16878.4572265625,,6.454974949151349,,,9.283483698356498,,,13.624443617293869,30.683524799346923,30.624489943186443,0.4801094081308799,60.0,30.0,49.5,震盪中性
2023-06-22,,15042.3203125,3569.8701171875,12.90999984741211,30.92300033569336,,,,,,5.588021057113912,,,7.918984408033181,,,6.987405252207757,30.68925485610962,30.63127326965332,0.371980168486874,0.0,30.0,10.5,偏空逆風
2023-06-23,,14891.48046875,3506.7099609375,13.4399995803833,30.993799209594727,,,,,,4.225067942033833,,,4.147805986952768,,,-1.0988039438509678,30.700954818725585,30.641969935099283,0.760730735064441,0.0,30.0,10.5,偏空逆風
2023-06-26,17059.240234375,14689.01953125,3515.77001953125,14.25,30.996999740600586,58.57988165680473,67.45562130177515,338.0,,,2.5422686129940253,,,2.7318378108580177,,,-0.8432793520706139,30.716554832458495,30.649836603800455,1.0167843574659274,35.0,30.0,33.25,中性偏空
2023-06-27,16887.900390625,14945.91015625,3642.409912109375,13.739999771118164,31.003999710083008,41.124260355029584,65.08875739644971,338.0,,,1.5951651322906546,,,4.1164773519661635,,,2.6207326426932465,30.73995485305786,30.658593273162843,1.532618623083648,15.0,30.0,20.25,偏空逆風
2023-06-28,16935.630859375,14964.5703125,3609.47998046875,13.430000305175781,30.993499755859375,46.44970414201183,59.171597633136095,338.0,,,2.151340625142839,,,4.984397296061127,,,4.526264252725043,30.761564826965333,30.668729941050213,1.4142051359792518,25.0,30.0,26.75,偏空逆風
2023-06-29,16942.30078125,14939.9501953125,3614.179931640625,13.539999961853027,31.056499481201172,48.5207100591716,59.76331360946746,338.0,,,2.6019468738279095,,,3.4514426661534703,,,3.0638125924776327,30.782094764709473,30.677324930826824,1.3398162401870417,25.0,30.0,26.75,偏空逆風
2023-06-30,16915.5390625,15179.2099609375,3673.06005859375,13.59000015258789,31.117300033569336,51.4792899408284,62.42603550295858,338.0,,,1.248758174305209,,,4.348566595364489,,,4.9026149836553845,30.80881977081299,30.687439918518066,1.7477148057635672,25.0,30.0,26.75,偏空逆風
2023-07-03,17084.19921875,15208.6904296875,3703.6201171875,13.569999694824219,31.145999908447266,57.692307692307686,66.86390532544378,338.0,,,2.212277284737607,,,4.480406895115574,,,7.534580420264492,30.832769775390624,30.69998992284139,1.5619398519996386,35.0,30.0,33.25,中性偏空
2023-07-04,17140.76953125,,,,31.087799072265625,57.98816568047337,59.46745562130178,338.0,,,2.2617650725882177,,,4.4689969145699004,,,6.171417461393602,30.854869747161864,30.709416580200195,1.442283904034447,35.0,0.0,22.75,偏空逆風
2023-07-05,17056.4296875,15203.7802734375,3622.320068359375,14.180000305175781,31.077999114990234,55.62130177514793,50.887573964497044,338.0,,,0.7915460088570248,,,6.295686040874138,,,4.174076106848723,30.87717971801758,30.719384892781576,1.4566542662042714,27.5,30.0,28.375,偏空逆風
2023-07-06,16762.169921875,15089.4501953125,3577.489990234375,15.4399995803833,31.224199295043945,45.857988165680474,47.0414201183432,338.0,,,0.17019838231000506,,,4.176246913044213,,,1.7975005305788772,30.902744674682616,30.732346534729004,1.6647699520661696,17.5,30.0,21.875,偏空逆風
2023-07-07,16664.2109375,15036.849609375,3577.72998046875,14.829999923706055,31.326900482177734,33.72781065088758,36.98224852071006,338.0,,,-1.3157893214965743,,,3.499976910731095,,,1.4967506164343503,30.936799716949462,30.746944872538247,2.2224933054712404,0.0,30.0,10.5,偏空逆風
2023-07-10,16652.80078125,15045.6396484375,3651.60009765625,15.069999694824219,31.259000778198242,33.13609467455622,42.60355029585799,338.0,,,-1.7844988030962239,,,1.7676849577085818,,,0.2729575464699874,30.96669979095459,30.759494876861574,1.9503652646431613,0.0,30.0,10.5,偏空逆風
2023-07-11,16898.91015625,15119.0595703125,3653.530029296875,14.84000015258789,31.360000610351562,40.23668639053255,42.30769230769231,338.0,,,-1.8452508644738908,,,1.4644128801904799,,,-0.817933347034927,30.999134826660157,30.774386564890545,2.112254174531847,0.0,30.0,10.5,偏空逆風
2023-07-12,16962.029296875,15307.23046875,3721.469970703125,13.539999961853027,31.265499114990234,36.68639053254438,43.786982248520715,338.0,,,-1.6017465812093623,,,2.0095045974421133,,,-0.488803510846314,31.033509826660158,30.787946542104084,2.24834855091276,0.0,30.0,10.5,偏空逆風
2023-07-13,17061.400390625,15571.98046875,3797.1298828125,13.609999656677246,31.03380012512207,35.20710059171598,38.16568047337278,338.0,,,-1.5781966332075514,,,2.5451944098533685,,,2.4020599130351927,31.048634815216065,30.79621820449829,0.9843376870928733,0.0,30.0,10.5,偏空逆風
2023-07-14,17283.7109375,15565.599609375,3750.409912109375,13.34000015258789,30.957799911499023,44.67455621301775,40.23668639053255,338.0,,,-0.0300725650316358,,,3.1933323035046035,,,2.1036503316244515,31.063859844207762,30.80285987854004,0.9933696746289078,0.0,30.0,10.5,偏空逆風
2023-07-17,17334.2890625,15713.2802734375,3837.31005859375,13.479999542236328,30.950000762939453,50.0,43.786982248520715,338.0,,,0.345759971507964,,,4.172392553276483,,,4.469477635397001,31.075959873199462,30.808276557922362,0.7880701393480072,10.0,30.0,17.0,偏空逆風
2023-07-18,17227.91015625,15841.349609375,3842.360107421875,13.300000190734863,30.950000762939453,42.772861356932154,43.067846607669615,339.0,,,0.25021952171428996,,,5.117395638133493,,,5.340557679623958,31.08386993408203,30.814576562245687,0.51377710944982,0.0,30.0,10.5,偏空逆風
2023-07-19,17116.439453125,15826.349609375,3801.659912109375,13.760000228881836,30.902999877929688,37.75811209439528,38.93805309734513,339.0,,,-0.4997031550715847,,,6.449656137841497,,,7.09715761555918,31.081354904174805,30.818064880371093,-0.16250479713273425,0.0,30.0,10.5,偏空逆風
2023-07-20,17164.890625,15466.08984375,3663.85009765625,13.989999771118164,31.04330062866211,41.00294985250738,41.5929203539823,339.0,,,-0.21804960222552294,,,2.81718194032774,,,2.6325882282460134,31.087369918823242,30.82498156229655,0.3890317616751071,0.0,30.0,10.5,偏空逆風
2023-07-21,17030.69921875,15425.669921875,3698.85009765625,13.600000381469727,31.037799835205078,40.707964601769916,39.52802359882006,339.0,17009.07353515625,,-0.998123331489098,,,3.587215215075523,,,5.479213817483286,31.08956995010376,30.831831550598146,0.14196589876833698,25.0,30.0,26.75,偏空逆風
2023-07-24,17033.609375,15448.01953125,3692.320068359375,13.90999984741211,31.32200050354004,36.57817109144543,36.87315634218289,339.0,17007.7919921875,,-0.15024619515793258,,,5.1671249969085675,,,5.0216609120429245,31.105819988250733,30.84143155415853,1.0484910335168962,25.0,30.0,26.75,偏空逆風
2023-07-25,17198.890625,15561.419921875,3755.27001953125,13.859999656677246,31.299999237060547,42.18289085545723,47.1976401179941,339.0,17023.34150390625,,1.8414973275638236,,,4.118248799773561,,,3.0985009964602295,31.12061996459961,30.850951544443767,0.9547140038234314,32.5,30.0,31.625,中性偏空
2023-07-26,17162.55078125,15499.259765625,3699.3701171875,13.1899995803833,31.166000366210938,40.41297935103245,43.36283185840708,339.0,17034.6875,,1.3398964807347813,,,3.5730357902650223,,,2.4903902280980716,31.129244995117187,30.85780487060547,0.5565702863838506,25.0,30.0,26.75,偏空逆風
2023-07-27,17241.8203125,15464.9296875,3768.27001953125,14.40999984741211,31.214000701904297,49.26253687315634,44.83775811209439,339.0,17049.6634765625,,1.767879906733083,,,3.513930671283072,,,4.263486898967894,31.137120056152344,30.867258230845135,0.5071441512539465,35.0,30.0,33.25,中性偏空
2023-07-28,17292.9296875,15750.9296875,3851.760009765625,13.329999923706055,31.296300888061523,49.852507374631266,44.83775811209439,339.0,17068.5330078125,,2.231029254259087,,,3.7664656331507063,,,4.865151898449804,31.146070098876955,30.878398259480793,0.5752454560616904,35.0,30.0,33.25,中性偏空
2023-07-31,17145.4296875,15757.0,3861.6298828125,13.630000114440918,31.353500366210938,47.1976401179941,41.00294985250738,339.0,17071.59453125,,0.35840409003660145,,,3.6052385499424355,,,4.266359956619725,31.156445121765138,30.891323280334472,0.6662186424375882,35.0,30.0,33.25,中性偏空
2023-08-01,17212.869140625,15718.009765625,3858.2099609375,13.930000305175781,31.39889907836914,49.852507374631266,42.18289085545723,339.0,17075.19951171875,,0.4206322781690419,15470.594873046875,,3.3488704257093937,3734.1270141601562,,4.174019982032995,31.172000122070312,30.904838275909423,1.0007141559952304,35.0,70.0,47.25,震盪中性
2023-08-02,16893.73046875,15370.740234375,3711.60009765625,16.09000015258789,31.594999313354492,36.283185840707965,35.39823008849557,339.0,17067.06455078125,,-0.9538878987625177,15478.94287109375,,1.0981476838967108,3738.591015625,,2.4647195060626403,31.197850131988524,30.920591608683267,1.6635568990504446,0.0,30.0,10.5,偏空逆風
2023-08-03,,15353.5400390625,3708.080078125,15.920000076293945,31.63010025024414,,,,,,0.7848658466545588,15492.14736328125,,1.7501621353443353,3745.1205200195313,,3.6503271357041456,31.218145179748536,30.93751993179321,1.2999563299117778,0.0,30.0,10.5,偏空逆風
2023-08-04,16843.6796875,15274.919921875,3699.199951171875,17.100000381469727,31.640499114990234,39.233038348082594,43.95280235988201,339.0,,,1.0769711849730301,15504.05087890625,,1.5832459503456908,3751.1940185546873,,3.395168762490286,31.23382511138916,30.953229904174805,1.0010522202504868,0.0,30.0,10.5,偏空逆風
2023-08-07,16996.0,15407.849609375,3739.409912109375,15.770000457763672,31.652000427246094,47.49262536873156,50.737463126843664,339.0,,,2.060909892925755,15522.161376953125,,2.4074081886914955,3755.584509277344,,2.4046941643331987,31.25347509384155,30.967263253529868,1.2572367614576807,17.5,30.0,21.875,偏空逆風
2023-08-08,16877.0703125,15273.0498046875,3679.419921875,15.989999771118164,31.66550064086914,37.75811209439528,47.49262536873156,339.0,,,-0.12923817895985623,15529.860888671876,,1.0185172805150744,3756.87900390625,,0.708626790269129,31.26875009536743,30.98263826370239,0.9741709967210133,7.5,30.0,15.375,偏空逆風
2023-08-09,16870.939453125,15101.7099609375,3610.47998046875,15.960000038146973,31.795499801635742,34.80825958702065,43.657817109144545,339.0,,,-0.5370220871318887,15519.58486328125,,-1.3426367900586156,3751.3295043945313,,-2.9824233732404615,31.295250129699706,30.999599933624268,1.6951614451963026,0.0,30.0,10.5,偏空逆風
2023-08-10,16634.69921875,15128.83984375,3597.02001953125,15.850000381469727,31.708999633789062,22.71386430678466,36.57817109144543,339.0,,,-2.500973906628823,15497.42783203125,,-2.845756362777996,3741.324011230469,,-5.2700294553271965,31.329010105133058,31.014894930521645,2.175690717684331,0.0,30.0,10.5,偏空逆風
2023-08-11,16601.25,15028.0703125,3514.550048828125,14.84000015258789,31.741500854492188,23.008849557522122,37.46312684365782,339.0,,,-3.948578751217613,15470.5513671875,,-3.4533157113411317,3729.5310180664064,,-6.288908914188351,31.368195152282716,31.032414944966636,2.5315136903577784,0.0,30.0,10.5,偏空逆風
2023-08-14,16393.66015625,15205.58984375,3615.449951171875,14.819999694824219,31.893999099731445,12.389380530973451,20.943952802359885,339.0,,,-5.4264060259898494,15445.166845703125,,-3.23096400530527,3718.4380126953124,,-5.781657047102929,31.415395069122315,31.053648249308267,3.050075326403112,0.0,30.0,10.5,偏空逆風
2023-08-15,16454.80078125,15037.650390625,3553.9599609375,16.459999084472656,31.90399932861328,16.8141592920354,19.76401179941003,339.0,,,-4.487540090401088,15404.981884765624,,-5.073426435045447,3704.0180053710938,,-7.505807327306558,31.463094997406007,31.07436491648356,3.082386242833879,0.0,30.0,10.5,偏空逆風
2023-08-16,16446.779296875,14876.4697265625,3480.080078125,16.780000686645508,31.864900588989258,16.224188790560472,20.64896755162242,339.0,,,-3.9123800138686993,15357.487890625,,-6.001888661993304,3687.939013671875,,-8.458932188017432,31.511190032958986,31.09202324549357,3.1126450987256415,0.0,30.0,10.5,偏空逆風
2023-08-17,16516.66015625,14715.8095703125,3446.35009765625,17.889999389648438,31.912799835205078,22.71386430678466,25.663716814159294,339.0,,,-3.776490528904841,15319.973876953125,,-4.851130964693673,3677.064013671875,,-5.936378241542517,31.55466499328613,31.110429922739666,2.8009238352063814,0.0,30.0,10.5,偏空逆風
2023-08-18,16381.3095703125,14694.83984375,3462.739990234375,17.299999237060547,31.896400451660156,22.123893805309734,20.64896755162242,339.0,,,-3.813053357918228,15283.432373046875,,-4.737752602164891,3665.258508300781,,-6.383338096655622,31.597595024108887,31.129373264312743,2.766306313636302,0.0,30.0,10.5,偏空逆風
2023-08-21,16381.490234375,14936.6904296875,3560.739990234375,17.1299991607666,31.902000427246094,21.828908554572273,22.123893805309734,339.0,,,-3.828426062077639,15257.86591796875,,-3.309997767209738,3658.6795043945312,,-3.5636151711914144,31.62659502029419,31.149656613667805,1.851733332423966,0.0,30.0,10.5,偏空逆風
2023-08-22,16437.609375,14908.9599609375,3527.68994140625,16.969999313354492,31.916200637817383,21.238938053097346,26.548672566371685,339.0,,,-4.4263392715191525,15225.242919921875,,-4.19280479681886,3647.300500488281,,-6.060285330784487,31.65740509033203,31.172659969329835,1.968694619095146,0.0,30.0,10.5,偏空逆風
2023-08-23,16576.900390625,15148.0595703125,3602.010009765625,15.979999542236328,31.976999282836914,25.958702064896755,25.368731563421832,339.0,,,-3.412373825368775,15207.68291015625,,-2.2659159251683048,3642.4324951171875,,-2.631802288977092,31.69795503616333,31.196254952748617,2.6021911926344954,0.0,30.0,10.5,偏空逆風
2023-08-24,16770.869140625,14816.4404296875,3481.300048828125,17.200000762939453,31.85580062866211,31.563421828908556,30.678466076696164,339.0,,,-2.7314469315839585,15175.258447265625,,-4.193289403292022,3628.0839965820314,,-7.615430136793178,31.73004503250122,31.21641995112101,2.05612837933542,0.0,30.0,10.5,偏空逆風
2023-08-25,16481.580078125,14941.830078125,3495.64990234375,15.680000305175781,31.81410026550293,29.20353982300885,24.188790560471976,339.0,,,-4.691799620057868,15134.803466796875,,-5.136837160901708,3610.2784912109373,,-9.245386693849177,31.75593500137329,31.236941623687745,1.6545066437513967,0.0,30.0,10.5,偏空逆風
2023-08-28,16509.259765625,15052.4599609375,3537.8701171875,15.079999923706055,31.812000274658203,24.48377581120944,20.64896755162242,339.0,,,-3.7104344042121262,15099.57646484375,,-4.4712828524624,3594.0905029296873,,-8.384018547867655,31.778859996795653,31.25602496465047,1.4623563656113614,0.0,30.0,10.5,偏空逆風
2023-08-29,16623.650390625,15376.5498046875,3629.570068359375,14.449999809265137,31.81800079345703,35.693215339233035,24.48377581120944,339.0,,,-3.4231292016817405,15082.503466796876,,-2.172412194858575,3582.6585083007812,,-5.926061435043528,31.799815082550047,31.275561650594074,1.334765636342361,0.0,70.0,24.5,偏空逆風
2023-08-30,16719.8203125,15462.4296875,3643.919921875,13.880000114440918,31.767000198364258,49.26253687315634,26.843657817109147,339.0,,,-1.0294360773169586,15087.087939453126,,0.596519437105214,3579.2744995117187,,-1.8234770449539472,31.808415126800536,31.294481658935545,0.5443927480544897,10.0,70.0,31.0,中性偏空
2023-08-31,16634.509765625,15501.0703125,3670.929931640625,13.569999694824219,31.798799514770508,52.8023598820059,34.51327433628318,339.0,16607.626904296874,,-1.5344195505220481,15094.464453125,,0.9608876719124915,3577.4169921875,,-1.0018701242061612,31.816850090026854,31.312579981486003,0.5333503946926887,35.0,70.0,47.25,震盪中性
2023-09-01,16644.939453125,15490.8603515625,3682.840087890625,13.09000015258789,31.80780029296875,59.882005899705014,33.33333333333333,339.0,16597.689892578124,,-1.1799098419241982,15105.261474609375,,1.4136927119221987,3576.5989990234375,,-0.44225409540425975,31.825215148925782,31.331946659088135,0.5287564439818038,45.0,70.0,53.75,震盪中性
2023-09-04,16789.689453125,,,,31.863000869750977,69.6165191740413,35.39823008849557,339.0,16587.374365234376,,-1.2138770703400747,,,0.5387561813751773,,,-1.512800830835881,31.835765171051026,31.351980018615723,0.666625930926168,45.0,0.0,29.25,偏空逆風
2023-09-05,16791.609375,15508.240234375,3683.7900390625,14.010000228881836,31.857799530029297,76.69616519174042,44.54277286135693,339.0,16583.101318359375,,-0.5063730607124617,,,1.5399048172770158,,,0.11877190644966618,31.845380115509034,31.37108834584554,0.6072820112370758,45.0,30.0,39.75,中性偏空
2023-09-06,16738.16015625,15371.4404296875,3654.4599609375,14.449999809265137,31.904499053955078,71.38643067846607,41.88790560471977,339.0,16576.462353515624,,-0.7870296567889401,,,1.7860922335794616,,,1.2181200479344678,31.850830078125,31.393196678161623,0.3428134578772335,45.0,30.0,39.75,中性偏空
2023-09-07,16619.140625,15258.51953125,3582.110107421875,14.399999618530273,31.933900833129883,62.83185840707964,48.67256637168141,339.0,16575.684423828126,,-0.09353095926413202,,,0.8571687508052594,,,-0.4145073429788093,31.86207513809204,31.413240019480387,0.7092661450636362,52.5,30.0,44.625,中性偏空
2023-09-08,16576.01953125,15280.23046875,3565.989990234375,13.84000015258789,32.03139877319336,62.83185840707964,49.852507374631266,339.0,16574.422900390626,,-0.15197933137565123,,,1.6779277113193825,,,1.4636280801692436,31.8765700340271,31.43620834350586,0.913308794155987,52.5,30.0,44.625,中性偏空
2023-09-11,16432.94921875,15461.8701171875,3569.22998046875,13.800000190734863,32.084999084472656,51.32743362831859,61.35693215339233,339.0,16576.387353515624,,0.23966010107279168,,,1.6854346070819481,,,-1.2784016188121639,31.88612003326416,31.45915832519531,0.598858688570103,25.0,30.0,26.75,偏空逆風
2023-09-12,16572.7109375,15289.740234375,3541.090087890625,14.229999542236328,31.9064998626709,58.99705014749262,60.766961651917406,339.0,16582.282861328124,,0.7165699410007775,,,1.6763911728334913,,,-0.36212768822190267,31.88624505996704,31.47773666381836,0.007837682140920954,35.0,30.0,33.25,中性偏空
2023-09-13,16581.509765625,15348.5302734375,3560.4599609375,13.479999542236328,31.96380043029785,61.06194690265486,68.73156342182891,339.0,16589.019384765626,,0.8191905923830234,,,3.1732027527479723,,,2.309713598768881,31.89119005203247,31.494578329722085,0.31037235164879107,35.0,30.0,33.25,中性偏空
2023-09-14,16807.560546875,15473.8896484375,3584.22998046875,12.819999694824219,31.894899368286133,73.15634218289085,71.976401179941,339.0,16603.564404296874,,1.7612543206255937,,,5.1514670294072085,,,4.000750907641892,31.890295028686523,31.510776646931966,-0.05609180959170734,60.0,30.0,49.5,震盪中性
2023-09-15,16920.919921875,15202.400390625,3476.389892578125,13.789999961853027,31.868900299072266,70.20648967551622,74.92625368731564,339.0,16630.544921875,,3.2940611325752878,,,3.454005298947682,,,0.394193684257127,31.888920021057128,31.525361665089925,-0.08621710349281386,60.0,30.0,49.5,震盪中性
2023-09-18,16698.240234375,15225.3701171875,3492.469970703125,14.0,31.878000259399414,69.02654867256636,72.56637168141593,339.0,16646.382421875,,1.9335847683462193,,,1.9326884282627521,,,-1.9172986434978778,31.887720012664794,31.540045007069907,-0.07523091820342831,60.0,30.0,49.5,震盪中性
2023-09-19,16636.3203125,15191.23046875,3459.02001953125,14.109999656677246,31.898500442504883,61.35693215339233,71.68141592920354,339.0,16656.31796875,,1.208879788822692,,,1.893294425312475,,,-1.9465974338897296,31.88683500289917,31.55495335261027,-0.05545834077608225,35.0,30.0,33.25,中性偏空
2023-09-20,16534.75,14969.919921875,3398.81005859375,15.140000343322754,31.979999542236328,50.442477876106196,64.30678466076697,339.0,16654.21044921875,,-0.2542718459528026,,,-1.175989885771389,,,-5.641293350683851,31.88698501586914,31.571395015716554,0.009382554544523636,25.0,30.0,26.75,偏空逆風
2023-09-21,16316.669921875,14694.240234375,3338.85009765625,17.540000915527344,32.0088996887207,34.51327433628318,50.442477876106196,339.0,16631.50048828125,,-2.7082628511468587,,,-0.82476081817634,,,-4.091860775397005,31.89463996887207,31.587268352508545,0.4806002581546842,7.5,30.0,15.375,偏空逆風
2023-09-22,16344.48046875,14701.099609375,3365.2900390625,17.200000762939453,32.13800048828125,36.87315634218289,56.342182890855455,339.0,16624.6455078125,,-0.831835350282728,,,-1.6111176977071318,,,-3.729202492327588,31.910834980010986,31.604280026753745,1.018102728272141,15.0,30.0,20.25,偏空逆風
2023-09-25,16452.23046875,14768.900390625,3389.4599609375,16.899999618530273,32.13100051879883,43.36283185840708,65.19174041297934,339.0,16621.79404296875,,-0.34543824305038884,,,-1.8838088328974933,,,-4.194901207056789,31.926784992218018,31.620696703592937,1.0027670105194453,15.0,30.0,20.25,偏空逆風
2023-09-26,16276.0703125,14545.830078125,3329.6201171875,18.940000534057617,32.10279846191406,31.268436578171094,53.09734513274337,339.0,16604.4150390625,,-2.0908769732129295,,,-5.402510557402529,,,-8.264062837267595,31.94102487564087,31.637613360087077,0.8950834790210749,7.5,30.0,15.375,偏空逆風
2023-09-27,16310.3603515625,14580.16015625,3361.409912109375,18.219999313354492,32.18980026245117,26.843657817109147,41.29793510324484,339.0,16583.942041015624,,-2.448949529866551,,,-5.7058919528231495,,,-7.752914878004724,31.962164878845215,31.656143379211425,1.3309411069562849,0.0,30.0,10.5,偏空逆風
2023-09-28,16353.740234375,14702.76953125,3420.989990234375,17.34000015258789,32.225799560546875,28.613569321533923,42.18289085545723,339.0,16569.903564453125,,-1.6878737949356792,,,-5.149972002941327,,,-6.8086274066949,31.983514881134035,31.672836716969808,1.3428181324204536,0.0,30.0,10.5,偏空逆風
2023-09-29,,14715.240234375,3434.2900390625,17.520000457763672,32.06079864501953,,,,,,-1.7494759868010745,,,-5.006953129683767,,,-6.748868886416515,31.996164798736572,31.685068353017172,0.7953971972928464,0.0,30.0,10.5,偏空逆風
2023-10-02,16557.310546875,14837.5703125,3448.85009765625,17.610000610351562,32.244998931884766,37.75811209439528,43.95280235988201,339.0,,,-1.3840572030755949,15056.359619140625,,-4.217261173596498,3482.8405151367188,,-6.353520235748123,32.015264701843265,31.701501655578614,1.198876602035437,0.0,30.0,10.5,偏空逆風
2023-10-03,16454.33984375,14565.6201171875,3376.580078125,19.780000686645508,32.306800842285156,31.563421828908556,35.693215339233035,339.0,,,-2.008559892729167,15009.22861328125,,-6.078188775397752,3467.480017089844,,-8.339507889425823,32.03771476745605,31.717281659444172,1.4093921076772098,0.0,30.0,10.5,偏空逆風
2023-10-04,16273.3798828125,14776.25,3424.919921875,18.579999923706055,32.31169891357422,25.368731563421832,28.908554572271388,339.0,,,-2.7767703803691424,14979.469091796875,,-3.8720537116221365,3456.0030151367187,,-6.281093280978645,32.05807476043701,31.734718322753906,1.2763085824682774,0.0,30.0,10.5,偏空逆風
2023-10-05,16453.51953125,14723.2197265625,3406.97998046875,18.489999771118164,32.29119873046875,36.283185840707965,32.743362831858406,339.0,,,-0.9965683394053348,14952.7041015625,,-3.508202768893709,3447.2465087890623,,-4.88902132266309,32.075939655303955,31.75567496617635,1.1188670598243577,0.0,30.0,10.5,偏空逆風
2023-10-06,16520.5703125,14973.240234375,3475.2099609375,17.450000762939453,32.20370101928711,37.16814159292036,37.46312684365782,339.0,,,-0.3345146803517274,14937.35458984375,,-2.009068089665489,3442.7075073242186,,-2.545717445799911,32.084554767608644,31.776439984639484,0.53791670889487,0.0,70.0,24.5,偏空逆風
2023-10-09,,15047.150390625,3467.35009765625,17.700000762939453,32.11800003051758,,,,,,0.5332037030213899,14916.618603515624,,-2.6822093538445557,3437.6135131835936,,-2.854393899244345,32.086204814910886,31.795906639099123,0.10285475139968359,0.0,70.0,24.5,偏空逆風
2023-10-10,,15131.51953125,3512.070068359375,17.030000686645508,32.137298583984375,,,,,,-0.31461735618654174,14908.707568359376,,-1.0348161623392471,3436.1625122070313,,-0.8195222039249717,32.09774475097656,31.815694936116536,0.7233595734626563,0.0,70.0,24.5,偏空逆風
2023-10-11,16672.029296875,15241.1201171875,3537.830078125,16.09000015258789,32.01649856567383,42.18289085545723,39.233038348082594,339.0,,,0.5459064495903387,14903.337060546875,,-0.6998074365197504,3435.0310180664064,,-0.6355887458580289,32.100379657745364,31.83425324757894,0.16486817795928754,0.0,70.0,24.5,偏空逆風
2023-10-12,16825.91015625,15184.099609375,3548.6201171875,16.690000534057617,32.059200286865234,52.8023598820059,51.62241887905604,339.0,,,0.10917473314360215,14888.84755859375,,-1.8727679054617141,3433.250524902344,,-0.9935150220632072,32.108594703674314,31.85118490854899,0.5151322682725556,17.5,70.0,35.875,中性偏空
2023-10-13,16782.5703125,14995.1201171875,3452.969970703125,19.31999969482422,32.1697998046875,47.1976401179941,48.08259587020649,339.0,,,-0.8176246327845638,14878.483544921875,,-1.3634706895716664,3432.0795288085938,,-0.6736851331031635,32.12363967895508,31.87005157470703,0.9441791300969227,17.5,70.0,35.875,中性偏空
2023-10-16,16652.240234375,15172.73046875,3502.510009765625,17.209999084472656,32.19490051269531,41.88790560471977,41.00294985250738,339.0,,,-0.27547813035594393,14875.8515625,,-0.34573641252948484,3432.5815307617186,,0.28747674702207515,32.13948469161987,31.884599908192953,0.9941033023313839,0.0,70.0,24.5,偏空逆風
2023-10-17,16642.55078125,15122.009765625,3474.659912109375,17.8799991607666,32.186500549316406,38.34808259587021,28.908554572271388,339.0,,,0.0374510025832997,14872.39052734375,,-0.45566225374168434,3433.363525390625,,0.4521480792194055,32.153884696960446,31.899374930063882,0.9028640933470333,0.0,70.0,24.5,偏空逆風
2023-10-18,16440.91015625,14909.259765625,3413.449951171875,19.219999313354492,32.32500076293945,32.743362831858406,23.008849557522122,339.0,,,-0.5675310709263859,14869.35751953125,,-0.4052136321808897,3434.0955200195312,,0.43073582594321813,32.1711347579956,31.91869160334269,1.0788030820559458,0.0,50.0,17.5,偏空逆風
2023-10-19,16452.73046875,14783.1298828125,3367.77001953125,21.399999618530273,32.395301818847656,30.678466076696164,21.828908554572273,339.0,,,0.8338744825167499,14873.802001953125,,0.6049285095363732,3435.5415161132814,,0.86616412924021,32.19045486450195,31.938379955291747,1.2071709239762196,0.0,15.0,5.25,偏空逆風
2023-10-20,16440.720703125,14560.8798828125,3316.139892578125,21.709999084472656,32.34830093383789,25.958702064896755,22.418879056047196,339.0,,,0.5888240654636112,14866.791015625,,-0.9538043431328136,3433.0840087890624,,-1.4605025395691418,32.20096988677979,31.955913289388022,0.654366925015526,0.0,15.0,5.25,偏空逆風
2023-10-23,16251.3603515625,14604.849609375,3298.5400390625,20.3700008392334,32.332000732421875,25.073746312684364,23.893805309734514,339.0,,,-1.22092939051055,14858.5884765625,,-1.1107853456316596,3428.5380126953123,,-2.68243091592244,32.211019897460936,31.97222162882487,0.6255647517276808,0.0,15.0,5.25,偏空逆風
2023-10-24,16309.759765625,14745.8603515625,3343.93994140625,18.969999313354492,32.236000061035156,29.20353982300885,36.87315634218289,339.0,,,0.20698763570177192,14868.589990234375,,1.375172625853227,3429.25400390625,,0.43007381367115016,32.21767997741699,31.986173311869305,0.4149220800146791,0.0,30.0,10.5,偏空逆風
2023-10-25,16358.8896484375,14381.6396484375,3205.840087890625,20.190000534057617,32.20399856567383,37.46312684365782,36.283185840707965,339.0,,,0.2975366321097406,14858.66396484375,,-1.3615797473075175,3421.4755126953123,,-4.628112259034955,32.218389892578124,31.99632329940796,0.04410808115271614,0.0,15.0,5.25,偏空逆風
2023-10-26,16073.740234375,14109.5703125,3188.419921875,20.68000030517578,32.38029861450195,23.303834808259587,25.368731563421832,339.0,,,-1.7121465547768056,14829.00400390625,,-4.034608700688569,3409.8470092773437,,-6.798326479272787,32.22611484527588,32.00882660547892,0.47942659627358,0.0,15.0,5.25,偏空逆風
2023-10-27,16134.6103515625,14180.419921875,3227.090087890625,21.270000457763672,32.3588981628418,26.253687315634217,33.03834808259587,339.0,,,-1.3399374068073788,14802.26298828125,,-3.634465384062524,3399.48701171875,,-6.03326885077059,32.241019821166994,32.02079992294311,0.92979442316099,0.0,15.0,5.25,偏空逆風
2023-10-30,16149.6796875,14335.509765625,3185.179931640625,19.75,32.41400146484375,29.793510324483773,37.75811209439528,339.0,,,-2.461938840978828,14777.1599609375,,-3.3837113240301586,3386.303503417969,,-7.645161678520285,32.249469947814944,32.03349994023641,0.5241201381832594,0.0,30.0,10.5,偏空逆風
2023-10-31,16001.26953125,14409.7802734375,3215.889892578125,18.139999389648438,32.247501373291016,20.353982300884958,28.31858407079646,339.0,,,-2.753500394439057,14769.36796875,,-1.0699156129034826,3378.268994140625,,-4.7589626731466605,32.24650497436524,32.04319995244344,-0.18355104017766521,0.0,30.0,10.5,偏空逆風
2023-11-01,16038.5595703125,14664.91015625,3290.949951171875,16.8700008392334,32.40290069580078,26.253687315634217,26.253687315634217,339.0,,,-1.4429719836382082,14763.8009765625,,-0.7535054140935582,3371.5704956054688,,-3.91162344694419,32.25106506347656,32.05332330067952,0.2822562269799045,0.0,30.0,10.5,偏空逆風
2023-11-02,16396.94921875,14919.5498046875,3368.5400390625,15.65999984741211,32.376800537109375,40.41297935103245,37.75811209439528,339.0,,,-0.34381891602314196,14773.61748046875,,1.3334724453700542,3369.6484985351562,,-1.128270245983698,32.25534515380859,32.064453315734866,0.2650933071736805,0.0,50.0,17.5,偏空逆風
2023-11-03,16507.650390625,15099.490234375,3454.570068359375,14.90999984741211,32.159000396728516,53.687315634218294,51.91740412979351,339.0,,,-0.07820505969593494,14779.92998046875,,0.843170870324772,3368.61650390625,,-0.5939178584926985,32.25311012268067,32.0714116414388,-0.13880585505319232,17.5,70.0,35.875,中性偏空
2023-11-06,16649.359375,15154.9296875,3444.889892578125,14.890000343322754,32.08940124511719,70.50147492625368,52.8023598820059,339.0,,,0.7795678966515673,14785.3189453125,,0.7162771294035197,3367.4934936523437,,-0.6477628288330872,32.25168018341064,32.074668343861894,-0.08904285874966611,27.5,70.0,42.375,中性偏空
2023-11-07,16684.94921875,15296.01953125,3471.4599609375,14.8100004196167,32.10200119018555,67.84660766961652,48.67256637168141,339.0,16423.32197265625,,0.9949953490747676,14793.5439453125,,1.087134703558812,3365.46298828125,,-1.1563011737076634,32.249915313720706,32.0779683748881,-0.10983310780333655,52.5,70.0,58.625,震盪中性
2023-11-08,16740.830078125,15313.240234375,3472.669921875,14.449999809265137,32.0802001953125,70.29411764705881,48.23529411764706,340.0,16426.76201171875,,0.4126719070898899,14797.149951171876,,0.473194336328131,3362.20498046875,,-1.8418113592536867,32.25310039520264,32.081556701660155,0.19896501020562063,52.5,70.0,58.625,震盪中性
2023-11-09,16745.650390625,15187.900390625,3452.340087890625,15.289999961853027,32.215999603271484,64.41176470588236,37.05882352941177,340.0,16422.7490234375,,-0.47700103518731884,14797.339990234375,,0.025031324528801413,3357.390979003906,,-2.71316810809219,32.260940361022946,32.08661003112793,0.4890930372660973,45.0,70.0,53.75,震盪中性
2023-11-10,16682.669921875,15529.1201171875,3591.739990234375,14.170000076293945,32.253501892089844,56.470588235294116,36.17647058823529,340.0,16417.75400390625,,-0.5952627563287627,14824.039990234374,,3.5611585357554043,3364.329479980469,,4.018859726804758,32.26512546539307,32.09256172180176,0.2601884000227761,45.0,70.0,53.75,震盪中性
2023-11-13,16839.2890625,15482.7900390625,3556.75,14.760000228881836,32.34579849243164,57.94117647058824,40.588235294117645,340.0,16427.1064453125,,1.1232652513556651,14839.54296875,,2.0435317885011184,3367.0414794921876,,1.548603432485396,32.272670364379884,32.099958356221514,0.46870149412894246,45.0,70.0,53.75,震盪中性
2023-11-14,16915.7109375,15812.4697265625,3685.570068359375,14.15999984741211,32.24449920654297,64.11764705882354,50.588235294117645,340.0,16440.764453125,,1.6413358735714478,14874.065966796876,,4.5659272255400785,3377.5869873046877,,6.069951062403733,32.27557029724121,32.10542999903361,0.18019559826858433,52.5,70.0,58.625,震盪中性
2023-11-15,17128.779296875,15817.1796875,3712.090087890625,14.180000305175781,32.07699966430664,77.94117647058823,67.94117647058823,340.0,16475.15791015625,,4.183887230619687,14919.461962890626,,6.089637823390226,3392.518994140625,,8.748923845103507,32.26317024230957,32.107096672058105,-0.7672114239116956,60.0,70.0,63.5,中性偏多
2023-11-16,17171.1796875,15833.169921875,3724.10009765625,14.319999694824219,32.00859832763672,81.76470588235294,73.23529411764706,340.0,16511.08037109375,,4.36674763568643,14971.96396484375,,7.102961601408375,3410.335498046875,,10.580594163451718,32.243835067749025,32.10964330037435,-1.1937023873812236,60.0,70.0,63.5,中性偏多
2023-11-17,17208.94921875,15837.990234375,3748.64990234375,13.800000190734863,31.836999893188477,83.82352941176471,79.41176470588235,340.0,16549.491796875,,4.67271800000213,15035.819482421875,,8.770832270033257,3431.9609985351562,,13.042574311585241,32.218270015716556,32.11002496083577,-1.5806117350496418,60.0,70.0,63.5,中性偏多
2023-11-20,17210.470703125,16027.0595703125,3805.81005859375,13.40999984741211,31.734699249267578,85.88235294117646,82.05882352941177,340.0,16597.447314453126,,5.9017234915370365,15106.92998046875,,9.737929516402332,3457.324499511719,,15.378622467030123,32.18840494155884,32.1087366104126,-1.8474003143125528,60.0,70.0,63.5,中性偏多
2023-11-21,17416.69921875,15933.6201171875,3732.7900390625,13.350000381469727,31.468000411987305,88.8235294117647,81.76470588235294,340.0,16652.794287109376,,6.786975829392805,15166.31796875,,8.054869212830585,3476.7670043945313,,11.628501243139077,32.15000495910645,32.102903270721434,-2.3824284886267866,60.0,70.0,63.5,中性偏多
2023-11-22,17310.259765625,16001.3896484375,3744.9599609375,12.850000381469727,31.374000549316406,88.8235294117647,80.88235294117648,340.0,16700.36279296875,,5.815615470444646,15247.30546875,,11.262624009467359,3503.722998046875,,16.816804901881575,32.10850505828857,32.09635327657064,-2.5773135428037053,60.0,70.0,63.5,中性偏多
2023-11-23,17294.55078125,,,,31.51799964904785,87.94117647058823,87.05882352941177,340.0,16761.4033203125,,7.595062064423552,,,13.408057751138557,,,17.45504208037998,32.06539011001587,32.09167327880859,-2.6630358654812114,60.0,0.0,39.0,中性偏空
2023-11-24,17287.419921875,15982.009765625,3747.929931640625,12.460000038146973,31.61400032043457,87.6470588235294,85.58823529411764,340.0,16819.043798828126,,7.144948314173938,,,12.704770759086138,,,16.13961276458957,32.028145217895506,32.08844327926636,-2.301987659340654,60.0,30.0,49.5,震盪中性
2023-11-27,17137.419921875,15961.98046875,3739.31005859375,12.6899995803833,31.63599967956543,79.11764705882352,82.05882352941177,340.0,16868.430810546874,,6.1161599083573215,,,11.345747236872604,,,17.397137331193193,31.98924512863159,32.0846599260966,-2.4002028448173562,60.0,30.0,49.5,震盪中性
2023-11-28,17341.25,16010.4296875,3718.35009765625,12.6899995803833,31.524999618530273,85.88235294117646,91.47058823529412,340.0,16935.429833984374,,8.37421347183145,,,11.108076484782226,,,15.62429753076251,31.953120040893555,32.07911326090495,-2.2404891045578967,60.0,30.0,49.5,震盪中性
2023-11-29,17370.560546875,15987.599609375,3753.360107421875,12.979999542236328,31.27199935913086,86.1764705882353,92.94117647058823,340.0,17002.0298828125,,8.304991297523024,,,9.019417364526339,,,14.050962886425555,31.89657497406006,32.06857159932454,-3.4901237617176673,60.0,30.0,49.5,震盪中性
2023-11-30,17433.849609375,15947.8701171875,3724.580078125,12.920000076293945,31.069000244140625,85.88235294117646,88.52941176470588,340.0,17053.87490234375,,6.323739720065102,,,6.892435267563624,,,10.569565299321471,31.831184959411623,32.054156589508054,-4.03931293788522,60.0,30.0,49.5,震盪中性
2023-12-01,17438.349609375,15997.580078125,3738.27001953125,12.630000114440918,31.374000549316406,86.1764705882353,87.05882352941177,340.0,17100.40986328125,,5.63798721639126,,,5.947815653441313,,,8.212308494486798,31.791934967041016,32.04319995244344,-2.4409957950433214,60.0,30.0,49.5,震盪中性
2023-12-04,17421.48046875,15839.669921875,3693.43994140625,13.079999923706055,31.18899917602539,85.0,83.52941176470588,340.0,17139.01591796875,,4.637542360394864,,,4.518267312977264,,,7.215036084712478,31.746914863586426,32.02826662063599,-2.805917325206575,60.0,30.0,49.5,震盪中性
2023-12-05,17328.009765625,15877.7099609375,3672.39990234375,12.850000381469727,31.423599243164062,79.70588235294119,83.23529411764706,340.0,17171.1689453125,,3.8541354752962054,,,3.8028875976465537,,,5.788341034242683,31.71299476623535,32.02021827697754,-2.113269957852004,60.0,30.0,49.5,震盪中性
2023-12-06,17360.720703125,15788.0498046875,3645.820068359375,12.970000267028809,31.516000747680664,78.52941176470588,82.05882352941177,340.0,17202.1634765625,,3.70286671632849,,,3.100647302891857,,,4.986081325889047,31.68478479385376,32.01275494893392,-1.7587154824372786,60.0,30.0,49.5,震盪中性
2023-12-07,17278.740234375,16022.490234375,3747.5400390625,13.0600004196167,31.489099502563477,70.29411764705881,81.47058823529412,340.0,17228.81796875,,3.1834526059880464,,,5.495096901380547,,,8.550720486875374,31.648439788818358,32.00599161783854,-2.2563325976518556,60.0,30.0,49.5,震盪中性
2023-12-08,17383.990234375,16084.6904296875,3774.169921875,12.350000381469727,31.427000045776367,69.70588235294117,86.76470588235294,340.0,17263.883984375,,4.203885324017587,,,3.5776032917995026,,,5.079151946873539,31.607114696502684,31.998626613616942,-2.5625181695888233,60.0,30.0,49.5,震盪中性
2023-12-11,17418.33984375,16221.73046875,3902.389892578125,12.630000114440918,31.409500122070312,62.05882352941177,85.0,340.0,17292.8365234375,,3.438689003441997,,,4.772656787460017,,,9.717857386044138,31.560299777984618,31.99081827799479,-2.8946522083243886,60.0,30.0,49.5,震盪中性
2023-12-12,17450.630859375,16354.25,3930.179931640625,12.069999694824219,31.327999114990234,57.647058823529406,82.6470588235294,340.0,17319.58251953125,,3.162266864522678,,,3.4262849688015073,,,6.636961412868692,31.51447477340698,31.981309922536216,-2.84234556003512,60.0,30.0,49.5,震盪中性
2023-12-13,17468.9296875,16562.369140625,3990.949951171875,12.1899995803833,31.473100662231445,52.94117647058824,73.23529411764706,340.0,17336.5900390625,,1.9858414001928226,,,4.711266280384407,,,7.512206241732411,31.484279823303222,31.972861607869465,-1.8826542644110766,50.0,30.0,43.0,中性偏空
2023-12-14,17653.109375,16537.830078125,4097.47021484375,12.479999542236328,31.156999588012695,63.23529411764706,75.88235294117646,340.0,17360.6865234375,,2.806619558298773,,,4.450531130070456,,,10.025780924161488,31.44169988632202,31.958663272857667,-2.660531182612702,60.0,30.0,49.5,震盪中性
2023-12-15,17673.869140625,16623.44921875,4117.0,12.279999732971191,31.18429946899414,63.52941176470588,74.11764705882354,340.0,17383.93251953125,,2.7016171409724787,,,4.959334945605831,,,9.826206961230177,31.409064865112306,31.94276825586955,-2.050131690750112,60.0,30.0,49.5,震盪中性
2023-12-18,17652.029296875,16729.80078125,4103.7900390625,12.5600004196167,31.34779930114746,55.88235294117647,67.64705882352942,340.0,17406.01044921875,,2.565639263252817,,,4.384717033430219,,,7.829607255251569,31.389719867706297,31.929714902242026,-1.2191700481580803,60.0,30.0,49.5,震盪中性
2023-12-19,17576.55078125,16811.849609375,4125.56005859375,12.529999732971191,31.375,42.94117647058823,53.23529411764706,340.0,17414.00302734375,,0.917806298956525,,,5.511801371743252,,,10.52215676266366,31.385069847106934,31.917584927876792,-0.2955396300041935,32.5,30.0,31.625,中性偏空
2023-12-20,17635.19921875,16554.16015625,4007.659912109375,13.670000076293945,31.270000457763672,50.0,57.35294117647059,340.0,17430.25,,1.877149491252994,,,3.454515638686906,,,7.014759941682036,31.379869842529295,31.902254931132,-0.3314849548410548,50.0,30.0,43.0,中性偏空
2023-12-21,17543.740234375,16757.41015625,4118.58984375,13.649999618530273,31.309999465942383,44.70588235294118,54.70588235294118,340.0,17442.70947265625,,1.44085530914837,16232.646484375,,4.724717817782298,3867.4380004882814,,9.976872562316185,31.369469833374023,31.886991596221925,-0.6599409398488021,32.5,70.0,45.625,震盪中性
2023-12-22,17596.630859375,16777.400390625,4132.85009765625,13.029999732971191,31.19300079345703,45.294117647058826,53.8235294117647,340.0,17458.17001953125,,1.7886471138977456,16272.416015625,,4.976787254321224,3886.6840087890623,,10.270207101954254,31.348419857025146,31.872528298695883,-1.3316869826986544,42.5,70.0,52.125,震盪中性
2023-12-25,17604.83984375,,,,31.079999923706055,40.0,58.235294117647065,340.0,17481.541015625,,2.727481289516409,,,5.108513467181663,,,10.524402440446433,31.32061986923218,31.85311164855957,-1.7574907115026628,40.0,0.0,26.0,偏空逆風
2023-12-26,17751.73046875,16878.4609375,4207.4501953125,12.989999771118164,31.119699478149414,52.352941176470594,56.1764705882353,340.0,17502.0650390625,,2.367075434296839,,,5.421661173014658,,,13.153686038453971,31.300354862213133,31.833326625823975,-1.2856467733075694,50.0,30.0,43.0,中性偏空
2023-12-27,17891.5,16906.80078125,4214.58984375,12.430000305175781,30.94300079345703,59.705882352941174,57.647058823529406,340.0,17528.11201171875,,2.9989789432484315,,,5.749463298642965,,,12.288448833249221,31.283904933929442,31.810514990488688,-1.052054785162837,60.0,30.0,49.5,震盪中性
2023-12-28,17910.369140625,16898.470703125,4208.68017578125,12.470000267028809,30.845699310302734,61.1764705882353,55.58823529411765,340.0,17551.93798828125,,2.7333006876103516,,,5.960674240210984,,,12.997440986688403,31.27273988723755,31.78642333348592,-0.7187258427473919,60.0,30.0,49.5,震盪中性
2023-12-29,17930.810546875,16825.9296875,4175.47021484375,12.449999809265137,30.697999954223633,59.705882352941174,52.94117647058824,340.0,17576.56103515625,,2.824011150890393,,,5.177968201001093,,,11.695254570383383,31.23893985748291,31.761328315734865,-2.154652206466867,52.5,30.0,44.625,中性偏空
2024-01-01,,,,,30.682100296020508,,,,,,2.9235751751328865,,,6.226517159066236,,,13.050984477467109,31.213594913482666,31.737396653493246,-1.6252489448091323,0.0,0.0,0.0,偏空逆風
2024-01-02,17853.759765625,16543.939453125,4023.0400390625,13.199999809265137,30.66860008239746,53.23529411764706,48.23529411764706,340.0,,,3.0341049382542007,,,4.196004926570418,,,9.547983499699185,31.175844955444337,31.712918345133463,-2.402650170415621,17.5,30.0,21.875,偏空逆風
2024-01-03,17559.310546875,16368.490234375,3941.2099609375,14.039999961853027,30.878999710083008,38.529411764705884,44.11764705882353,340.0,,,1.1439032235237345,,,3.6764542604569517,,,8.102152246670013,31.143994903564455,31.693960030873615,-2.0211988275337767,0.0,30.0,10.5,偏空逆風
2024-01-04,17549.650390625,16282.009765625,3908.85009765625,14.130000114440918,31.041900634765625,33.82352941176471,42.35294117647059,340.0,,,1.5678814113487372,,,1.6197203272012128,,,4.304425220606944,31.12163496017456,31.677005036671957,-1.4201703918571784,0.0,30.0,10.5,偏空逆風
2024-01-05,17519.140625,16305.98046875,3933.489990234375,13.350000381469727,31.054000854492188,35.88235294117647,48.23529411764706,340.0,,,0.7774417081629181,,,1.375780528881454,,,4.22132738210752,31.102985000610353,31.658408387502035,-1.1868749506503073,7.5,30.0,15.375,偏空逆風
2024-01-08,17572.66015625,16649.869140625,4062.47998046875,13.079999923706055,30.95199966430664,37.64705882352941,47.05882352941176,340.0,,,0.8859645286767748,,,2.6392909973432133,,,4.1023601510217444,31.080109977722167,31.63769337336222,-1.4565671404690783,7.5,30.0,15.375,偏空逆風
2024-01-09,17535.490234375,16678.69921875,4064.64990234375,12.760000228881836,30.72100067138672,25.294117647058822,37.35294117647059,340.0,,,0.4862825629848855,,,1.983883203142911,,,3.421471104173879,31.04976005554199,31.61326837539673,-1.937558927320926,0.0,30.0,10.5,偏空逆風
2024-01-10,17465.630859375,16793.05078125,4048.840087890625,12.6899995803833,31.061100006103516,22.35294117647059,32.05882352941177,340.0,,,-0.018883973912608987,,,1.3928058158006573,,,1.4505352717277598,31.029160022735596,31.592203362782797,-1.3090564560178208,0.0,30.0,10.5,偏空逆風
2024-01-11,17545.3203125,16820.900390625,4067.89990234375,12.4399995803833,31.117799758911133,30.0,37.64705882352941,340.0,,,-0.6105953359845429,,,1.7116532892330616,,,-0.721672421019115,31.02720003128052,31.570911661783853,-0.12581387688127554,0.0,30.0,10.5,偏空逆風
2024-01-12,17512.830078125,16832.919921875,4052.429931640625,12.699999809265137,30.893999099731445,27.941176470588236,28.823529411764703,340.0,,,-0.9111703906975133,,,1.260091695583454,,,-1.568376690779083,31.012685012817382,31.54667329788208,-0.9309183602194904,0.0,30.0,10.5,偏空逆風
2024-01-15,17546.8203125,,,,31.075599670410156,35.0,32.94117647058823,340.0,,,-0.596016370727559,,,0.6163799675401371,,,-1.2515286340918141,30.99907503128052,31.525733280181885,-0.8683213393143707,0.0,0.0,0.0,偏空逆風
2024-01-16,17346.869140625,16830.7109375,4105.93994140625,13.84000015258789,31.19499969482422,26.47058823529412,27.647058823529413,340.0,,,-1.306750360087805,,,0.11219067838010854,,,-0.4755746349305978,30.990075016021727,31.50838327407837,-0.5737061519546782,0.0,30.0,10.5,偏空逆風
2024-01-17,17161.7890625,16736.279296875,4069.949951171875,14.789999961853027,31.45800018310547,20.88235294117647,25.882352941176475,340.0,,,-2.684461629141466,,,1.1001412267733768,,,1.5542745749030917,30.99947500228882,31.49594996770223,0.6012143351124211,0.0,30.0,10.5,偏空逆風
2024-01-18,17227.7890625,16982.2890625,4206.52001953125,14.130000114440918,31.542499542236328,19.705882352941178,25.0,340.0,,,-1.8009339379976064,,,1.3419669516540944,,,2.134958301679024,31.011100006103515,31.481986649831136,0.7425745137646711,0.0,30.0,10.5,偏空逆風
2024-01-19,17681.51953125,17314.0,4375.64990234375,13.300000190734863,31.58060073852539,24.41176470588235,27.647058823529413,340.0,,,0.48241434711788767,,,3.198347758779385,,,5.8748756657104995,31.030480003356935,31.469015026092528,1.2425862700252255,0.0,30.0,10.5,偏空逆風
2024-01-22,17815.099609375,17330.380859375,4386.60009765625,13.1899995803833,31.383800506591797,33.52941176470588,34.705882352941174,340.0,,,1.1943293292704604,,,3.295984216118475,,,6.139830722239403,31.04567003250122,31.451845010121662,0.9774793553137151,0.0,30.0,10.5,偏空逆風
2024-01-23,17874.58984375,17404.2109375,4415.259765625,12.550000190734863,31.368000030517578,38.82352941176471,36.470588235294116,340.0,,,0.6920980194932591,,,3.1149167092119567,,,4.93908568529271,31.05808506011963,31.437186654408773,0.7978886574483424,0.0,30.0,10.5,偏空逆風
2024-01-24,17875.830078125,17499.30078125,4483.330078125,13.140000343322754,31.395000457763672,41.47058823529412,33.82352941176471,340.0,,,-0.08758305270659683,,,3.5045069003066143,,,6.376426754160347,31.08068504333496,31.420388317108156,1.4607492897140695,0.0,30.0,10.5,偏空逆風
2024-01-25,18002.619140625,17516.990234375,4472.259765625,13.449999809265137,31.29199981689453,39.411764705882355,31.176470588235293,340.0,,,0.5150647609532211,,,3.660210098986161,,,6.262761218125168,31.10300006866455,31.402308305104572,1.4468808183017323,0.0,30.0,10.5,偏空逆風
2024-01-26,17995.029296875,17421.009765625,4342.10009765625,13.260000228881836,31.315000534057617,40.294117647058826,27.058823529411764,340.0,,,0.35814750165430453,,,3.536684683563651,,,3.9906854614872422,31.13385009765625,31.388241640726726,2.009904817102237,0.0,30.0,10.5,偏空逆風
2024-01-29,18119.630859375,17596.26953125,4388.27001953125,13.600000381469727,31.273099899291992,49.705882352941174,32.64705882352941,340.0,17638.0689453125,,1.0530495094261516,,,4.578289925473111,,,5.096427318077823,31.163400077819823,31.374636618296304,1.9262032180637156,35.0,30.0,33.25,中性偏空
2024-01-30,18034.630859375,17476.7109375,4319.990234375,13.3100004196167,31.184999465942383,42.64705882352941,29.705882352941178,340.0,17647.1125,,1.0130700542876347,,,5.638146144199085,,,7.381238874811169,31.18922004699707,31.359353256225585,1.6838048758583968,25.0,30.0,26.75,偏空逆風
2024-01-31,17889.560546875,17137.240234375,4260.919921875,14.350000381469727,31.159099578857422,43.23529411764706,35.588235294117645,340.0,17663.625,,1.880768604885641,,,4.696523558327748,,,8.111974853058834,31.20322504043579,31.34400157928467,0.9070885436841092,25.0,30.0,26.75,偏空逆風
2024-02-01,17968.109375,17344.7109375,4280.47998046875,13.880000114440918,31.2450008392334,50.588235294117645,38.82352941176471,340.0,17684.54794921875,,2.3844291769968162,,,6.526842737305083,,,9.507396639112088,31.21338005065918,31.3278182665507,0.6542776064436984,35.0,30.0,33.25,中性偏空
2024-02-02,18059.9296875,17642.73046875,4336.72998046875,13.850000381469727,31.233999252319336,46.76470588235294,38.82352941176471,340.0,17711.58740234375,,3.0868469754063543,,,8.197912431956155,,,10.2514558632536,31.222379970550538,31.310826555887857,0.5796302984293566,35.0,30.0,33.25,中性偏空
2024-02-05,18096.0703125,17613.0390625,4388.10009765625,13.670000076293945,31.3257999420166,38.23529411764706,36.76470588235294,340.0,17737.75791015625,,2.978548219768773,,,5.784849801160918,,,8.015303921569817,31.241069984436034,31.293826580047607,1.2076773124969353,25.0,30.0,26.75,偏空逆風
2024-02-06,,17572.73046875,4338.27001953125,13.0600004196167,31.340299606323242,,,,,,3.196831515015708,,,5.360317601956277,,,6.731701961089587,31.272034931182862,31.27875658671061,2.0158813886337112,0.0,30.0,10.5,偏空逆風
2024-02-07,,17755.0703125,4408.72998046875,12.829999923706055,31.20199966430664,,,,,,3.6096002383251946,,,5.728676366084273,,,8.888715898029487,31.279079914093018,31.26417325337728,0.453620954104772,0.0,30.0,10.5,偏空逆風
2024-02-08,,17783.169921875,4478.009765625,12.789999961853027,31.36680030822754,,,,,,3.1390136525898837,,,5.720677900133775,,,10.081611473403317,31.29152994155884,31.25347661972046,0.8001868745398655,0.0,30.0,10.5,偏空逆風
2024-02-09,,17962.41015625,4567.2998046875,12.930000305175781,31.303300857543945,,,,,,3.3303596949959324,,,6.710007768213666,,,12.70521345790252,31.311995029449463,31.24458163579305,1.3248584506369676,0.0,30.0,10.5,偏空逆風
2024-02-12,,17882.66015625,4560.0400390625,13.930000305175781,31.367799758911133,,,,,,3.130196754842962,17440.095703125,,6.236233756514364,4359.222473144531,,12.526067470249114,31.32660503387451,31.238466644287108,0.940287851562216,0.0,70.0,24.5,偏空逆風
2024-02-13,,17600.419921875,4468.18017578125,15.850000381469727,31.288400650024414,,,,,,4.318941739869531,17478.58115234375,,4.573241066484202,4377.334484863281,,8.822346150804528,31.331275081634523,31.235473314921062,0.29941002120186244,0.0,70.0,24.5,偏空逆風
2024-02-14,,17807.630859375,4565.41015625,14.380000114440918,31.468700408935547,,,,,,5.443961853845902,17532.14873046875,,6.40137239284746,4402.107495117188,,12.1736191113472,31.331810092926027,31.237051645914715,0.034014323122244505,0.0,70.0,24.5,偏空逆風
2024-02-15,18644.5703125,17845.720703125,4558.10009765625,14.010000228881836,31.34510040283203,52.352941176470594,48.23529411764706,340.0,,,8.223813542527814,17575.3203125,,5.0843065822711475,4419.686499023437,,8.357979434130392,31.32194013595581,31.234169991811118,-0.6258195839552116,17.5,70.0,35.875,中性偏空
2024-02-16,18607.25,17685.98046875,4527.68017578125,14.239999771118164,31.262699127197266,70.88235294117648,60.882352941176464,340.0,,,5.235582083959933,17593.9193359375,,2.1484375,4427.288012695312,,3.4744615504103127,31.306045055389404,31.22831497192383,-1.006635731727279,35.0,70.0,47.25,震盪中性
2024-02-19,18635.80078125,,,,31.333200454711914,80.58823529411765,64.70588235294117,340.0,,,4.606772849269469,,,2.051885715960111,,,3.2161600096707765,31.30351505279541,31.22326831817627,-0.1612298417116631,35.0,0.0,22.75,偏空逆風
2024-02-20,18753.16015625,17546.099609375,4456.8701171875,15.420000076293945,31.402099609375,80.29411764705883,62.94117647058823,340.0,,,4.915191454349377,,,0.8152548390991887,,,0.9424213697789119,31.30522003173828,31.221219984690347,0.10870817018695522,35.0,30.0,33.25,中性偏空
2024-02-21,18676.310546875,17478.91015625,4446.35986328125,15.34000015258789,31.37779998779297,83.52941176470588,61.1764705882353,340.0,,,4.47800446329798,,,-0.11652251284147708,,,-0.8246150562086552,31.304360008239748,31.222983328501382,-0.05478729007774019,35.0,30.0,33.25,中性偏空
2024-02-22,18852.779296875,18004.69921875,4667.3701171875,14.539999961853027,31.426300048828125,80.29411764705883,73.23529411764706,340.0,,,4.722424829460037,,,2.784205379174831,,,4.362679311746853,31.311075019836426,31.228938325246176,0.42918392151174434,35.0,30.0,33.25,中性偏空
2024-02-23,18889.189453125,17937.609375,4615.02978515625,13.75,31.45400047302246,68.82352941176471,79.11764705882352,340.0,,,4.9689285941050265,,,2.965382697817831,,,6.285660886705946,31.318025016784667,31.23027165730794,0.44387653391118054,35.0,30.0,33.25,中性偏空
2024-02-26,18948.05078125,17933.330078125,4663.47021484375,13.739999771118164,31.601999282836914,72.05882352941177,82.6470588235294,340.0,,,4.571947013183109,,,1.915522754845278,,,6.2712684973267985,31.334469985961913,31.23715499242147,1.051700613639417,35.0,30.0,33.25,中性偏空
2024-02-27,18854.41015625,17971.05078125,4654.89013671875,13.430000305175781,31.5487003326416,60.29411764705882,72.6470588235294,340.0,,,4.545584011490056,,,2.8285633693768464,,,7.752330078871172,31.352655029296876,31.239240010579426,1.166268632123657,35.0,30.0,33.25,中性偏空
2024-02-28,,17874.5,4602.60009765625,13.84000015258789,31.576000213623047,,,,,,5.393366745073802,,,4.302091559329124,,,8.018929762728199,31.373500061035156,31.240240001678465,1.337973947900939,0.0,30.0,10.5,偏空逆風
2024-02-29,18966.76953125,18043.849609375,4726.919921875,13.399999618530273,31.647899627685547,69.11764705882352,71.76470588235294,340.0,,,5.557959022886894,,,4.030846489135964,,,10.429670117447,31.393645000457763,31.2428866704305,1.289482405602116,35.0,30.0,33.25,中性偏空
2024-03-01,18935.9296875,18302.91015625,4929.580078125,13.109999656677246,31.614900588989258,63.8235294117647,65.0,340.0,,,4.8505172232553795,,,3.741936026678827,,,13.670440639058867,31.41269006729126,31.246018346150716,1.2195086949732703,35.0,30.0,33.25,中性偏空
2024-03-04,19305.310546875,18226.48046875,4981.97021484375,13.489999771118164,31.55929946899414,66.17647058823529,65.58823529411765,340.0,,,6.682336073482809,,,3.4828822219334032,,,13.533650189627512,31.424365043640137,31.24851500193278,0.7453904685905677,35.0,30.0,33.25,中性偏空
2024-03-05,19386.919921875,17897.869140625,4879.830078125,14.460000038146973,31.509300231933594,63.8235294117647,66.76470588235294,340.0,,,7.133314510185862,,,1.8502455975933918,,,12.483318377039732,31.432815074920654,31.251536687215168,0.539243809833434,35.0,30.0,33.25,中性偏空
2024-03-06,19499.44921875,18017.5703125,4997.93017578125,14.5,31.54050064086914,62.35294117647059,66.76470588235294,340.0,,,7.755158341093571,,,1.4784509178496164,,,13.364397409746886,31.44974012374878,31.252660020192465,1.084869496200036,35.0,30.0,33.25,中性偏空
2024-03-07,19693.51953125,18297.990234375,5165.830078125,14.4399995803833,31.464000701904297,50.588235294117645,59.11764705882353,340.0,,,8.827602850584348,,,2.8949861850373626,,,15.359955616443365,31.454600143432618,31.25777670542399,0.3098830378668316,25.0,30.0,26.75,偏空逆風
2024-03-08,19785.3203125,18018.44921875,4957.77978515625,14.739999771118164,31.434799194335938,39.882697947214076,56.598240469208214,341.0,,,9.334899626429593,,,0.3119796397728969,,,8.549471179185431,31.461175060272218,31.261951700846353,0.42007818086156057,15.0,30.0,20.25,偏空逆風
2024-03-11,19726.080078125,17951.689453125,4890.2001953125,15.220000267028809,31.452999114990234,45.45454545454545,62.75659824046921,341.0,,,9.007534439668152,,,0.38601246275360435,,,7.240290730383103,31.465435028076172,31.263705031077066,0.27161406516853503,25.0,30.0,26.75,偏空逆風
2024-03-12,19914.55078125,18219.109375,4992.509765625,13.84000015258789,31.362199783325195,55.42521994134897,65.39589442815249,341.0,,,10.04903516258926,,,3.515197113882773,,,11.734745896903597,31.46912498474121,31.263491694132487,0.23586738781014027,35.0,30.0,33.25,中性偏空
2024-03-13,19928.509765625,18068.470703125,4868.9501953125,13.75,31.398799896240234,43.988269794721404,59.2375366568915,341.0,,,10.126173370686065,,,1.464764436155619,,,6.648691545204466,31.465629959106444,31.26563835144043,-0.22212710339784003,15.0,30.0,20.25,偏空逆風
2024-03-14,19937.919921875,18014.810546875,4783.64990234375,14.399999618530273,31.406600952148438,40.76246334310851,58.06451612903226,341.0,,,6.936870025413722,,,0.9475091903707211,,,4.94832934457663,31.468704986572266,31.26724837621053,0.19620466524601365,15.0,30.0,20.25,偏空逆風
2024-03-15,19682.5,17808.25,4757.7099609375,14.40999984741211,31.525999069213867,38.12316715542522,53.0791788856305,341.0,,,5.778661543215691,,,0.6913358943601899,,,5.080521949997463,31.481869983673096,31.272798347473145,0.8422175607593063,7.5,30.0,15.375,偏空逆風
2024-03-18,19879.849609375,17985.009765625,4757.60009765625,14.329999923706055,31.603700637817383,43.10850439882698,50.733137829912025,341.0,,,6.675585571706,17979.93291015625,,1.6907702538932812,4789.8525390625,,5.078095469394039,31.49539499282837,31.281526692708333,0.8633021178173106,7.5,50.0,22.375,偏空逆風
2024-03-19,19857.19921875,18032.19921875,4712.81005859375,13.819999694824219,31.641000747680664,43.988269794721404,46.33431085043988,341.0,,,5.88721609212115,18004.237890625,,2.770414053247894,4802.6495361328125,,5.7425936739606165,31.507340049743654,31.290215047200522,0.7607807798760691,7.5,50.0,22.375,偏空逆風
2024-03-20,19784.44921875,18240.109375,4788.18017578125,13.039999961853027,31.73040008544922,43.401759530791786,46.9208211143695,341.0,,,5.93339176436225,18042.2978515625,,4.354958129227615,4819.740551757813,,7.6876438932171665,31.524970054626465,31.303338368733723,1.123724728290143,7.5,50.0,22.375,偏空逆風
2024-03-21,20199.08984375,18320.380859375,4897.8798828125,12.920000076293945,31.76219940185547,51.02639296187683,48.38709677419355,341.0,,,7.141178102573775,18058.08193359375,,1.753329154736738,4831.266040039062,,4.938750513402668,31.541765022277833,31.3186133702596,1.0688479156166775,17.5,70.0,35.875,中性偏空
2024-03-22,20228.4296875,18339.439453125,4908.259765625,13.0600004196167,31.882999420166016,51.61290322580645,45.74780058651026,341.0,,,7.089982541063655,18078.1734375,,2.2401540234510797,4845.9275390625,,6.35380472325211,31.56321496963501,31.338363361358642,1.3638931159535739,17.5,70.0,35.875,中性偏空
2024-03-25,20192.25,18277.060546875,4891.490234375,13.1899995803833,31.934999465942383,54.252199413489734,52.49266862170088,341.0,,,6.566370510159247,18095.3599609375,,1.9167129989386744,4857.328540039062,,4.889492352829139,31.579864978790283,31.359245014190673,1.0537313798570924,17.5,70.0,35.875,中性偏空
2024-03-26,20126.490234375,18210.5390625,4851.8798828125,13.239999771118164,31.733999252319336,44.868035190615835,43.401759530791786,341.0,,,6.746856929402911,18107.334375,,1.3326337127702592,4867.17802734375,,4.231888193017785,31.58912992477417,31.377001667022704,0.5873424823336304,0.0,50.0,17.5,偏空逆風
2024-03-27,20200.119140625,18280.83984375,4899.9501953125,12.779999732971191,31.885299682617188,50.43988269794721,51.02639296187683,341.0,19761.5328125,,7.137369841977859,18127.6513671875,,2.273293483733818,4882.0455322265625,,6.460480844461536,31.604594898223876,31.393773333231607,0.9795397355637725,42.5,70.0,52.125,震盪中性
2024-03-28,20146.55078125,18254.689453125,4905.2099609375,13.010000228881836,31.979400634765625,51.61290322580645,48.68035190615836,341.0,19820.521875,,6.220254050412599,18138.193359375,,1.1684859290805427,4890.960034179688,,3.771801553849441,31.62116994857788,31.409398333231607,1.0474660592960205,42.5,70.0,52.125,震盪中性
2024-03-29,20294.44921875,,,,32.01810073852539,52.19941348973607,46.33431085043988,341.0,19888.4478515625,,7.174295393306118,,,-0.26345921338926104,,,-0.49436497229535803,31.641329956054687,31.42546666463216,1.2753484655161573,42.5,0.0,27.625,偏空逆風
2024-04-01,20222.330078125,18293.19921875,4962.10009765625,13.649999618530273,31.93400001525879,61.58357771260997,51.31964809384164,341.0,19934.298828125,,4.750089510466027,,,0.36605394066282493,,,-0.3988405456198274,31.66006498336792,31.44183333714803,1.1872904423394282,52.5,30.0,44.625,中性偏空
2024-04-02,20466.5703125,18121.779296875,4886.93994140625,14.609999656677246,32.01499938964844,58.06451612903226,51.90615835777126,341.0,19988.28134765625,,5.5689629656271,,,1.251043654921813,,,0.1456989929448982,31.685349941253662,31.463399982452394,1.604920306044555,52.5,30.0,44.625,中性偏空
2024-04-03,20337.599609375,18160.189453125,4903.5,14.329999923706055,32.03900146484375,54.252199413489734,48.97360703812317,341.0,20030.1888671875,,4.29832853852643,,,0.7915558987776183,,,-1.8893856548623966,31.710274982452393,31.479698340098064,1.5805101816572575,42.5,30.0,38.125,中性偏空
2024-04-04,,17878.779296875,4756.06982421875,16.350000381469727,31.968700408935547,,,,,,3.2705178833217774,,,-2.291021757747258,,,-7.93212799703581,31.735509967803956,31.49388001759847,1.6040544615189445,0.0,30.0,10.5,偏空逆風
2024-04-05,,18108.4609375,4819.1298828125,16.030000686645508,32.04800033569336,,,,,,2.791358887053641,,,0.49955308393763165,,,-2.7966127652315653,31.766170024871826,31.51311337153117,1.9507079958313023,0.0,30.0,10.5,偏空逆風
2024-04-08,20417.69921875,18100.189453125,4825.39013671875,15.1899995803833,32.11119842529297,58.65102639296188,54.83870967741935,341.0,,,3.506115446585678,,,0.8272201922151057,,,-1.3253048138166967,31.799079990386964,31.530373350779215,2.0926440365715226,27.5,30.0,28.375,偏空逆風
2024-04-09,20796.19921875,18169.900390625,4870.81005859375,14.979999542236328,32.07279968261719,69.20821114369502,62.4633431085044,341.0,,,4.427157043030516,,,-0.2700954440864378,,,-2.4376458483705066,31.834609985351562,31.545003350575765,2.265784620343525,35.0,30.0,33.25,中性偏空
2024-04-10,20763.529296875,18011.66015625,4790.35009765625,15.800000190734863,31.96619987487793,72.14076246334311,62.17008797653959,341.0,,,4.190075128900705,,,-0.31441812540988767,,,-1.614313034705528,31.86297998428345,31.55347334543864,1.8070753675704543,35.0,30.0,33.25,中性偏空
2024-04-11,20753.220703125,18307.98046875,4906.3701171875,14.90999984741211,32.18299865722656,64.51612903225806,55.42521994134897,341.0,,,4.089196789056659,,,1.6273827643769279,,,2.565409621294057,31.901799869537353,31.564148330688475,2.4720844712264656,35.0,30.0,33.25,中性偏空
2024-04-12,20736.5703125,18003.490234375,4745.0498046875,17.309999465942383,32.2244987487793,60.410557184750736,58.65102639296188,341.0,,,5.355368029975871,,,1.0963471108896172,,,-0.26609768888696816,31.936724853515624,31.574879964192707,2.2156305912206076,35.0,30.0,33.25,中性偏空
2024-04-15,20449.76953125,17706.830078125,4679.10009765625,19.229999542236328,32.25400161743164,50.733137829912025,55.718475073313776,341.0,,,2.8668220991281412,,,-1.546730811521091,,,-1.6499915585311942,31.969239902496337,31.58938331604004,2.0576735207904706,25.0,30.0,26.75,偏空逆風
2024-04-16,19901.9609375,17713.66015625,4720.52978515625,18.399999618530273,32.38880157470703,20.821114369501466,39.29618768328446,341.0,,,0.22541808770157878,,,-1.7665014601701001,,,0.16380304885028618,32.006629943847656,31.606396675109863,2.3633918313445967,0.0,30.0,10.5,偏空逆風
2024-04-17,20213.330078125,17493.619140625,4567.31005859375,18.209999084472656,32.49789810180664,32.84457478005865,43.10850439882698,341.0,,,2.1677674957387483,,,-4.0925754282929,,,-4.612819674260948,32.04500484466553,31.62477830251058,2.4188097669445296,0.0,30.0,10.5,偏空逆風
2024-04-18,20301.19921875,17394.310546875,4491.7099609375,18.0,32.3380012512207,38.41642228739003,46.04105571847507,341.0,,,0.5055147325442322,,,-5.054863867778748,,,-8.292770169810005,32.07379493713379,31.64221165974935,1.8128525738415835,7.5,30.0,15.375,偏空逆風
2024-04-19,19527.119140625,17037.650390625,4306.8701171875,18.709999084472656,32.41590118408203,21.994134897360702,36.36363636363637,341.0,,,-3.4669549624426366,,,-7.09830344502802,,,-12.252604327287909,32.10044002532959,31.660560003916423,1.6714292055563407,0.0,30.0,10.5,偏空逆風
2024-04-22,19411.220703125,17210.890625,4381.919921875,16.940000534057617,32.50400161743164,28.152492668621704,32.25806451612903,341.0,,,-3.86796566442571,,,-5.83337741394796,,,-10.417486043802949,32.128890132904054,31.681075032552084,1.7817509347262783,0.0,30.0,10.5,偏空逆風
2024-04-23,19599.279296875,17471.470703125,4478.7998046875,15.6899995803833,32.58300018310547,34.60410557184751,37.82991202346041,341.0,,,-2.6194877068012157,,,-4.058465028621394,,,-7.689392300221909,32.17134017944336,31.7043750445048,2.675366959063896,0.0,30.0,10.5,偏空逆風
2024-04-24,20131.740234375,17526.80078125,4526.2001953125,15.970000267028809,32.503501892089844,40.469208211143695,42.52199413489736,341.0,,,-0.33850744034712443,,,-4.124750662140919,,,-7.6276285493176,32.20225028991699,31.72678174972534,1.9388314227125836,0.0,30.0,10.5,偏空逆風
2024-04-25,19857.419921875,17430.5,4615.0400390625,15.369999885559082,32.62730026245117,36.070381231671554,43.6950146627566,341.0,,,-1.4351382651768274,,,-4.514946448370871,,,-5.915545393281018,32.23464527130127,31.749820073445637,2.0259905277311585,0.0,30.0,10.5,偏空逆風
2024-04-26,20120.509765625,17718.30078125,4735.2900390625,15.029999732971191,32.53099822998047,40.76246334310851,41.935483870967744,341.0,,,-0.8570789542014179,17792.98310546875,,-2.938360979803889,4698.423999023437,,-3.4640703094903635,32.26029014587402,31.771436723073325,1.6018985499597127,0.0,50.0,17.5,偏空逆風
2024-04-29,20495.51953125,17782.720703125,4765.7900390625,14.670000076293945,32.558998107910156,61.29032258064516,54.83870967741935,341.0,,,1.3509296508838808,17767.4591796875,,-2.790537125413106,4688.60849609375,,-3.9561890072808747,32.29154005050659,31.791990025838217,1.9571556721761363,27.5,70.0,42.375,中性偏空
2024-04-30,20396.599609375,17440.689453125,4673.2998046875,15.649999618530273,32.433998107910156,56.598240469208214,52.49266862170088,341.0,,,-0.3418780091467788,17733.4046875,,-3.758404914838853,4677.926489257812,,-4.3716546403325225,32.31248998641968,31.810218334197998,1.3087575394338247,27.5,30.0,28.375,偏空逆風
2024-05-01,,17318.55078125,4507.68017578125,15.390000343322754,32.613800048828125,,,,,,0.2901030659134607,17691.32275390625,,-4.6345258349172695,4658.135498046875,,-8.072189746482106,32.3412299156189,31.83374834060669,1.794058983439606,0.0,30.0,10.5,偏空逆風
2024-05-02,20222.439453125,17541.5390625,4605.35009765625,14.680000305175781,32.47600173950195,57.478005865102645,48.38709677419355,341.0,,,-0.5662426169355528,17674.4607421875,,-1.8862598434443711,4650.59951171875,,-3.1689973472426414,32.36659498214722,31.85223503112793,1.5868687937799608,27.5,30.0,28.375,偏空逆風
2024-05-03,20330.3203125,17890.80078125,4716.18994140625,13.489999771118164,32.34600067138672,54.83870967741935,46.9208211143695,341.0,,,-0.035792310866644694,17663.577734375,,-1.2019804278300517,4645.4525146484375,,-2.136069039628641,32.381494998931885,31.869613361358642,0.929856254904804,17.5,70.0,35.875,中性偏空
2024-05-06,20523.310546875,18093.5703125,4820.4501953125,13.489999771118164,32.27690124511719,59.2375366568915,53.3724340175953,341.0,,,0.5172538149059269,17663.24677734375,,-0.03656945493384356,4645.205517578125,,-0.10237392762627584,32.3897801399231,31.88476505279541,0.5160281395592436,27.5,70.0,42.375,中性偏空
2024-05-07,20653.529296875,18091.44921875,4784.8798828125,13.229999542236328,32.26300048828125,58.94428152492669,47.80058651026393,341.0,,,-0.6860384456519708,17659.32421875,,-0.4317644576382951,4640.909008789063,,-1.7641865469510631,32.3992901802063,31.901008383433023,0.593028384008365,27.5,70.0,42.375,中性偏空
2024-05-08,20700.509765625,18085.009765625,4790.3798828125,13.0,32.363800048828125,62.17008797653959,43.401759530791786,341.0,,,-0.3035106910244001,17662.99169921875,,0.40723402917164364,4640.910498046875,,0.0006217741009173494,32.419170188903806,31.915926710764566,1.2438143273410196,20.0,70.0,37.5,中性偏空
2024-05-09,20560.76953125,18113.4609375,4759.77001953125,12.6899995803833,32.33300018310547,55.13196480938416,36.65689149560117,341.0,,,-0.9273315916985436,17653.26572265625,,-1.0624849178860862,4633.580493164062,,-2.9879543156089095,32.42667026519776,31.932391707102457,0.4660893395191046,20.0,70.0,37.5,中性偏空
2024-05-10,20708.83984375,18161.1796875,4808.02978515625,12.550000190734863,32.33879852294922,60.70381231671554,42.22873900293255,341.0,,,-0.13372736345549363,17661.1501953125,,0.8758826820363774,4636.7294921875,,1.327277543146832,32.43238525390625,31.950326697031656,0.354698377346363,20.0,70.0,37.5,中性偏空
2024-05-13,20857.7109375,18198.609375,4823.08984375,13.600000381469727,32.42399978637695,60.997067448680355,43.401759530791786,341.0,,,1.994845984090965,17685.73916015625,,2.7773423854252854,4643.928979492188,,3.0772956997836776,32.44088516235352,31.96850668589274,0.5270607069525202,20.0,70.0,37.5,中性偏空
2024-05-14,20985.849609375,18322.76953125,4903.93017578125,13.420000076293945,32.371498107910156,60.70381231671554,52.785923753665685,341.0,,,5.446140082772932,17716.19462890625,,3.4386420967045916,4653.0989990234375,,3.8851654151554005,32.44001998901367,31.984663327534992,-0.05342422675616021,27.5,70.0,42.375,中性偏空
2024-05-15,21147.2109375,18596.650390625,5045.080078125,12.449999809265137,32.31370162963867,62.17008797653959,70.67448680351906,341.0,,,4.620123729071501,17771.34619140625,,6.305334768826976,4676.9875,,10.460643429107442,32.430810165405276,32.00026168823242,-0.5667950326846749,35.0,70.0,47.25,震盪中性
2024-05-16,21304.259765625,18557.9609375,5017.5400390625,12.420000076293945,32.03129959106445,70.96774193548387,67.44868035190615,341.0,,,4.940893077629527,17829.5287109375,,6.689833365278486,4703.27900390625,,11.706679253511943,32.415475082397464,32.01034501393636,-0.9484249127631905,35.0,70.0,47.25,震盪中性
2024-05-17,21258.470703125,18546.23046875,4983.02001953125,11.989999771118164,32.12379837036133,70.67448680351906,65.98240469208211,341.0,,,8.866395242593805,17904.95771484375,,8.85439038563145,4737.086499023438,,15.699333482229406,32.40086994171143,32.02150831222534,-0.9011096500508242,35.0,70.0,47.25,震盪中性
2024-05-20,21271.630859375,18674.189453125,5090.35009765625,12.149999618530273,32.16400146484375,72.14076246334311,80.35190615835776,341.0,,,9.58419969925175,17978.12265625,,8.502167958696205,4772.5080078125,,16.167118258932422,32.38386993408203,32.030875015258786,-1.0460255219946535,35.0,70.0,47.25,震盪中性
2024-05-21,21236.75,18713.80078125,5074.39990234375,11.859999656677246,32.2057991027832,66.86217008797654,80.05865102639295,341.0,,,8.354749571766584,18040.23916015625,,7.1106210761226585,4802.288012695312,,13.298207636628367,32.36500988006592,32.04182666142781,-1.157662210976651,35.0,70.0,47.25,震盪中性
2024-05-22,21551.830078125,18705.19921875,5126.81005859375,12.289999961853027,32.234798431396484,71.8475073313783,77.41935483870968,341.0,,,7.053984539921654,18099.15908203125,,6.723408636906747,4832.318505859375,,13.269626560116897,32.35157470703125,32.05280663172404,-0.8266908026877906,35.0,70.0,47.25,震盪中性
2024-05-23,21607.4296875,18623.390625,5125.97998046875,12.770000457763672,32.223899841308594,57.478005865102645,66.27565982404691,341.0,,,8.812875854517156,18158.80361328125,,6.843697111385216,4857.865502929688,,11.071191952433047,32.33140468597412,32.062406635284425,-1.2363892136268095,35.0,70.0,47.25,震盪中性
2024-05-24,21565.33984375,18808.349609375,5220.919921875,11.930000305175781,32.22079849243164,59.2375366568915,70.38123167155426,341.0,,,7.180882069864003,18213.3060546875,,6.15210703093223,4882.146997070313,,10.255546731170151,32.31589469909668,32.07250493367513,-0.9535512416675496,35.0,70.0,47.25,震盪中性
2024-05-27,21803.76953125,,,,32.18899917602539,64.22287390029325,69.79472140762464,341.0,,,6.383102404431762,,,5.767558988146071,,,9.549935668211496,32.29739475250244,32.08299992879232,-1.1363953235246305,35.0,0.0,22.75,偏空逆風
2024-05-28,21858.41015625,18869.439453125,5317.8701171875,12.920000076293945,32.06999969482422,72.72727272727273,67.15542521994135,341.0,,,7.166932600878728,,,8.192049998023432,,,13.792616340459718,32.279194831848145,32.09234491984049,-1.1222742625651372,35.0,30.0,33.25,中性偏空
2024-05-29,21662.5,18736.75,5219.31982421875,14.279999732971191,32.17380142211914,66.56891495601172,65.39589442815249,341.0,21090.54404296875,,6.206428595299518,,,8.188902389485264,,,15.787270185249147,32.257194900512694,32.10289993286133,-1.3491179379594986,60.0,30.0,49.5,震盪中性
2024-05-30,21364.48046875,18538.66015625,5173.259765625,14.470000267028809,32.37699890136719,58.94428152492669,61.58357771260997,341.0,21147.64609375,,5.6473949063970075,,,5.6843421218473855,,,12.331519991450168,32.252244758605954,32.118116569519046,-0.30484922044557994,60.0,30.0,49.5,震盪中性
2024-05-31,21174.220703125,18536.650390625,5123.35986328125,12.920000076293945,32.35639953613281,62.17008797653959,64.22287390029325,341.0,21189.84111328125,,4.150944882585694,,,3.609953613992878,,,8.63345045330366,32.25276470184326,32.13347657521566,0.032148842299672964,35.0,30.0,33.25,中性偏空
2024-06-03,21536.759765625,18600.970703125,5152.509765625,13.109999656677246,32.46500015258789,67.74193548387096,60.70381231671554,341.0,21240.51357421875,,4.938039681440731,,,2.804313255269797,,,6.888559301689323,32.262169647216794,32.15034325917562,0.5827663134147842,60.0,30.0,49.5,震盪中性
2024-06-04,21356.619140625,18654.83984375,5116.27001953125,13.15999984741211,32.314300537109375,58.35777126099707,58.35777126099707,341.0,21275.66806640625,,3.404211617509767,,,3.114126558839203,,,6.925777550009515,32.2647346496582,32.16621160507202,0.15900582106973538,60.0,30.0,49.5,震盪中性
2024-06-05,21484.880859375,19035.05078125,5347.43994140625,12.630000114440918,32.328800201416016,51.02639296187683,57.478005865102645,341.0,21314.88662109375,,3.789139024259769,,,5.253196033273855,,,11.628724072436025,32.262984657287596,32.18171161015828,-0.10814504897231902,50.0,30.0,43.0,中性偏空
2024-06-06,21902.69921875,19021.189453125,5301.68017578125,12.579999923706055,32.25199890136719,50.146627565982406,67.44868035190615,341.0,21381.98310546875,,6.526651084048307,,,5.011347741644134,,,11.385217227435884,32.258934593200685,32.1958015759786,-0.2505220093389493,50.0,30.0,43.0,中性偏空
2024-06-07,21858.380859375,19000.94921875,5287.240234375,12.220000267028809,32.208900451660156,62.75659824046921,69.79472140762464,341.0,21439.46015625,,5.550967723437861,,,4.6239811823898025,,,9.9668777156541,32.25243968963623,32.207183265686034,-0.40167871789325016,60.0,30.0,49.5,震盪中性
2024-06-10,,19074.669921875,5362.39990234375,12.739999771118164,32.404998779296875,,,,,,4.7976018311573165,,,4.813887307666875,,,11.181837288239915,32.25148963928223,32.220538234710695,-0.05860167531848148,0.0,30.0,10.5,偏空逆風
2024-06-11,21792.119140625,19210.1796875,5365.3798828125,12.850000381469727,32.33399963378906,47.80058651026393,61.29032258064516,341.0,,,3.8419675460259484,,,4.843209727309494,,,9.40979358372973,32.24961471557617,32.23208821614583,-0.1158379324802783,25.0,30.0,26.75,偏空逆風
2024-06-12,22048.9609375,19465.1796875,5520.8701171875,12.039999961853027,32.315799713134766,44.28152492668622,58.94428152492669,341.0,,,4.2641556972458305,,,4.670353416510142,,,9.430772786451524,32.24971961975098,32.24184487660726,0.0064928602737657215,15.0,30.0,20.25,偏空逆風
2024-06-13,22312.0390625,19576.919921875,5602.419921875,11.9399995803833,32.20100021362305,48.97360703812317,63.929618768328446,341.0,,,4.730412170908083,,,5.490683959335163,,,11.65670584109144,32.25820465087891,32.249158223470054,0.5297962453135519,25.0,30.0,26.75,偏空逆風
2024-06-14,22504.720703125,19659.80078125,5598.31005859375,12.65999984741211,32.29899978637695,56.30498533724341,58.94428152492669,341.0,,,5.862369017056346,,,6.0042945890074195,,,12.347733636446034,32.266964721679685,32.2560915629069,0.5453944580142478,35.0,30.0,33.25,中性偏空
2024-06-17,22496.529296875,19902.75,5688.10009765625,12.75,32.3489990234375,62.75659824046921,63.049853372434015,341.0,,,5.758366368792789,,,6.578923010066218,,,11.742807243753672,32.276214599609375,32.26299155553182,0.5751696000759088,35.0,30.0,33.25,中性偏空
2024-06-18,22757.4296875,19908.859375,5765.1201171875,12.300000190734863,32.30099868774414,60.117302052785924,60.410557184750736,341.0,,,7.160604553427441,,,6.385974755846346,,,13.611860084671722,32.280974578857425,32.27244154612223,0.2955976489113388,35.0,30.0,33.25,中性偏空
2024-06-19,23209.5390625,,,,32.34749984741211,56.598240469208214,61.29032258064516,341.0,,,7.691731877830499,,,6.434896213473396,,,12.450433140658124,32.2866096496582,32.28014488220215,0.3496265573227575,35.0,0.0,22.75,偏空逆風
2024-06-20,23406.099609375,19752.30078125,5610.009765625,13.279999732971191,32.38079833984375,68.03519061583577,60.70381231671554,341.0,,,8.32431227540007,,,6.061786379192169,,,9.442678024505025,32.29445457458496,32.28683484395345,0.4869010247295469,35.0,30.0,33.25,中性偏空
2024-06-21,23253.390625,19700.4296875,5538.5400390625,13.199999809265137,32.340999603271484,71.8475073313783,71.5542521994135,341.0,,,7.827610385371342,,,4.743000298550082,,,6.083604459373371,32.30046463012695,32.29221649169922,0.3730544134965319,35.0,30.0,33.25,中性偏空
2024-06-24,22813.69921875,19474.619140625,5371.52001953125,13.329999923706055,32.362998962402344,60.410557184750736,66.56891495601172,341.0,,,4.631904066186943,,,3.542413582730819,,,2.8845509969469996,32.3091646194458,32.29936647415161,0.5405566834353337,35.0,30.0,33.25,中性偏空
2024-06-25,22875.970703125,19701.130859375,5467.66015625,12.84000015258789,32.32149887084961,60.410557184750736,59.530791788856305,341.0,,,4.655235854763418,,,4.407610561596531,,,2.8167299268625268,32.32173957824707,32.3044747988383,0.7842194525058854,35.0,30.0,33.25,中性偏空
2024-06-26,22986.689453125,19751.05078125,5452.31982421875,12.550000190734863,32.4734992980957,57.478005865102645,47.214076246334315,341.0,,,6.112819171956141,,,5.413429656957591,,,4.464183224006146,32.3367244720459,32.3117164293925,0.9314966299584393,27.5,30.0,28.375,偏空逆風
2024-06-27,22905.98046875,19789.029296875,5421.08984375,12.239999771118164,32.582298278808594,50.146627565982406,48.38709677419355,341.0,,,7.215246831088473,,,6.744657543136734,,,4.790597985660194,32.346989440917966,32.32194306055705,0.6340902010925298,17.5,30.0,21.875,偏空逆風
2024-06-28,23032.25,19682.869140625,5472.259765625,12.4399995803833,32.52199935913086,56.598240469208214,58.35777126099707,341.0,,,8.774959527085603,,,6.183526828448493,,,6.809982348581256,32.35526943206787,32.329843044281006,0.5117992896988444,35.0,30.0,33.25,中性偏空
2024-07-01,23058.5703125,19812.220703125,5477.14990234375,12.220000267028809,32.50400161743164,51.90615835777126,54.83870967741935,341.0,,,7.066107266999255,,,6.511756936408197,,,6.300621473530987,32.357219505310056,32.336389764149985,0.12013388159692884,17.5,30.0,21.875,偏空逆風
2024-07-02,22879.369140625,20011.890625,5544.990234375,12.029999732971191,32.52170181274414,49.56011730205279,50.733137829912025,341.0,,,7.130107953760301,,,7.274523890938989,,,8.379546294607598,32.3675895690918,32.34387146631877,0.6418250501711631,17.5,30.0,21.875,偏空逆風
2024-07-03,23172.4296875,20186.630859375,5651.72021484375,12.09000015258789,32.57279968261719,62.75659824046921,60.117302052785924,341.0,,,7.854587787432998,,,6.049787265392204,,,5.690204598305071,32.37978954315186,32.35398146311442,0.7547433857149066,35.0,30.0,33.25,中性偏空
2024-07-04,23522.529296875,,,,32.621498107910156,70.08797653958945,67.44868035190615,341.0,,,7.395572855871246,,,6.127069020168596,,,6.602435972307941,32.398264503479005,32.36128978729248,1.1456629639389648,35.0,0.0,22.75,偏空逆風
2024-07-05,23556.58984375,20391.970703125,5656.31005859375,12.479999542236328,32.50659942626953,75.65982404692082,74.48680351906158,341.0,,,7.769143539498002,,,7.320799968258163,,,6.980386891052204,32.413149452209474,32.36599146525065,0.9242754966322764,35.0,30.0,33.25,中性偏空
2024-07-08,23878.150390625,20439.5390625,5765.2099609375,12.369999885559082,32.393001556396484,70.08797653958945,67.74193548387096,341.0,22923.15283203125,,9.240252259506798,,,7.155401095878244,,,7.511749700310366,32.412549591064455,32.36830813090007,-0.0370227537488943,60.0,30.0,49.5,震盪中性
2024-07-09,23900.080078125,20453.01953125,5765.2001953125,12.510000228881836,32.47100067138672,58.65102639296188,68.03519061583577,341.0,23028.55087890625,,9.673042460429304,,,6.469694005822912,,,7.451854691236082,32.419399642944335,32.36967811584473,0.4237058178676145,60.0,30.0,49.5,震盪中性
2024-07-10,24007.080078125,20675.380859375,5904.5400390625,12.850000381469727,32.50749969482422,62.4633431085044,69.79472140762464,341.0,23126.4568359375,,8.880777403413642,,,6.217261753058256,,,6.949446622201161,32.42898464202881,32.36983814239502,0.5932082244325176,60.0,30.0,49.5,震盪中性
2024-07-11,24390.029296875,20211.359375,5699.66015625,12.920000076293945,32.58689880371094,63.63636363636363,69.20821114369502,341.0,23230.35634765625,,9.313313895490127,,,3.240752149249415,,,1.7356827180218914,32.448279571533206,32.373986434936526,1.1984056008441435,60.0,30.0,49.5,震盪中性
2024-07-12,23916.9296875,20331.490234375,5775.18994140625,12.460000038146973,32.38679885864258,61.87683284457478,65.98240469208211,341.0,23300.966796875,,6.275167788147229,,,3.416562866525097,,,3.1595228017244015,32.45266952514648,32.3735013961792,0.2718321707988469,60.0,30.0,49.5,震盪中性
2024-07-15,23879.359375,20386.880859375,5777.7099609375,13.119999885559082,32.54800033569336,54.83870967741935,60.117302052785924,341.0,23370.10830078125,,6.146859632774948,,,2.4324822417756353,,,1.5753918134839617,32.462619590759275,32.374234708150226,0.6151699226046414,50.0,30.0,43.0,中性偏空
2024-07-16,23997.25,20398.619140625,5804.02978515625,13.1899995803833,32.57400131225586,56.89149560117303,59.82404692082112,341.0,23432.09931640625,,5.447980415736486,,,2.4600091667732693,,,0.6749151306101764,32.47626972198486,32.3740847269694,0.8451832314872121,60.0,30.0,49.5,震盪中性
2024-07-17,23769.8203125,19799.140625,5408.7099609375,14.479999542236328,32.56330108642578,60.117302052785924,63.929618768328446,341.0,23460.11337890625,,2.414012826757328,,,-0.5511051534061062,,,-6.182180926073643,32.48705978393555,32.375081380208336,0.6671342144884074,60.0,30.0,49.5,震盪中性
2024-07-18,23398.470703125,19705.08984375,5436.419921875,15.930000305175781,32.49079895019531,54.54545454545454,53.0791788856305,341.0,23459.73193359375,,-0.03259366736585445,,,-0.23901487742032934,,,-3.0942877285822457,32.492559814453124,32.3728063583374,0.33970938331131517,17.5,30.0,21.875,偏空逆風
2024-07-19,22869.259765625,19522.619140625,5267.16015625,16.520000457763672,32.638999938964844,36.070381231671554,40.17595307917888,341.0,23440.525390625,,-1.6519348320843008,,,-0.9025719220115413,,,-4.899845101750611,32.507459831237796,32.374606386820474,0.921432050180715,0.0,30.0,10.5,偏空逆風
2024-07-22,22256.990234375,19822.869140625,5477.830078125,14.90999984741211,32.78099822998047,23.75366568914956,34.31085043988269,341.0,23412.68994140625,,-2.440239870951988,,,1.7882249582664933,,,1.9791429280203499,32.5283597946167,32.37830638885498,1.2915962085705779,0.0,30.0,10.5,偏空逆風
2024-07-23,22871.83984375,19754.33984375,5397.89990234375,14.720000267028809,32.80849838256836,30.498533724340177,41.64222873900293,341.0,23412.4833984375,,-0.018057635361612423,,,0.27008086365600814,,,-1.2758703341594457,32.55270977020264,32.384548060099284,1.5067355436228613,0.0,30.0,10.5,偏空逆風
2024-07-24,,19032.390625,5105.64990234375,18.040000915527344,32.75130081176758,,,,,,-0.4996352763594114,,,-3.6385920132018246,,,-6.358209588790464,32.56659984588623,32.38683973948161,0.8554714449519274,0.0,30.0,10.5,偏空逆風
2024-07-25,,18830.580078125,5005.35986328125,18.459999084472656,32.71480178833008,,,,,,-0.14904677425433555,,,-4.843336195885839,,,-7.668752823715829,32.573225021362305,32.39081974029541,0.40667330581669603,0.0,30.0,10.5,偏空逆風
2024-07-26,22119.2109375,19023.66015625,5103.1298828125,16.389999389648438,32.643001556396484,24.04692082111437,34.31085043988269,341.0,,,-3.9641765893475456,,,-3.349150876659579,,,-6.74547442230825,32.579275131225586,32.39576975504557,0.3720626026998852,0.0,30.0,10.5,偏空逆風
2024-07-29,22164.490234375,19059.490234375,5087.6201171875,16.600000381469727,32.79800033569336,17.595307917888565,31.671554252199414,341.0,,,-3.8774306733159514,,,-3.7993240638151793,,,-7.1119065956103285,32.59397506713867,32.40445473988851,0.904500072705039,0.0,30.0,10.5,偏空逆風
2024-07-30,22223.5703125,18796.26953125,4890.14990234375,17.690000534057617,32.849300384521484,19.64809384164223,31.964809384164223,341.0,,,-2.8663326514565157,,,-6.07449399224368,,,-11.80958494699783,32.61035499572754,32.41422640482585,1.0073229674868012,0.0,30.0,10.5,偏空逆風
2024-07-31,22199.349609375,19362.4296875,5233.18017578125,16.360000610351562,32.76150131225586,21.700879765395893,33.43108504398827,341.0,,,-4.199301028195213,,,-4.082906046167811,,,-7.405533592466962,32.61979007720947,32.42085475921631,0.5793227216491781,0.0,30.0,10.5,偏空逆風
2024-08-01,22642.099609375,18890.390625,4859.58984375,18.59000015258789,32.57229995727539,32.84457478005865,43.6950146627566,341.0,,,-3.7429209945418873,19744.37646484375,,-6.421280714968858,5421.027490234375,,-14.015739296741703,32.617330169677736,32.424843088785806,-0.15081511729480024,0.0,30.0,10.5,偏空逆風
2024-08-02,21638.08984375,18440.849609375,4607.759765625,23.389999389648438,32.71649932861328,13.48973607038123,22.87390029325513,341.0,,,-8.144217871624626,19646.82041015625,,-9.568085018143913,5368.5999755859375,,-18.537708896910022,32.62782516479492,32.431138102213545,0.645714735002767,0.0,15.0,5.25,偏空逆風
2024-08-05,19830.880859375,17895.16015625,4519.4501953125,38.56999969482422,32.58890151977539,1.7595307917888565,4.9853372434017595,341.0,,,-16.949677697142874,19519.60146484375,,-12.44831842083034,5306.311987304687,,-21.608228912142224,32.63762016296387,32.433886464436846,0.6047601456068863,0.0,0.0,0.0,偏空逆風
2024-08-06,20501.01953125,18077.919921875,4567.56982421875,27.709999084472656,32.67900085449219,3.225806451612903,4.105571847507331,341.0,,,-14.221963004994508,19400.846484375,,-11.612464388185352,5246.43046875,,-20.77343943871204,32.64802017211914,32.43901151021321,0.6405721376143481,0.0,15.0,5.25,偏空逆風
2024-08-07,21295.279296875,17867.369140625,4426.27001953125,27.850000381469727,32.77799987792969,7.624633431085044,7.038123167155426,341.0,,,-11.295837613008853,19260.4458984375,,-13.581426808284125,5172.5169677734375,,-25.03615878208125,32.66154518127441,32.4467498143514,0.8321162366988766,0.0,15.0,5.25,偏空逆風
2024-08-08,20870.099609375,18413.8203125,4730.009765625,23.790000915527344,32.650001525878906,5.571847507331378,8.797653958944283,341.0,,,-14.431838702018263,19170.5689453125,,-8.893706895951926,5124.034448242188,,-17.012424671701233,32.66470031738281,32.457061513264975,0.1936444537053772,0.0,15.0,5.25,偏空逆風
2024-08-09,21469.0,18513.099609375,4709.4501953125,20.3700008392334,32.41019821166992,11.436950146627565,10.263929618768328,341.0,,,-10.235133520417516,19079.6494140625,,-8.943715409142005,5070.7474609375,,-18.453760948237207,32.66587028503418,32.46183484395345,0.07224966298606805,0.0,15.0,5.25,偏空逆風
2024-08-12,21773.259765625,18542.029296875,4743.81982421875,20.709999084472656,32.435001373291016,18.181818181818183,9.970674486803519,341.0,,,-8.819749208096162,18987.4068359375,,-9.04920951481225,5019.052954101562,,-17.894462403076204,32.660220336914065,32.46635150909424,-0.3471763587221788,0.0,15.0,5.25,偏空逆風
2024-08-13,21796.5703125,19006.4296875,4942.31005859375,18.1200008392334,32.23899841308594,25.513196480938415,11.436950146627565,341.0,,,-9.170549490045731,18917.79736328125,,-6.824920076831942,4975.966967773437,,-14.846921164435434,32.643470191955565,32.46690483093262,-1.0284364391054401,0.0,50.0,17.5,偏空逆風
2024-08-14,22027.25,19022.6796875,4933.35009765625,16.190000534057617,32.30500030517578,33.43108504398827,12.609970674486803,341.0,,,-7.331020132212029,18878.97431640625,,-3.9216900986075,4952.198974609375,,-8.788784510805147,32.630555152893066,32.468074862162275,-0.7932266466610605,0.0,50.0,17.5,偏空逆風
2024-08-15,21895.169921875,19490.150390625,5173.3798828125,15.229999542236328,31.9950008392334,35.19061583577713,14.369501466275661,341.0,,,-6.424782201895041,18868.22734375,,-1.090781391149931,4939.04697265625,,-4.838479051334554,32.60576524734497,32.46425987879435,-1.525964663786561,0.0,70.0,24.5,偏空逆風
2024-08-16,22349.330078125,19508.51953125,5170.25,14.800000190734863,32.442501068115234,47.50733137829912,15.249266862170089,341.0,,,-2.2734871737366436,18867.52236328125,,-0.07222191486417895,4934.20146484375,,-1.8398938588378932,32.59594030380249,32.46795492172241,-0.6020370453048929,10.0,70.0,31.0,中性偏空
2024-08-19,22409.630859375,19766.490234375,5266.56982421875,14.649999618530273,32.135501861572266,53.665689149560116,18.181818181818183,341.0,,,0.6858098215106079,18864.70341796875,,-0.28441345120145956,4923.638452148438,,-3.8566412410251716,32.56366548538208,32.46706329981486,-1.9691174865378303,10.0,70.0,31.0,中性偏空
2024-08-20,22429.099609375,19719.8203125,5196.2998046875,15.880000114440918,31.910499572753906,60.117302052785924,25.806451612903224,341.0,,,-1.935743855324279,18862.97744140625,,-0.17474403864182753,4913.558447265625,,-3.734787626734537,32.51876554489136,32.46440496444702,-2.737092077007619,20.0,70.0,37.5,中性偏空
2024-08-21,22237.890625,19824.83984375,5267.93017578125,16.270000457763672,31.895000457763672,59.530791788856305,35.483870967741936,341.0,,,-2.7717456185460065,18902.59990234375,,4.163687233852165,4921.6724609375,,3.1784449882277466,32.47595052719116,32.459758281707764,-2.6145537208593472,20.0,70.0,37.5,中性偏空
2024-08-22,22148.830078125,19491.83984375,5086.89990234375,17.549999237060547,31.69499969482422,66.56891495601172,28.739002932551323,341.0,21801.0060546875,,-3.161135136326043,18935.662890625,,3.5116271664576537,4925.749462890625,,1.6290544793925443,32.424960422515866,32.448391628265384,-3.117249800576938,45.0,70.0,53.75,震盪中性
2024-08-23,22158.05078125,19720.869140625,5228.64990234375,15.859999656677246,32.03499984741211,68.62170087976538,37.5366568914956,341.0,21802.948046875,,0.1755932608072941,18970.52333984375,,3.6649571041981632,4932.025463867188,,2.45966734952221,32.39456033706665,32.443034966786705,-1.8625790521559327,45.0,70.0,53.75,震盪中性
2024-08-26,22240.119140625,19516.439453125,5097.35009765625,16.149999618530273,31.754499435424805,72.43401759530792,50.146627565982406,341.0,21806.7294921875,,0.3412165380312082,18993.37080078125,,2.39748919373437,4932.511962890625,,0.19124817192774923,32.34238529205322,32.431193288167314,-3.1815991511315866,52.5,70.0,58.625,震盪中性
2024-08-27,22185.0,19581.51953125,5153.6298828125,15.430000305175781,31.80900001525879,74.7800586510264,46.33431085043988,341.0,21804.8009765625,,-0.1735558776453927,19032.63330078125,,4.177690677900059,4945.685961914062,,5.387973492233211,32.290370273590085,32.42277161280314,-3.166887443827826,52.5,70.0,58.625,震盪中性
2024-08-28,22370.66015625,19350.779296875,5059.56005859375,17.110000610351562,31.69499969482422,77.12609970674487,45.45454545454545,341.0,21813.36650390625,,0.7716917382239563,19032.05078125,,-0.060170086156707825,4937.004956054688,,-3.3176789515293237,32.237045192718504,32.412208271026614,-3.2553502578121174,52.5,70.0,58.625,震盪中性
2024-08-29,22201.849609375,19325.44921875,5029.25,15.649999618530273,31.982999801635742,78.2991202346041,35.77712609970675,341.0,21791.35400390625,,-1.944386817456245,19053.8037109375,,2.3030682762813504,4945.487963867187,,3.4912443581674335,32.207580184936525,32.407724952697755,-1.8092064619711357,45.0,70.0,53.75,震盪中性
2024-08-30,22268.08984375,19574.640625,5158.81982421875,15.0,31.857999801635742,85.33724340175954,57.478005865102645,341.0,21822.85400390625,,2.911532415981588,19110.49326171875,,6.148258023039244,4973.040966796875,,11.95939212596957,32.16465520858765,32.40187660853068,-2.624056804961128,60.0,70.0,63.5,中性偏多
2024-09-02,22235.099609375,,,,31.996000289916992,75.0733137829912,92.37536656891496,341.0,21943.06494140625,,12.123610479276369,,,9.385110019054132,,,14.147066596051738,32.135010147094725,32.395059967041014,-1.819334810958928,60.0,0.0,39.0,中性偏空
2024-09-03,22092.2109375,18958.740234375,4759.0,20.719999313354492,31.930999755859375,56.598240469208214,91.78885630498533,341.0,22022.62451171875,,7.761523293144146,,,4.872354321219063,,,4.1910727837421335,32.09761009216309,32.388343302408856,-2.288935031898287,60.0,15.0,44.25,中性偏空
2024-09-04,21092.75,18921.400390625,4770.85009765625,21.31999969482422,31.981000900268555,15.542521994134898,51.31964809384164,341.0,22012.498046875,,-0.9510525504341283,,,5.899196695967124,,,7.784886068959063,32.05776014328003,32.382763322194414,-2.431505828998959,7.5,15.0,10.125,偏空逆風
2024-09-05,21187.7109375,18930.330078125,4742.419921875,19.899999618530273,31.954999923706055,20.234604105571847,59.530791788856305,341.0,22028.37861328125,,1.5218486450458757,,,2.805011436298055,,,0.2623706263819914,32.023010063171384,32.37866331736247,-2.1286418673578944,15.0,30.0,20.25,偏空逆風
2024-09-06,21435.189453125,18421.310546875,4528.22021484375,22.3799991607666,32.00699996948242,21.114369501466275,51.31964809384164,341.0,22026.6880859375,,-0.15748542957286782,,,-0.4958060208000936,,,-3.848219493841032,32.00285015106201,32.37379665374756,-1.244047443197438,7.5,15.0,10.125,偏空逆風
2024-09-09,21144.439453125,18660.779296875,4625.77978515625,19.450000762939453,32.025901794433594,19.941348973607038,39.589442815249264,341.0,21995.2470703125,,-2.8880393623593403,,,0.6404369128033549,,,-2.488290943510696,31.98239517211914,32.368411699930824,-1.2612904625751042,0.0,30.0,10.5,偏空逆風
2024-09-10,21064.080078125,18829.140625,4680.669921875,19.079999923706055,32.108001708984375,16.715542521994134,30.791788856304986,341.0,21958.62255859375,,-3.360575649623776,,,-0.9327846703192089,,,-5.293883500162178,31.975845336914062,32.36519508361816,-0.40632994370070064,0.0,30.0,10.5,偏空逆風
2024-09-11,21031.0,19237.30078125,4910.169921875,17.690000534057617,32.15800094604492,13.78299120234604,27.56598240469208,341.0,21908.81005859375,,-4.522806977720773,,,1.1282379626621708,,,-0.46986683130926243,31.96849536895752,32.36203676859538,-0.4550359317201713,0.0,30.0,10.5,偏空逆風
2024-09-12,21653.25,19423.0703125,4898.43994140625,17.06999969482422,32.106998443603516,24.926686217008797,35.77712609970675,341.0,21896.7140625,,-1.1049008650684367,,,-0.34417424586556944,,,-5.314512903250767,31.974095249176024,32.35747343699138,0.3500471993511667,0.0,30.0,10.5,偏空逆風
2024-09-13,21759.650390625,19514.58984375,4980.490234375,16.559999465942383,31.92300033569336,32.55131964809384,31.964809384164223,341.0,21867.230078125,,-2.638466949294216,,,0.031116213048743013,,,-3.6702241791983004,31.948120212554933,32.35050678253174,-1.6012968030151176,0.0,30.0,10.5,偏空逆風
2024-09-16,21850.080078125,19423.060546875,4910.43994140625,17.139999389648438,31.937999725341797,45.45454545454545,37.82991202346041,341.0,21839.2525390625,,-2.4969210102624873,,,-1.73743382577225,,,-6.762084140132496,31.93824510574341,32.343423461914064,-0.614591728118119,35.0,30.0,33.25,中性偏空
2024-09-17,,19432.400390625,4912.10009765625,17.610000610351562,31.863000869750977,,,,,,-2.581554950195053,,,-1.4575179556418738,,,-5.4692707833154275,31.93587017059326,32.33578182856242,-0.14884976305254982,0.0,30.0,10.5,偏空逆風
2024-09-18,21678.83984375,19344.490234375,4859.2900390625,18.229999542236328,31.93950080871582,39.882697947214076,33.137829912023456,341.0,,,-2.5139559802561107,,,-2.4229684232553117,,,-7.7571289497615155,31.93809518814087,32.32688185373942,0.13952139932111862,0.0,30.0,10.5,偏空逆風
2024-09-19,22042.689453125,19839.830078125,5066.64990234375,16.329999923706055,31.77899932861328,52.19941348973607,40.76246334310851,341.0,,,-0.47921549185945267,,,1.7853124033675227,,,-0.39808135384519217,31.942295169830324,32.31349353790283,0.2650248764721752,10.0,30.0,17.0,偏空逆風
2024-09-20,22159.419921875,19791.490234375,5000.06005859375,16.149999618530273,31.76799964904785,53.95894428152492,38.70967741935484,341.0,,,0.006178975933024411,,,0.35810335359165446,,,-4.371871286458373,31.92894515991211,32.30092687606812,-0.8334640225878709,10.0,30.0,17.0,偏空逆風
2024-09-23,22285.529296875,19852.19921875,5025.81005859375,15.890000343322754,31.98900032043457,60.117302052785924,40.469208211143695,341.0,,,0.20418126343151322,,,1.7203945752063854,,,-1.4034750937628182,31.940670204162597,32.29234352111816,0.7384808111576158,20.0,30.0,23.5,偏空逆風
2024-09-24,22431.779296875,19944.83984375,5091.77978515625,15.390000343322754,31.933000564575195,59.2375366568915,35.77712609970675,341.0,,,1.1123700557809313,,,1.855424508400283,,,-1.2001268826564715,31.946870231628417,32.28253183364868,0.38982850531901203,20.0,30.0,23.5,偏空逆風
2024-09-25,22761.599609375,19972.609375,5132.52001953125,15.40999984741211,31.700000762939453,71.5542521994135,41.348973607038126,341.0,,,1.7475543877312871,,,3.2134627168499685,,,1.4420218377203753,31.94712028503418,32.26798518498739,0.015778729021564963,20.0,30.0,23.5,偏空逆風
2024-09-26,22858.810546875,20115.5390625,5310.5,15.369999885559082,31.863000869750977,70.67448680351906,41.935483870967744,341.0,,,2.959036967904649,,,4.0883388262118014,,,5.5922851319779365,31.94112033843994,32.2553435643514,-0.375195987333965,20.0,30.0,23.5,偏空逆風
2024-09-27,22822.7890625,20008.619140625,5217.22998046875,16.959999084472656,31.459999084472656,78.59237536656892,51.31964809384164,341.0,,,2.4910049431369874,,,2.2170446136862365,,,1.132238733669011,31.921220302581787,32.237900225321454,-1.2492959998783415,27.5,30.0,28.375,偏空逆風
2024-09-30,22224.5390625,20060.689453125,5173.06005859375,16.729999542236328,31.575000762939453,70.96774193548387,40.17595307917888,341.0,,,-0.04749493845553898,19434.121484375,,2.4830536480155763,4929.773999023438,,0.27603666846722774,31.90017032623291,32.224266878763835,-1.315787983381822,20.0,70.0,37.5,中性偏空
2024-10-01,22390.390625,19773.30078125,5024.93994140625,19.260000228881836,31.579999923706055,70.67448680351906,43.401759530791786,341.0,,,1.3497050537113031,19474.84951171875,,4.296490889189353,4943.07099609375,,5.588147539530364,31.882620334625244,32.20941686630249,-1.0992447303154407,20.0,70.0,37.5,中性偏空
2024-10-02,,19802.58984375,5099.2001953125,18.899999618530273,31.761999130249023,,,,,,6.152069431439711,19518.908984375,,4.65710483861228,4959.488500976562,,6.882423277511007,31.871670246124268,32.1969918568929,-0.6847871043888842,0.0,70.0,24.5,偏空逆風
2024-10-03,,19793.33984375,5125.2099609375,20.489999771118164,31.812000274658203,,,,,,5.676307794870783,19562.05947265625,,4.5588733110483615,4978.628002929688,,8.07161840091033,31.864520263671874,32.18407688140869,-0.44750320572451985,0.0,55.0,19.25,偏空逆風
2024-10-04,22302.7109375,20035.01953125,5206.83984375,19.209999084472656,32.018001556396484,59.82404692082112,45.45454545454545,341.0,,,4.047183656912012,19642.744921875,,8.760011836664638,5012.558984375,,14.986453765691387,31.865070343017578,32.17793025970459,0.034372440167929064,27.5,70.0,42.375,中性偏空
2024-10-07,22702.560546875,19800.740234375,5196.7998046875,22.639999389648438,32.34000015258789,70.08797653958945,77.12609970674487,341.0,,,7.368940175520811,19699.74296875,,6.108860296584195,5041.1099853515625,,12.344297525005544,31.880775260925294,32.17446358998617,0.9807635087699218,35.0,55.0,42.0,中性偏空
2024-10-08,22611.390625,20107.779296875,5266.10009765625,21.420000076293945,32.12179946899414,58.06451612903226,71.26099706744868,341.0,,,7.345730462171374,19763.67490234375,,6.79074365283201,5070.381494140625,,12.507401409470376,31.88146514892578,32.16692689259847,0.042972963982079726,35.0,55.0,42.0,中性偏空
2024-10-09,22659.080078125,20268.859375,5321.89990234375,20.860000610351562,32.16999816894531,42.22873900293255,62.4633431085044,341.0,,,7.741334592387439,19815.25283203125,,5.3622834382016205,5090.967993164062,,8.38524912619576,31.8820650100708,32.1603718439738,0.03730711657270458,15.0,55.0,29.0,偏空逆風
2024-10-10,,20241.759765625,5293.93994140625,20.93000030517578,32.227500915527344,,,,,,4.645169099904178,19856.1873046875,,4.215036242741288,5110.742993164063,,8.073999165670266,31.888090133666992,32.155983543396,0.37531528254033386,0.0,55.0,19.25,偏空逆風
2024-10-11,22901.640625,20271.970703125,5335.93994140625,20.459999084472656,32.195499420166016,41.935483870967744,65.39589442815249,341.0,,,5.248201206702374,19894.05634765625,,3.881100578793717,5128.515478515625,,7.1368417626433756,31.901715087890626,32.14859186808268,0.8536136378383352,15.0,55.0,29.0,偏空逆風
2024-10-14,22975.2890625,20439.05078125,5432.2099609375,19.700000762939453,32.130001068115234,48.97360703812317,76.53958944281524,341.0,,,5.149678995920448,19944.855859375,,5.230845220932312,5154.603979492187,,10.625728565205206,31.911315155029296,32.13774191538493,0.6011689661988839,25.0,70.0,40.75,中性偏空
2024-10-15,23292.0390625,20159.830078125,5145.2099609375,20.639999389648438,32.152000427246094,47.214076246334315,74.7800586510264,341.0,,,6.599330433660988,19981.22734375,,3.743385649108699,5166.25947265625,,4.7456252650974085,31.925765132904054,32.126800282796225,0.9070067150187322,25.0,35.0,28.5,偏空逆風
2024-10-16,23010.98046875,20174.05078125,5155.85986328125,19.579999923706055,32.17100143432617,43.10850439882698,63.049853372434015,341.0,,,6.144888908269031,20022.70537109375,,4.288355685904177,5181.087963867188,,6.103151321174627,31.93734016418457,32.11712862650553,0.7248097802053932,15.0,50.0,27.25,偏空逆風
2024-10-17,23053.83984375,20190.419921875,5204.81005859375,19.110000610351562,32.1349983215332,52.785923753665685,64.51612903225806,341.0,,,4.587236928484928,20040.23486328125,,1.76710104053035,5187.9959716796875,,2.7268542116180017,31.955140113830566,32.107465235392254,1.120233488910971,25.0,70.0,40.75,中性偏空
2024-10-18,23487.26953125,20324.0390625,5208.6201171875,18.030000686645508,32.06800079345703,49.266862170087975,56.598240469208214,341.0,,,5.992257983541327,20066.8623046875,,2.690797013354951,5198.423974609375,,4.171151069181489,31.970140171051025,32.09788188934326,0.9443501250421704,25.0,70.0,40.75,中性偏空
2024-10-21,23542.529296875,20361.470703125,5215.2099609375,18.3700008392334,32.04199981689453,56.89149560117303,63.929618768328446,341.0,,,5.640431435372117,20092.32587890625,,2.5653152014211367,5207.893969726562,,3.768544774585947,31.972790145874022,32.08528188069661,0.16568037740805064,35.0,70.0,47.25,震盪中性
2024-10-22,23535.4296875,20390.4609375,5190.7099609375,18.200000762939453,32.05099868774414,56.598240469208214,60.70381231671554,341.0,,,4.920030533550901,20114.60693359375,,2.2342675962356395,5212.840478515625,,1.942939010631517,31.97869005203247,32.071976852416995,0.3695178062904869,35.0,50.0,40.25,中性偏空
2024-10-23,23334.759765625,20066.9609375,5131.3701171875,19.239999771118164,32.013999938964844,52.19941348973607,55.13196480938416,341.0,,,2.518101390439753,20119.32451171875,,0.47240478561654253,5212.782983398438,,-0.022404244686313746,31.99439001083374,32.05951849619547,0.9905336544738796,25.0,30.0,26.75,偏空逆風
2024-10-24,23192.51953125,20232.869140625,5157.60986328125,19.079999923706055,32.00400161743164,44.28152492668622,50.733137829912025,341.0,,,1.459870292422627,20125.191015625,,0.5832808047572025,5205.1384765625,,-2.879015850084743,32.00144004821777,32.050046857198076,0.4425218712356793,7.5,50.0,22.375,偏空逆風
2024-10-25,23348.44921875,20352.01953125,5212.830078125,20.329999923706055,31.983800888061523,46.9208211143695,48.38709677419355,341.0,,,2.3032248811067024,20142.36103515625,,1.7162623178116787,5204.918481445313,,-0.08433406923255005,32.027630138397214,32.03783521652222,1.6649771736560348,17.5,55.0,30.625,中性偏空
2024-10-28,23198.0703125,20351.0703125,5211.669921875,19.799999237060547,32.06380081176758,40.76246334310851,40.469208211143695,341.0,,,4.380433930540595,20156.880078125,,1.4475118617110372,5206.848974609375,,0.7463641025607037,32.05207014083862,32.02908353805542,1.5480602914247354,0.0,70.0,24.5,偏空逆風
2024-10-29,22926.58984375,20550.650390625,5332.169921875,19.34000015258789,32.01380157470703,26.97947214076246,35.77712609970675,341.0,,,2.3947738462021695,20195.74755859375,,3.931309284042861,5222.210473632813,,6.114102537567256,32.073760223388675,32.017996883392335,1.3736594428403803,0.0,70.0,24.5,偏空逆風
2024-10-30,22820.4296875,20387.69921875,5153.490234375,20.350000381469727,32.00299835205078,25.806451612903224,28.739002932551323,341.0,,,1.9206411790772426,20225.00302734375,,2.95471137672767,5224.924975585937,,1.0646775373206019,32.08581018447876,32.005080191294354,0.7587659102107347,0.0,35.0,12.25,偏空逆風
2024-10-31,,19890.419921875,4946.75,23.15999984741211,31.86549949645996,,,,,,1.9206411790772426,20229.85703125,,0.49046840448028206,5216.001977539063,,-3.4820029286147802,32.088485145568846,31.992005157470704,0.16817308355292493,0.0,15.0,5.25,偏空逆風
2024-11-01,22780.080078125,20033.140625,5001.43017578125,21.8799991607666,31.86280059814453,32.16374269005848,37.13450292397661,342.0,,,2.140408589622833,20229.7630859375,,-0.009378110398494677,5205.731494140625,,-3.9449968528475488,32.08072509765625,31.982881863911945,-0.48473031016187385,0.0,15.0,5.25,偏空逆風
2024-11-04,22965.390625,19963.599609375,4974.0,21.979999542236328,31.922800064086914,30.994152046783626,35.08771929824561,342.0,,,1.1577111647046223,20237.9060546875,,0.822491346648091,5194.59150390625,,-4.287250097387529,32.0598650932312,31.97434517542521,-1.2900435576144953,0.0,15.0,5.25,偏空逆風
2024-11-05,23106.7890625,20227.4609375,5057.830078125,20.489999771118164,31.91200065612793,34.50292397660819,38.30409356725146,342.0,,,2.190924236885583,20243.89013671875,,0.595200687544839,5184.178002929688,,-3.954919497712228,32.04937515258789,31.968895212809244,-0.6531353047911304,0.0,15.0,5.25,偏空逆風
2024-11-06,23217.380859375,20781.330078125,5215.56982421875,16.270000457763672,31.82229995727539,35.67251461988304,32.45614035087719,342.0,,,2.4639163607925285,20269.513671875,,2.5283647868073578,5178.861499023437,,-1.9979721542333517,32.0319902420044,31.960850207010903,-1.0808151428667645,0.0,70.0,24.5,偏空逆風
2024-11-07,23408.8203125,21101.5703125,5333.990234375,15.199999809265137,32.334598541259766,54.385964912280706,47.07602339181287,342.0,,,3.30878496298177,20312.50419921875,,4.247706507885485,5180.864013671875,,0.7565309280428201,32.03734512329102,31.966510168711345,0.33231750117124204,17.5,70.0,35.875,中性偏空
2024-11-08,23553.890625,21117.1796875,5290.52001953125,14.9399995803833,32.034000396728516,40.058479532163744,46.49122807017544,342.0,,,2.8480492322807027,20354.7646484375,,4.169347897906683,5178.593017578125,,-0.8512075168340405,32.02927017211914,31.959701824188233,-0.5016198734172916,7.5,70.0,29.375,偏空逆風
2024-11-11,23529.640625,21106.58984375,5156.39013671875,14.970000267028809,32.23500061035156,39.473684210526315,46.49122807017544,342.0,,,2.412816487278957,20388.1416015625,,3.2659983560116013,5164.802026367188,,-5.077488281972597,32.03452014923096,31.96136013666789,0.32679595003353157,7.5,50.0,22.375,偏空逆風
2024-11-12,22981.76953125,21070.7890625,5108.64013671875,14.710000038146973,32.37480163574219,25.438596491228072,33.33333333333333,342.0,,,-1.3320840241485388,20433.68955078125,,4.518683842298166,5162.97353515625,,-0.7107547504647704,32.045660209655765,31.96909850438436,0.692962196863145,0.0,50.0,17.5,偏空逆風
2024-11-13,22860.23046875,21036.16015625,5006.2900390625,14.020000457763672,32.414798736572266,25.730994152046783,27.485380116959064,342.0,,,-0.6551220197015373,20476.79501953125,,4.273357811715517,5155.495043945312,,-2.9009676016206187,32.05785007476807,31.97776180903117,0.7578169512185706,0.0,50.0,17.5,偏空逆風
2024-11-14,22715.380859375,20896.669921875,5004.58984375,14.3100004196167,32.40800094604492,20.46783625730994,27.485380116959064,342.0,,,-1.4681241245230514,20512.10751953125,,3.497946069139579,5145.484033203125,,-3.846830385542366,32.07150020599365,31.98964516321818,0.8495492104282576,0.0,50.0,17.5,偏空逆風
2024-11-15,22742.76953125,20394.130859375,4833.58984375,16.139999389648438,32.537200927734375,23.976608187134502,24.853801169590643,342.0,,,-3.1698022582379637,20515.612109375,,0.3448713942118209,5126.73251953125,,-7.200184789825014,32.09496021270752,31.99801518122355,1.4631412082697581,0.0,30.0,10.5,偏空逆風
2024-11-18,22546.5390625,20539.189453125,4888.77001953125,15.579999923706055,32.46179962158203,21.637426900584796,23.099415204678362,342.0,,,-4.230599957274794,20524.498046875,,0.8728188282230764,5110.4105224609375,,-6.259382533998082,32.115950202941896,32.009803517659506,1.3101548189453416,0.0,50.0,17.5,偏空逆風
2024-11-19,22848.80078125,20684.58984375,4919.16015625,16.350000381469727,32.442298889160156,29.53216374269006,24.269005847953213,342.0,,,-2.9174266854990916,20539.2044921875,,1.4424828705518422,5096.833032226563,,-5.231457868596745,32.135515213012695,32.02035849889119,1.220867422036509,0.0,50.0,17.5,偏空逆風
2024-11-20,22688.359375,20667.099609375,4884.25,17.15999984741211,32.32550048828125,28.947368421052634,23.684210526315788,342.0,,,-2.7701180432859185,20569.21142578125,,2.990680421136882,5084.477026367187,,-4.815870060898009,32.15109024047852,32.03086684544881,0.9730135250524352,0.0,50.0,17.5,偏空逆風
2024-11-21,22555.66015625,20740.779296875,4963.0498046875,16.8700008392334,32.471500396728516,30.116959064327485,25.146198830409354,342.0,,,-2.745968906663565,20594.60693359375,,2.510321955427375,5074.7490234375,,-3.7722911145119387,32.17446517944336,32.03900852203369,1.4607510175922656,0.0,50.0,17.5,偏空逆風
2024-11-22,22904.3203125,20776.23046875,4955.7998046875,15.239999771118164,32.50529861450195,37.42690058479532,32.748538011695906,342.0,,,-1.9021773227377414,20615.81748046875,,2.0843677790729043,5061.897509765625,,-4.930724186005908,32.20054006576538,32.04979683558146,1.6305057934346001,0.0,50.0,17.5,偏空逆風
2024-11-25,22948.369140625,20804.890625,4987.919921875,14.600000381469727,32.56850051879883,54.97076023391813,37.719298245614034,342.0,,,-1.0763876844551712,20638.50849609375,20076.503352864584,2.2299579605955966,5050.710009765625,5062.444327799479,-4.293249636951324,32.22577505111694,32.05933850606282,1.5740482857728555,10.0,65.0,29.25,偏空逆風
2024-11-26,22678.759765625,20922.900390625,4927.56005859375,14.100000381469727,32.332000732421875,51.16959064327485,37.719298245614034,342.0,,,-1.0809722676334288,20657.12099609375,20109.23935546875,1.8113781944819385,5030.479516601563,5065.253662109375,-7.588090199851949,32.24168500900269,32.0660218556722,0.9939436807349988,10.0,65.0,29.25,偏空逆風
2024-11-27,22334.779296875,20744.490234375,4853.009765625,14.100000381469727,32.404998779296875,32.16374269005848,36.54970760233918,342.0,,,-2.128138677822611,20674.960546875,20139.624186197918,1.7500307994384734,5015.455493164062,5066.622989908854,-5.8306207072194365,32.26178503036499,32.07308848698934,1.2561336373044352,0.0,65.0,22.75,偏空逆風
2024-11-28,22298.900390625,,,,32.414798736572266,27.192982456140353,33.91812865497076,342.0,22883.33154296875,,-2.285361424025556,,,4.293877735385143,,,-1.894986291504519,32.28924999237061,32.08075180053711,1.7238055225631266,0.0,0.0,0.0,偏空逆風
2024-11-29,22262.5,20930.369140625,4926.56005859375,13.510000228881836,32.494300842285156,30.994152046783626,32.45614035087719,342.0,22857.4525390625,,-2.272073128584018,,,4.4787211971413,,,-1.4969741565132422,32.320825004577635,32.08887348175049,1.9819357755306743,0.0,30.0,10.5,偏空逆風
2024-12-02,22736.9296875,21164.599609375,5055.31982421875,13.34000015258789,32.43899917602539,38.30409356725146,39.1812865497076,342.0,22846.0294921875,,-0.9948053626890996,,,6.0159491449428115,,,1.6348979537344155,32.34663496017456,32.09575843811035,1.6170232902570358,0.0,30.0,10.5,偏空逆風
2024-12-03,23027.4609375,21229.3203125,5035.85986328125,13.300000190734863,32.59149932861328,45.90643274853801,40.35087719298245,342.0,22842.0630859375,,-0.34331089787261737,,,4.952966554208671,,,-0.4343802481378445,32.38060989379883,32.103816731770834,2.1292888522013387,35.0,30.0,33.25,中性偏空
2024-12-04,23255.330078125,21492.359375,5121.77978515625,13.449999809265137,32.4640007019043,56.72514619883041,42.10526315789473,342.0,22843.960546875,,0.16345176477852164,,,3.4214811766232867,,,-1.7982702221142066,32.41269493103027,32.108916727701825,2.016512777173407,45.0,30.0,39.75,中性偏空
2024-12-05,23267.939453125,21425.220703125,5026.3701171875,13.539999961853027,32.3129997253418,55.26315789473685,35.67251461988304,342.0,22836.91650390625,,-0.6018281036561768,,,1.5337739600985056,,,-5.767166861405859,32.411614990234376,32.11235008239746,-0.06679784779268783,45.0,30.0,39.75,中性偏空
2024-12-06,23193.26953125,21622.25,5061.2998046875,12.770000457763672,32.32279968261719,57.89473684210527,40.35087719298245,342.0,22818.88544921875,,-1.5310468214845052,,,2.391750792360625,,,-4.332659436076747,32.42605495452881,32.11901340484619,0.9015398711119671,45.0,30.0,39.75,中性偏空
2024-12-09,23273.25,21440.8203125,5018.83984375,14.1899995803833,32.38800048828125,51.16959064327485,39.1812865497076,342.0,22806.06591796875,,-1.0896495577054743,,,1.5835360957136002,,,-2.66756954616858,32.433704948425294,32.126513417561846,0.47463897947175315,35.0,30.0,33.25,中性偏空
2024-12-10,23125.080078125,21368.1796875,4894.7001953125,14.180000305175781,32.37080001831055,45.02923976608187,46.198830409356724,342.0,22813.2314453125,,0.6235836047356225,,,1.4113881740160927,,,-4.187806063467647,32.43350486755371,32.13497673670451,-0.01236028401552236,42.5,30.0,38.125,中性偏空
2024-12-11,22903.630859375,21763.98046875,5027.7998046875,13.579999923706055,32.523799896240234,40.058479532163744,45.02923976608187,342.0,22815.40146484375,,0.1898510633317141,,,3.4598534480341447,,,0.42965480340064754,32.43895492553711,32.144715054829916,0.3362697407248927,32.5,30.0,31.625,中性偏空
2024-12-12,23046.80078125,21615.26953125,4982.18994140625,13.920000076293945,32.485801696777344,40.058479532163744,49.707602339181285,342.0,22831.9724609375,,1.4590110723951,,,3.4388235640490983,,,-0.447587175834685,32.44284496307373,32.156495094299316,0.2400664911789807,32.5,30.0,31.625,中性偏空
2024-12-13,23020.48046875,21780.25,5149.77978515625,13.8100004196167,32.465999603271484,28.947368421052634,37.719298245614034,342.0,22845.8580078125,,1.2210955095790288,,,6.796657088173053,,,6.541513691218426,32.43928489685059,32.16812842686971,-0.21883051532622932,25.0,30.0,26.75,偏空逆風
2024-12-16,23039.900390625,22096.66015625,5256.06005859375,14.6899995803833,32.49829864501953,21.929824561403507,36.84210526315789,342.0,22870.52607421875,,2.1881909536420663,,,7.582921938957199,,,7.512933469873406,32.441109848022464,32.17661673227946,0.11243684534738563,25.0,30.0,26.75,偏空逆風
2024-12-17,23018.009765625,22001.080078125,5169.7900390625,15.869999885559082,32.41699981689453,23.976608187134502,30.994152046783626,342.0,22878.9865234375,,0.7405595855772606,,,6.364594339649354,,,5.094973020832927,32.43984489440918,32.184683386484785,-0.07798174954265491,25.0,30.0,26.75,偏空逆風
2024-12-18,23168.669921875,21209.3203125,4970.97998046875,27.6200008392334,32.4297981262207,26.608187134502927,34.7953216374269,342.0,22903.00205078125,,2.1169910919352164,,,2.623593602263563,,,1.7757072317909683,32.44505977630615,32.196846675872806,0.32264817671505686,25.0,15.0,21.5,偏空逆風
2024-12-19,22932.25,21110.509765625,4893.47021484375,24.09000015258789,32.678001403808594,21.34502923976608,30.116959064327485,342.0,22921.83154296875,,1.6696024019746902,,,1.7826257319352834,,,-1.4019522789804229,32.45538482666016,32.2104300181071,0.6359453815102611,25.0,15.0,21.5,偏空逆風
2024-12-20,22510.25,21289.150390625,4964.91015625,18.360000610351562,32.630001068115234,19.005847953216374,25.146198830409354,342.0,22902.12802734375,,-1.7205064683143534,,,2.4687824032684658,,,0.183832114321536,32.46161994934082,32.229930051167806,0.3836373112340752,0.0,30.0,10.5,偏空逆風
2024-12-23,23104.5390625,21503.169921875,5118.75,16.780000686645508,32.61600112915039,29.82456140350877,26.608187134502927,342.0,22909.9365234375,,0.680527321649782,,,3.356322844763815,,,2.6229386231970686,32.4639949798584,32.24728005727132,0.1458483184515913,25.0,30.0,26.75,偏空逆風
2024-12-24,23120.240234375,21797.650390625,5173.56005859375,14.270000457763672,32.608001708984375,32.748538011695906,27.77777777777778,342.0,22932.010546875,,1.9466693651350786,,,4.180825715692604,,,4.992328801167467,32.47779502868652,32.2644134203593,0.8536464502975516,25.0,30.0,26.75,偏空逆風
2024-12-25,23220.130859375,,,,32.61399841308594,38.88888888888889,38.59649122807017,342.0,22976.278125,,3.9640040796099285,,,5.076818684630013,,,6.605185409666436,32.48824501037598,32.27861340840658,0.6449610913813464,25.0,0.0,16.25,偏空逆風
2024-12-26,23246.939453125,21768.310546875,5175.31005859375,14.729999542236328,32.70790100097656,41.52046783625731,45.90643274853801,342.0,23023.680078125,,4.251505885458728,,,4.935384292082823,,,6.641245506070859,32.50290012359619,32.29354508717855,0.9042236133756987,32.5,30.0,31.625,中性偏空
2024-12-27,23275.6796875,21473.01953125,5122.97021484375,15.949999809265137,32.721500396728516,39.76608187134503,39.76608187134503,342.0,23074.3390625,,4.551059797866364,,,2.5926460588396205,,,3.986760618240881,32.51426010131836,32.30527006785075,0.6991981626135013,25.0,30.0,26.75,偏空逆風
2024-12-30,23190.19921875,21197.08984375,5026.509765625,17.399999618530273,32.80849838256836,33.91812865497076,34.50292397660819,342.0,23097.0025390625,,1.9935388703743673,,,0.15351216169763315,,,-0.5698958640703244,32.53273506164551,32.31307837168376,1.1390585897485206,25.0,30.0,26.75,偏空逆風
2024-12-31,23035.099609375,21012.169921875,4979.93017578125,17.350000381469727,32.7599983215332,31.28654970760234,29.82456140350877,342.0,23097.38447265625,,0.03317201099910516,,,-1.0228796185111078,,,-1.1106283538151795,32.5411600112915,32.32371501922607,0.5170028884556199,0.0,30.0,10.5,偏空逆風
2025-01-02,22832.060546875,20975.619140625,5021.5,17.93000030517578,32.80099868774414,28.947368421052634,25.146198830409354,342.0,23076.22099609375,,-1.8200968544761498,,,-2.4042973847537397,,,-1.9579089567044128,32.55800991058349,32.33423169453939,1.0380667156037804,0.0,30.0,10.5,偏空逆風
2025-01-03,22908.30078125,21326.16015625,5163.64990234375,16.1299991607666,32.86980056762695,26.023391812865498,24.269005847953213,342.0,23058.2390625,,-1.5456403975930844,,,-0.4623548492107332,,,2.731191336006611,32.58584995269776,32.34493668874105,1.723148104533534,0.0,30.0,10.5,偏空逆風
2025-01-06,23547.7109375,21559.5,5310.14013671875,16.040000915527344,32.91230010986328,44.15204678362573,28.654970760233915,342.0,23075.9611328125,,1.528208025058464,,,-0.2902103157626956,,,4.916530172758926,32.61532497406006,32.35688336690267,1.8237913579098874,25.0,30.0,26.75,偏空逆風
2025-01-07,23651.26953125,21173.0390625,5212.25,17.81999969482422,32.735801696777344,38.59649122807017,27.77777777777778,342.0,23094.862109375,,1.6242661907984512,,,-1.2489319256310472,,,3.8536825695056898,32.63271503448486,32.36698004404704,1.0738582291362375,25.0,30.0,26.75,偏空逆風
2025-01-08,23407.330078125,21180.970703125,5162.35009765625,17.700000762939453,32.7244987487793,40.643274853801174,32.748538011695906,342.0,23108.974609375,,1.2205363140212144,,,-0.8761110544409867,,,5.468157224421422,32.6503999710083,32.37652168273926,1.0926474794218155,25.0,30.0,26.75,偏空逆風
2025-01-09,23081.130859375,,,,32.9202995300293,23.684210526315788,26.023391812865498,342.0,23117.849609375,,0.7749862940501728,,,-2.6787828010695014,,,2.6761266994622,32.67022495269775,32.38900998433431,1.2191061163025374,0.0,0.0,0.0,偏空逆風
2025-01-10,23011.859375,20847.580078125,5037.47021484375,19.540000915527344,32.83100128173828,23.391812865497073,22.514619883040936,342.0,23116.1025390625,,-0.15161065772923976,,,-3.5516071266894156,,,1.1095577263739775,32.687484931945804,32.400610033671065,1.062616795432758,0.0,30.0,10.5,偏空逆風
2025-01-13,22488.330078125,20784.720703125,5020.0400390625,19.190000534057617,33.09629821777344,12.280701754385964,16.374269005847953,342.0,23089.49501953125,,-2.311638939714522,,,-4.570789118008289,,,-2.5193260975491127,32.7189998626709,32.417748324076335,1.9414113910062314,0.0,30.0,10.5,偏空逆風
2025-01-14,22797.51953125,20757.41015625,5045.9501953125,18.709999084472656,33.054500579833984,18.128654970760234,26.608187134502927,342.0,23077.3759765625,,-1.052004805861162,,,-6.0608706950728735,,,-3.997478357153028,32.74680995941162,32.434623336791994,1.7114801635921717,0.0,30.0,10.5,偏空逆風
2025-01-15,22514.5703125,21237.849609375,5153.669921875,16.1200008392334,32.95240020751953,21.637426900584796,23.391812865497073,342.0,23052.20400390625,,-2.1871545726635078,,,-3.469059091825477,,,-0.3118137693348788,32.77357997894287,32.449646695454916,1.6516037685448293,0.0,30.0,10.5,偏空逆風
2025-01-16,23025.099609375,21091.25,5162.9599609375,16.600000381469727,32.79600143432617,28.362573099415204,26.023391812865498,342.0,23045.02548828125,,-0.6196743834847696,,,-0.5566906942812921,,,3.862014758117116,32.791890144348145,32.46268005371094,1.1292185868076121,0.0,30.0,10.5,偏空逆風
2025-01-17,23148.080078125,21441.16015625,5309.740234375,15.970000267028809,32.84299850463867,33.33333333333333,30.994152046783626,342.0,23055.8169921875,,0.9411639857624055,,,1.5662833076793392,,,8.506642551303267,32.80013999938965,32.47666333516439,0.5049179684864402,25.0,30.0,26.75,偏空逆風
2025-01-20,23266.8203125,,,,32.90999984741211,38.59649122807017,42.10526315789473,342.0,23093.6455078125,,3.3610035983607567,,,0.7140245751279028,,,6.945343768021983,32.814139938354494,32.4920999844869,0.8581022682542239,25.0,0.0,16.25,偏空逆風
2025-01-21,23300.009765625,21566.509765625,5378.5,15.0600004196167,32.316001892089844,41.812865497076025,30.701754385964914,342.0,23103.41904296875,,0.8460272788660017,,,0.2945604949415648,,,5.074481074481074,32.799139976501465,32.4963033358256,-0.9197915951518199,25.0,30.0,26.75,偏空逆風
2025-01-22,23525.41015625,21853.0,5469.2900390625,15.100000381469727,32.58399963378906,51.16959064327485,35.67251461988304,342.0,23123.6775390625,,1.7524468507580382,,,0.25392465877334125,,,5.716179518927511,32.7979398727417,32.505806636810306,-0.07360793037709534,35.0,30.0,33.25,中性偏空
2025-01-23,,21900.9296875,5444.68994140625,15.020000457763672,32.58100128173828,,,,,,1.3147182448015604,,,0.4738093098300977,,,5.240683006320346,32.79629001617432,32.51544001897176,-0.10117474996386155,0.0,30.0,10.5,偏空逆風
2025-01-24,,21774.009765625,5341.93994140625,14.850000381469727,32.64039993286133,,,,,,1.1978811390914723,,,0.02618126352860184,,,3.2197082092850993,32.792914962768556,32.528355026245116,-0.20637542015680133,0.0,30.0,10.5,偏空逆風
2025-01-27,,21127.279296875,4853.240234375,17.899999618530273,32.733299255371094,,,,,,1.0729244950217875,,,-1.6101146551459111,,,-5.265109285375313,32.793504905700686,32.542863337198895,0.036058427943475024,0.0,30.0,10.5,偏空逆風
2025-01-28,,21463.0390625,4907.02978515625,16.40999984741211,32.90629959106445,,,,,,1.4454853722384975,,,1.254649674603403,,,-2.3769968833213584,32.798394966125485,32.55925499598185,0.29809718005275876,0.0,30.0,10.5,偏空逆風
2025-01-29,,21411.4609375,4918.10009765625,16.559999465942383,32.8651008605957,,,,,,2.128536690483629,,,1.9002845356267173,,,-1.2415852420119555,32.803650093078616,32.57513999938965,0.3208258377517037,0.0,30.0,10.5,偏空逆風
2025-01-30,,21508.119140625,5030.52978515625,15.84000015258789,32.7130012512207,,,,,,3.0367369075232187,,,2.5386616548956464,,,0.17982246651897515,32.79925022125244,32.5899850209554,-0.26827669901501316,0.0,30.0,10.5,偏空逆風
2025-01-31,,21478.05078125,5015.85009765625,16.43000030517578,32.938499450683594,,,,,,2.693824308021542,,,0.7122267857276876,,,-2.8623126564102375,32.80268516540527,32.60005003611247,0.20900304191167063,0.0,30.0,10.5,偏空逆風
2025-02-03,22694.7109375,21297.580078125,4924.81005859375,18.6200008392334,32.827999114990234,40.35087719298245,27.485380116959064,342.0,,,-3.6224327802563128,,,-1.2148701123634642,,,-7.256495463471968,32.79847011566162,32.6132833480835,-0.25613826621549984,0.0,30.0,10.5,偏空逆風
2025-02-04,22793.9609375,21566.919921875,4976.58984375,17.209999084472656,32.98699951171875,36.25730994152047,23.684210526315788,342.0,,,-3.624788904533238,,,1.860294397097717,,,-4.521275001199099,32.81103000640869,32.625816663106285,0.7673489021841728,0.0,30.0,10.5,偏空逆風
2025-02-05,23161.580078125,21658.16015625,5091.5,15.770000457763672,32.8916015625,53.80116959064327,30.409356725146196,342.0,,,-1.0498847975389691,,,2.252915882908968,,,-1.3724388372732932,32.81938514709473,32.634429995218916,0.5106352124856883,10.0,30.0,17.0,偏空逆風
2025-02-06,23316.599609375,21774.0703125,5092.58984375,15.5,32.821800231933594,71.05263157894737,43.859649122807014,342.0,,,1.0201785667895757,,,2.800153107654757,,,-1.351327449448303,32.81446018218994,32.64121335347493,-0.29920535202255794,20.0,30.0,23.5,偏空逆風
2025-02-07,23478.26953125,21491.310546875,5009.33984375,16.540000915527344,32.79600143432617,71.05263157894737,47.953216374269005,342.0,,,2.0268251628406286,,,3.0877946809061863,,,-0.5584225790727038,32.812710189819335,32.64768002827962,-0.10660609194267368,27.5,30.0,28.375,偏空逆風
2025-02-10,23252.140625,21756.73046875,5082.669921875,15.8100004196167,32.82789993286133,67.54385964912281,50.58479532163743,342.0,,,3.3964751683273287,,,4.676559187436458,,,1.2475972766184507,32.79929027557373,32.65252501169841,-0.8109616463631397,27.5,30.0,28.375,偏空逆風
2025-02-11,23384.05078125,21693.51953125,5079.97021484375,16.020000457763672,32.86539840698242,68.12865497076024,54.385964912280706,342.0,,,2.5727853821816193,,,4.509759974647598,,,0.6742044256174751,32.789835166931155,32.65925165812175,-0.5720920586739453,27.5,30.0,28.375,偏空逆風
2025-02-12,23289.75,21719.259765625,5090.7900390625,15.890000343322754,32.80329895019531,70.46783625730994,45.32163742690059,342.0,,,3.4430134652386535,,,2.2667556513701337,,,-1.220099148096454,32.78238010406494,32.66526832580566,-0.4524746494496523,27.5,30.0,28.375,偏空逆風
2025-02-13,23399.41015625,22030.7109375,5156.39013671875,15.100000381469727,32.85580062866211,85.08771929824562,66.08187134502924,342.0,,,1.6256630947324657,,,4.45426865406271,,,-0.12724918009159314,32.78537006378174,32.67410666147868,0.18233684510498005,35.0,30.0,33.25,中性偏空
2025-02-14,23152.609375,22114.689453125,5160.93994140625,14.770000457763672,32.615299224853516,87.13450292397661,66.08187134502924,342.0,,,0.019566620038102833,,,3.141291291920467,,,-2.8024024980624174,32.77398509979248,32.676503308614095,-0.693296258418663,35.0,30.0,33.25,中性偏空
2025-02-17,23505.330078125,,,,32.66550064086914,90.35087719298247,82.45614035087719,342.0,,,1.0251068363512639,,,3.141291291920467,,,-2.8024024980624174,32.76176013946533,32.67917334238688,-0.7429328704849469,35.0,0.0,22.75,偏空逆風
2025-02-18,23666.109375,22164.609375,5247.85986328125,15.350000381469727,32.706600189208984,90.93567251461988,85.67251461988305,342.0,,,1.5712423001432052,,,2.773279570384246,,,-2.4289325410198015,32.78129005432129,32.68147500356039,1.208683853972503,35.0,30.0,33.25,中性偏空
2025-02-19,23604.080078125,22175.599609375,5309.68994140625,15.270000457763672,32.72129821777344,89.47368421052632,93.27485380116958,342.0,,,0.33440403951512376,,,1.4762257327369133,,,-2.9181136219941117,32.788154983520506,32.68796329498291,0.4213681117341883,35.0,30.0,33.25,中性偏空
2025-02-20,23487.4609375,22068.060546875,5310.6298828125,15.65999984741211,32.74620056152344,88.59649122807018,90.05847953216374,342.0,,,-0.16131161368898583,,,0.7631222133478222,,,-2.462216582329846,32.79641494750977,32.693649991353354,0.5070417522059056,35.0,30.0,33.25,中性偏空
2025-02-21,23730.25,21614.080078125,5136.58984375,18.209999084472656,32.69329833984375,92.69005847953217,93.56725146198829,342.0,,,0.8707174174201526,,,-0.7344980976011328,,,-3.8441109392591266,32.79905986785889,32.69829165140788,0.16206421211513167,35.0,30.0,33.25,中性偏空
2025-02-24,23565.310546875,21352.080078125,5003.5400390625,18.979999542236328,32.77299880981445,87.71929824561403,87.71929824561403,342.0,,,0.16960550468616553,,,1.0640309056890729,,,3.0968960411838165,32.80104484558105,32.70293661753337,0.12128186081592496,35.0,30.0,33.25,中性偏空
2025-02-25,23285.720703125,21087.25,4888.8798828125,19.43000030517578,32.69969940185547,78.3625730994152,86.54970760233918,342.0,,,-1.0188534505160218,,,-1.7508660418764976,,,-0.3698755283420785,32.79071483612061,32.7072816212972,-0.6278438833185795,35.0,30.0,33.25,中性偏空
2025-02-26,23402.55078125,21132.919921875,4990.81982421875,19.100000381469727,32.77830123901367,81.28654970760235,86.25730994152046,342.0,,,-0.5222411604473565,,,-1.3008968254808018,,,1.4786142030162264,32.7863748550415,32.71039498647054,-0.26410879415891264,35.0,30.0,33.25,中性偏空
2025-02-27,23053.1796875,20550.94921875,4686.75,21.1299991607666,32.750301361083984,67.54385964912281,80.7017543859649,342.0,,,-2.007320873955276,,,-4.45027254878404,,,-6.833868396339737,32.78823986053467,32.71516666412354,0.11402227993950742,35.0,15.0,28.0,偏空逆風
2025-02-28,,20884.41015625,4766.75,19.6299991607666,32.90169906616211,,,,,,-2.007320873955276,,,-2.7639408764143503,,,-4.966258815682045,32.786399841308594,32.724978319803874,-0.11172453249299608,0.0,30.0,10.5,偏空逆風
2025-03-03,22756.25,20425.580078125,4575.3701171875,22.780000686645508,32.904998779296875,45.32163742690059,67.54385964912281,342.0,,,0.2711603715485733,,,-4.094361879618624,,,-7.095500887318085,32.790249824523926,32.73468163808187,0.2345548506837991,25.0,15.0,21.5,偏空逆風
2025-03-04,22596.880859375,20352.529296875,4604.509765625,23.510000228881836,32.88890075683594,45.614035087719294,76.31578947368422,342.0,,,-0.8646153192303219,,,-5.63080230927302,,,-7.476607271388613,32.78534488677978,32.74302997589111,-0.29738611069479726,25.0,15.0,21.5,偏空逆風
2025-03-05,22871.900390625,20628.4609375,4700.7900390625,21.93000030517578,32.7947998046875,52.046783625730995,78.65497076023392,342.0,,,-1.2506905250975864,,,-4.754324519356068,,,-7.673769241628204,32.78050479888916,32.7500966389974,-0.29430539473292994,25.0,15.0,21.5,偏空逆風
2025-03-06,22715.4296875,20052.630859375,4487.85009765625,24.8700008392334,32.80110168457031,44.73684210526316,68.12865497076024,342.0,,,-2.5782915688670416,,,-7.905914826300354,,,-11.874895969404076,32.779469871520995,32.75471833546956,-0.06306341278362604,15.0,15.0,15.0,偏空逆風
2025-03-07,22576.0703125,20201.369140625,4629.58984375,23.3700008392334,32.8578987121582,36.54970760233918,52.33918128654971,342.0,,,-3.8426989584950277,,,-6.002153304874036,,,-7.580839229221037,32.7825647354126,32.76091995239258,0.18873422101770565,7.5,15.0,10.125,偏空逆風
2025-03-10,22459.150390625,19430.94921875,4405.08984375,27.860000610351562,32.82699966430664,37.719298245614034,51.16959064327485,342.0,,,-3.410396690627271,,,-10.689939158554207,,,-13.331183974957794,32.78251972198486,32.7669366200765,-0.0027423885065158693,7.5,15.0,10.125,偏空逆風
2025-03-11,22071.08984375,19376.9609375,4374.06982421875,26.920000076293945,32.866600036621094,29.53216374269006,48.24561403508772,342.0,,,-5.614771152279441,,,-10.678574264599828,,,-13.895758454692276,32.782579803466795,32.77307497660319,0.003656215037439736,7.5,15.0,10.125,偏空逆風
2025-03-12,22278.359375,19596.01953125,4481.02001953125,24.229999542236328,32.86880111694336,29.82456140350877,50.58479532163743,342.0,,,-4.342642686160225,,,-9.775840692947767,,,-11.977905489175168,32.7858549118042,32.78060499827067,0.19968164435990587,7.5,15.0,10.125,偏空逆風
2025-03-13,21961.6796875,19225.48046875,4453.240234375,24.65999984741211,32.90629959106445,21.34502923976608,42.39766081871345,342.0,,,-6.144302181762395,,,-12.733272551704278,,,-13.636475978351726,32.78837985992432,32.7885466893514,0.15369877292927825,0.0,15.0,5.25,偏空逆風
2025-03-14,21968.05078125,19704.640625,4598.7900390625,21.770000457763672,32.96839904785156,28.654970760233915,38.30409356725146,342.0,,,-5.116307084717098,,,-10.897954652419683,,,-10.892393802795851,32.806034851074216,32.79338665008545,1.0826202162480092,0.0,15.0,5.25,偏空逆風
2025-03-17,22118.630859375,19812.240234375,4663.97021484375,20.510000228881836,32.92599868774414,29.239766081871345,35.96491228070175,342.0,,,-5.899509660749325,20591.841015625,,-10.411401994273284,4765.789965820312,,-9.629442159853651,32.81905975341797,32.79831994374593,0.7974714661163951,0.0,15.0,5.25,偏空逆風
2025-03-18,22271.669921875,19483.359375,4589.02978515625,21.700000762939453,32.95640182495117,35.08771929824561,38.01169590643275,342.0,,,-5.8921364345507214,20457.778515625,,-12.096987384872426,4732.848461914063,,-12.554262028503615,32.83154983520508,32.80399328867595,0.7637652164917075,0.0,15.0,5.25,偏空逆風
2025-03-19,21960.830078125,19736.66015625,4634.52978515625,19.899999618530273,32.97919845581055,29.82456140350877,33.91812865497076,342.0,,,-6.961720154147743,20335.83154296875,,-10.99830217034542,4699.0904541015625,,-12.715623015666832,32.844444847106935,32.81017990112305,0.7881723894959114,0.0,30.0,10.5,偏空逆風
2025-03-20,22377.259765625,19677.609375,4601.3701171875,19.799999237060547,33.003299713134766,41.812865497076025,37.13450292397661,342.0,,,-4.726782408831842,20216.308984375,,-10.832176061858345,4663.627465820313,,-13.35547348009456,32.8572998046875,32.81666825612386,0.7851266626437869,0.0,30.0,10.5,偏空逆風
2025-03-21,22209.099609375,19753.970703125,4557.9501953125,19.280000686645508,32.987300872802734,34.21052631578947,31.57894736842105,342.0,,,-6.410174316010153,20123.303515625,,-8.606007603731259,4634.695483398437,,-11.265054560304556,32.87199993133545,32.8213249206543,0.8992746155583875,0.0,30.0,10.5,偏空逆風
2025-03-24,22106.640625,20180.44921875,4694.22021484375,17.479999542236328,32.974998474121094,33.91812865497076,26.31578947368421,342.0,,,-6.189903243470873,20064.72197265625,,-5.487197758195583,4619.2294921875,,-6.182019566225083,32.88209991455078,32.82554988861084,0.6163600269809555,0.0,70.0,24.5,偏空逆風
2025-03-25,22273.189453125,20287.830078125,4661.33984375,17.149999618530273,33.01129913330078,28.947368421052634,21.929824561403507,342.0,,,-4.348292513291696,20024.7509765625,,-3.7910107855457675,4607.852490234375,,-4.654236645544252,32.89767990112305,32.82892990112305,0.9529131372615351,0.0,70.0,24.5,偏空逆風
2025-03-26,22260.2890625,19916.990234375,4508.740234375,18.329999923706055,33.0452995300293,34.21052631578947,27.77777777777778,342.0,,,-4.880928277549879,19963.9544921875,,-5.753723063330085,4583.748510742187,,-9.659326660208844,32.91102981567383,32.83368492126465,0.8145580488406745,0.0,30.0,10.5,偏空逆風
2025-03-27,21951.759765625,19798.619140625,4415.25,18.690000534057617,33.0885009765625,29.239766081871345,22.514619883040936,342.0,,,-4.777735378830261,19926.33798828125,,-3.660804521080707,4570.173510742187,,-5.792926868298931,32.92793979644775,32.83847662607829,1.0326610792057878,0.0,30.0,10.5,偏空逆風
2025-03-28,21602.890625,19281.400390625,4284.91015625,21.649999618530273,33.11140060424805,17.251461988304094,16.95906432748538,342.0,22269.3560546875,,-6.29105868326868,19846.1875,,-7.675628632227727,4546.081518554687,,-10.10835147112813,32.93842487335205,32.84250329335531,0.6373577779805517,0.0,15.0,5.25,偏空逆風
2025-03-31,20695.900390625,19278.44921875,4270.43017578125,22.280000686645508,33.18579864501953,5.263157894736842,9.649122807017543,342.0,22166.33857421875,,-9.053994438341118,19788.83095703125,,-5.616148256193387,4530.834521484375,,-6.66481472746292,32.95246486663818,32.84706160227458,0.8533653734682067,0.0,15.0,5.25,偏空逆風
2025-04-01,21280.169921875,19436.419921875,4282.4599609375,21.770000457763672,33.23910140991211,9.941520467836257,13.157894736842104,342.0,22100.50302734375,,-5.826958798845561,19743.02548828125,,-4.501206516581025,4514.73203125,,-6.994225684822409,32.96997489929199,32.85544993082682,1.06479889876947,0.0,15.0,5.25,偏空逆風
2025-04-02,21298.220703125,19581.779296875,4320.75,21.510000228881836,33.20349884033203,11.988304093567251,12.865497076023392,342.0,22021.81904296875,,-6.880406352875856,19690.69140625,,-5.0739686484427065,4495.730029296875,,-8.084599309997964,32.99040985107422,32.863433265686034,1.2462312259217123,0.0,15.0,5.25,偏空逆風
2025-04-03,,18521.470703125,3893.68994140625,30.020000457763672,33.26250076293945,,,,,,-6.23897061984644,19614.1333984375,,-7.63570708994602,4466.022021484375,,-13.23930486359819,33.01347980499268,32.86913661956787,1.4066572604974015,0.0,0.0,0.0,偏空逆風
2025-04-04,,17397.69921875,3597.659912109375,45.310001373291016,33.03110122680664,,,,,,-5.6601950281288556,19473.94990234375,,-13.878613386836303,4414.425524902344,,-22.28987807707723,33.022139930725096,32.87247161865234,0.5271259619056279,0.0,0.0,0.0,偏空逆風
2025-04-07,19232.349609375,17430.6796875,3694.949951171875,46.97999954223633,33.162498474121094,0.0,2.046783625730994,342.0,,,-14.367421407877234,19373.93642578125,,-10.294245066112516,4378.918530273438,,-16.120894641585593,33.03891487121582,32.87357495625814,1.0220209377808098,0.0,0.0,0.0,偏空逆風
2025-04-08,18459.94921875,17090.400390625,3562.93994140625,52.33000183105469,32.980098724365234,0.29239766081871343,1.7543859649122806,342.0,,,-16.361406031893743,19259.6083984375,,-11.800408507042226,4338.362036132812,,-18.544054288328038,33.044589805603025,32.87233492533366,0.3453313930180668,0.0,0.0,0.0,偏空逆風
2025-04-09,17391.759765625,19145.060546875,4230.4501953125,33.619998931884766,33.0806999206543,0.5847953216374269,0.5847953216374269,342.0,,,-21.934288459582763,19237.06044921875,,-2.3012785002375136,4325.833544921875,,-5.591803275294483,33.05518474578857,32.8744732538859,0.6446806591972276,0.0,0.0,0.0,偏空逆風
2025-04-10,19000.029296875,18343.5703125,3893.300048828125,40.720001220703125,32.58810043334961,1.1695906432748537,2.923976608187134,342.0,,,-13.48553677481551,19192.96494140625,,-4.587194362624636,4297.836535644531,,-12.573770020863495,33.03927478790283,32.871008237202965,-0.9669855367184788,0.0,0.0,0.0,偏空逆風
2025-04-11,19528.76953125,18690.05078125,3990.89990234375,37.560001373291016,32.78630065917969,3.508771929824561,2.631578947368421,342.0,,,-11.103767349636485,19142.23544921875,,-5.148989332303544,4267.442028808594,,-13.218479894826274,33.03016986846924,32.87006327311198,-0.55234222446644,0.0,0.0,0.0,偏空逆風
2025-04-14,19513.08984375,18796.01953125,4003.219970703125,30.889999389648438,32.36199951171875,3.216374269005848,3.508771929824561,342.0,,,-11.779847641521801,19091.4244140625,,-5.129256919476566,4234.404516601562,,-14.16711972211343,33.00196990966797,32.86092993418376,-1.7129295951631263,0.0,0.0,0.0,偏空逆風
2025-04-15,19857.669921875,18830.23046875,4021.889892578125,30.1200008392334,32.3568000793457,5.847953216374268,4.093567251461988,342.0,,,-10.83888190004556,19058.76796875,,-3.3522396917241126,4206.047521972656,,-12.358601254073465,32.9719898223877,32.861609903971356,-1.8193786712222715,0.0,0.0,0.0,偏空逆風
2025-04-16,19468.0,18257.640625,3857.169921875,32.63999938964844,32.50400161743164,6.432748538011696,3.216374269005848,342.0,,,-11.351256164984802,18984.8169921875,,-7.493768041507465,4167.179528808594,,-16.773219707661056,32.94822998046875,32.86027660369873,-1.4408986895652731,0.0,0.0,0.0,偏空逆風
2025-04-17,19338.73046875,18258.08984375,3832.469970703125,29.649999618530273,32.37879943847656,5.263157894736842,2.631578947368421,342.0,,,-13.578647826856171,18913.841015625,,-7.213882053444309,4128.734521484375,,-16.71024340363976,32.91700496673584,32.8569065729777,-1.8922358675840578,0.0,15.0,5.25,偏空逆風
2025-04-18,19395.029296875,,,,,7.894736842105263,2.631578947368421,342.0,,,-12.670798735632271,,,-7.572557851057038,,,-15.916808949678195,,,-1.8446536037383665,0.0,0.0,0.0,偏空逆風
2025-04-21,19106.19921875,17808.30078125,3751.909912109375,33.81999969482422,,7.602339181286549,2.3391812865497075,342.0,,,-13.5725796476596,,,-11.754685992301884,,,-20.07384101313918,,,-1.808033550365229,0.0,0.0,0.0,偏空逆風
2025-04-22,18793.4296875,18276.41015625,3832.050048828125,30.56999969482422,32.44060134887695,7.602339181286549,2.3391812865497075,342.0,,,-15.623086998601266,,,-9.9144162491965,,,-17.79080313214666,,,-1.7287952895138403,0.0,0.0,0.0,偏空逆風
2025-04-23,19639.140625,18693.259765625,3983.919921875,28.450000762939453,32.57360076904297,16.374269005847953,4.093567251461988,342.0,,,-11.774997306372015,,,-6.1441535811869175,,,-11.640065411148049,,,-1.427430732040058,0.0,15.0,5.25,偏空逆風
2025-04-24,19478.810546875,19214.400390625,4208.18994140625,26.469999313354492,32.532798767089844,18.128654970760234,3.216374269005848,342.0,,,-11.265380293667725,,,-2.950805537752055,,,-4.689656499490402,,,-1.6794420813027289,0.0,15.0,5.25,偏空逆風
2025-04-25,19872.73046875,19432.560546875,4251.60986328125,24.84000015258789,32.43560028076172,36.25730994152047,3.8011695906432745,342.0,,,-8.008928926612102,,,0.7839687636147952,,,-0.7771526532517337,,,-2.0409898438413565,0.0,15.0,5.25,偏空逆風
2025-04-28,20034.41015625,19427.2890625,4235.6201171875,25.149999618530273,32.51900100708008,62.57309941520468,4.093567251461988,342.0,,,-3.1962380079614605,,,0.7720529906795726,,,-0.8151417342254441,,,-2.00928609575447,20.0,15.0,18.25,偏空逆風
2025-04-29,20232.630859375,19544.94921875,4196.75,24.170000076293945,32.425899505615234,85.38011695906432,6.725146198830409,342.0,,,-4.922606663131857,,,0.5583811077926715,,,-2.0014188508311603,,,-2.446521926896539,20.0,15.0,18.25,偏空逆風
2025-04-30,20235.029296875,19571.01953125,4230.08984375,24.700000762939453,32.32170104980469,77.48538011695906,16.08187134502924,342.0,,,-4.991925950387033,,,-0.05494784443167422,,,-2.0982504484175157,,,-2.6557375617783707,20.0,15.0,18.25,偏空逆風
2025-05-01,,19786.7109375,4247.66015625,24.600000381469727,32.03200149536133,,,,,,-4.991925950387033,,,6.831208248281961,,,9.090868049855816,,,-3.6993588556309853,0.0,15.0,5.25,偏空逆風
2025-05-02,20787.640625,20102.609375,4397.0498046875,22.68000030517578,32.11159896850586,91.52046783625731,16.08187134502924,342.0,,,-2.3972898264223774,,,15.54751649766908,,,22.219718153109923,,,-2.783746905642226,20.0,15.0,18.25,偏空逆風
2025-05-05,20532.990234375,19967.939453125,4356.18017578125,23.639999389648438,30.704299926757812,85.08771929824562,12.280701754385964,342.0,,,6.762775487223838,,,14.556287024449976,,,17.895512343804864,,,-7.412585482006362,20.0,15.0,18.25,偏空逆風
2025-05-06,20522.58984375,19791.349609375,4311.2001953125,24.760000228881836,29.15999984741211,90.05847953216374,58.77192982456141,342.0,,,11.173598586636135,,,15.803896673079798,,,21.00120311348612,,,-11.583042576312508,35.0,15.0,28.0,偏空逆風
2025-05-07,20546.490234375,19867.970703125,4386.35986328125,23.549999237060547,29.97760009765625,87.13450292397661,91.81286549707602,342.0,,,18.139225192066878,,,3.7759617133621415,,,3.6854155177504344,,,-9.380393493611038,35.0,15.0,28.0,偏空逆風
2025-05-08,20543.400390625,20063.560546875,4430.43994140625,22.479999542236328,30.39069938659668,87.71929824561403,97.953216374269,342.0,,,8.122993231404351,,,9.37652924198149,,,13.796519298321307,,,-6.7429553043361175,35.0,15.0,28.0,偏空逆風
2025-05-09,20915.0390625,20061.44921875,4466.5,21.899999618530273,30.268999099731445,89.18128654970761,92.39766081871345,342.0,,,7.098601522393344,,,7.337585400654967,,,11.917114167081522,,,-7.677906652586719,35.0,15.0,28.0,偏空逆風
2025-05-12,21129.5390625,20868.150390625,4780.93017578125,18.389999389648438,30.246400833129883,92.98245614035088,93.27485380116958,342.0,,,8.283922391039189,,,11.024306800330264,,,19.427116440506964,,,-6.537292845031962,35.0,30.0,33.25,中性偏空
2025-05-13,21330.140625,21197.69921875,4931.35009765625,18.219999313354492,30.39310073852539,91.81286549707602,92.69005847953217,342.0,,,7.415123269336554,,,12.572701932294294,,,22.61275741925246,,,-6.068892276136417,35.0,30.0,33.25,中性偏空
2025-05-14,21782.869140625,21319.2109375,4960.72998046875,18.6200008392334,30.424999237060547,93.27485380116958,87.13450292397661,342.0,,,11.890636637687479,,,16.768707279229833,,,28.610615579447973,,,-6.39614286524075,35.0,30.0,33.25,中性偏空
2025-05-15,21730.25,21335.8203125,4932.4501953125,17.829999923706055,30.33970069885254,89.76608187134502,90.64327485380117,342.0,,,12.366476357455447,,,16.85680427190772,,,28.70160061313063,,,-6.297635412636426,35.0,30.0,33.25,中性偏空
2025-05-16,21843.689453125,21427.939453125,4922.18994140625,17.239999771118164,30.16699981689453,91.22807017543859,92.39766081871345,342.0,,,12.62519441847163,19887.92998046875,,17.361343034797727,4390.659008789063,,28.4338815185341,,,-6.831011834718281,35.0,70.0,47.25,震盪中性
2025-05-19,21523.830078125,21447.05078125,4897.7099609375,18.139999389648438,30.202600479125977,82.45614035087719,88.01169590643275,342.0,,,12.653646241699601,20069.86748046875,,20.43288713896367,4447.949011230468,,30.53911409573107,31.183410167694092,,-6.721061302737963,35.0,70.0,47.25,震盪中性
2025-05-20,21526.029296875,21367.369140625,4890.77978515625,18.09000015258789,30.14579963684082,78.65497076023392,92.69005847953217,342.0,,,14.540185877793888,20224.4154296875,,16.91228724869682,4500.885498046875,,27.628285717507637,31.068670082092286,,-7.073856884948205,35.0,70.0,47.25,震盪中性
2025-05-21,21803.91015625,21080.359375,4802.7099609375,20.8700008392334,30.146299362182617,84.50292397660819,95.6140350877193,342.0,,,11.022730437065654,20343.77041015625,,12.769841318765774,4541.825,,20.552371913066537,30.94730501174927,,-7.451744202523624,35.0,55.0,42.0,中性偏空
2025-05-22,21670.9609375,21112.470703125,4775.47021484375,20.280000686645508,30.0221004486084,76.31578947368422,85.67251461988305,342.0,,,11.254025934230816,20438.67392578125,,9.878373896205982,4570.189013671875,,13.480386611254813,30.821770095825194,,-7.717437212998924,35.0,55.0,42.0,中性偏空
2025-05-23,21652.240234375,20915.66015625,4702.3798828125,22.290000915527344,30.046899795532227,72.51461988304094,86.8421052631579,342.0,,,8.954530774838876,20512.82890625,,7.632033904114088,4592.727514648437,,10.602337326956924,30.70233507156372,,-7.364440505348946,35.0,55.0,42.0,中性偏空
2025-05-26,21536.5703125,,,,29.971500396728516,68.42105263157895,81.87134502923976,342.0,,,7.497900584716644,,,7.661239244249285,,,11.019868465799387,30.574960041046143,,-7.833883364980732,35.0,0.0,22.75,偏空逆風
2025-05-27,21336.5390625,21414.990234375,4861.08984375,18.959999084472656,29.915000915527344,53.216374269005854,73.39181286549707,342.0,,,5.456078405213893,,,9.567899075588393,,,15.829864627390243,30.449415111541747,,-7.743497106851505,25.0,30.0,26.75,偏空逆風
2025-05-28,21357.720703125,21318.169921875,4834.419921875,19.309999465942383,29.964799880981445,46.198830409356724,63.74269005847953,342.0,,,5.548256885515768,,,8.927232369449323,,,14.286459636735692,30.331570053100585,,-7.292008440989783,25.0,30.0,26.75,偏空逆風
2025-05-29,21347.30078125,21363.94921875,4860.47998046875,19.18000030517578,29.950000762939453,45.02923976608187,67.54385964912281,342.0,21270.98701171875,,5.496762411640166,,,7.971199893868164,,,14.427232915916033,30.227470016479494,,-6.499752232851819,50.0,30.0,43.0,中性偏空
2025-05-30,,21340.990234375,4758.06005859375,18.56999969482422,29.850099563598633,,,,,,2.6922735790271934,,,6.160299074980169,,,8.210283484198722,30.11439504623413,,-7.042624713659507,0.0,30.0,10.5,偏空逆風
2025-06-02,21002.7109375,21491.75,4832.7900390625,18.360000610351562,29.871000289916992,28.07017543859649,44.73684210526316,342.0,,,2.2876390519030343,,,7.631285894331596,,,10.94100436733596,30.07273006439209,,-2.7139509411664764,0.0,30.0,10.5,偏空逆風
2025-06-03,21126.9296875,21662.580078125,4964.41015625,17.690000534057617,29.987300872802734,28.07017543859649,54.385964912280706,342.0,,,2.944754284674489,,,9.454789621136372,,,15.151464356670918,30.11409511566162,,2.8371091554173944,7.5,30.0,15.375,偏空逆風
2025-06-04,21618.08984375,21721.919921875,5033.35009765625,17.610000610351562,29.965900421142578,41.228070175438596,59.94152046783626,342.0,,,5.215487400286878,,,9.33134665060884,,,14.750049119112042,30.113510131835938,,-0.03902806253855973,15.0,30.0,20.25,偏空逆風
2025-06-05,21674.4296875,21547.4296875,5010.919921875,18.479999542236328,29.941999435424805,38.30409356725146,59.06432748538012,342.0,,,5.505560303401125,,,7.395841516555346,,,13.10208440122771,30.091075134277343,,-1.4764383848624663,15.0,30.0,20.25,偏空逆風
2025-06-06,21660.66015625,21761.7890625,5038.06005859375,16.770000457763672,29.94529914855957,37.13450292397661,54.09356725146199,342.0,,,3.5649997665405886,,,8.475658090347803,,,12.796598199792907,30.07489013671875,,-1.0694108189878926,7.5,30.0,15.375,偏空逆風
2025-06-09,21790.2890625,21797.869140625,5136.66015625,17.15999984741211,29.917699813842773,34.7953216374269,48.24561403508772,342.0,,,3.1271387323951405,,,4.455204378906896,,,7.440601878495756,30.058455085754396,,-1.0867442414076334,7.5,30.0,15.375,偏空逆風
2025-06-10,22242.140625,21941.919921875,5242.5,16.950000762939453,29.913799285888672,43.567251461988306,44.73684210526316,342.0,,,4.275639884582327,,,3.5108560388795063,,,6.309629131617167,30.034490013122557,,-1.577007416124443,0.0,30.0,10.5,偏空逆風
2025-06-11,22470.099609375,21860.80078125,5232.52978515625,17.260000228881836,29.888900756835938,50.58479532163743,46.198830409356724,342.0,,,3.154912533851273,,,2.5403840945977807,,,5.47902840423935,30.007685089111327,,-1.7620328468951674,17.5,30.0,21.875,偏空逆風
2025-06-12,22287.8203125,21913.3203125,5249.14990234375,18.020000457763672,29.8075008392334,51.75438596491229,40.058479532163744,342.0,,,2.565871596046976,,,2.706715708801033,,,6.420738061019282,29.981075096130372,,-1.7541368153287995,10.0,30.0,17.0,偏空逆風
2025-06-13,22072.94921875,21631.0390625,5112.240234375,20.81999969482422,29.52519989013672,38.59649122807017,36.54970760233918,342.0,,,1.0495469005681324,,,0.9478261305492897,,,3.8610922217774846,29.94898509979248,,-2.1274900740987257,0.0,15.0,5.25,偏空逆風
2025-06-16,22049.900390625,21937.5703125,5267.2998046875,19.110000610351562,29.5049991607666,44.44444444444444,35.38011695906433,342.0,,,2.44412964881493,,,2.2871188036670986,,,7.546176615147182,29.914105033874513,,-2.3097392518949156,0.0,30.0,10.5,偏空逆風
2025-06-17,22211.58984375,21719.080078125,5223.64990234375,21.600000381469727,29.0049991607666,45.90643274853801,40.058479532163744,342.0,,,3.1847979830377904,,,1.6460189140988124,,,6.806074528192352,29.8570650100708,,-3.7842767145578105,10.0,15.0,11.75,偏空逆風
2025-06-18,22356.73046875,21719.689453125,5251.02001953125,20.139999389648438,29.6471004486084,49.707602339181285,42.98245614035088,342.0,,,2.535418227916053,,,3.03282342939184,,,9.334522847310112,29.83210506439209,,-1.6559210388537582,10.0,15.0,11.75,偏空逆風
2025-06-19,22003.5,,,,29.54170036315918,35.96491228070175,29.239766081871345,342.0,,,1.5344915412798699,,,2.876114115389261,,,9.958177588655737,29.80808506011963,,-1.6001548135233357,0.0,0.0,0.0,偏空逆風
2025-06-20,22045.740234375,21626.390625,5211.47998046875,20.6200008392334,29.571300506591797,30.116959064327485,28.654970760233915,342.0,,,1.817363911265324,,,3.398078107219682,,,10.826434918987381,29.784305095672607,,-1.5828564416856983,0.0,15.0,5.25,偏空逆風
2025-06-23,21732.01953125,21856.330078125,5244.2998046875,19.829999923706055,29.533000946044922,26.023391812865498,29.239766081871345,342.0,,,0.9075224880934707,,,4.497443135180745,,,11.524375643400319,29.762380123138428,,-1.4630547182464593,0.0,30.0,10.5,偏空逆風
2025-06-24,22188.759765625,22190.51953125,5441.8701171875,17.479999542236328,29.673900604248047,44.15204678362573,34.21052631578947,342.0,,,3.9941843455896686,,,3.621431942705877,,,11.947532181167574,29.75032510757446,,-0.805951208091571,0.0,30.0,10.5,偏空逆風
2025-06-25,22430.609375,22237.740234375,5493.2998046875,16.760000228881836,29.458099365234375,48.24561403508772,42.69005847953216,342.0,,,5.02342308333501,,,4.313551847414487,,,13.62893363547446,29.72499008178711,,-1.6909858158895008,10.0,30.0,17.0,偏空逆風
2025-06-26,22492.33984375,22447.2890625,5541.4599609375,16.59000015258789,29.341899871826172,56.14035087719298,47.66081871345029,342.0,,,5.363858757757911,,,5.070878200736462,,,14.010550052776383,29.694585037231445,,-2.030386896903702,27.5,30.0,28.375,偏空逆風
2025-06-27,22580.080078125,22534.19921875,5544.990234375,16.31999969482422,28.819000244140625,59.06432748538012,49.41520467836257,342.0,22001.86943359375,,5.774872006102938,,,5.591160350436963,,,16.538886985252297,29.643030071258544,,-3.45425755535973,52.5,30.0,44.625,中性偏空
2025-06-30,22256.01953125,22679.009765625,5546.5400390625,16.729999542236328,29.094999313354492,42.69005847953216,54.97076023391813,342.0,22064.53486328125,,5.9673658199629775,,,5.524258218269806,,,14.76890148818586,29.60423002243042,,-2.5978406113987385,32.5,30.0,31.625,中性偏空
2025-07-01,22553.720703125,22478.130859375,5507.5,16.829999923706055,29.206600189208984,47.66081871345029,56.4327485380117,342.0,22135.8744140625,,6.753423411396953,,,3.764790612700608,,,10.939665069097293,29.56519498825073,,-2.6034376581782093,50.0,30.0,43.0,中性偏空
2025-07-02,22577.740234375,22641.890625,5611.0498046875,16.639999389648438,29.225900650024414,50.58479532163743,51.461988304093566,342.0,22183.85693359375,,4.439108161549465,,,4.235218187129708,,,11.477439395687039,29.528194999694826,,-2.4694728365180496,42.5,30.0,38.125,中性偏空
2025-07-03,22712.970703125,22866.970703125,5647.1201171875,16.3799991607666,28.96809959411621,66.37426900584795,53.80116959064327,342.0,22235.783984375,,4.7915494460458286,,,6.123890574245561,,,12.69627543907037,29.479500007629394,,-3.2526212666892262,52.5,30.0,44.625,中性偏空
2025-07-04,22547.5,,,,28.91710090637207,46.198830409356724,42.39766081871345,342.0,22280.1259765625,,4.094241991484782,,,5.078542198212244,,,12.08917820570312,29.42809009552002,,-3.4335881471297958,35.0,0.0,22.75,偏空逆風
2025-07-07,22428.720703125,22685.5703125,5541.2001953125,17.790000915527344,28.900999069213867,37.13450292397661,42.10526315789473,342.0,22312.04755859375,,2.9298906443774975,,,4.072421786497382,,,7.875546108890985,29.377255058288576,,-3.3983252420979326,25.0,30.0,26.75,偏空逆風
2025-07-08,22362.26953125,22702.25,5641.22021484375,16.809999465942383,29.068300247192383,31.57894736842105,31.871345029239766,342.0,22318.05400390625,,0.5400959749124912,,,3.465193933950106,,,7.605535810085828,29.33498010635376,,-2.8264515336744234,25.0,30.0,26.75,偏空逆風
2025-07-09,22527.009765625,22864.91015625,5665.990234375,15.9399995803833,29.107099533081055,35.08771929824561,32.748538011695906,342.0,22320.89951171875,,0.25327060066193674,,,4.593195761891877,,,8.283955696695688,29.295890045166015,,-2.6156907880798386,25.0,30.0,26.75,偏空逆風
2025-07-10,22693.25,22829.259765625,5708.27978515625,15.779999732971191,29.20560073852539,34.21052631578947,29.239766081871345,342.0,22341.17099609375,,1.8190638735211762,,,4.179829619898001,,,8.746747403946276,29.265795040130616,,-2.0192907280430994,25.0,30.0,26.75,偏空逆風
2025-07-11,22751.029296875,22780.599609375,5696.2900390625,16.399999618530273,29.243000030517578,45.32163742690059,42.98245614035088,342.0,22375.075,,3.0719958235078115,,,5.314402805863816,,,11.424537539537273,29.251685047149657,,-0.9557932229729449,35.0,30.0,33.25,中性偏空
2025-07-14,22614.970703125,22855.630859375,5646.72021484375,17.200000762939453,29.21299934387207,41.52046783625731,38.59649122807017,342.0,22403.328515625,,2.562688730967011,,,4.184877968695977,,,7.2033190481884946,29.23708505630493,30.111533419291177,-0.989662176580608,25.0,30.0,26.75,偏空逆風
2025-07-15,22835.939453125,22884.58984375,5718.60986328125,17.3799991607666,29.346099853515625,45.02923976608187,41.228070175438596,342.0,22434.54599609375,,2.8109181457385946,,,5.3662943431884935,,,9.475366270534735,29.254140090942382,30.05995839436849,1.1760065596223557,35.0,30.0,33.25,中性偏空
2025-07-16,23042.900390625,22907.970703125,5696.2099609375,17.15999984741211,29.388099670410156,53.50877192982456,40.643274853801174,342.0,22468.8544921875,,3.0691872536287024,,,5.470986371902442,,,8.47816119059457,29.241190052032472,30.006866709391275,-0.8736125094162439,35.0,30.0,33.25,中性偏空
2025-07-17,23113.279296875,23081.05078125,5737.64013671875,16.520000457763672,29.400999069213867,66.66666666666666,57.60233918128655,342.0,22524.34345703125,,5.043648950735102,,,6.267867370125457,,,9.267154102964925,29.234154987335206,29.95467004776001,-0.4762802825011958,60.0,30.0,49.5,震盪中性
2025-07-18,23383.130859375,23065.470703125,5732.6201171875,16.40999984741211,29.403200149536133,66.08187134502924,65.78947368421053,342.0,22591.21298828125,,6.0664355598033515,,,6.654277651220397,,,9.999849153634766,29.225749969482422,29.904130045572916,-0.5684577755320275,60.0,30.0,49.5,震盪中性
2025-07-21,23340.560546875,23180.060546875,5739.419921875,16.649999618530273,29.378000259399414,65.49707602339181,69.2982456140351,342.0,22671.6400390625,,7.401709782710086,,,6.056508407488148,,,9.441110074312453,29.217999935150146,29.851780033111574,-0.5248389316367952,60.0,30.0,49.5,震盪中性
2025-07-22,22987.919921875,23063.580078125,5638.7099609375,16.5,29.333599090576172,44.15204678362573,49.41520467836257,342.0,22711.598046875,,3.601644096792045,,,3.9343853380517047,,,3.6171360122746243,29.20098485946655,29.800241692860922,-1.1468041165547338,32.5,30.0,31.625,中性偏空
2025-07-23,23318.669921875,23162.41015625,5637.7900390625,15.369999885559082,29.39900016784668,64.91228070175438,57.60233918128655,342.0,22756.00107421875,,3.959145879758341,,,4.158110995674136,,,2.6302994468225593,29.198029899597167,29.751530011494953,-0.200621216783059,60.0,30.0,49.5,震盪中性
2025-07-24,23373.73046875,23219.869140625,5644.3701171875,15.390000343322754,29.23419952392578,68.12865497076024,55.84795321637427,342.0,22800.07060546875,,3.918625768251993,,,3.4417522578067405,,,1.8570946460937598,29.19264488220215,29.704899978637695,-0.3670530823527307,60.0,30.0,49.5,震盪中性
2025-07-25,23364.380859375,23272.25,5645.85986328125,14.930000305175781,29.391000747680664,67.54385964912281,53.50877192982456,342.0,22839.28564453125,,3.4734189539469718,,,3.2752474320715708,,,1.8191128323532535,29.221244907379152,29.659556674957276,1.9848034237632373,52.5,30.0,44.625,中性偏空
2025-07-28,23412.98046875,23356.26953125,5737.10009765625,15.029999732971191,29.472000122070312,64.03508771929825,61.40350877192983,342.0,22897.13369140625,,5.198418054385212,,,2.986284553973495,,,3.435656413758781,29.240094947814942,29.63901834487915,1.2957580945629266,60.0,30.0,49.5,震盪中性
2025-07-29,23201.51953125,23308.30078125,5739.7900390625,15.979999542236328,29.656999588012695,54.09356725146199,54.09356725146199,342.0,22929.5236328125,,2.872248160966384,,,3.693233779394789,,,4.2177038413526935,29.262614917755126,29.64730167388916,1.5421151242729136,42.5,30.0,38.125,中性偏空
2025-07-30,23461.720703125,23345.41015625,5787.31982421875,15.479999542236328,29.68950080871582,63.74269005847953,56.14035087719298,342.0,22973.72265625,,3.915274334692387,,,3.10715895108693,,,3.14148021612628,29.285794925689697,29.642500019073488,1.586264745928423,60.0,30.0,49.5,震盪中性
2025-07-31,23542.51953125,23218.119140625,5607.919921875,16.719999313354492,29.827999114990234,51.461988304093566,45.90643274853801,342.0,23015.20009765625,,3.652313204502411,,,1.5356141487163022,,,-0.6941625908255533,29.328789901733398,29.633121681213378,2.968436082871939,42.5,30.0,38.125,中性偏空
2025-08-01,23434.380859375,22763.310546875,5527.60986328125,20.3799991607666,29.9060001373291,,,,23059.544140625,,3.933388887348932,23027.344140625,,-0.4533182711247141,5674.533520507813,,-2.1163044423742727,29.37823486328125,29.627071698506672,3.4197730753124045,25.0,15.0,21.5,偏空逆風
2025-08-04,23378.939453125,23188.609375,5624.41015625,17.520000457763672,29.815000534057617,65.49707602339181,60.81871345029239,342.0,23107.055078125,,4.236615911257058,23052.49609375,,2.217440670745763,5678.694018554687,,1.5016595323137816,29.423934936523438,29.619881693522135,3.162525498356805,60.0,50.0,56.5,震盪中性
2025-08-05,23660.58984375,23018.560546875,5561.68994140625,17.850000381469727,29.88409996032715,70.17543859649122,68.12865497076024,342.0,23171.97109375,,5.805852177417292,23068.31162109375,,1.3933004300234586,5674.717504882812,,-1.4098062193748762,29.464724922180174,29.61139834721883,2.8064926610683383,60.0,30.0,49.5,震盪中性
2025-08-06,23447.359375,23315.0390625,5550.2998046875,16.770000457763672,29.937400817871094,70.76023391812866,74.26900584795322,342.0,23217.98857421875,,4.08553828914926,23090.81806640625,,1.968644981213541,5668.9329833984375,,-2.04183955322792,29.50623998641968,29.603271706899008,2.852573077047338,60.0,50.0,56.5,震盪中性
2025-08-07,24003.76953125,23389.529296875,5633.7001953125,16.56999969482422,29.91469955444336,68.71345029239765,73.39181286549707,342.0,23283.51455078125,,5.774931009220796,23118.83154296875,,2.454173008682581,5665.20400390625,,-1.3065160197242909,29.541694927215577,29.596188354492188,2.4279549058636274,60.0,50.0,56.5,震盪中性
2025-08-08,24021.259765625,23611.26953125,5678.02001953125,15.149999618530273,29.8080997467041,64.91228070175438,72.80701754385966,342.0,23347.02607421875,,5.583178027573776,23160.3650390625,,3.6463918251438354,5664.290502929687,,-0.3207354156119613,29.569949913024903,29.59020668665568,1.9324273008815451,60.0,70.0,63.5,中性偏多
2025-08-11,24135.5,23526.630859375,5670.3701171875,16.25,29.85099983215332,59.356725146198826,67.2514619883041,342.0,23423.0525390625,,6.7235519198125315,23193.9150390625,,2.9358192041536446,5665.472998046875,,0.41882546759763883,29.601849937438963,29.5843466758728,2.1839609167522145,60.0,70.0,63.5,中性偏多
2025-08-12,24158.359375,23839.19921875,5840.08984375,14.729999542236328,29.947999954223633,62.57309941520468,70.76023391812866,342.0,23489.17353515625,,5.790959135224161,23241.6455078125,,4.171406966512503,5671.5469970703125,,2.124292150943252,29.631944942474366,29.58105001449585,2.0510395034176954,60.0,70.0,63.5,中性偏多
2025-08-13,24370.01953125,23849.0390625,5892.60986328125,14.489999771118164,29.87809944152832,62.86549707602339,67.2514619883041,342.0,23555.5294921875,,5.759340699857973,23288.69892578125,,4.108038951030357,5681.3669921875,,3.4479048997594575,29.656444931030272,29.576580015818276,1.667340782879978,60.0,70.0,63.5,中性偏多
2025-08-14,24238.099609375,23832.439453125,5885.490234375,14.829999923706055,29.939699172973633,67.54385964912281,69.2982456140351,342.0,23611.7705078125,,4.866554408192858,23326.268359375,,3.255435287571018,5688.759497070312,,2.5768450814833255,29.683379936218262,29.575206661224364,1.8322510146393078,60.0,70.0,63.5,中性偏多
2025-08-15,24334.48046875,23712.0703125,5752.740234375,15.09000015258789,30.07900047302246,68.80466472303208,66.47230320699708,343.0,23659.33798828125,,4.068529638295093,23358.59833984375,,2.803322844338907,5689.7655029296875,,0.3509759372887,29.717169952392577,29.575741672515868,2.2983903794464577,60.0,70.0,63.5,中性偏多
2025-08-18,24482.51953125,23713.759765625,5776.31005859375,14.989999771118164,29.98900032043457,72.01166180758017,68.5131195335277,343.0,23716.4359375,,4.892594511950965,23385.28330078125,,2.3024064914358044,5691.610009765625,,0.6427502643280736,29.747719955444335,29.57603333791097,2.0797877855544877,60.0,70.0,63.5,中性偏多
2025-08-19,24353.5,23384.76953125,5671.509765625,15.569999694824219,30.025100708007812,67.05539358600583,66.1807580174927,343.0,23784.71494140625,,5.9404247220538275,23401.3427734375,,1.3926261752815972,5693.25,,0.581689870816593,29.78229503631592,29.57786833445231,2.3573705200525374,60.0,30.0,49.5,震盪中性
2025-08-20,23625.439453125,23249.5703125,5630.81982421875,15.6899995803833,30.1072998046875,51.60349854227405,66.47230320699708,343.0,23800.05341796875,,1.3155532981845797,23405.70078125,,0.37630002949620156,5692.9014892578125,,-0.12363381387840988,29.81771001815796,29.580243333180746,2.4092643722471774,25.0,30.0,26.75,偏空逆風
2025-08-21,23962.130859375,23142.580078125,5603.259765625,16.600000381469727,30.280099868774414,63.26530612244898,63.55685131195335,343.0,23829.4734375,,2.517357643922846,23401.836328125,,-0.3328574421841868,5690.845971679688,,-0.7283425910947328,29.87000503540039,29.58574498494466,3.5776602810439595,60.0,30.0,49.5,震盪中性
2025-08-22,23764.470703125,23498.119140625,5754.4599609375,14.220000267028809,30.516000747680664,59.183673469387756,59.7667638483965,343.0,23849.4779296875,22896.877669270834,1.7123922356772514,23413.12978515625,,0.9705513675085209,5696.2759765625,,1.9235351263772626,29.92625503540039,29.596843338012697,3.827702260491339,75.0,70.0,73.25,中性偏多
2025-08-25,24277.380859375,23425.609375,5756.2998046875,14.789999961853027,30.367300033569336,67.3469387755102,64.72303206997084,343.0,23892.69794921875,22951.455501302084,3.6919707500663534,23416.59677734375,,0.29687893290162304,5697.2359619140625,,0.33465874229898773,29.971020030975343,29.6051150004069,3.0377982756201627,100.0,70.0,89.5,偏多順風
2025-08-26,24305.099609375,23525.2890625,5807.919921875,14.619999885559082,30.444000244140625,66.1807580174927,64.72303206997084,343.0,23947.876953125,23004.425,4.756499144974513,23427.44619140625,,0.9309485203852885,5700.6424560546875,,1.1869751741585999,30.01037006378174,29.612726656595864,2.65367591820056,100.0,70.0,89.5,偏多順風
2025-08-27,24519.900390625,23565.849609375,5824.60986328125,14.850000381469727,30.546600341796875,69.67930029154519,71.7201166180758,343.0,24000.7859375,23052.788509114584,4.510239043801478,23438.4681640625,,0.9442517893222035,5702.5069580078125,,0.6443403889041743,30.05322504043579,29.62240498860677,2.8868775484074183,100.0,70.0,89.5,偏多順風
2025-08-28,24236.44921875,23703.44921875,5853.0498046875,14.430000305175781,30.575000762939453,66.47230320699708,71.13702623906705,343.0,24035.482421875,23095.488834635416,2.947559145395995,23462.73466796875,,2.090307467135921,5714.763452148438,,4.37113735979564,30.09057512283325,29.632955010732015,2.5043639201860035,100.0,70.0,89.5,偏多順風
2025-08-29,24233.099609375,23415.419921875,5668.93994140625,15.359999656677246,30.492799758911133,61.224489795918366,71.7201166180758,343.0,24075.418359375,23138.362825520835,3.408320257287567,23495.34013671875,,2.864738736736694,5721.8299560546875,,2.556802698103322,30.119915103912355,29.64208002090454,1.962146789565411,100.0,30.0,75.5,偏多順風
2025-09-01,24071.73046875,,,,30.56049919128418,44.89795918367347,59.475218658892125,343.0,24110.05791015625,23176.386848958333,2.963312416348285,,,0.9781118962637336,,,0.7917236460212251,30.15719003677368,29.652793343861898,2.500414703581777,55.0,0.0,35.75,中性偏空
2025-09-02,24016.779296875,23231.109375,5605.4599609375,17.170000076293945,30.62529945373535,39.650145772594755,57.7259475218659,343.0,24127.8673828125,23205.96416015625,1.505412398749173,,,0.9233801900521366,,,0.7869913639986681,30.19425001144409,29.664651679992676,2.4802470022258882,55.0,30.0,46.25,震盪中性
2025-09-03,24100.30078125,23414.83984375,5592.81982421875,16.350000381469727,30.743999481201172,44.89795918367347,55.97667638483965,343.0,24160.514453125,23233.1341796875,2.7847118978616248,,,0.4280532448711183,,,0.7660850949950504,30.234579944610594,29.678903325398764,2.6942842107006815,55.0,30.0,46.25,震盪中性
2025-09-04,24179.849609375,23633.009765625,5667.85986328125,15.300000190734863,30.722000122070312,56.559766763848394,62.09912536443149,343.0,24169.31845703125,23264.668001302085,0.7335517777562695,,,1.04098062709852,,,0.6063451512235751,30.274944972991943,29.69414498011271,2.6986751652233743,100.0,30.0,75.5,偏多順風
2025-09-05,24494.580078125,23652.439453125,5761.39990234375,15.180000305175781,30.694000244140625,56.85131195335277,63.55685131195335,343.0,24192.98447265625,23305.028515625,1.970422522041626,,,0.17436555802521347,,,1.468467573655774,30.319239997863768,29.71362498601278,2.972012657514256,100.0,30.0,75.5,偏多順風
2025-09-08,24547.380859375,23762.30078125,5809.60986328125,15.109999656677246,30.479000091552734,56.559766763848394,65.3061224489796,343.0,24213.578515625,23346.653190104167,1.7065354327650217,,,1.0017155592046523,,,2.455567153750682,30.35064001083374,29.729858334859212,2.1037829986618295,100.0,30.0,75.5,偏多順風
2025-09-09,24855.1796875,23839.80078125,5819.830078125,15.039999961853027,30.331100463867188,56.268221574344025,63.84839650145773,343.0,24248.41953125,23390.713020833333,2.884385904206299,,,0.002523417395350336,,,-0.3469084580382198,30.369795036315917,29.751960023244223,1.2792190137209003,100.0,30.0,75.5,偏多順風
2025-09-10,25192.58984375,23849.26953125,5958.08984375,15.350000381469727,30.351600646972656,54.22740524781341,60.64139941690962,343.0,24289.548046875,23437.97734375,3.375337108143084,,,0.0009663649314983758,,,1.1112220558971098,30.393470096588135,29.76370169321696,1.584776857614334,90.0,30.0,69.0,中性偏多
2025-09-11,25215.7109375,23992.560546875,5995.39013671875,14.710000038146973,30.236799240112305,39.067055393586,46.06413994169096,343.0,24338.42861328125,23491.514192708335,4.033366245210379,,,0.6718619554869187,,,1.8673024330558619,30.408325099945067,29.77528667449951,0.9923281640947801,72.5,30.0,57.625,震盪中性
2025-09-12,25474.640625,24092.189453125,6001.740234375,14.760000228881836,30.290000915527344,47.8134110787172,49.56268221574344,343.0,24395.43662109375,23548.662532552084,4.685368802979695,,,1.6030617977065287,,,4.328372042807049,30.41887512207031,29.787265014648437,0.701487546749191,82.5,30.0,64.125,中性偏多
2025-09-15,25357.16015625,24293.779296875,6059.830078125,15.6899995803833,30.284900665283203,42.73255813953488,40.98837209302326,344.0,24439.16865234375,23609.08154296875,3.5725106800531314,,,2.445919740195679,,,4.908324114448126,30.433670139312746,29.799796676635744,0.986696260918718,65.0,30.0,52.75,震盪中性
2025-09-16,25629.640625,24274.25,6079.22021484375,16.360000610351562,30.19409942626953,48.54651162790697,50.2906976744186,344.0,24502.97568359375,23666.429557291667,5.2400707290533255,,,3.8036742998957207,,,7.18874631389832,30.44212007522583,29.808466657002768,0.5628581229592644,82.5,30.0,64.125,中性偏多
2025-09-17,25438.25,24223.689453125,6060.22021484375,15.720000267028809,30.047199249267578,48.54651162790697,59.30232558139535,344.0,24593.6162109375,23716.556901041666,7.673129426742631,,,4.189837177770417,,,7.625894701480296,30.439115047454834,29.81828498840332,-0.19962120751381152,90.0,30.0,69.0,中性偏多
2025-09-18,25769.359375,24454.890625,6278.16015625,15.699999809265137,30.08639907836914,56.68604651162791,58.139534883720934,344.0,24683.97763671875,23771.173893229166,7.542019222876983,,,5.67054555907287,,,12.044781410374616,30.42943000793457,29.83069330851237,-0.6396966695774386,100.0,30.0,75.5,偏多順風
2025-09-19,25578.369140625,24626.25,6232.25,15.449999809265137,30.11050033569336,56.68604651162791,62.5,344.0,24774.67255859375,23821.145377604167,7.632816485416072,,,4.800941099258527,,,8.302951837458949,30.409154987335206,29.85221831003825,-1.328812432992632,100.0,30.0,75.5,偏多順風
2025-09-22,25880.599609375,24761.0703125,6330.1201171875,16.100000381469727,30.215999603271484,58.139534883720934,56.104651162790695,344.0,24854.83349609375,23881.555045572917,6.6037549902377535,,,5.700858902416495,,,9.968561957678501,30.401589965820314,29.87090164820353,-0.4982347134272591,100.0,30.0,75.5,偏多順風
2025-09-23,26247.369140625,24580.169921875,6308.2099609375,16.639999389648438,30.21769905090332,56.104651162790695,54.360465116279066,344.0,24951.94697265625,23943.115852864583,7.991201692096017,,,4.484029320840577,,,8.613927977522607,30.390274906158446,29.887753295898438,-0.7433359329343081,92.5,30.0,70.625,中性偏多
2025-09-24,26196.73046875,24503.5703125,6297.0,16.18000030517578,30.27400016784668,52.03488372093024,49.7093023255814,344.0,25035.7884765625,24003.432356770834,6.83864963320211,,,3.9791508418688837,,,8.110245111809643,30.376644897460938,29.905221621195476,-0.8924075704005441,82.5,30.0,64.125,中性偏多
2025-09-25,26023.849609375,24397.310546875,6284.669921875,16.739999771118164,30.364099502563477,56.68604651162791,49.127906976744185,344.0,25125.15849609375,24058.613671875,7.374844287183024,,,2.927258905324792,,,7.37427719890289,30.36609983444214,29.928488286336265,-0.6897833364295947,92.5,30.0,70.625,中性偏多
2025-09-26,25580.3203125,24503.849609375,6305.0498046875,15.289999961853027,30.561500549316406,38.08139534883721,40.69767441860465,344.0,25192.51953125,24109.160677083335,5.559423783343842,,,4.648345795768427,,,11.220966703758295,30.3695348739624,29.955894947052002,0.2253016808835273,65.0,30.0,52.75,震盪中性
2025-09-29,,24611.349609375,6315.10986328125,16.1200008392334,30.444000244140625,,,,,,6.267060216997922,24134.8849609375,,5.107444972117481,6038.102001953125,,11.398425958887648,30.363709926605225,29.98161163330078,-0.3812076053285818,0.0,70.0,24.5,偏空逆風
2025-09-30,25820.5390625,24679.990234375,6369.81982421875,16.280000686645508,30.458200454711914,49.7093023255814,54.65116279069767,344.0,,,7.510414878400029,24207.32900390625,,6.236813042317313,6076.319995117187,,13.635988279424138,30.355354976654052,30.00477663675944,-0.5456240494100872,17.5,70.0,35.875,中性偏空
2025-10-01,25982.91015625,24800.859375,6500.27978515625,16.290000915527344,30.442100524902344,44.47674418604651,55.52325581395349,344.0,,,7.811559665116996,24276.62998046875,,5.919406412766737,6121.6929931640625,,16.225446008610888,30.34026002883911,30.027026653289795,-0.98197684554161,15.0,70.0,34.25,中性偏空
2025-10-02,26378.390625,24892.759765625,6626.3798828125,16.6299991607666,30.44700050354004,44.47674418604651,50.2906976744186,344.0,,,9.09245115723376,24339.61748046875,,5.3304679027059265,6169.618994140625,,16.911498213654518,30.3265100479126,30.047716649373374,-0.8951227701243236,7.5,70.0,29.375,偏空逆風
2025-10-03,26761.060546875,24785.51953125,6583.740234375,16.649999618530273,30.46380043029785,43.02325581395349,48.54651162790697,344.0,,,9.252987646741051,24396.271484375,,4.790542135708953,6210.736010742187,,14.27327291925562,30.31500005722046,30.068063322703043,-0.7499830977121258,7.5,70.0,29.375,偏空逆風
2025-10-06,,24978.560546875,6774.06005859375,16.3700008392334,30.420000076293945,,,,,,9.017987296410745,24457.08447265625,,5.118442767060283,6258.958520507813,,16.600945984482717,30.31205005645752,30.08818000157674,-0.1935759542031068,0.0,70.0,24.5,偏空逆風
2025-10-07,27211.94921875,24840.23046875,6634.759765625,17.239999771118164,30.510499954223633,49.7093023255814,50.2906976744186,344.0,,,9.482005605597177,24507.10595703125,,4.196468320686808,6299.705004882812,,14.002637131332696,30.32102003097534,30.107586669921876,0.5914704300628904,17.5,70.0,35.875,中性偏空
2025-10-08,27063.6796875,25136.619140625,6860.2001953125,16.299999237060547,30.536699295043945,50.2906976744186,49.127906976744185,344.0,,,7.427143677386527,24571.4734375,,5.397857606029266,6344.810522460937,,15.140932332680546,30.330274963378905,30.126729996999106,0.6098480611425483,17.5,70.0,35.875,中性偏空
2025-10-09,27301.919921875,25098.1796875,6840.2001953125,16.43000030517578,30.524999618530273,52.03488372093024,50.2906976744186,344.0,,,8.273448999894972,24626.75439453125,,4.60817484846987,6387.051025390625,,14.09099390246038,30.344684982299803,30.145463339487712,0.9531444652238319,17.5,70.0,35.875,中性偏空
2025-10-10,,24221.740234375,6407.60009765625,21.65999984741211,30.58329963684082,,,,,,7.172934542133502,24633.23193359375,,0.5377293811426265,6407.344018554688,,6.7623697033184715,30.359349918365478,30.165131664276124,0.9683021209917708,0.0,35.0,12.25,偏空逆風
2025-10-13,26923.419921875,24750.25,6723.47021484375,19.030000686645508,30.665000915527344,45.05813953488372,46.80232558139535,344.0,,,6.176794861781665,24656.05546875,,1.8789612663671296,6440.526025390625,,10.951464449710935,30.378354930877684,30.18658167521159,1.255081713640438,17.5,70.0,35.875,中性偏空
2025-10-14,26793.150390625,24579.3203125,6570.330078125,20.809999465942383,30.69099998474121,35.75581395348838,51.162790697674424,344.0,,,4.539703785351068,24671.308984375,,1.256765142074423,6465.081518554687,,8.078500957772473,30.40319995880127,30.209205023447673,1.645687627428849,7.5,35.0,17.125,偏空逆風
2025-10-15,27275.7109375,24745.359375,6767.06005859375,20.639999389648438,30.683900833129883,37.7906976744186,45.63953488372093,344.0,,,7.223220691281829,24697.39248046875,,2.1535527149341815,6500.423510742187,,11.663599979728211,30.435035037994385,30.230620034535725,2.119004765070831,7.5,55.0,24.125,偏空逆風
2025-10-16,27647.869140625,24657.240234375,6800.02001953125,25.309999465942383,30.609800338745117,47.674418604651166,52.616279069767444,344.0,,,7.289703008478465,24707.5099609375,,0.8274402551125659,6526.51650390625,,8.312305680219566,30.461205101013185,30.253546714782715,1.7396606985522478,17.5,35.0,23.625,偏空逆風
2025-10-17,27302.369140625,24817.94921875,6777.97998046875,20.780000686645508,30.611900329589844,46.80232558139535,49.7093023255814,344.0,,,6.740070058891456,24717.094921875,,0.7784344703314572,6553.803002929688,,8.756548284628352,30.486275100708006,30.273895041147867,1.6651998083941466,17.5,55.0,30.625,中性偏空
2025-10-20,27688.630859375,25141.01953125,6885.02978515625,18.229999542236328,30.62190055847168,44.76744186046512,49.7093023255814,344.0,,,6.986048535541101,24736.0923828125,,1.5344620162004663,6581.548486328125,,8.766179119762096,30.50657014846802,30.293060048421225,1.34333121700283,7.5,70.0,29.375,偏空逆風
2025-10-21,27752.41015625,25127.130859375,6839.27001953125,17.8700008392334,30.597299575805664,53.779069767441854,46.51162790697674,344.0,,,5.734064269685368,24763.4404296875,,2.225212190308068,6608.101489257812,,8.418553946083707,30.525550174713135,30.30873171488444,1.2562191590527405,17.5,70.0,35.875,中性偏空
2025-10-22,27648.91015625,24879.009765625,6677.56982421875,18.600000381469727,30.67729949951172,59.01162790697675,50.0,344.0,,,5.543362326196788,24782.21240234375,,1.5321826506787817,6627.12998046875,,6.043668798138002,30.545715141296387,30.325195026397704,1.3321640002280644,27.5,70.0,42.375,中性偏空
2025-10-23,27532.259765625,25097.41015625,6847.39013671875,17.299999237060547,30.745100021362305,55.81395348837209,45.63953488372093,344.0,,,5.796260656634744,24817.2173828125,,2.8695769889467426,6655.2659912109375,,8.953854726484423,30.564765167236327,30.340480041503906,1.2547729886297487,27.5,70.0,42.375,中性偏空
2025-10-24,,25358.16015625,6976.93994140625,16.3700008392334,30.774999618530273,,,,,,7.630629442005743,24859.93291015625,,3.4864340113650805,6688.860498046875,,10.656381115645308,30.57544012069702,30.354963366190592,0.6985883067794685,0.0,70.0,24.5,偏空逆風
2025-10-27,27993.630859375,25821.55078125,7167.97998046875,15.789999961853027,30.83329963684082,59.30232558139535,47.96511627906977,344.0,,,9.434246785782886,24920.44296875,,4.917248306504929,6731.50400390625,,13.505230085488318,30.59490509033203,30.371935017903645,1.2787392904292316,27.5,70.0,42.375,中性偏空
2025-10-28,27949.109375,26012.150390625,7194.7099609375,16.420000076293945,30.60110092163086,51.45348837209303,47.093023255813954,344.0,,,8.243709813136292,24987.0509765625,,5.397733725171938,6772.748510742187,,12.949975972356832,30.60205011367798,30.383885033925374,0.46916910646583876,17.5,70.0,35.875,中性偏空
2025-10-29,28294.740234375,26119.849609375,7327.93017578125,16.920000076293945,30.543100357055664,51.45348837209303,45.93023255813954,344.0,,,8.897502489993037,25053.00048828125,,5.318324717830469,6814.131030273437,,12.73253487511392,30.607100105285646,30.393980026245117,0.3317768170126856,17.5,70.0,35.875,中性偏空
2025-10-30,28287.529296875,25734.810546875,7216.0,16.90999984741211,30.665199279785156,47.674418604651166,53.19767441860465,344.0,,,7.237510047582751,25095.10302734375,,3.3827136451652473,6843.612036132812,,8.898072969176663,30.6180100440979,30.406488355000814,0.7166511401336395,17.5,70.0,35.875,中性偏空
2025-10-31,28233.349609375,25858.130859375,7228.66015625,17.440000534057617,30.73069953918457,43.02325581395349,45.93023255813954,344.0,,,5.501609549147424,25148.73359375,,4.327572503665422,6875.8580322265625,,9.795646530945223,30.631354999542236,30.421865018208823,0.8761188857489888,7.5,70.0,29.375,偏空逆風
2025-11-03,28334.58984375,25972.939453125,7270.97021484375,17.170000076293945,30.78179931640625,41.27906976744186,45.93023255813954,344.0,,,5.879921291306034,25198.4525390625,,3.980929583127657,6900.703540039062,,7.3354849521832355,30.64944496154785,30.43737834294637,1.189346611455977,7.5,70.0,29.375,偏空逆風
2025-11-04,28116.560546875,25435.69921875,6979.56982421875,19.0,30.903099060058594,31.1046511627907,44.18604651162791,344.0,,,3.3243165377571993,25228.2259765625,,2.3971949485296573,6917.94404296875,,5.197024018566987,30.669074916839598,30.453296661376953,1.2867671995673513,0.0,70.0,24.5,偏空逆風
2025-11-05,27717.060546875,25620.029296875,7190.27001953125,18.010000228881836,30.91900062561035,29.360465116279073,42.73255813953488,344.0,,,2.4142351185037825,25252.396484375,,1.9231311639230197,6934.447534179688,,4.811373062323798,30.68818998336792,30.470645014444987,1.2519405809797268,0.0,70.0,24.5,偏空逆風
2025-11-06,27899.44921875,25130.0390625,7018.39013671875,19.5,30.892900466918945,41.27906976744186,43.31395348837209,344.0,,,2.188598086086402,25253.989453125,,0.1269389867977866,6943.35703125,,2.6050398572889932,30.706585025787355,30.486531702677407,1.2052443996275697,0.0,50.0,17.5,偏空逆風
2025-11-07,27651.41015625,25059.810546875,6947.35986328125,19.079999923706055,30.97879981994629,34.883720930232556,38.95348837209303,344.0,,,1.2800939837750436,25295.89296875,,3.459992157419922,6970.34501953125,,8.423743014524753,30.726360034942626,30.501528358459474,1.2931900344364644,0.0,30.0,10.5,偏空逆風
2025-11-10,27869.509765625,25611.740234375,7156.9501953125,17.600000381469727,30.966800689697266,33.13953488372093,36.04651162790697,344.0,,,3.5140032228272444,25338.96748046875,,3.480733464813479,6992.019018554687,,6.447265572943772,30.741450023651122,30.517825031280516,0.984183157213292,0.0,70.0,24.5,偏空逆風
2025-11-11,27784.94921875,25533.490234375,6979.7001953125,17.280000686645508,30.966800689697266,35.75581395348838,41.86046511627907,344.0,,,3.701687982433133,25386.6759765625,,3.8820028778002946,7012.487524414062,,6.2305867790484415,30.755240058898927,30.533520030975343,0.8986370763193641,0.0,50.0,17.5,偏空逆風
2025-11-12,27947.08984375,25517.330078125,7082.1298828125,17.510000228881836,30.96430015563965,44.76744186046512,51.45348837209303,344.0,,,2.461453370687239,25425.27451171875,,3.119658483945531,7028.241015625,,4.655933618006403,30.769260025024415,30.547803370157876,0.9138320581684845,7.5,70.0,29.375,偏空逆風
2025-11-13,27903.560546875,24993.4609375,6818.740234375,20.0,31.06410026550293,47.093023255813954,51.45348837209303,344.0,,,0.9248141509549335,25442.085546875,,1.3635779995210928,7029.177026367188,,0.2752964666277613,30.791975021362305,30.560870043436687,1.484164946292621,17.5,15.0,16.625,偏空逆風
2025-11-14,27397.5,25008.240234375,6811.2001953125,19.829999923706055,31.124900817871094,40.69767441860465,43.31395348837209,344.0,,,0.34843444861878403,25451.60009765625,,0.7667475420621628,7030.838037109375,,0.4901196955357845,30.817625045776367,30.57101837793986,1.6758204579196745,0.0,30.0,10.5,偏空逆風
2025-11-17,27447.310546875,24799.919921875,6705.740234375,22.3799991607666,30.554500579833984,33.72093023255814,38.95348837209303,344.0,,,-0.8715501814647975,25434.5451171875,,-1.3567453338597435,7021.873559570313,,-2.604049021948873,30.814255046844483,30.574138387044272,-0.22010383878360296,0.0,15.0,5.25,偏空逆風
2025-11-18,26756.119140625,24503.099609375,6551.02978515625,24.690000534057617,31.174999237060547,23.25581395348837,30.23255813953488,344.0,,,-3.5899261001683835,25403.3435546875,,-2.4834958415762443,7007.4615478515625,,-4.214488294099484,30.843140029907225,30.586321703592937,1.8880740106610228,0.0,15.0,5.25,偏空逆風
2025-11-19,26580.119140625,24640.51953125,6670.02978515625,23.65999984741211,31.103200912475586,21.22093023255814,24.709302325581394,344.0,,,-3.8655809924696083,25391.41904296875,,-0.9586001879565154,7007.084545898438,,-0.11291591493589603,30.86443510055542,30.595598379770916,1.3883275904733594,0.0,15.0,5.25,偏空逆風
2025-11-20,27426.359375,24054.380859375,6352.06982421875,26.420000076293945,31.183000564575195,27.906976744186046,27.61627906976744,344.0,,,-0.3846411138297534,25339.267578125,,-4.1559240191771485,6982.318530273437,,-7.233709524507336,30.886330127716064,30.605731709798178,1.4242937668396793,0.0,15.0,5.25,偏空逆風
2025-11-21,26434.939453125,24239.5703125,6406.43017578125,23.43000030517578,31.352100372314453,19.476744186046513,22.38372093023256,344.0,27701.2443359375,,-3.9855802678065766,25283.3380859375,,-4.411163258128969,6953.793041992188,,-8.177077205999428,30.915185165405273,30.620053386688234,1.8752258681969058,0.0,15.0,5.25,偏空逆風
2025-11-24,26504.240234375,24873.849609375,6703.2001953125,20.520000457763672,31.338600158691406,26.16279069767442,23.546511627906977,344.0,27626.7748046875,,-5.320462474060261,25235.95302734375,24763.760319010416,-3.6701946366566096,6930.554052734375,6566.72001953125,-6.484111094376354,30.940450191497803,30.633021736145018,1.6388142942925121,0.0,45.0,15.749999999999998,偏空逆風
2025-11-25,26912.169921875,25018.359375,6714.18017578125,18.559999465942383,31.42609977722168,29.360465116279073,28.488372093023255,344.0,27574.92783203125,,-3.7100983763458495,25186.2634765625,24793.547819010415,-3.820487736312528,6906.527563476562,6585.1986897786455,-6.678931989825965,30.981700134277343,30.646368408203124,2.6959776960431503,0.0,60.0,21.0,偏空逆風
2025-11-26,27409.5390625,25236.939453125,6899.4599609375,17.190000534057617,31.388099670410156,43.31395348837209,34.30232558139535,344.0,27530.6677734375,,-3.1285007904033657,25142.11796875,24823.916145833333,-3.3802267985995726,6885.104052734375,6606.976025390625,-5.847083754425508,31.02395009994507,30.65710341135661,2.7665800245432193,0.0,100.0,35.0,中性偏空
2025-11-27,27554.529296875,,,,31.248899459838867,52.32558139534884,38.372093023255815,344.0,27494.0177734375,,-2.591247868653468,,,-1.9346211733058838,,,-4.3866413395579285,31.053135108947753,30.665885066986085,1.9034612321547684,35.0,0.0,22.75,偏空逆風
2025-11-28,27626.48046875,25434.890625,7025.14990234375,16.350000381469727,31.314699172973633,59.883720930232556,43.02325581395349,344.0,27463.67431640625,,-2.14947623651246,,,-1.6367781440844276,,,-2.815324686834142,31.08233509063721,30.676230049133302,1.9003785873614953,45.0,30.0,39.75,中性偏空
2025-12-01,27342.529296875,25342.849609375,7020.52978515625,17.239999771118164,31.37689971923828,52.616279069767444,41.86046511627907,344.0,27414.0712890625,,-3.5012348946841243,,,-2.4259473783749486,,,-3.4443880567166074,31.11209011077881,30.69119504292806,1.9332866045775665,10.0,30.0,17.0,偏空逆風
2025-12-02,27564.26953125,25555.859375,7149.47021484375,16.59000015258789,31.395999908447266,56.395348837209305,46.80232558139535,344.0,27386.45673828125,,-1.9642908125417358,,,0.4724075214784129,,,2.434253040000467,31.13673515319824,30.708943367004395,1.5949884101615242,52.5,30.0,44.625,中性偏空
2025-12-03,27793.0390625,25606.5390625,7280.509765625,16.079999923706055,31.402000427246094,65.11627906976744,50.2906976744186,344.0,27390.2556640625,,0.2741218373301324,,,-0.05265503102545033,,,1.2550258314170115,31.16088514328003,30.72645003000895,1.562145579943719,52.5,30.0,44.625,中性偏空
2025-12-04,27795.7109375,25581.69921875,7215.97021484375,15.779999732971191,31.314699172973633,69.18604651162791,46.51162790697674,344.0,27385.06875,,-0.3718291369719351,,,1.797291898857356,,,2.8151766185140037,31.181975078582763,30.744415028889975,1.365358058581645,52.5,30.0,44.625,中性偏空
2025-12-05,27980.890625,25692.05078125,7294.83984375,15.40999984741211,31.364999771118164,65.69767441860465,54.94186046511628,344.0,27401.5427734375,,1.191550329217228,,,2.5229250364537936,,,5.001611940462158,31.201285076141357,30.762331676483154,1.246658855141347,52.5,30.0,44.625,中性偏空
2025-12-08,28303.779296875,25627.94921875,7375.22021484375,16.65999984741211,31.27400016784668,71.22093023255815,56.395348837209305,344.0,27423.25625,,1.5582245073633816,,,0.06328732146534399,,,3.0497630076314897,31.21664505004883,30.778816668192544,0.9920284669627577,60.0,30.0,49.5,震盪中性
2025-12-09,28182.599609375,25668.689453125,7372.509765625,16.93000030517578,31.16469955444336,69.47674418604652,57.26744186046512,344.0,27443.13876953125,,1.4311719179125104,,,0.5294976029872611,,,5.627886002557925,31.22653999328613,30.794993336995443,0.6390678414897932,60.0,30.0,49.5,震盪中性
2025-12-10,28400.73046875,25776.439453125,7467.490234375,15.770000457763672,31.150999069213867,62.5,47.383720930232556,344.0,27465.82080078125,,1.6232123900422835,,,1.0154251021039284,,,5.4413059056954705,31.235874938964844,30.813390000661215,0.602948920646651,52.5,30.0,44.625,中性偏空
2025-12-11,28024.75,25686.689453125,7411.47998046875,14.850000381469727,31.07699966430664,63.662790697674424,44.76744186046512,344.0,27471.8802734375,,0.4343153731991123,,,2.773639542592865,,,8.692804326312341,31.23651990890503,30.82990001042684,0.04152510033594847,45.0,30.0,39.75,中性偏空
2025-12-12,28198.01953125,25196.73046875,7033.56982421875,15.739999771118164,31.180099487304688,66.56976744186046,57.84883720930233,344.0,27511.90625,,2.9218707226936758,,,0.7537125067917039,,,3.264764249027441,31.23927984237671,30.847726662953693,0.17734568780345406,60.0,30.0,49.5,震盪中性
2025-12-15,27866.939453125,25067.26953125,6990.41015625,16.5,31.320100784301758,67.15116279069767,60.75581395348837,344.0,27532.8876953125,,1.5288525465303904,,,1.0780260993471291,,,4.245167750694012,31.2775598526001,30.866128349304198,2.505687181721017,60.0,30.0,49.5,震盪中性
2025-12-16,27536.66015625,25132.939453125,6958.43994140625,16.479999542236328,31.328699111938477,52.32558139534884,66.56976744186046,344.0,27571.91474609375,,2.917243010926307,,,2.5704496728610637,,,6.219024635991377,31.285244846343993,30.88464501698812,0.49302286652572747,25.0,30.0,26.75,偏空逆風
2025-12-17,27525.169921875,24647.609375,6695.31005859375,17.6200008392334,31.4689998626709,52.616279069767444,71.22093023255815,344.0,27619.16728515625,,3.5554798541349797,,,0.028773109840507516,,,0.3790129017678501,31.30353479385376,30.904561678568523,1.1760813661097824,25.0,30.0,26.75,偏空逆風
2025-12-18,27468.529296875,25019.369140625,6863.6298828125,16.8700008392334,31.632099151611328,45.93023255813954,57.84883720930233,344.0,27621.27578125,,0.15375690699013234,,,4.011694530370358,,,8.053438843561,31.325989723205566,30.925695006052653,1.4402032482605964,25.0,30.0,26.75,偏空逆風
2025-12-19,27696.349609375,25346.1796875,7067.8701171875,14.90999984741211,31.51409912109375,54.65116279069767,76.74418604651163,344.0,27684.3462890625,,4.771753529024569,,,4.565301120166043,,,10.324625778436559,31.33408966064453,30.94157164891561,0.5167078022062954,50.0,30.0,43.0,中性偏空
2025-12-22,28149.640625,25461.69921875,7145.56982421875,14.079999923706055,31.5039005279541,69.18604651162791,79.36046511627907,344.0,27766.61630859375,,6.208064732566743,,,2.363323806353801,,,6.599379639826308,31.342354679107665,30.959236653645835,0.5274657081862477,60.0,30.0,49.5,震盪中性
2025-12-23,28310.470703125,25587.830078125,7184.5400390625,14.0,31.53219985961914,63.372093023255815,75.0,344.0,27836.53134765625,,5.195793521329617,,,2.2762112198853934,,,7.005469781372375,31.34765968322754,30.977136643727622,0.33761772268783297,60.0,30.0,49.5,震盪中性
2025-12-24,28371.98046875,25656.150390625,7204.3701171875,13.470000267028809,31.489500045776367,55.52325581395349,64.24418604651163,344.0,27884.65341796875,,3.5113374364136973,,,1.6611005398599943,,,4.419333657652946,31.352729701995848,30.994593302408855,0.32305356625907944,60.0,30.0,49.5,震盪中性
2025-12-26,28556.01953125,25644.390625,7207.64013671875,13.600000381469727,31.570199966430664,55.81395348837209,60.75581395348837,344.0,27934.7279296875,,3.6345757301271764,25436.6912109375,,1.6145031081593597,7148.226000976562,,4.466728954527843,31.36879472732544,31.01331329345703,1.0281978314299778,60.0,70.0,63.5,中性偏多
2025-12-29,28810.890625,25525.560546875,7178.27001953125,14.199999809265137,31.3799991607666,60.75581395348837,59.30232558139535,344.0,27993.9484375,,4.287227819662953,25441.22470703125,,0.3564785208310717,7155.882006835937,,2.1795992870759395,31.372059726715086,31.028583272298178,0.2085282296095725,60.0,70.0,63.5,中性偏多
2025-12-30,28707.130859375,25462.560546875,7169.10009765625,14.329999923706055,31.317800521850586,56.395348837209305,60.17441860465116,344.0,28062.178515625,,4.990765659181218,25447.21025390625,,0.4723657337086351,7163.310522460937,,2.116226510627839,31.3691047668457,31.043546613057455,-0.1883525712116807,60.0,70.0,63.5,中性偏多
2025-12-31,28963.599609375,25249.849609375,7083.1298828125,14.949999809265137,31.243600845336914,52.90697674418605,59.01162790697675,344.0,28132.14501953125,,5.0766086020837875,25431.909765625,,-1.197415282087344,7159.993505859375,,-0.9279055655552537,31.361484813690186,31.055764961242676,-0.4854091717249265,50.0,30.0,43.0,中性偏空
2026-01-02,29349.810546875,25206.169921875,7367.47021484375,14.510000228881836,31.303499221801758,57.55813953488372,57.84883720930233,344.0,28209.98359375,,5.601299954546857,25411.89130859375,,-1.5635425765574418,7164.341528320312,,1.1944280279567066,31.35655975341797,31.068544960021974,-0.3136781227442764,60.0,50.0,56.5,震盪中性
2026-01-05,30105.0390625,25401.3203125,7446.4501953125,14.899999618530273,31.358699798583984,51.45348837209303,52.616279069767444,344.0,28325.45,,8.30821751669757,25402.87236328125,,-0.7051091669383447,7175.86552734375,,3.1940262169408262,31.358759784698485,31.082439963022868,0.14051109150787777,42.5,50.0,45.125,震盪中性
2026-01-06,30576.30078125,25639.7109375,7650.93017578125,14.75,31.474599838256836,57.55813953488372,59.30232558139535,344.0,28455.2205078125,,9.275652412332747,25400.25537109375,,-0.20371999182018374,7193.6700439453125,,4.88140027277415,31.36423978805542,31.097294966379803,0.34943429918208313,60.0,70.0,63.5,中性偏多
2026-01-07,30435.470703125,25653.900390625,7574.8701171875,15.380000114440918,31.49209976196289,68.6046511627907,63.662790697674424,344.0,28561.805078125,,7.531472683880613,25401.5529296875,,0.1012612115526279,7203.6525390625,,2.707036488780701,31.37514476776123,31.111079947153726,0.6973831071998449,60.0,70.0,63.5,中性偏多
2026-01-08,30360.55078125,25507.099609375,7436.10009765625,15.449999809265137,31.449100494384766,61.627906976744185,57.55813953488372,344.0,28670.70263671875,,7.727999553137388,25393.4734375,,-0.6295212073257117,7206.832055664063,,0.8625330322076463,31.389364814758302,31.123714955647788,0.912573982767162,60.0,70.0,63.5,中性偏多
2026-01-09,30288.9609375,25766.259765625,7638.77978515625,14.489999771118164,31.5447998046875,61.04651162790697,61.04651162790697,344.0,28765.11416015625,,6.648527828633366,25392.964453125,,-0.03949221737359343,7215.396533203125,,2.293803478881773,31.409054851531984,31.138063271840412,1.2641672730901998,60.0,70.0,63.5,中性偏多
2026-01-12,30567.2890625,25787.66015625,7674.83984375,15.119999885559082,31.593299865722656,73.54651162790698,70.34883720930233,344.0,28892.24111328125,,9.072477229948529,25398.01298828125,,0.39308570031673096,7228.564526367188,,3.5534045018710714,31.434869861602785,31.154454930623373,1.661357939933339,60.0,70.0,63.5,中性偏多
2026-01-13,30707.220703125,25741.94921875,7747.990234375,15.979999542236328,31.569900512695312,68.31395348837209,65.11627906976744,344.0,29017.701171875,,8.898501432323002,25425.27392578125,,2.1638472129398068,7264.285546875,,10.157294631472634,31.454359912872313,31.170421600341797,1.2501596588854191,60.0,70.0,63.5,中性偏多
2026-01-14,30941.779296875,25465.939453125,7701.47021484375,16.75,31.616899490356445,77.32558139534885,75.87209302325581,344.0,29171.4431640625,,11.034006260078154,25445.207421875,,1.5904002682781249,7299.838549804687,,10.171936162544103,31.469199848175048,31.18700491587321,0.9476301117250729,60.0,70.0,63.5,中性偏多
2026-01-15,30810.580078125,25547.0703125,7837.2998046875,15.84000015258789,31.510700225830078,78.48837209302324,83.43023255813954,344.0,29335.13916015625,,11.889313748646169,25465.91396484375,,1.647761337854603,7343.78154296875,,12.630127883285835,31.47829990386963,31.202228260040282,0.5809405403055745,60.0,70.0,63.5,中性偏多
2026-01-16,31408.69921875,25529.259765625,7927.41015625,15.859999656677246,31.564199447631836,75.29069767441861,79.65116279069767,344.0,29529.315625,,14.10901116286536,25509.996484375,,3.5770219221311406,7405.386547851563,,18.402435240094526,31.483059883117676,31.217009925842284,0.30251862269656815,60.0,70.0,63.5,中性偏多
2026-01-19,31639.2890625,,,,31.607999801635742,77.90697674418605,83.43023255813954,344.0,29737.85361328125,,15.18377529626056,,,2.0379835404085833,,,15.498800075181162,31.481854915618896,31.231391588846844,-0.07618637593439503,60.0,0.0,39.0,中性偏空
2026-01-20,31759.990234375,24987.5703125,7794.18994140625,20.09000015258789,31.548999786376953,73.25581395348837,77.32558139534885,344.0,29941.03564453125,28442.208756510416,14.672116298042726,,,-1.4148458640370842,,,10.276360659946215,31.483599948883057,31.244291591644288,0.11074619378803607,100.0,15.0,70.25,中性偏多
2026-01-21,31246.369140625,25326.580078125,8042.06982421875,16.899999618530273,31.682300567626953,63.95348837209303,68.8953488372093,344.0,30095.8720703125,28496.421061197918,11.000952221303884,,,-0.5306760537234667,,,12.546235248607584,31.4925199508667,31.25844160715739,0.5662792120440852,100.0,30.0,75.5,偏多順風
2026-01-22,31746.080078125,25518.349609375,8055.169921875,15.640000343322754,31.639999389648438,69.76744186046511,72.38372093023256,344.0,30267.6525390625,28559.70390625,12.135472458325335,,,-0.27153716644928716,,,12.118101897670087,31.497909927368163,31.27575658162435,0.34187126337272833,100.0,30.0,75.5,偏多順風
2026-01-23,31961.509765625,25605.470703125,7957.93017578125,16.09000015258789,31.583999633789062,71.22093023255815,75.29069767441861,344.0,30447.12900390625,28620.816731770832,12.651669843170254,,,-0.19753426265586294,,,10.459763259469113,31.502634906768797,31.293104902903238,0.30009872457588127,100.0,30.0,75.5,偏多順風
2026-01-26,32064.51953125,25713.2109375,7927.0400390625,16.149999618530273,31.370800018310547,77.61627906976744,77.03488372093024,344.0,30622.55400390625,28683.766569010415,12.286376244281904,,,0.2683640001681642,,,9.981074092182052,31.492664909362794,31.304864915211997,-0.6316081251691252,100.0,30.0,75.5,偏多順風
2026-01-27,32317.919921875,25939.740234375,8117.18017578125,16.350000381469727,31.440500259399414,72.09302325581395,73.83720930232558,344.0,30797.90546875,28751.842740885415,12.172582036849121,,,1.6226076083203145,,,13.079894650038693,31.495689964294435,31.316694927215575,0.19280146670128673,100.0,30.0,75.5,偏多順風
2026-01-28,32803.8203125,26022.7890625,8306.740234375,16.350000381469727,31.110300064086914,69.47674418604652,74.70930232558139,344.0,31002.73994140625,28826.329915364582,14.270633569035795,,,2.200204942443462,,,15.868660239388642,31.48531494140625,31.32216993967692,-0.6625639550226325,100.0,30.0,75.5,偏多順風
2026-01-29,32536.26953125,25884.30078125,8320.3896484375,16.8799991607666,31.26959991455078,65.11627906976744,72.96511627906976,344.0,31181.3734375,28899.991731770835,12.335034215562724,,,2.5126928741763033,,,17.467698405859533,31.486614894866943,31.32827828725179,0.08321406147315802,100.0,30.0,75.5,偏多順風
2026-01-30,32063.75,25552.390625,7998.47021484375,17.440000534057617,31.3617000579834,46.22093023255814,65.11627906976744,344.0,31317.07041015625,28972.436555989585,9.246872134968399,,,1.3735553802822542,,,8.564676633896395,31.489524936676027,31.335656611124673,0.1859243778762787,90.0,30.0,69.0,中性偏多
2026-02-02,31624.029296875,25738.609375,8134.490234375,16.34000015258789,31.58300018310547,32.55813953488372,58.43023255813954,344.0,31393.019921875,29034.512890625,5.045634490695994,,,1.3278406726520364,,,9.239839400196592,31.500739955902098,31.347158273061115,0.7152732286802577,80.0,30.0,62.5,中性偏多
2026-02-03,32195.359375,25338.619140625,7966.330078125,18.0,31.57710075378418,37.2093023255814,59.30232558139535,344.0,31473.9728515625,29110.245377604166,5.295142160371591,,,-1.1743182191443102,,,4.122373294454285,31.505865001678465,31.357129955291747,0.3256623310672113,80.0,30.0,62.5,中性偏多
2026-02-04,32289.810546875,24891.240234375,7619.16015625,18.639999389648438,31.573200225830078,47.96511627906977,59.01162790697675,344.0,31566.68984375,29183.917057291666,6.092693166593954,,,-2.9728818800930035,,,0.5846970096821336,31.509920024871825,31.367236614227295,0.2575263779811321,90.0,30.0,69.0,中性偏多
2026-02-05,31801.26953125,24548.689453125,7614.64013671875,21.770000457763672,31.657100677490234,39.825581395348834,60.46511627906976,344.0,31638.72578125,29250.855729166666,4.745364339337854,,,-3.7574250735185166,,,2.4009902599182675,31.5203200340271,31.378741614023845,0.6613867482238689,80.0,15.0,57.25,震盪中性
2026-02-06,31782.919921875,25075.76953125,8048.6201171875,20.3700008392334,31.648799896240234,29.941860465116278,54.65116279069767,344.0,31713.42373046875,29314.78623046875,4.9323546867709345,,,-2.6798233063542676,,,5.3652591586375475,31.525520038604736,31.390149943033855,0.32969013021690863,72.5,15.0,52.375,震盪中性
2026-02-09,32404.619140625,25268.140625,8162.580078125,17.360000610351562,31.575000762939453,36.91860465116279,49.7093023255814,344.0,31805.290234375,29389.803873697918,6.010772085049054,,,-2.0146051565057888,,,6.355054233114599,31.524605083465577,31.398664951324463,-0.05792083404069226,72.5,30.0,57.625,震盪中性
2026-02-10,33072.96875,25127.640625,8107.1298828125,17.790000915527344,31.561199188232422,38.662790697674424,51.74418604651163,344.0,31923.57763671875,29484.39501953125,7.704207651180384,,,-2.3864105570628236,,,4.6352620172922965,31.524170017242433,31.405936590830485,-0.027562090223853808,72.5,30.0,57.625,震盪中性
2026-02-11,33605.7109375,25201.259765625,8291.8603515625,17.649999618530273,31.478700637817383,43.604651162790695,47.383720930232556,344.0,32056.77421875,29587.035026041667,8.609497259564659,,,-1.0393478237360698,,,7.665940661314741,31.51726007461548,31.42133992513021,-0.43710438014712416,72.5,30.0,57.625,震盪中性
2026-02-12,,24687.609375,8084.7001953125,20.81999969482422,31.336999893188477,,,,,,9.071983884391365,,,-3.364225044151037,,,3.1567044363548513,31.5085750579834,31.424039936065675,-0.5512423760714036,0.0,15.0,5.25,偏空逆風
2026-02-13,,24732.73046875,8137.85986328125,20.600000381469727,31.416900634765625,,,,,,6.994914700060084,,,-3.120064209411677,,,2.654709455966908,31.501210117340086,31.429268264770506,-0.4666641810782912,0.0,15.0,5.25,偏空逆風
2026-02-16,,,,,31.368999481201172,,,,,,6.215126613987909,,,-3.120064209411677,,,2.654709455966908,31.489260101318358,31.432368246714272,-0.7561387051837509,0.0,0.0,0.0,偏空逆風
2026-02-17,,24701.599609375,8136.0498046875,20.290000915527344,31.32699966430664,,,,,,5.811464957968759,,,-1.1444518196390807,,,4.386085864614819,31.478160095214843,31.43194990158081,-0.7036677028543159,0.0,15.0,5.25,偏空逆風
2026-02-18,,24898.869140625,8214.349609375,19.6200008392334,31.375999450683594,,,,,,7.55077105521198,,,-1.6887828367692648,,,2.142231899522029,31.462845039367675,31.432573223114012,-0.9667893791031612,0.0,30.0,10.5,偏空逆風
2026-02-19,,24797.33984375,8173.2998046875,20.229999542236328,31.52910041809082,,,,,,5.8578282887165045,,,-2.8254560998729805,,,1.46651012900052,31.457300090789794,31.43428990046183,-0.3505024453126282,0.0,15.0,5.25,偏空逆風
2026-02-20,,25012.619140625,8260.419921875,19.09000015258789,31.57900047302246,,,,,,5.144316347794553,,,-2.3153316311722683,,,3.801110834250987,31.457050132751466,31.43747158050537,-0.015828143441509734,0.0,30.0,10.5,偏空逆風
2026-02-23,33773.26171875,24708.939453125,8213.4599609375,21.010000228881836,31.51099967956543,59.01162790697675,54.360465116279066,344.0,,,5.32907466720236,,,-3.9056634615413865,,,3.6132014025864967,31.46406011581421,31.441839917500815,0.44691133529604077,27.5,15.0,23.125,偏空逆風
2026-02-24,34700.8203125,24977.0390625,8332.33984375,19.549999237060547,31.434799194335938,68.6046511627907,60.46511627906976,344.0,,,7.373309904800185,,,-3.711298429269705,,,2.650670101061814,31.463775062561034,31.44384158452352,-0.018132870076625895,35.0,30.0,33.25,中性偏空
2026-02-25,35413.0703125,25329.0390625,8467.4296875,17.93000030517578,31.377099990844727,69.18604651162791,54.65116279069767,344.0,,,7.95410404990462,,,-2.665932534494253,,,1.9344465890486662,31.477115058898924,31.443844922383626,0.8575935500725107,27.5,30.0,28.375,偏空逆風
2026-02-26,35414.48828125,25034.369140625,8197.259765625,18.6299991607666,31.269100189208984,75.87209302325581,63.08139534883721,344.0,,,8.846185476904678,,,-3.2835796794660643,,,-1.4798571703384389,31.477090072631835,31.441729927062987,-0.0015981187580393907,35.0,30.0,33.25,中性偏空
2026-02-27,,24960.0390625,8098.3701171875,19.860000610351562,31.24679946899414,,,,,,10.450238294803317,,,-2.3181845142914104,,,1.2489876146360324,31.471345043182374,31.439143244425455,-0.3663723228550242,0.0,30.0,10.5,偏空逆風
2026-03-02,35095.08984375,24992.599609375,8137.35986328125,21.440000534057617,31.375,70.34883720930233,65.40697674418605,344.0,,,10.976022423613173,,,-2.898407426586158,,,0.03527730470587187,31.460945034027098,31.440148258209227,-0.6585827245656484,35.0,15.0,28.0,偏空逆風
2026-03-03,34323.6484375,24720.080078125,7764.8798828125,23.56999969482422,31.53499984741211,59.883720930232556,55.81395348837209,344.0,,,6.610546065693668,,,-2.4410922279040292,,,-2.528770379044032,31.458839988708498,31.442981592814128,-0.1333273333113838,35.0,15.0,28.0,偏空逆風
2026-03-04,32828.87890625,25093.6796875,7914.47998046875,21.149999618530273,31.733999252319336,31.3953488372093,39.24418604651162,344.0,,,1.669468944676633,,,0.8132959676530271,,,3.8760154421547233,31.46687994003296,31.450648244222005,0.5092896042818928,0.0,15.0,5.25,偏空逆風
2026-03-05,33672.94140625,25020.41015625,7821.759765625,23.75,31.6299991607666,42.73255813953488,39.825581395348834,344.0,,,5.8855256490964125,,,1.9215718379823832,,,2.7200186113522706,31.465524864196777,31.458403237660725,-0.08560959830065107,0.0,15.0,5.25,偏空逆風
2026-03-06,33599.5390625,24643.01953125,7514.740234375,29.489999771118164,31.905899047851562,50.58139534883721,45.93023255813954,344.0,,,5.7157087677607965,,,-1.72576956994559,,,-6.633185254605589,31.478379821777345,31.470984903971353,0.8123503970268064,17.5,15.0,16.625,偏空逆風
2026-03-09,32110.419921875,24967.25,7810.39990234375,25.5,31.80229949951172,26.744186046511626,31.1046511627907,344.0,,,-0.9078928453788548,,,-1.190790527350094,,,-4.314569320122963,31.48974475860596,31.483073234558105,0.7198692987493205,0.0,15.0,5.25,偏空逆風
2026-03-10,32771.87109375,24956.470703125,7865.1201171875,24.93000030517578,31.802000045776367,32.848837209302324,36.627906976744185,344.0,,,-0.9104040781038103,,,-0.6812017269329229,,,-2.985147260784271,31.501784801483154,31.493438243865967,0.7629648547502921,0.0,15.0,5.25,偏空逆風
2026-03-11,34114.19140625,24965.009765625,7914.56982421875,24.229999542236328,31.77389907836914,52.90697674418605,52.90697674418605,344.0,,,1.5130775530851626,,,-0.9374531360620719,,,-4.550131229268162,31.51654472351074,31.50100154876709,0.9377720000206091,17.5,15.0,16.625,偏空逆風
2026-03-12,33581.859375,24533.580078125,7643.169921875,27.290000915527344,31.811500549316406,49.41860465116279,60.17441860465116,344.0,,,-0.07097472969508356,,,-0.6239133750673309,,,-5.461306699950342,31.540269756317137,31.509048239390054,1.5141866092646339,25.0,15.0,21.5,偏空逆風
2026-03-13,33400.3203125,24380.73046875,7646.64013671875,27.190000534057617,31.89579963684082,50.872093023255815,58.43023255813954,344.0,,,-0.6111777411344943,,,-1.4232152832650447,,,-6.0362273965779085,31.5642147064209,31.516161568959554,1.5243356040832712,25.0,15.0,21.5,偏空逆風
2026-03-16,33342.51171875,24655.33984375,7796.240234375,23.510000228881836,32.16310119628906,54.94186046511628,54.94186046511628,344.0,,,-0.7831978893096392,24867.401171875,,-0.31290772807225364,7996.116918945312,,-4.197905034561589,31.603919792175294,31.525011603037516,2.5314856330173274,17.5,15.0,16.625,偏空逆風
2026-03-17,33836.5703125,24780.419921875,7836.830078125,22.3700008392334,31.94499969482422,65.98837209302324,63.95348837209303,344.0,,,0.6869647109366328,24871.3421875,,0.31908991217752813,7981.155932617187,,-3.677702739603528,31.634819793701173,31.53219327926636,1.9727392892390894,35.0,15.0,28.0,偏空逆風
2026-03-18,34348.578125,24425.08984375,7795.1298828125,25.09000015258789,31.885000228881836,68.02325581395348,72.38372093023256,344.0,,,2.2105385268640365,24847.65322265625,,-1.9028145181982592,7960.1949462890625,,-5.10350479950411,31.660269832611085,31.538544940948487,1.6222615601402035,35.0,15.0,28.0,偏空逆風
2026-03-19,33689.6796875,24355.279296875,7863.2998046875,24.059999465942383,32.03120040893555,57.84883720930233,65.69767441860465,344.0,,,0.24986452497959277,24825.5501953125,,-1.782693424619164,7944.6949462890625,,-3.7928377449486295,31.68537483215332,31.546861616770425,1.5924970398350835,35.0,15.0,28.0,偏空逆風
2026-03-20,33543.87890625,23898.150390625,7670.60986328125,26.780000686645508,31.802099227905273,56.97674418604651,64.82558139534885,344.0,,,-0.18399262960094864,24769.8267578125,,-4.455625953180975,7915.204443359375,,-7.1401946168842105,31.69652976989746,31.552071603139243,0.7064782024162053,35.0,15.0,28.0,偏空逆風
2026-03-23,32722.5,24188.58984375,7773.1298828125,26.149999618530273,32.02170181274414,40.69767441860465,52.616279069767444,344.0,,,-3.111223687840148,24743.80927734375,,-2.1059164047172008,7893.187939453125,,-5.361079012001902,31.722064876556395,31.559596633911134,1.6207106672972316,7.5,15.0,10.125,偏空逆風
2026-03-24,32612.240234375,24002.44921875,7872.7099609375,26.950000762939453,31.86199951171875,37.5,44.76744186046512,344.0,,,-6.018820475470566,24695.07978515625,,-3.9019430658345233,7870.2064453125,,-5.516216230153692,31.743424892425537,31.56762997309367,1.3590044419936609,0.0,35.0,12.25,偏空逆風
2026-03-25,33439.109375,24162.98046875,7967.75,25.329999923706055,31.925800323486328,48.25581395348838,44.18604651162791,344.0,,,-5.574102782054558,24636.77685546875,,-4.603643236811006,7845.2224609375,,-5.901196773297679,31.770859909057616,31.577763303120932,1.7487286358576881,10.0,35.0,18.75,偏空逆風
2026-03-26,33337.62109375,23586.990234375,7585.8701171875,27.440000534057617,31.93589973449707,47.383720930232556,40.98837209302326,344.0,,,-5.864456295418464,24564.40791015625,,-5.781567324982994,7814.652978515625,,-7.458463753965039,31.80419988632202,31.58930161794027,2.1324551754073218,10.0,15.0,11.75,偏空逆風
2026-03-27,33112.58984375,23132.76953125,7457.669921875,31.049999237060547,31.93000030517578,47.383720930232556,39.24418604651162,344.0,33474.201953125,,-6.4998777314501766,24473.04443359375,,-7.320779934176036,7782.61796875,,-7.911470901443685,31.838359928131105,31.599743302663168,2.1864666071146788,10.0,0.0,6.5,偏空逆風
2026-03-30,32518.16015625,22953.380859375,7142.330078125,30.610000610351562,31.976999282836914,40.406976744186046,36.337209302325576,344.0,33345.35546875,,-7.342707196285803,24371.08349609375,,-8.159290277411024,7732.866479492188,,-12.227919151593492,31.86845989227295,31.610048294067383,1.9187228138228374,0.0,0.0,0.0,偏空逆風
2026-03-31,31722.990234375,23740.189453125,7588.2001953125,25.25,32.03900146484375,25.0,30.23255813953488,344.0,33215.32255859375,,-7.576869946854703,24322.08896484375,,-3.9639459981649194,7724.032495117188,,-2.275369228712465,31.89365997314453,31.61945498784383,1.5982293320765617,0.0,15.0,5.25,偏空逆風
2026-04-01,33174.8203125,24019.990234375,7802.31005859375,24.540000915527344,31.93790054321289,38.95348837209303,56.68604651162791,344.0,33232.61962890625,,1.053771611384935,24268.4044921875,,-4.278724629054064,7718.423999023437,,-1.4172746933697633,31.90385503768921,31.626885000864664,0.6425326013034915,15.0,35.0,22.0,偏空逆風
2026-04-02,32572.4296875,24045.529296875,7833.39013671875,23.8700008392334,32.00199890136719,34.593023255813954,44.76744186046512,344.0,33177.59404296875,,-3.2682375604577762,24219.66044921875,,-3.8963424391805113,7719.005517578125,,0.14869251219991053,31.922455024719238,31.636099974314373,1.1760978516307086,0.0,35.0,12.25,偏空逆風
2026-04-03,,,,,31.938100814819336,,,,,,-3.056915075797406,,,-2.4245820753309832,,,4.240331567099775,31.924065113067627,31.642654991149904,0.10092731416055933,0.0,0.0,0.0,偏空逆風
2026-04-06,,24192.169921875,7916.10986328125,24.170000076293945,31.96299934387207,,,,,,1.4388157076396846,,,-3.1043870595480083,,,1.3534513246342028,31.932100105285645,31.64881664911906,0.5053088829718666,0.0,15.0,5.25,偏空逆風
2026-04-07,33229.8203125,24202.369140625,8003.8701171875,25.780000686645508,31.913999557495117,41.27906976744186,42.73255813953488,344.0,,,1.3973850240041275,,,-3.0216674924534614,,,1.7641180037008208,31.937700080871583,31.654551633199056,0.35217757234620173,0.0,15.0,5.25,偏空逆風
2026-04-08,34761.37890625,24903.169921875,8510.919921875,21.040000915527344,31.893999099731445,59.30232558139535,72.09302325581395,344.0,,,1.8971210318103227,,,-0.24770606673324425,,,7.534839048755448,31.943705081939697,31.659169960021973,0.37798326565487983,35.0,15.0,28.0,偏空逆風
2026-04-09,34861.16015625,25082.08984375,8689.5302734375,19.489999771118164,31.720399856567383,59.01162790697675,65.40697674418605,344.0,,,3.809499548444828,,,2.2357510150508686,,,13.690135928651582,31.939150047302245,31.662664953867594,-0.2863765970668175,35.0,30.0,33.25,中性偏空
2026-04-10,35417.828125,25116.33984375,8889.830078125,19.229999542236328,31.725799560546875,62.2093023255814,57.84883720930233,344.0,,,6.04038462393115,,,3.0171752890786774,,,16.257989380676086,31.93065004348755,31.665358289082846,-0.5329857794114989,35.0,30.0,33.25,中性偏空
2026-04-13,35457.2890625,25383.720703125,9039.51953125,19.1200008392334,31.767000198364258,66.27906976744185,62.2093023255814,344.0,,,6.342585590397398,,,2.9542519551181146,,,15.947165037233745,31.910844993591308,31.668008295694985,-1.231538574304225,35.0,30.0,33.25,中性偏空
2026-04-14,36296.12109375,25842.0,9224.1201171875,18.360000610351562,31.641199111938477,71.80232558139535,66.27906976744185,344.0,,,7.268912772584946,,,4.283947089967932,,,17.702183475112633,31.895654964447022,31.66954495112101,-0.9510113813992804,35.0,30.0,33.25,中性偏空
2026-04-15,36722.140625,26204.580078125,9239.2900390625,18.170000076293945,31.517000198364258,72.67441860465115,66.56976744186046,344.0,,,6.9102205376951,,,7.285501284779694,,,18.526441226261436,31.877254962921143,31.666789944966634,-1.154147805789374,35.0,30.0,33.25,中性偏空
2026-04-16,37132.01953125,26333.0,9329.349609375,17.940000534057617,31.586999893188477,77.61627906976744,65.40697674418605,344.0,,,10.217787392698852,,,8.120295723230564,,,18.644205881779463,31.85504493713379,31.665906620025634,-1.3867744888610423,35.0,30.0,33.25,中性偏空
2026-04-17,36804.33984375,26672.4296875,9555.8798828125,17.479999542236328,31.558000564575195,78.77906976744185,60.17441860465116,344.0,,,9.719987800494057,,,11.608761563251857,,,24.577837396683734,31.842840003967286,31.665473302205402,-0.767555190557645,35.0,30.0,33.25,中性偏空
2026-04-20,36958.80078125,26590.33984375,9599.2099609375,18.8700008392334,31.468000411987305,77.90697674418605,67.73255813953489,344.0,,,12.946140365956138,,,9.9292683679143,,,23.49221106111612,31.815154933929442,31.667093308766685,-1.7291442034991111,35.0,30.0,33.25,中性偏空
2026-04-21,37605.109375,26479.470703125,9647.2099609375,19.5,31.41900062561035,79.65116279069767,69.18604651162791,344.0,,,15.309801181221072,,,10.319869700797145,,,22.539887901429665,31.793004989624023,31.666734981536866,-1.3903675001484594,35.0,30.0,33.25,中性偏空
2026-04-22,37878.46875,26937.279296875,9909.26953125,18.920000076293945,31.48200035095215,79.06976744186046,79.36046511627907,344.0,,,13.275949802416044,,,11.481608536302069,,,24.367224514448882,31.770814990997316,31.672929986317953,-1.39009819029563,35.0,30.0,33.25,中性偏空
2026-04-23,37714.1484375,26782.630859375,10078.5703125,19.309999465942383,31.466800689697266,61.91860465116279,72.38372093023256,344.0,,,13.127893353405762,,,13.548318769144041,,,32.85977952172849,31.747360038757325,31.676216665903727,-1.468876871169178,35.0,30.0,33.25,中性偏空
2026-04-24,38932.3984375,27303.669921875,10513.66015625,18.709999084472656,31.530000686645508,57.55813953488372,61.04651162790697,344.0,,,17.575818204532535,,,18.030268208873746,,,40.9778156768658,31.72736005783081,31.679021676381428,-1.2527391628788465,35.0,30.0,33.25,中性偏空
2026-04-27,39616.62890625,27305.6796875,10408.0400390625,18.020000457763672,31.440000534057617,54.06976744186046,61.91860465116279,344.0,,,21.829244692478934,,,18.96147175350582,,,45.72331333355029,31.700510120391847,31.6766383488973,-1.6793281446752961,25.0,30.0,26.75,偏空逆風
2026-04-28,39521.73046875,27029.009765625,10035.580078125,17.829999923706055,31.455699920654297,59.30232558139535,65.98837209302324,344.0,,,24.58387490194507,,,13.853386970621173,,,32.25244221053014,31.671345043182374,31.674615001678468,-1.8205983879663212,35.0,30.0,33.25,中性偏空
2026-04-29,39303.5,27186.98046875,10271.2998046875,18.809999465942383,31.51300048828125,61.627906976744185,70.93023255813954,344.0,,,18.473889624025386,,,13.184810665920764,,,31.644342861949127,31.65010004043579,31.67361167271932,-1.330394445798777,35.0,30.0,33.25,中性偏空
2026-04-30,38926.62890625,27452.119140625,10503.7001953125,16.889999389648438,31.62649917602539,54.360465116279066,75.0,344.0,,,19.507906777947515,,,14.16724831335996,,,34.08881738286929,31.631325054168702,31.673101647694907,-1.1733633467681748,25.0,30.0,26.75,偏空逆風
2026-05-01,,27710.359375,10595.33984375,16.989999771118164,31.569000244140625,,,,,,19.507906777947515,26235.47041015625,,15.241211922921938,9498.014965820312,,35.25867675203236,31.612870025634766,31.671771653493245,-1.1556747623122532,0.0,70.0,24.5,偏空逆風
2026-05-04,40705.140625,27651.8203125,10534.66015625,18.290000915527344,31.554000854492188,61.337209302325576,70.93023255813954,344.0,,,24.96808195005793,26408.4529296875,,14.300703086153188,9628.94248046875,,33.07875128306208,31.59242010116577,31.671421655019124,-1.2795998428673627,35.0,70.0,47.25,震盪中性
2026-05-05,40769.2890625,28015.060546875,10980.580078125,17.3799991607666,31.597999572753906,66.56976744186046,75.0,344.0,,,22.688864035668253,26599.0875,,15.753380935960482,9777.777978515625,,37.19088287733852,31.57662010192871,31.672034994761148,-0.9901610237598613,35.0,70.0,47.25,震盪中性
2026-05-06,41138.8515625,28599.169921875,11472.75,17.389999389648438,31.545000076293945,64.24418604651163,75.0,344.0,,,18.34643174958559,26783.8875,,14.841484082528078,9925.869482421875,,34.80035184577901,31.559170150756835,31.673139985402425,-1.0942466711251653,35.0,70.0,47.25,震盪中性
2026-05-07,41933.78125,28563.94921875,11160.990234375,17.079999923706055,31.398500442504883,66.27906976744185,71.80232558139535,344.0,,,20.287968220363428,26957.98046875,,13.881855127265696,10049.44248046875,,28.441813114943116,31.543075180053712,31.6741649945577,-1.0148025104288028,35.0,70.0,47.25,震盪中性
2026-05-08,41603.94140625,29234.990234375,11775.5,17.190000534057617,31.392099380493164,62.2093023255814,68.8953488372093,344.0,,,17.46610000877913,27163.91298828125,,16.398290579946483,10193.7259765625,,32.46034959628421,31.526390171051027,31.673751640319825,-1.0518259103820649,35.0,70.0,47.25,震盪中性
2026-05-11,41790.05859375,29320.66015625,12081.0400390625,18.3799991607666,31.301000595092773,64.82558139534885,72.67441860465115,344.0,,,17.86027555600014,27360.7599609375,,15.509702061291275,10345.802001953125,,33.64692666792561,31.503090190887452,31.67261832555135,-1.4669298339837544,35.0,70.0,47.25,震盪中性
2026-05-12,41898.3203125,29064.80078125,11717.259765625,17.989999771118164,31.3518009185791,62.7906976744186,68.02325581395348,344.0,,,15.434705004096628,27521.9,,12.471173985179163,10470.458984375,,27.028482031494573,31.488620281219482,31.673031679789226,-0.9146246080483755,35.0,70.0,47.25,震盪中性
2026-05-13,41374.5,29366.939453125,12017.98046875,17.8700008392334,31.501100540161133,54.65116279069767,63.662790697674424,344.0,,,12.669085450407348,27680.01796875,,12.067964323686553,10609.393505859374,,30.07471805668578,31.487825298309325,31.675116697947185,-0.05044787924947114,25.0,70.0,40.75,中性偏空
2026-05-14,41751.75,29580.30078125,12073.7802734375,17.260000228881836,31.55900001525879,54.65116279069767,59.883720930232556,344.0,,,12.441366042216128,27842.3830078125,,12.33167805130444,10746.6150390625,,29.417170317045894,31.48642530441284,31.67561502456665,-0.08864367627304803,25.0,70.0,40.75,中性偏空
2026-05-15,41172.359375,29125.19921875,11588.4599609375,18.43000030517578,31.56439971923828,46.51162790697674,51.45348837209303,344.0,,,11.86821866604344,27965.021484375,,9.19589838641317,10848.24404296875,,21.270464918472463,31.486745262145995,31.67537167867025,0.020277440105842537,17.5,70.0,35.875,中性偏空
2026-05-18,40891.8203125,28994.369140625,11302.51953125,17.81999969482422,31.586999893188477,48.54651162790697,48.25581395348838,344.0,,,10.64163189311409,28085.22294921875,,9.040987482678077,10933.409521484375,,17.744268301702483,31.492695236206053,31.6766383488973,0.37816028868438156,17.5,70.0,35.875,中性偏空
2026-05-19,40175.55859375,28818.83984375,11305.5,18.059999465942383,31.554100036621094,46.80232558139535,50.58139534883721,344.0,,,6.835372271138351,28202.19140625,,8.83465219850077,11016.3240234375,,17.18932256867094,31.499450206756592,31.67862669626872,0.42999270607169127,17.5,70.0,35.875,中性偏空
2026-05-20,40020.8203125,29297.69921875,11813.2900390625,17.440000534057617,31.72920036315918,48.25581395348838,48.25581395348838,344.0,,,5.655855775584917,28320.21240234375,,8.762651550146838,11111.525048828125,,19.214539495650573,31.511810207366942,31.68449503580729,0.7852106265526793,17.5,70.0,35.875,中性偏空
2026-05-21,41368.2109375,29357.26953125,11964.080078125,16.760000228881836,31.59119987487793,63.08139534883721,56.104651162790695,344.0,,,9.688837349875534,28448.9443359375,,9.613090981962923,11205.800537109375,,18.70810747122027,31.518030166625977,31.689863363901775,0.39533470977046736,35.0,70.0,47.25,震盪中性
2026-05-22,42267.96875,29481.640625,12202.5400390625,16.700000762939453,31.550800323486328,68.6046511627907,68.31395348837209,344.0,,,8.56759523268198,28557.84287109375,,7.976842341549362,11290.24453125,,16.063672001120576,31.519070148468018,31.694930044809976,0.0659677652643742,35.0,70.0,47.25,震盪中性
2026-05-25,43644.3984375,,,16.59000015258789,31.43899917602539,72.09302325581395,72.38372093023256,344.0,,,10.166865890536613,,,7.9688949786373975,,,17.24147863829355,31.519020080566406,31.695996697743734,-0.0031849809644324267,35.0,30.0,33.25,中性偏空
2026-05-26,43525.37109375,30001.3203125,12876.91015625,17.010000228881836,31.448400497436523,70.93023255813954,72.67441860465115,344.0,,,10.130226023796451,,,10.996742287818218,,,28.312564455724633,31.51865510940552,31.69455337524414,-0.0232054070842036,35.0,30.0,33.25,中性偏空
2026-05-27,44256.80078125,29973.5703125,12702.1904296875,16.290000915527344,31.445899963378906,68.8953488372093,65.40697674418605,344.0,,,12.602696404264258,,,10.249721726004246,,,23.66682573018284,31.5153000831604,31.689751720428468,-0.21292966033905625,35.0,30.0,33.25,中性偏空
2026-05-28,43636.44140625,30223.890625,12829.1396484375,15.739999771118164,31.465900421142578,62.7906976744186,62.7906976744186,344.0,,,12.099204663581343,,,10.096748706999437,,,22.139240552227268,31.50727014541626,31.687016741434732,-0.5077980777731916,35.0,30.0,33.25,中性偏空
2026-05-29,44732.94140625,30333.1796875,12829.3798828125,15.319999694824219,31.423999786376953,72.09302325581395,70.05813953488372,344.0,41932.9162109375,,14.916042470525227,,,9.465125576344136,,,21.085119231737725,31.500020122528078,31.67898508707682,-0.45931279623143695,60.0,30.0,49.5,震盪中性
2026-06-01,45337.91015625,30513.859375,12965.650390625,16.049999237060547,31.412900924682617,84.88372093023256,76.74418604651163,344.0,42164.5546875,,11.381288604134387,,,10.350273617271476,,,23.076114448103425,31.492965126037596,31.672495110829672,-0.44716969635716364,60.0,30.0,49.5,震盪中性
2026-06-02,45557.30859375,30660.599609375,13726.26953125,15.770000457763672,31.33049964904785,81.1046511627907,75.87209302325581,344.0,42403.9556640625,,11.744182057994411,,,9.443274477574182,,,25.004958149659462,31.479590129852294,31.664636770884197,-0.8465723378789813,60.0,30.0,49.5,震盪中性
2026-06-03,46459.16015625,30571.240234375,13916.9599609375,16.059999465942383,31.478200912475586,86.04651162790698,81.97674418604652,344.0,42669.97109375,,12.932564696579218,,,6.895550877480527,,,21.304482019894966,31.476250171661377,31.6597084681193,-0.21175832511269865,60.0,30.0,49.5,震盪中性
2026-06-04,45677.4609375,30407.810546875,13617.5,15.399999618530273,31.50550079345703,81.68604651162791,76.45348837209302,344.0,42857.155078125,,8.927598646973923,,,6.455204474718257,,,22.0097833081077,31.481600189208983,31.654608472188315,0.3407817234714061,60.0,30.0,49.5,震盪中性
2026-06-05,45070.94140625,28957.599609375,12220.759765625,21.510000228881836,31.503000259399414,75.5813953488372,77.32558139534885,344.0,43030.505078125,,8.333345069751408,,,-0.9488309138336537,,,3.781238721285729,31.487145233154298,31.648061815897623,0.3532764010525602,60.0,15.0,44.25,中性偏空
2026-06-08,43502.78125,29414.259765625,12906.6904296875,18.920000076293945,31.58810043334961,53.48837209302325,57.26744186046512,344.0,43116.1412109375,,4.098397355456562,,,0.3192274965031716,,,6.834265824427077,31.50150022506714,31.638478469848632,0.9172225577410043,50.0,30.0,43.0,中性偏空
2026-06-09,44704.44140625,29084.5,12657.8095703125,19.8700008392334,31.582000732421875,65.40697674418605,68.6046511627907,344.0,43256.447265625,,6.6974548688836455,,,0.06777689239387819,,,8.027045772654095,31.513010215759277,31.632428487141926,0.7342474980643221,60.0,30.0,49.5,震盪中性
2026-06-10,43225.5390625,28508.029296875,12206.4599609375,22.219999313354492,31.5408992767334,49.7093023255814,62.5,344.0,43348.99921875,,4.47386448778837,,,-2.924752024707844,,,1.568312518709769,31.51500015258789,31.626693471272787,0.12634078140072447,25.0,15.0,21.5,偏空逆風
2026-06-11,43149.4609375,29446.1796875,13171.4404296875,19.440000534057617,31.649799346923828,47.383720930232556,64.53488372093024,344.0,43418.884765625,,3.347670307232642,,,-0.45341355634562763,,,9.091271593411964,31.519540119171143,31.620336786905924,0.2877129554838209,25.0,30.0,26.75,偏空逆風
2026-06-12,44169.0390625,29635.94921875,13371.4697265625,17.68000030517578,31.57900047302246,58.139534883720934,78.77906976744185,344.0,43568.71875,,7.278377370133415,,,1.753636073572995,,,15.386080390622968,31.520270156860352,31.616618474324543,0.04625702979956792,60.0,30.0,49.5,震盪中性
2026-06-15,45396.98828125,30543.919921875,14099.6201171875,16.200000762939453,31.613000869750977,67.73255813953489,80.23255813953489,344.0,43793.9771484375,,11.017283980808346,,,5.344316248905279,,,24.747584626630204,31.521570205688477,31.609806791941324,0.08231543562358112,60.0,30.0,49.5,震盪中性
2026-06-16,45809.19140625,29968.130859375,13294.2197265625,16.40999984741211,31.518600463867188,57.84883720930233,79.65116279069767,344.0,44075.6587890625,,14.022537606674135,,,3.987985019023066,,,17.590727756954582,31.519795227050782,31.604083474477132,-0.11250383535802433,60.0,30.0,49.5,震盪中性
2026-06-17,45877.390625,29670.94921875,13477.0703125,18.440000534057617,31.563899993896484,63.08139534883721,81.1046511627907,344.0,44368.4873046875,,14.633808769458856,,,1.2739908250581244,,,14.083970409055802,31.511530208587647,31.5980518023173,-0.5209723767719887,60.0,30.0,49.5,震盪中性
2026-06-18,46465.19921875,30406.189453125,14341.7802734375,16.399999618530273,31.638399124145508,65.11627906976744,77.90697674418605,344.0,44623.33671875,,12.321026618604902,,,3.572947820499639,,,19.873656643772076,31.513890171051024,31.593093458811442,0.1494063202870377,60.0,30.0,49.5,震盪中性
2026-06-19,,,,,31.635900497436523,,,,,,9.930050089643828,,,3.136015528732128,,,17.531106044535917,31.518145179748537,31.588191795349122,0.26972429566818334,0.0,0.0,0.0,偏空逆風
2026-06-22,47741.51171875,30347.080078125,14634.7197265625,17.280000686645508,31.70199966430664,70.93023255813954,75.0,344.0,,,9.38748940970553,,,2.9355199872802107,,,19.931749289198475,31.531295204162596,31.583608468373615,0.836542177467936,35.0,30.0,33.25,中性偏空
2026-06-23,47100.6484375,29347.26953125,13482.509765625,19.489999771118164,31.687000274658203,61.04651162790697,63.95348837209303,344.0,,,8.214237475538466,,,-2.1800733248979354,,,4.702988543265274,31.54322519302368,31.577741781870525,0.7587024250760521,35.0,30.0,33.25,中性偏空
2026-06-24,46043.6015625,29220.060546875,13458.2001953125,18.6299991607666,31.70210075378418,60.17441860465116,65.11627906976744,344.0,,,4.0373473674287785,,,-2.51391395075401,,,5.951806263729575,31.556035232543945,31.573811785380045,0.8147351187392848,35.0,30.0,33.25,中性偏空
2026-06-25,46255.26171875,29440.3203125,13940.8701171875,18.889999389648438,31.808000564575195,55.23255813953488,65.11627906976744,344.0,,,6.0014525201977476,,,-2.5925527663598125,,,8.66566659351471,31.573140239715578,31.570578479766844,1.0872091338684609,35.0,30.0,33.25,中性偏空
2026-06-26,44571.76171875,29118.240234375,13203.5703125,18.40999984741211,31.860000610351562,40.69767441860465,54.360465116279066,344.0,,,-0.3603154240098383,,,-4.005315188323843,,,2.9166680939022083,31.594940280914308,31.569276809692383,1.3874771733024982,7.5,30.0,15.375,偏空逆風
2026-06-29,44999.8984375,29774.75,13709.66015625,17.649999618530273,31.847000122070312,42.151162790697676,49.7093023255814,344.0,,,-0.7455388163792653,,,-2.422208760670741,,,5.7383142627613015,31.61664524078369,31.56734348932902,1.3819137507500967,7.5,30.0,15.375,偏空逆風
2026-06-30,46125.91015625,30276.349609375,14246.9599609375,16.450000762939453,31.86590003967285,50.58139534883721,50.0,344.0,,,1.2481017427311558,,,-1.2532370693836947,,,3.793386313026037,31.643415260314942,31.56654183069865,1.7088791963816297,17.5,30.0,21.875,偏空逆風
2026-07-01,47018.98828125,29809.130859375,13353.2802734375,16.59000015258789,31.834400177001953,47.96511627906977,50.0,344.0,,,1.2049897654567987,,,-2.492896490810559,,,-4.05030760368753,31.66122522354126,31.565548515319826,1.1315744045117704,17.5,30.0,21.875,偏空逆風
2026-07-02,46744.16015625,29329.2109375,12626.2197265625,16.149999618530273,31.894800186157227,54.360465116279066,47.674418604651166,344.0,,,2.3352857117201697,,,-3.547113685519354,,,-7.279458589590604,31.680690193176268,31.568455187479653,1.2356553074726717,17.5,30.0,21.875,偏空逆風
2026-07-03,46780.62109375,,,,31.93090057373047,64.24418604651163,52.616279069767444,344.0,,,3.793308136365936,,,1.2832946554198976,,,3.317796673149509,31.70208520889282,31.571873537699382,1.3582843246918497,27.5,0.0,17.875,偏空逆風
2026-07-06,46556.390625,29697.869140625,12900.1396484375,15.569999694824219,31.92799949645996,63.662790697674424,56.395348837209305,344.0,,,7.019342872474388,,,0.9641900807969339,,,-0.05075492656840819,31.71908016204834,31.57455685933431,1.0760351475630259,35.0,30.0,33.25,中性偏空
2026-07-07,45479.109375,29173.01953125,12300.51953125,16.1299991607666,32.054901123046875,43.895348837209305,60.17441860465116,344.0,,,1.7328657833127314,,,0.3043529414292756,,,-2.822684581228685,31.74272518157959,31.581451892852783,1.497373122848189,15.0,30.0,20.25,偏空逆風
2026-07-08,45734.41015625,29252.560546875,12574.9697265625,16.899999618530273,32.13589859008789,43.02325581395349,51.162790697674424,344.0,,,5.80414067276851,,,2.611654570179689,,,3.0189732879498665,31.772475147247313,31.59176686604818,1.8864373781295463,7.5,30.0,15.375,偏空逆風
2026-07-09,45354.609375,29727.099609375,12960.0,15.84000015258789,32.10919952392578,40.406976744186046,59.59302325581395,344.0,,,5.11048895997579,,,0.954011436649127,,,-1.6052946586686767,31.79544515609741,31.60047019322713,1.4515105513507987,15.0,30.0,20.25,偏空逆風
2026-07-10,,29825.109375,12967.16015625,15.029999732971191,32.097198486328125,37.7906976744186,61.627906976744185,344.0,,,2.6841659625476577,,,0.6382793912007578,,,-3.023673377574465,31.821355056762695,31.60945682525635,1.6409576159585937,15.0,30.0,20.25,偏空逆風
2026-07-13,45380.51953125,29264.099609375,12347.7802734375,17.15999984741211,32.099098205566406,33.72093023255814,51.162790697674424,344.0,,,-0.036277186270528006,,,-4.1900984411087805,,,-12.424730802601546,31.845659923553466,31.619975121816,1.537650088386755,7.5,30.0,15.375,偏空逆風
2026-07-14,44737.94921875,29586.2890625,12661.9296875,16.5,32.1619987487793,24.12790697674419,34.593023255813954,344.0,,,-2.33848744021673,,,-1.2741595352302348,,,-4.756127490499907,31.877829837799073,31.632358423868816,2.0413288516718753,0.0,30.0,10.5,偏空逆風
2026-07-15,45631.58984375,29502.599609375,12398.8896484375,15.670000076293945,32.1338996887207,36.627906976744185,45.348837209302324,344.0,,,-0.535777597420839,,,-0.5673886876144008,,,-8.00011158999806,31.906329822540282,31.643223412831624,1.8058595260232124,7.5,30.0,15.375,偏空逆風
2026-07-16,45624.98046875,29025.76953125,11867.5,16.729999542236328,32.210899353027344,34.30232558139535,37.7906976744186,344.0,,,-1.8082753633410609,,,-4.53993067432239,,,-17.252253390188454,31.934954833984374,31.65562505722046,1.8095107361008056,0.0,30.0,10.5,偏空逆風
2026-07-17,42671.26953125,28592.66015625,11673.8896484375,18.770000457763672,32.26430130004883,20.348837209302324,20.058139534883722,344.0,,,-8.165099367461758,,,-5.964342554895885,,,-18.602227716047338,31.96637487411499,31.667863400777183,1.9863534551931794,0.0,30.0,10.5,偏空逆風
2026-07-20,42449.69921875,28604.23046875,11743.849609375,18.649999618530273,32.3129997253418,18.8953488372093,20.63953488372093,344.0,,,-11.084300244145162,,,-5.7430553611360295,,,-19.753505165804274,31.996924877166748,31.682413387298585,1.9273234102108683,0.0,30.0,10.5,偏空逆風
2026-07-21,44232.87109375,29155.1796875,12356.16015625,17.049999237060547,32.275901794433594,27.03488372093023,27.325581395348834,344.0,,,-6.0886154201367,,,-0.6545407692714167,,,-8.354153855291402,32.026369953155516,31.69608341852824,1.858495643863045,0.0,30.0,10.5,偏空逆風
2026-07-22,44825.78125,28998.099609375,12410.669921875,16.639999389648438,32.325401306152344,30.23255813953488,29.941860465116278,344.0,,,-2.644928439941696,,,-0.7596183353006047,,,-7.783583675641525,32.05753498077392,31.709623432159425,1.9661175049850987,0.0,30.0,10.5,偏空逆風
2026-07-23,44850.80859375,28454.810546875,12343.83984375,18.700000762939453,32.37910079956055,27.61627906976744,29.651162790697676,344.0,,,-3.0363099738568544,,,-3.347483163104592,,,-11.455743149550933,32.08608999252319,31.722166792551675,1.7954609684627254,0.0,30.0,10.5,偏空逆風
2026-07-24,43654.83984375,28128.33984375,11818.8798828125,18.579999923706055,32.29899978637695,25.872093023255815,33.13953488372093,344.0,,,-2.057181138106723,,,-3.399588651845764,,,-10.487242442118816,32.108039951324464,31.73433345158895,1.3779007144235855,0.0,30.0,10.5,偏空逆風
2026-07-27,43634.19140625,28039.2109375,11554.8798828125,18.670000076293945,32.32229995727539,25.0,30.813953488372093,344.0,,,-3.0349113635152247,,,-5.8288954987027575,,,-15.717240609025396,32.13180494308472,31.747138436635336,1.4924477451039087,0.0,30.0,10.5,偏空逆風
2026-07-28,41603.359375,27763.130859375,11035.6796875,18.209999084472656,32.301998138427734,14.825581395348838,20.058139534883722,344.0,,,-9.804794671649852,,,-8.30093053629486,,,-22.540108782801592,32.15360984802246,31.75887174606323,1.3685416015613683,0.0,30.0,10.5,偏空逆風
2026-07-29,40039.1796875,27192.310546875,10447.490234375,20.65999984741211,32.363800048828125,13.08139534883721,19.476744186046513,344.0,,,-14.844659251278225,,,-8.778586416507373,,,-21.76087058430677,32.18007984161377,31.772518412272134,1.6629805144204424,0.0,15.0,5.25,偏空逆風
2026-07-30,39933.30078125,28106.349609375,11302.990234375,17.09000015258789,32.348899841308594,11.627906976744185,15.406976744186046,344.0,,,-14.570503250531374,,,-4.169431392923917,,,-10.480013185607294,32.202784824371335,31.788358402252197,1.4237419657780137,0.0,30.0,10.5,偏空逆風
2026-07-31,43119.75,28274.19921875,11311.080078125,15.989999771118164,32.39500045776367,19.186046511627907,17.151162790697676,344.0,,,-7.8256145561075074,28818.146875,,-3.5971363873314233,12048.914892578125,,-10.41594140541342,32.225989818573,31.805073420206707,1.453450656556221,0.0,30.0,10.5,偏空逆風
2026-08-03,43386.41015625,28776.80078125,11430.349609375,15.859999656677246,32.29309844970703,26.453488372093027,18.6046511627907,344.0,,,-6.8089051281560735,28772.09345703125,,-3.101462785136433,11975.425390625,,-11.393597892101305,32.244244766235354,31.821608384450276,1.143507137951283,0.0,50.0,17.5,偏空逆風
2026-08-04,43360.66015625,29733.16015625,12179.259765625,16.5,32.395999908447266,31.3953488372093,25.0,344.0,,,-4.658071030552147,28800.10048828125,,1.920063928932625,11969.36240234375,,-0.9858101140926112,32.26129970550537,31.83901170094808,1.064108056646429,0.0,70.0,24.5,偏空逆風
2026-08-05,44611.6015625,29487.7890625,12008.8798828125,15.8100004196167,32.39509963989258,45.93023255813954,27.906976744186046,344.0,,,-2.4550630256604644,28811.8619140625,,0.8041296598568337,11941.05791015625,,-4.501719336582022,32.27425975799561,31.853911685943604,0.8065778807400115,10.0,70.0,31.0,中性偏空
2026-08-06,44396.69921875,29373.330078125,12048.6904296875,15.149999618530273,32.264801025390625,49.41860465116279,29.651162790697676,344.0,,,-2.112045874609625,28794.1734375,,-1.1900573412766846,11895.492431640625,,-7.0317096474729945,32.28203983306885,31.865675036112467,0.48460099838023574,10.0,70.0,31.0,中性偏空
2026-08-07,44225.91015625,29722.30078125,12356.7900390625,14.899999618530273,32.2067985534668,49.7093023255814,31.1046511627907,344.0,43618.5685546875,,-2.4886097230332527,28789.0330078125,,-0.3447048339617398,11864.97392578125,,-4.707045411892363,32.28751983642578,31.87638168334961,0.3414630320006218,35.0,70.0,47.25,震盪中性
2026-08-10,44928.76171875,29621.80078125,11993.8603515625,15.460000038146973,32.23509979248047,68.6046511627907,35.174418604651166,344.0,43595.9806640625,,-0.99548841037157,28806.91806640625,,1.2223207843387929,11847.2779296875,,-2.8662635229778965,32.29431991577148,31.88718334833781,0.42369285904262366,45.0,70.0,53.75,震盪中性
2026-08-11,45120.71875,29525.48046875,12098.4697265625,15.279999732971191,32.22710037231445,68.6046511627907,40.116279069767444,344.0,43615.119140625,,0.8555813083394037,28803.87763671875,,-0.2055296411846208,11819.104931640624,,-4.450032300319551,32.29757499694824,31.898400020599365,0.20241784114125583,45.0,70.0,53.75,震盪中性
2026-08-12,45518.0703125,29742.599609375,12399.3798828125,14.550000190734863,32.20909881591797,74.4186046511628,38.662790697674424,344.0,43609.4431640625,,-0.24877399985121507,28815.87763671875,,0.8134876355903709,11819.129443359376,,0.003953857070282396,32.30133495330811,31.906398328145347,0.23401805546701127,45.0,70.0,53.75,震盪中性
2026-08-13,46021.48046875,30084.5,12456.0,14.630000114440918,32.202301025390625,79.36046511627907,40.116279069767444,344.0,43629.2681640625,,0.8690414679115799,28868.81416015625,,3.647553487290467,11848.554443359375,,4.958921424057294,32.30090503692627,31.916583347320557,-0.026693845280389983,45.0,70.0,53.75,震盪中性
2026-08-14,45811.01171875,30046.140625,12417.0498046875,14.25,32.12409973144531,72.67441860465115,57.26744186046512,344.0,43786.2552734375,,7.357976976055602,28941.48818359375,,5.083404135212266,11885.712451171876,,6.366002923022918,32.2938949584961,31.926138337453207,-0.43454084841224594,60.0,70.0,63.5,中性偏多
2026-08-17,45857.26953125,29995.380859375,12621.0,15.1899995803833,31.99020004272461,75.29069767441861,67.44186046511628,344.0,43956.6337890625,,8.027313208841026,29011.045703125,,4.863442811876473,11929.569970703125,,7.469019272222122,32.27775497436524,31.93532501856486,-0.9989777654843657,60.0,70.0,63.5,中性偏多
2026-08-18,45308.6796875,29490.9609375,11992.4599609375,15.84000015258789,31.850299835205078,65.69767441860465,52.32558139534884,344.0,44010.42421875,,2.432147331042245,29027.834765625,,1.1517035861177138,11911.3849609375,,-2.943472654233381,32.25647487640381,31.942023340861002,-1.3186369258996744,52.5,70.0,58.625,震盪中性
2026-08-19,44719.3515625,29426.01953125,11738.23046875,14.890000343322754,31.881900787353516,61.91860465116279,44.18604651162791,344.0,44005.102734375,,-0.23742963208254197,29049.23076171875,,1.475682640032927,11877.76298828125,,-5.418236544505628,32.23429985046387,31.94929002126058,-1.3719876656702712,45.0,50.0,46.75,震盪中性
2026-08-20,44933.73828125,29213.16015625,11800.01953125,16.010000228881836,31.815099716186523,69.47674418604652,47.674418604651166,344.0,44009.24921875,,0.18490120936538457,29087.1482421875,,2.665101593720798,11850.57197265625,,-4.405600845310298,32.20609979629516,31.955110009511312,-1.7418676536615774,52.5,50.0,51.625,震盪中性
2026-08-21,45224.2890625,29308.859375,11740.3701171875,15.130000114440918,31.838300704956055,72.67441860465115,58.43023255813954,344.0,44087.7216796875,,3.5951322336020386,29146.17421875,,4.196904395380829,11846.646484375,,-0.6642741647554296,32.18306484222412,31.962015024820964,-1.42635711467205,60.0,50.0,56.5,震盪中性
2026-08-24,44762.3203125,29023.1796875,11423.169921875,15.850000381469727,31.82200050354004,70.34883720930233,58.720930232558146,344.0,44144.128125,,2.5854241132755584,29195.37265625,,3.5092597726565478,11840.060986328124,,-1.139864388667633,32.15804986953735,31.968833351135252,-1.547846082725124,60.0,30.0,49.5,震盪中性
2026-08-25,45169.4609375,29209.23046875,11588.0400390625,15.449999809265137,31.812000274658203,69.18604651162791,79.65116279069767,344.0,44322.433203125,,8.571667327045018,29267.67763671875,,5.208705086972154,11867.67900390625,,5.005222761115058,32.133549976348874,31.976858361562094,-1.516927410092972,60.0,30.0,49.5,震盪中性
2026-08-26,45832.62109375,29224.51953125,11611.240234375,15.210000038146973,31.841899871826172,77.90697674418605,87.5,344.0,44612.1052734375,,14.469430821178086,29369.2880859375,,7.47346931358337,11925.86650390625,,11.139038887741236,32.10745496749878,31.9829200108846,-1.6126047504141927,60.0,30.0,49.5,震盪中性
2026-08-27,45975.21875,29641.560546875,11882.169921875,14.510000228881836,31.80590057373047,73.83720930232558,89.82558139534885,344.0,44914.201171875,,15.130023941288817,29446.0486328125,,5.462149865907606,11954.82548828125,,5.124128000558481,32.08030500411987,31.98792667388916,-1.6785710495314299,60.0,50.0,56.5,震盪中性
2026-08-28,46331.44921875,29433.4296875,11469.66015625,14.430000305175781,31.660900115966797,75.0,85.75581395348837,344.0,45074.7861328125,,7.448325230897668,29504.01015625,,4.09995862228083,11962.7544921875,,1.4019888200746289,32.04359998703003,31.990558338165282,-2.2660914691265077,60.0,30.0,49.5,震盪中性
2026-08-31,46128.46875,29456.970703125,11535.0498046875,14.920000076293945,31.625999450683594,68.31395348837209,78.77906976744185,344.0,45211.8890625,,6.32008636777015,29538.01865234375,,2.3636050686988597,11967.989501953125,,0.9159841902528276,32.01024503707886,31.991189988454185,-2.065763370654483,60.0,30.0,49.5,震盪中性
2026-09-01,46948.71875,29077.220703125,11288.6103515625,16.34000015258789,31.687999725341797,72.09302325581395,80.52325581395348,344.0,45391.2919921875,,8.274916896607309,29505.2216796875,,-2.206087242923349,11923.45703125,,-7.312836996680927,31.974845027923585,31.99295663833618,-2.1854555658300856,60.0,30.0,49.5,震盪中性
2026-09-02,46164.71875,29143.330078125,11339.25,15.199999809265137,31.674999237060547,68.6046511627907,73.83720930232558,344.0,45468.9478515625,,3.4814199291278713,29487.99873046875,,-1.168141102898257,11889.975537109374,,-5.576122747058998,31.938840007781984,31.995191637674967,-2.2228683067400445,60.0,30.0,49.5,震盪中性
2026-09-03,45857.66015625,29482.3203125,11352.1298828125,14.319999694824219,31.726200103759766,51.45348837209303,62.7906976744186,344.0,45541.9958984375,,3.2906971986849776,29493.4482421875,,0.37105167880222556,11855.147509765626,,-5.781213742189795,31.911909961700438,31.996464983622232,-1.669314251177345,50.0,30.0,43.0,中性偏空
2026-09-04,46551.12890625,29544.150390625,11735.259765625,14.529999732971191,31.69540023803711,61.91860465116279,74.12790697674419,344.0,45658.2568359375,,5.257593889611334,29484.54072265625,,-0.5993829075889856,11824.07099609375,,-5.029868367696688,31.886340045928954,31.99840497970581,-1.5878582734037083,60.0,50.0,56.5,震盪中性
2026-09-07,47326.26953125,,,15.300000190734863,31.621000289916992,62.5,65.40697674418605,344.0,45778.1322265625,,5.336242800342861,,,-0.2621393317659204,,,-2.1561080282530676,31.85563507080078,31.998538303375245,-1.9050646857520448,60.0,30.0,49.5,震盪中性
2026-09-08,47105.78125,29507.69921875,11887.8701171875,15.720000267028809,31.504899978637695,52.616279069767444,60.75581395348837,344.0,45877.3853515625,,4.399447870054152,,,-0.060223406080794906,,,-1.7407127854576765,31.819525051116944,31.998309961954753,-2.240972303847677,50.0,30.0,43.0,中性偏空
2026-09-09,47183.359375,29421.55078125,11931.3203125,16.459999084472656,31.49920082092285,60.46511627906976,60.46511627906976,344.0,45960.6498046875,,3.658522980141976,,,-1.0794242344028482,,,-3.7748627329444506,31.784030151367187,31.997231642405193,-2.204029361555071,60.0,30.0,49.5,震盪中性
2026-09-10,46940.48828125,29103.509765625,11614.169921875,17.84000015258789,31.464000701904297,52.32558139534884,54.360465116279066,344.0,46006.6001953125,,1.9969105798846032,,,-3.26078290938856,,,-6.758430299654783,31.74711513519287,31.994325002034504,-2.292694310584198,42.5,30.0,38.125,中性偏空
2026-09-11,46184.8515625,29368.439453125,11824.0,15.84000015258789,31.635000228881836,44.18604651162791,51.162790697674424,344.0,46025.2921875,,0.8160479974664847,,,-2.255534846665519,,,-4.7760926630383675,31.7226601600647,31.994309997558595,-1.5225313912368144,32.5,30.0,31.625,中性偏空
2026-09-14,45862.51953125,29127.16015625,11131.2802734375,17.100000381469727,31.67620086669922,40.406976744186046,46.51162790697674,344.0,46025.5546875,,0.011448566505745106,,,-2.8945146827620283,,,-11.803499933147133,31.706960201263428,31.99388001759847,-0.9815480228508311,7.5,30.0,15.375,偏空逆風
2026-09-15,45511.48828125,28937.83984375,11175.5498046875,17.200000762939453,31.717599868774414,28.197674418604652,49.7093023255814,344.0,46035.6951171875,,0.4476153248092807,,,-1.8755614471913096,,,-6.811864779293697,31.700325202941894,31.99439001083374,-0.4166364747498763,7.5,30.0,15.375,偏空逆風
2026-09-16,45848.8984375,28945.060546875,11246.1103515625,17.709999084472656,31.773399353027344,41.56976744186046,57.84883720930233,344.0,46092.1724609375,,2.5258570071646558,,,-1.63446837879051,,,-4.192455741073086,31.694900131225587,31.995578320821128,-0.3403229783878192,15.0,30.0,20.25,偏空逆風
2026-09-17,46288.0,29446.98046875,11599.490234375,15.4399995803833,31.859600067138672,50.872093023255815,60.46511627906976,344.0,46159.885546875,,3.0139084139258143,,,0.8003937651708481,,,-1.6993980081468352,31.697125148773193,31.99643831253052,0.13987179467964683,50.0,30.0,43.0,中性偏空
2026-09-18,47180.75,29644.169921875,11921.6904296875,14.8100004196167,31.85110092163086,63.08139534883721,60.46511627906976,344.0,46257.70859375,,4.326128675668439,,,1.1440586703999056,,,1.5444173453659227,31.697765159606934,31.99628998438517,0.04020383120764137,60.0,30.0,49.5,震盪中性
2026-09-21,47718.83984375,30482.349609375,12433.169921875,14.869999885559082,31.809099197387695,67.15116279069767,69.76744186046511,344.0,46405.5345703125,,6.604929124785297,,,5.02760186025879,,,8.84167885891185,31.697120094299315,31.995658302307127,-0.04054209649989593,60.0,30.0,49.5,震盪中性
2026-09-22,47800.171875,30732.400390625,12689.8203125,14.210000038146973,31.738399505615234,63.95348837209303,65.69767441860465,344.0,46537.0701171875,,5.824091948186094,,,5.214686924068701,,,9.507908755263816,31.69344005584717,31.99353329340617,-0.23136165097294992,60.0,30.0,49.5,震盪中性
2026-09-23,48157.2890625,30470.2890625,12534.2802734375,15.180000305175781,31.679500579833984,63.08139534883721,61.04651162790697,344.0,46653.303515625,,5.072081659905336,,,4.262754533630186,,,7.949538726533678,31.685320091247558,31.99095163345337,-0.5100175951997077,60.0,30.0,49.5,震盪中性
2026-09-24,48024.6015625,30478.859375,12492.5400390625,15.670000076293945,31.789499282836914,62.7906976744186,60.75581395348837,344.0,46755.77265625,,4.4575814280383375,,,2.824746108764753,,,5.136857334987388,31.68450002670288,31.98919661839803,-0.05156681809884711,60.0,30.0,49.5,震盪中性
2026-09-25,,30608.130859375,12668.9296875,14.869999885559082,31.80620002746582,,,,,,3.6544342391620965,,,3.9910441438426147,,,10.456016263014556,31.69176502227783,31.987118275960288,0.4589253968359186,0.0,30.0,10.5,偏空逆風
2026-09-28,,,,,31.756000518798828,,,,,,4.1105479194992744,,,3.9079380152551746,,,9.829865514336355,31.698265075683594,31.9842516263326,0.411057580387153,0.0,0.0,0.0,偏空逆風
