排名,股票代號,股票名稱,市場,成交股數,date,Trading_Volume,Trading_money,open,max,min,收盤價,spread,Trading_turnover,5日均線,20日均線,60日均線,MACD,MACD訊號線,MACD柱狀體,14日RSI,20日平均成交量,量比,前20日最高價,前一日20日均線,日報酬率,5日報酬率,20日報酬率,60日報酬率,20日年化波動率,ATR14,ATR百分比,MA20乖離率,MA60乖離率,20日最大回撤,20日成交量變異係數,技術分數,技術面原因,風險動能分數,V4原因,外資近5日買賣超股數,投信近5日買賣超股數,自營商近5日買賣超股數,三大法人近5日合計股數,外資連續買超天數,投信連續買超天數,法人資料天數,籌碼分數,籌碼面原因,產業別,同產業公司數,財報類型,每股盈餘,每股盈餘PR,ROE,ROE PR,毛利率,毛利率PR,營業利益率,營業利益率PR,月營收年增率,月營收年增率PR,月營收月增率,月營收月增率PR,負債比率,負債比率PR,流動比率,流動比率PR,總資產周轉率,總資產周轉率PR,存貨周轉率,應收帳款周轉率,本益比,本益比PR,股價淨值比,股價淨值比PR,估值PR,殖利率,殖利率PR,最新月營收,基本面分數,基本面原因,當日成交量（張）,外資近5日買賣超（張）,投信近5日買賣超（張）,自營商近5日買賣超（張）,三大法人近5日合計（張）,籌碼標準分,最終分數,綜合PR,候選等級,目前狀態,V5綜合理由,V5風險提示,50%歷史型態命中率_x,相似樣本40日最高報酬均值_x,相似樣本數,相似樣本50%命中數,50%歷史型態PR_x,技術啟動分數,籌碼動能分數,基本品質分數,價格動能分數,一週起漲分數,波段爆發分數,50%歷史型態命中率_y,50%歷史型態PR_y,相似樣本40日最高報酬均值_y,突破強度分數,動能持續分數,活躍爆發分數,波動爆發潛力,主模型分數,50%潛力判定,風險扣分,全球環境分數,台股環境分數,產業海外順風分數,啟動階段,進場時機分數,進場判定,起漲原因,進場風險,全球環境判定,台股環境判定,舊主模型分數,S2 Base PR,S2 General PR,S2 Ignition PR,S2 SecondLeg PR,S2主模型分數,正式模型版本,S2狀態,起漲潛力排名,波段爆發排名,一週模型排名,主模型排名
287,6226,光鼎,上市,2311220.0,2026-09-24,2282952.0,100449888.0,42.95000076293945,44.0,42.29999923706055,44.0,1.2999992370605469,0,44.220000457763675,36.38250017166138,27.04166660308838,4.961751846520585,4.278984982689971,0.6827668638306141,69.26035823097018,24049509.9,0.09492717354710002,48.0,35.73000020980835,0.030444946459786904,0.3420787482294463,42.16477840183786,65.10319185673058,107.88155438283573,3.0714285714285716,6.980519480519481,20.93726322379559,62.71186478933528,-13.323575230183183,1.3482470375846043,70,股價高於20日均線、5日均線高於20日均線、20日均線高於60日均線、20日均線向上、RSI介於50至70、MACD多頭、MACD柱狀體為正,15,20日回撤可接受、短線未過熱,2028121.0,0.0,-191387.0,1836734.0,0.0,0.0,5.0,20,外資近5日買超、三大法人合計買超,光電業,116,一般業,0.03,30.0,0.5716179471105663,30.434782608695656,30.608324309111712,73.91304347826086,-4.110762378478914,35.65217391304348,13.05780555732721,53.04347826086957,-11.455402187848618,26.31578947368421,38.70318918559071,46.08695652173913,204.99522206377443,46.08695652173913,0.32003265939074965,28.695652173913043,,,,,4.06,17.647058823529413,17.647058823529413,0.0,24.264705882352942,53179.0,37.90912639655404,,2311.22,2028.121,0.0,-191.387,1836.734,30.76923076923077,41.53,38.4,★★ 弱勢,短線過熱,技術面偏多,20日漲幅過大、MA20乖離過大、MA60乖離過大、波動率偏高、成交量波動較大,44.383,53.77,250.0,111.0,100.0,42.0,15.0,37.91,45.0,33.74,32.45,44.383,100.0,53.77,0.0,43.0,45.0,20.0,92.83,🔥 S2高波段爆發潛力,35.0,86.75,80.53,100.0,⑤ 過熱,0.0,🟠 短線過熱,MA20向上、外資5日買超、法人買超占量提升,MA20乖離過大、ATR偏高、波動率偏高,偏多順風,偏多順風,17.96,100.0,98.49,56.67,98.06,92.83,S2_E_BALANCED,正常,313.0,244.0,1,1
283,6218,豪勉,上櫃,1930091.0,2026-09-24,1902281.0,120985068.69734955,61.5,63.70000076293945,61.5,63.599998474121094,2.299999237060547,0,63.039998626708986,49.98749961853027,40.352499675750735,6.403515939303958,4.933787984454361,1.4697279548495965,73.80988561940981,5501898.25,0.34574994184961527,69.0,48.80499973297119,0.037520379538112936,13.571425846644814,59.198991888683786,74.96561525140169,81.22292567830007,4.264285223824637,6.704851141717841,27.231805870411428,57.61105008406855,-9.896598597137974,1.1607796867358278,60,股價高於20日均線、5日均線高於20日均線、20日均線高於60日均線、20日均線向上、MACD多頭、MACD柱狀體為正,10,20日回撤可接受、短線略熱,0.0,0.0,0.0,0.0,0.0,0.0,0.0,0,,通信網路業,92,一般業,2.41,78.26086956521739,30.954659612429896,94.56521739130434,22.968386721374113,45.65217391304348,6.60834646495169,66.30434782608695,52.85091996619205,72.52747252747253,37.01796988829529,87.91208791208791,37.05109081441943,54.347826086956516,196.21061919167144,51.08695652173913,1.007259519000269,86.95652173913044,,,,,,,,,,141060.0,73.89363354037268,ROE同產業前20%、營收月增同產業前20%、資產周轉同產業前20%,1930.091,0.0,0.0,0.0,0.0,0.0,42.17,39.3,★★ 弱勢,短線過熱,基本面優於產業平均,20日漲幅過大、MA20乖離過大、MA60乖離過大、波動率偏高、成交量波動較大,37.612,44.33,250.0,94.0,99.13793103448276,34.0,0.0,73.89,15.0,26.93,43.97,37.612,99.14,44.33,0.0,25.0,45.0,48.0,92.56,🔥 S2高波段爆發潛力,40.0,86.75,80.53,76.67,⑤ 過熱,0.0,🟠 短線過熱,MA20向上,MA20乖離過大、ATR偏高、波動率偏高,偏多順風,偏多順風,27.18,99.14,99.35,56.67,97.42,92.56,S2_E_BALANCED,正常,353.0,142.0,2,2
154,3624,光頡,上櫃,49612899.0,2026-09-24,49394412.0,6915217680.0,132.5,144.5,132.0,140.0,6.0,0,130.9,110.76500015258789,100.25666675567626,11.164306078536072,8.598696207962867,2.565609870573205,70.65387109939903,22556111.6,2.1898460548492764,138.0,108.31000022888183,0.04477611940298498,18.644067796610166,54.015398954798144,-8.794788273615639,86.02996583185194,11.285714830671038,8.061224879050743,26.393716252551336,39.64158647043148,-10.830699881836637,0.7059317080973503,90,股價高於20日均線、5日均線高於20日均線、20日均線高於60日均線、20日均線向上、MACD多頭、MACD柱狀體為正、量比達1.5以上、突破20日高點,8,20日回撤可接受、成交量穩定度普通,0.0,0.0,0.0,0.0,0.0,0.0,0.0,0,,電子零組件業,210,一般業,1.86,63.8095238095238,12.25000208464782,68.0952380952381,30.89366621089791,76.19047619047619,16.147770132337254,81.9047619047619,65.7609210971893,83.33333333333334,4.4123377085081295,74.28571428571429,20.882201073690194,93.80952380952381,350.81162723431277,89.52380952380953,0.7137845072293322,63.33333333333333,,,,,,,,,,367119.0,75.91450216450217,營業利益率同產業前20%、營收年增同產業前20%、負債比同產業前20%、流動比率同產業前20%,49612.899,0.0,0.0,0.0,0.0,0.0,51.37,67.0,★★★ 一般觀察,短線過熱,技術趨勢強、基本面優於產業平均,5日漲幅過大、20日漲幅過大、MA20乖離過大、MA60乖離過大、ATR偏高、波動率偏高,39.371,48.49,250.0,97.0,99.78448275862068,64.0,0.0,75.91,30.0,41.49,54.61,39.371,99.78,48.49,70.0,10.0,45.0,48.0,92.28,🔥 S2高波段爆發潛力,40.0,86.75,80.53,82.5,⑤ 過熱,0.0,🟠 短線過熱,MA20向上、MACD動能擴張、成交量溫和放大、近期突破20日高,5日漲幅過大、MA20乖離過大、ATR偏高、波動率偏高,偏多順風,偏多順風,35.69,99.78,95.91,56.67,99.35,92.28,S2_E_BALANCED,正常,210.0,54.0,3,3
211,6933,AMAX-KY,上市,6076267.0,2026-09-24,5990790.0,2306454150.0,367.5,385.0,355.0,385.0,35.0,0,342.6,319.975,221.3,33.25725284351614,32.66008453797782,0.5971683055383181,70.83231174104355,1699272.0,3.525503862830671,360.5,312.55,0.10000000000000009,11.432706222865407,62.7906976744186,148.38709677419354,106.79302360871381,26.428571428571427,6.86456400742115,20.321900148449078,73.97198373248983,-15.384615384615385,0.8124849867385617,90,股價高於20日均線、5日均線高於20日均線、20日均線高於60日均線、20日均線向上、MACD多頭、MACD柱狀體為正、量比達1.5以上、突破20日高點,8,成交量穩定度普通、短線略熱,-463203.0,0.0,-19133.0,-482336.0,0.0,0.0,5.0,0,,電腦及週邊設備業,109,一般業,6.43,82.56880733944955,21.66116841357999,77.06422018348624,18.594765874171756,42.201834862385326,10.07389482584672,69.72477064220183,191.25977642237152,96.3302752293578,-5.750601626197005,37.61467889908257,60.153744440475656,26.605504587155966,162.977853917898,42.201834862385326,1.4221267246688056,85.3211009174312,,,47.77,11.11111111111111,6.49,10.9375,11.024305555555555,0.65,28.125,1356656.0,62.364742609582045,EPS同產業前20%、營收年增同產業前20%、資產周轉同產業前20%,6076.267,-463.203,0.0,-19.133,-482.336,0.0,47.31,54.7,★★★ 一般觀察,短線過熱,技術趨勢強,20日漲幅過大、MA20乖離過大、MA60乖離過大、波動率偏高,35.414,40.62,250.0,87.0,96.55172413793103,61.0,0.0,62.36,50.0,41.25,59.4,35.414,96.55,40.62,85.0,40.0,65.0,20.0,91.89,🔥 S2高波段爆發潛力,40.0,86.75,80.53,82.5,⑤ 過熱,0.0,🟠 短線過熱,MA20向上、MACD近期黃金交叉、MACD動能擴張、近期突破20日高,MA20乖離過大、ATR偏高、波動率偏高、近期回撤偏大,偏多順風,偏多順風,39.52,96.55,99.78,56.67,100.0,91.89,S2_E_BALANCED,正常,213.0,35.0,4,4
297,3055,蔚華科,上市,9055993.0,2026-09-24,8945405.0,1780135595.0,201.5,208.0,195.5,199.0,-4.5,0,193.6,156.875,140.46166661580403,19.003029168351162,13.736214745953,5.266814422398163,72.91327635677094,6239330.05,1.433712422377784,226.0,153.15,-0.02211302211302213,23.60248447204969,59.839357429718866,42.142857142857146,84.37121794582397,14.107142857142858,7.089016511127063,26.852589641434264,41.67566482342273,-7.746478873239438,0.9019967194560381,60,股價高於20日均線、5日均線高於20日均線、20日均線高於60日均線、20日均線向上、MACD多頭、MACD柱狀體為正,21,60日趨勢尚可、20日回撤小、成交量穩定度普通,1945413.0,0.0,-21091.0,1924322.0,0.0,0.0,5.0,20,外資近5日買超、三大法人合計買超,電子通路業,38,一般業,-0.03,13.157894736842104,-0.8593725278282862,15.789473684210526,31.770294555529865,89.47368421052632,-51.5332221803032,2.631578947368421,108.23555166374781,81.57894736842105,14.063361872556769,92.10526315789474,16.392842097551146,94.73684210526315,519.0736094674556,97.36842105263158,0.2508349054587859,5.263157894736842,,,,,13.83,4.545454545454546,4.545454545454546,0.25,4.545454545454546,47561.0,41.20334928229665,毛利率同產業前20%、營收年增同產業前20%、營收月增同產業前20%、負債比同產業前20%、流動比率同產業前20%,9055.993,1945.413,0.0,-21.091,1924.322,30.76923076923077,40.71,36.2,★★ 弱勢,短線過熱,,5日漲幅過大、20日漲幅過大、MA20乖離過大、MA60乖離過大、ATR偏高、波動率偏高,39.267,46.66,250.0,97.0,99.56896551724138,54.0,25.0,41.2,15.0,37.53,33.77,39.267,99.57,46.66,47.0,35.0,65.0,68.0,91.89,🔥 S2高波段爆發潛力,40.0,86.75,80.53,76.67,⑤ 過熱,0.0,🟠 短線過熱,MA20向上、成交量溫和放大、近期突破20日高、外資5日買超、外資買盤加速、法人買超占量提升,5日漲幅過大、MA20乖離過大、ATR偏高、波動率偏高,偏多順風,偏多順風,19.02,99.57,97.42,56.67,94.84,91.89,S2_E_BALANCED,正常,266.0,228.0,5,5
226,6168,宏齊,上市,7626913.0,2026-09-24,7556705.0,332495020.0,41.5,44.0,41.099998474121094,44.0,2.799999237060547,0,42.15,32.69000005722046,27.909166717529295,4.133905610753899,2.7296962712280664,1.404209339525833,77.59998101093149,13157765.4,0.5743152252889385,45.599998474121094,31.972500038146972,0.06796114527209496,24.46959518884102,48.397978300483516,45.93698360432972,79.39333257310531,2.4928575243268694,5.665585282561067,34.597736075199,57.6542948964661,-6.913994143120883,1.203844065663174,60,股價高於20日均線、5日均線高於20日均線、20日均線高於60日均線、20日均線向上、MACD多頭、MACD柱狀體為正,23,60日趨勢尚可、ATR偏高但可接受、20日回撤小,17245105.0,0.0,92632.0,17337737.0,1.0,0.0,5.0,25,外資近5日買超、自營商近5日買超、三大法人合計買超,光電業,116,一般業,0.17,38.69565217391304,2.1663352885481926,39.130434782608695,24.157589781647715,61.73913043478261,-0.3856312487611953,46.95652173913044,18.51905389054854,63.47826086956522,7.695638214032052,78.0701754385965,17.192742180002597,93.04347826086956,357.2755612338018,80.0,0.4763056894404265,49.56521739130435,,,137.5,16.27906976744186,2.53,36.76470588235294,26.5218878248974,0.0,24.264705882352942,221377.0,52.41133239629735,負債比同產業前20%、流動比率同產業前20%,7626.913,17245.105,0.0,92.632,17337.737,38.46153846153847,46.02,51.5,★★★ 一般觀察,短線過熱,,5日漲幅過大、20日漲幅過大、MA20乖離過大、MA60乖離過大、波動率偏高、成交量波動較大、RSI偏熱,38.111,47.62,250.0,96.0,99.35344827586206,54.0,30.0,52.41,30.0,42.96,49.72,38.111,99.35,47.62,45.0,35.0,45.0,63.0,91.83,🔥 S2高波段爆發潛力,40.0,86.75,80.53,100.0,⑤ 過熱,0.0,🟠 短線過熱,MA20向上、MACD動能擴張、近期突破20日高、外資5日買超、外資由賣轉買、法人買超占量提升,RSI過熱、5日漲幅過大、MA20乖離過大、波動率偏高,偏多順風,偏多順風,31.78,99.35,97.85,56.67,94.41,91.83,S2_E_BALANCED,正常,194.0,91.0,6,6
225,2305,全友,上市,4243609.0,2026-09-24,4192971.0,263737882.297966,63.29999923706055,64.19999694824219,62.400001525878906,62.900001525878906,-0.6999969482421875,0,60.8,42.92750015258789,35.29083337783813,8.383281074573532,5.918055030240765,2.4652260443327663,87.60261602707895,18047955.2,0.2323238812117619,65.5999984741211,41.25500011444092,-0.01100624158862229,15.837941822564016,113.58234260229185,67.28724488957366,69.10723527747658,4.1285713740757535,6.563706317840292,46.52612265400451,78.23325635993261,-11.042940621542929,1.218176605834224,60,股價高於20日均線、5日均線高於20日均線、20日均線高於60日均線、20日均線向上、MACD多頭、MACD柱狀體為正,10,20日回撤可接受、短線略熱,4462026.0,0.0,54535.0,4516561.0,1.0,0.0,5.0,25,外資近5日買超、自營商近5日買超、三大法人合計買超,電腦及週邊設備業,109,一般業,0.51,29.81651376146789,12.431056168304712,56.88073394495413,45.66724957388744,96.3302752293578,17.300327924839753,88.9908256880734,239.98536640276163,97.24770642201835,1.4902720684595527,56.88073394495413,24.45120390065139,94.4954128440367,372.3973404348854,97.24770642201835,0.36511570244832725,9.174311926605505,,,76.71,5.555555555555555,5.23,15.625,10.590277777777779,0.0,9.375,181219.0,62.479102956167175,毛利率同產業前20%、營業利益率同產業前20%、營收年增同產業前20%、負債比同產業前20%、流動比率同產業前20%,4243.609,4462.026,0.0,54.535,4516.561,38.46153846153847,46.44,51.8,★★★ 一般觀察,短線過熱,,20日漲幅過大、MA20乖離過大、MA60乖離過大、波動率偏高、成交量波動較大、RSI偏熱,36.577,48.36,250.0,92.0,98.0603448275862,44.0,30.0,62.48,15.0,38.22,45.98,36.577,98.06,48.36,35.0,25.0,45.0,65.0,91.51,🔥 S2高波段爆發潛力,40.0,86.75,80.53,82.5,⑤ 過熱,0.0,🟠 短線過熱,MA20向上、近期突破20日高、外資5日買超、外資由賣轉買、法人買超占量提升,RSI過熱、5日漲幅過大、MA20乖離過大、ATR偏高、波動率偏高,偏多順風,偏多順風,28.78,98.06,97.2,56.67,97.2,91.51,S2_E_BALANCED,正常,256.0,122.0,7,7
269,2221,大甲,上櫃,1651712.0,2026-09-24,1612667.0,264477388.0,158.0,164.5,158.0,164.0,5.5,0,148.8,105.12999992370605,69.36166655222574,23.224231699154927,16.771561987612774,6.452669711542153,90.32154766142908,6340803.25,0.25433165742841807,168.5,100.65999984741211,0.034700315457413256,41.37931034482758,119.83914658777368,239.19339229716735,88.75520331938425,10.021429879324776,6.1106279751980335,55.99733674404692,136.44183906180584,-6.839376657120299,0.7576141238622829,60,股價高於20日均線、5日均線高於20日均線、20日均線高於60日均線、20日均線向上、MACD多頭、MACD柱狀體為正,13,20日回撤小、成交量穩定度普通,0.0,0.0,0.0,0.0,0.0,0.0,0.0,0,,其他,94,一般業,1.86,65.95744680851064,13.668486568380118,77.6595744680851,21.82962485752515,40.42553191489361,12.55104316368502,64.8936170212766,81.31871139616996,90.42553191489363,42.19236300414262,95.74468085106383,36.26548182499729,72.3404255319149,260.6688866646135,75.53191489361703,0.8713163282214367,89.36170212765957,,,,,,,,,,198738.0,74.45599613152805,營收年增同產業前20%、營收月增同產業前20%、資產周轉同產業前20%,1651.712,0.0,0.0,0.0,0.0,0.0,42.94,42.2,★★ 弱勢,短線過熱,基本面優於產業平均,5日漲幅過大、20日漲幅過大、MA20乖離過大、MA60乖離過大、波動率偏高、RSI偏熱,35.469,43.18,250.0,85.0,96.76724137931035,54.0,0.0,74.46,30.0,37.27,33.81,35.469,96.77,43.18,45.0,10.0,45.0,63.0,91.32,🔥 S2高波段爆發潛力,40.0,86.75,80.53,100.0,⑤ 過熱,0.0,🟠 短線過熱,MA20向上、MACD動能擴張、近期突破20日高,RSI過熱、5日漲幅過大、MA20乖離過大、ATR偏高、波動率偏高,偏多順風,偏多順風,19.04,96.77,97.85,56.67,98.71,91.32,S2_E_BALANCED,正常,272.0,227.0,8,8
316,6861,睿生光電,上市,4029976.0,2026-09-24,3946533.0,1103055973.5,266.5,290.0,266.0,279.5,6.5,0,259.0,215.175,220.48333333333332,15.369935943861094,6.036441499703186,9.333494444157907,71.2138682446736,2018169.55,1.9555012114814634,290.0,210.9,0.023809523809523725,33.73205741626795,44.072164948453604,-15.686274509803921,85.23437515144595,20.928571428571427,7.487860976233068,29.894272104101315,26.766951394663252,-19.047619047619047,0.9188770450266167,60,股價高於20日均線、5日均線高於20日均線、20日均線向上、MACD多頭、MACD柱狀體為正、量比達1.5以上,3,成交量穩定度普通,-504851.0,0.0,69031.0,-435820.0,0.0,0.0,5.0,5,自營商近5日買超,生技醫療業,159,一般業,4.44,91.82389937106919,23.718739148044897,92.45283018867924,27.374766483126063,21.518987341772153,11.814145115072465,66.45569620253164,52.47437428070515,83.11688311688312,-2.5054503689745045,42.857142857142854,47.68207850614927,18.238993710691823,209.85089490288522,42.138364779874216,1.0397554667040998,96.85534591194968,,,43.13,13.513513513513514,7.46,8.333333333333332,10.923423423423422,0.72,43.333333333333336,283520.0,63.36654785859467,EPS同產業前20%、ROE同產業前20%、營收年增同產業前20%、資產周轉同產業前20%,4029.976,-504.851,0.0,69.031,-435.82,7.6923076923076925,39.15,32.1,★★ 弱勢,短線過熱,,5日漲幅過大、20日漲幅過大、MA20乖離過大、ATR偏高、波動率偏高,36.168,45.31,250.0,90.0,97.62931034482759,64.0,5.0,63.37,30.0,41.1,51.24,36.168,97.63,45.31,70.0,28.0,65.0,68.0,90.85,🔥 S2高波段爆發潛力,40.0,86.75,80.53,100.0,⑤ 過熱,0.0,🟠 短線過熱,MA20向上、MACD動能擴張、成交量溫和放大、近期突破20日高,5日漲幅過大、MA20乖離過大、ATR偏高、波動率偏高、近期回撤偏大,偏多順風,偏多順風,32.99,97.63,96.13,56.67,95.91,90.85,S2_E_BALANCED,正常,214.0,76.0,9,9
235,4956,光鋐,上市,22783493.0,2026-09-24,22703090.0,1010287505.0,43.54999923706055,47.849998474121094,43.20000076293945,44.5,0.9500007629394531,0,43.939999389648435,37.31499977111817,33.71083326339722,2.6834194842510044,1.6892178468545698,0.9942016373964346,64.45328703499885,8737945.7,2.598218251688152,47.099998474121094,36.88999977111816,0.021814024789488684,14.83870967741936,23.611111111111114,17.25954968479746,95.4554632150576,2.9714292798723494,6.67736916825247,19.254992021849148,32.005043163135085,-14.873843457799518,1.1425241920376952,85,股價高於20日均線、5日均線高於20日均線、20日均線高於60日均線、20日均線向上、RSI介於50至70、MACD多頭、MACD柱狀體為正、量比達1.5以上,33,20日動能尚可、60日趨勢健康、20日回撤可接受、短線略熱,-356616.0,0.0,7928.0,-348688.0,0.0,0.0,5.0,5,自營商近5日買超,光電業,116,一般業,0.28,42.173913043478265,3.3187514778907543,44.34782608695652,17.395120117422348,40.869565217391305,2.7250664094136896,58.26086956521739,-15.939965029708924,19.130434782608695,-11.580296435615544,25.438596491228072,42.70594833916345,35.65217391304348,229.34653033788112,53.91304347826087,0.49012358390618355,53.04347826086957,,,94.68,18.6046511627907,2.64,33.82352941176471,26.214090287277706,0.0,24.264705882352942,106246.0,38.95055298688046,,22783.493,-356.616,0.0,7.928,-348.688,7.6923076923076925,45.32,49.6,★★ 弱勢,短線過熱,技術趨勢強,MA20乖離過大、MA60乖離過大、波動率偏高、成交量波動較大,36.057,49.03,250.0,90.0,97.41379310344827,49.0,5.0,38.95,45.0,33.69,40.73,36.057,97.41,49.03,25.0,85.0,65.0,40.0,90.78,🔥 S2高波段爆發潛力,40.0,86.75,80.53,100.0,⑤ 過熱,0.0,🟠 短線過熱,MA20向上、RSI位於起漲區,MA20乖離過大、ATR偏高、波動率偏高,偏多順風,偏多順風,24.58,97.41,95.7,56.67,96.77,90.78,S2_E_BALANCED,正常,314.0,172.0,10,10
190,3605,宏致,上市,14851996.0,2026-09-24,14761325.0,2708703137.5,179.5,186.5,178.5,183.5,3.5,0,171.6,138.575,112.29166679382324,16.083454365584288,10.859456379328709,5.223997986255579,79.54267444341646,21416123.7,0.6892622216223004,188.5,135.375,0.019444444444444375,31.071428571428573,53.55648535564854,103.66260056342358,89.90265223397445,11.571428571428571,6.305955624756715,32.41926754465092,63.413728942968795,-17.625899280575542,0.6319825820515393,60,股價高於20日均線、5日均線高於20日均線、20日均線高於60日均線、20日均線向上、MACD多頭、MACD柱狀體為正,3,成交量穩定度普通,3617588.0,5030100.0,-497608.0,8150080.0,0.0,3.0,5.0,50,外資近5日買超、投信近5日買超、投信連買至少3日、三大法人合計買超,電子零組件業,210,一般業,1.89,64.52380952380953,6.906554722141829,50.95238095238095,25.16033176223167,62.38095238095238,6.375081214992489,51.90476190476191,17.241795702027165,34.285714285714285,-4.941884896137938,40.0,44.578003974064764,44.761904761904766,178.16919086268933,42.857142857142854,0.7659335667370916,70.95238095238095,,,48.29,32.142857142857146,3.6,32.69230769230769,32.41758241758242,0.86,39.42307692307692,1097137.0,49.03699633699633,,14851.996,3617.588,5030.1,-497.608,8150.08,76.92307692307693,48.7,59.3,★★★ 一般觀察,短線過熱,法人籌碼強,5日漲幅過大、20日漲幅過大、MA20乖離過大、MA60乖離過大、波動率偏高、RSI偏熱,33.705,45.19,250.0,84.0,94.39655172413794,54.0,65.0,49.04,30.0,52.96,39.24,33.705,94.4,45.19,45.0,10.0,45.0,63.0,90.76,🔥 S2高波段爆發潛力,40.0,86.75,80.53,82.5,⑤ 過熱,7.16,🟠 短線過熱,MA20向上、MACD動能擴張、近期突破20日高、外資5日買超、投信5日買超、外資買盤加速,RSI過熱、5日漲幅過大、MA20乖離過大、ATR偏高、波動率偏高、近期回撤偏大,偏多順風,偏多順風,24.82,94.4,99.78,56.67,98.92,90.76,S2_E_BALANCED,正常,90.0,185.0,11,11
310,8064,東捷,上櫃,14201999.0,2026-09-24,14076060.0,1956572340.0,131.0,142.0,130.5,139.0,6.0,0,136.0,120.45,113.3916665395101,7.430521900376164,5.4600648272369146,1.970457073139249,64.37363957407393,10423674.05,1.3503933385177176,142.0,118.725,0.04511278195488733,6.923076923076921,33.01435406698565,-5.119453924914675,92.93965751276637,10.678571428571429,7.682425488180884,15.400581154005799,22.583964273571166,-19.70260223048327,0.7490617941211162,70,股價高於20日均線、5日均線高於20日均線、20日均線高於60日均線、20日均線向上、RSI介於50至70、MACD多頭、MACD柱狀體為正,18,MA60乖離可接受、成交量穩定度普通、短線未過熱,0.0,0.0,0.0,0.0,0.0,0.0,0.0,0,,光電業,116,一般業,0.52,53.91304347826087,4.755803496105541,54.78260869565217,27.38316242038476,68.69565217391305,5.151500094084259,67.82608695652173,-43.496604917924714,6.086956521739131,1.4107739420935461,63.1578947368421,31.576563842440002,64.34782608695652,301.2258659206031,68.69565217391305,0.37742942968979026,35.65217391304348,,,,,,,,,,145707.0,50.77855211150405,,14201.999,0.0,0.0,0.0,0.0,0.0,39.83,33.4,★★ 弱勢,短線過熱,技術面偏多,MA20乖離過大、ATR偏高、波動率偏高,37.314,47.02,250.0,93.0,98.70689655172413,77.0,0.0,50.78,60.0,47.42,56.73,37.314,98.71,47.02,42.0,58.0,65.0,40.0,90.69,🔥 S2高波段爆發潛力,40.0,86.75,80.53,100.0,⑤ 過熱,3.02,🟠 短線過熱,MA20向上、RSI位於起漲區、MACD動能擴張、成交量溫和放大、接近20日突破,MA20乖離過大、ATR偏高、波動率偏高、近期回撤偏大,偏多順風,偏多順風,37.99,98.71,95.48,56.67,92.69,90.69,S2_E_BALANCED,正常,138.0,44.0,12,12
135,6426,統新,上市,4891886.0,2026-09-24,4842636.0,1883785404.0,412.0,412.0,380.0,389.0,-2.5,0,376.8,316.175,235.2,38.19512708928028,32.80832796866974,5.38679912061054,73.23552369446656,3723530.7,1.3005495026534895,391.5,309.7,-0.0063856960408684715,7.162534435261714,49.903660886319855,102.07792207792208,80.21200355028567,28.535714285714285,7.3356591994124125,23.033130386652957,65.39115646258504,-6.8322981366459645,0.5199693017633668,60,股價高於20日均線、5日均線高於20日均線、20日均線高於60日均線、20日均線向上、MACD多頭、MACD柱狀體為正,25,20日回撤小、成交量穩定、短線未過熱,654357.0,0.0,11378.0,665735.0,2.0,0.0,5.0,25,外資近5日買超、自營商近5日買超、三大法人合計買超,通信網路業,92,一般業,2.96,84.78260869565217,22.838472722320795,91.30434782608695,49.066833864111565,88.04347826086956,26.072305529392594,91.30434782608695,78.20867959372114,80.21978021978022,-6.326236061972335,30.76923076923077,10.225332893460608,96.73913043478261,811.4634168181451,96.73913043478261,0.6509043609425382,56.52173913043478,,,98.23,17.647058823529413,15.0,8.51063829787234,13.078848560700877,0.13,36.17021276595745,73340.0,75.17873512459136,EPS同產業前20%、ROE同產業前20%、毛利率同產業前20%、營業利益率同產業前20%、營收年增同產業前20%、負債比同產業前20%、流動比率同產業前20%,4891.886,654.357,0.0,11.378,665.735,38.46153846153847,53.25,71.1,★★★ 一般觀察,短線過熱,基本面優於產業平均,20日漲幅過大、MA20乖離過大、MA60乖離過大、ATR偏高、波動率偏高,33.642,40.12,250.0,84.0,94.18103448275862,54.0,20.0,75.18,45.0,45.63,56.85,33.642,94.18,40.12,47.0,40.0,65.0,68.0,90.31,🔥 S2高波段爆發潛力,40.0,86.75,80.53,76.67,⑤ 過熱,0.0,🟠 短線過熱,MA20向上、成交量溫和放大、近期突破20日高、外資5日買超、法人買超占量提升,MA20乖離過大、ATR偏高、波動率偏高,偏多順風,偏多順風,37.48,94.18,99.14,56.67,97.63,90.31,S2_E_BALANCED,正常,158.0,43.0,13,13
172,3219,倚強科,上櫃,2352161.0,2026-09-24,2333585.0,267195482.5,107.0,114.5,105.5,114.5,10.0,0,103.2,91.6650001525879,77.1916665395101,7.155397579320947,5.008634423741789,2.1467631555791584,76.26544785394677,1376998.1,1.694690065294934,110.0,90.1650001525879,0.09569377990430628,40.14688405990634,35.502958579881664,59.248953504942705,75.07744270177709,5.928571428571429,5.177791640673736,24.911361816833445,48.33207408651277,-12.4330179250697,0.9843987693548225,90,股價高於20日均線、5日均線高於20日均線、20日均線高於60日均線、20日均線向上、MACD多頭、MACD柱狀體為正、量比達1.5以上、突破20日高點,13,ATR偏高但可接受、20日回撤可接受、成交量穩定度普通,0.0,0.0,0.0,0.0,0.0,0.0,0.0,0,,其他電子業,95,一般業,2.66,58.94736842105262,21.11742561491261,75.78947368421053,69.1751568485314,100.0,22.991180545585387,91.57894736842105,19.72583901879228,45.26315789473684,1.6781945735222736,56.84210526315789,45.80117026439177,51.578947368421055,190.56230625389873,51.578947368421055,0.6606192532698393,54.736842105263165,,,,,,,,,,247259.0,66.96172248803828,毛利率同產業前20%、營業利益率同產業前20%,2352.161,0.0,0.0,0.0,0.0,0.0,49.69,63.1,★★★ 一般觀察,短線過熱,技術趨勢強、基本面優於產業平均,5日漲幅過大、20日漲幅過大、MA20乖離過大、MA60乖離過大、波動率偏高、RSI偏熱,34.711,43.15,250.0,87.0,95.6896551724138,71.0,0.0,66.96,30.0,42.94,53.62,34.711,95.69,43.15,85.0,28.0,65.0,83.0,90.28,🔥 S2高波段爆發潛力,40.0,86.75,80.53,82.5,⑤ 過熱,0.0,🟠 短線過熱,MA20向上、MACD近期黃金交叉、MACD動能擴張、成交量溫和放大、近期突破20日高,RSI過熱、5日漲幅過大、MA20乖離過大、波動率偏高,偏多順風,偏多順風,34.9,95.69,97.85,56.67,95.05,90.28,S2_E_BALANCED,正常,195.0,59.0,14,14
357,4908,前鼎,上櫃,2648495.0,2026-09-24,2577919.0,541362990.0,209.0,213.0,205.0,210.0,0.0,0,223.6,225.025,177.13333333333333,11.266144772645077,15.941855831363709,-4.6757110587186315,49.60480962024135,6248416.95,0.4125715394200766,265.0,224.3,0.0,-11.764705882352944,7.416879795396425,21.739130434782616,88.48300644787788,17.571428571428573,8.36734693877551,-6.677035884901683,18.554761008656385,-15.662650602409634,0.737121973318032,25,20日均線高於60日均線、20日均線向上,38,20日動能健康、60日趨勢健康、MA60乖離可接受、成交量穩定度普通,0.0,0.0,0.0,0.0,0.0,0.0,0.0,0,,通信網路業,92,一般業,1.42,60.86956521739131,12.623663616826414,69.56521739130434,46.26947363569322,83.69565217391305,24.131944444444446,89.13043478260869,28.9322191272052,54.94505494505495,-1.477802554226637,42.857142857142854,16.46297641220456,91.30434782608695,477.62362951201806,92.3913043478261,0.49304561986256945,33.69565217391305,,,,,,,,,,97202.0,68.7656093906094,毛利率同產業前20%、營業利益率同產業前20%、負債比同產業前20%、流動比率同產業前20%,2648.495,0.0,0.0,0.0,0.0,0.0,35.73,23.3,★★ 弱勢,風險偏高,基本面優於產業平均,ATR偏高、波動率偏高,31.175,42.95,250.0,79.0,90.73275862068965,18.0,0.0,68.77,55.0,25.76,52.99,31.175,90.73,42.95,0.0,53.0,45.0,28.0,90.23,🔥 S2高波段爆發潛力,28.0,86.75,80.53,76.67,① 尚未啟動,0.0,🔴 暫不考慮,MA20向上,ATR偏高、波動率偏高、近期回撤偏大,偏多順風,偏多順風,42.39,90.73,83.01,100.0,90.97,90.23,S2_E_BALANCED,正常,363.0,63.0,15,15
329,3229,晟鈦,上市,1457101.0,2026-09-24,1442561.0,81360442.6011734,57.099998474121094,58.5,55.70000076293945,56.400001525878906,-1.0,0,59.140000915527345,57.365000343322755,49.74666690826416,1.8966905751350112,2.621503239905024,-0.7248126647700128,49.54029130602933,4042173.8,0.35687752961042896,72.9000015258789,57.30000019073486,-0.01742160232433354,-3.754261101583045,2.3593522463859706,32.23915476686878,91.69334278217296,5.146429334368024,9.124874459456542,-1.6822083355154671,13.374432964290639,-21.359224799186737,0.9433082794057602,35,5日均線高於20日均線、20日均線高於60日均線、20日均線向上,36,20日動能尚可、60日趨勢健康、MA60位置健康、成交量穩定度普通,-1580061.0,0.0,2000.0,-1578061.0,0.0,0.0,5.0,5,自營商近5日買超,電子零組件業,210,一般業,1.28,54.761904761904766,24.144478323262618,90.0,13.183822926340131,19.523809523809526,8.818759309675183,60.476190476190474,80.40598372488151,88.57142857142857,-2.342885594157995,49.523809523809526,35.3061621631884,67.61904761904762,215.41798043277214,61.42857142857143,1.4351655758012996,98.57142857142858,,,42.41,34.523809523809526,5.32,22.115384615384613,28.31959706959707,0.0,11.057692307692307,141220.0,63.388827838827844,ROE同產業前20%、營收年增同產業前20%、資產周轉同產業前20%,1457.101,-1580.061,0.0,2.0,-1578.061,7.6923076923076925,38.26,29.4,★★ 弱勢,風險偏高,,ATR偏高、波動率偏高、近期回撤偏大,32.564,43.9,250.0,79.0,93.10344827586206,26.0,5.0,63.39,25.0,25.16,49.9,32.564,93.1,43.9,0.0,35.0,45.0,0.0,90.21,🔥 S2高波段爆發潛力,28.0,86.75,80.53,82.5,② 蓄勢,9.36,🔴 暫不考慮,MA20向上,ATR偏高、波動率偏高、近期回撤偏大,偏多順風,偏多順風,41.79,93.1,82.8,95.91,88.17,90.21,S2_E_BALANCED,正常,368.0,88.0,16,16
156,3094,聯傑,上市,22755440.0,2026-09-24,22688564.0,1231989007.8899994,53.599998474121094,57.79999923706055,53.5,54.29999923706055,0.0,0,53.939999389648435,45.48249988555908,39.9625,3.9978098029635305,2.876678954459607,1.1211308485039235,67.90847840152777,10821767.85,2.0965672443250574,57.79999923706055,44.67249984741211,0.0,15.53191327034158,42.519688744720256,36.090218447339886,87.02381881718281,3.7428575243268694,6.892923714393562,19.386575877947877,35.8773831393445,-12.258066156859037,0.6526132176598827,85,股價高於20日均線、5日均線高於20日均線、20日均線高於60日均線、20日均線向上、RSI介於50至70、MACD多頭、MACD柱狀體為正、量比達1.5以上,21,60日趨勢尚可、20日回撤可接受、成交量穩定度普通、短線略熱,1104749.0,0.0,18849.0,1123598.0,0.0,0.0,5.0,25,外資近5日買超、自營商近5日買超、三大法人合計買超,半導體業,207,一般業,0.39,25.60386473429952,6.258406397533481,32.367149758454104,74.64154958789476,96.1352657004831,12.538099446318105,48.792270531400966,30.20885757423251,50.970873786407765,-5.211577211943574,26.699029126213592,11.910163474163342,92.27053140096618,1209.00060845756,98.06763285024155,0.1882384494016019,3.864734299516908,,,87.58,15.0,4.35,34.89583333333333,24.947916666666664,0.46,30.208333333333332,20698.0,45.980678087331746,毛利率同產業前20%、負債比同產業前20%、流動比率同產業前20%,22755.44,1104.749,0.0,18.849,1123.598,38.46153846153847,51.19,66.6,★★★ 一般觀察,短線過熱,技術趨勢強,20日漲幅過大、MA20乖離過大、MA60乖離過大、波動率偏高,34.935,45.39,250.0,87.0,95.90517241379311,52.0,20.0,45.98,15.0,35.95,57.87,34.935,95.91,45.39,25.0,68.0,65.0,68.0,89.98,🔥 S2高波段爆發潛力,40.0,86.75,80.53,83.33,⑤ 過熱,0.0,🟠 短線過熱,MA20向上、成交量溫和放大、外資5日買超、法人買超占量提升,5日漲幅過大、MA20乖離過大、ATR偏高、波動率偏高,偏多順風,偏多順風,38.29,95.91,96.77,56.67,94.19,89.98,S2_E_BALANCED,正常,284.0,37.0,17,17
87,3016,嘉晶,上市,49083815.0,2026-09-24,48703560.0,7792569600.0,147.5,160.0,147.0,160.0,14.5,0,135.0,112.79500007629395,107.29693806966146,10.115627040266986,4.946132229492653,5.169494810774333,84.30139167728633,15174465.1,3.209573430038071,145.5,109.7900001525879,0.09965635738831624,38.52813852813852,60.1601577138638,19.402985074626855,69.50410227904388,9.199999673025948,5.749999795641218,41.85025922405854,49.118887154190375,-8.13083826938522,0.8314491268344688,90,股價高於20日均線、5日均線高於20日均線、20日均線高於60日均線、20日均線向上、MACD多頭、MACD柱狀體為正、量比達1.5以上、突破20日高點,28,60日趨勢健康、ATR偏高但可接受、20日回撤可接受、成交量穩定度普通,22751709.0,0.0,741234.0,23492943.0,4.0,0.0,5.0,35,外資近5日買超、自營商近5日買超、外資連買至少3日、三大法人合計買超,半導體業,207,一般業,1.0,35.26570048309179,11.069288195040974,47.82608695652174,20.913269241003434,18.357487922705314,14.093822250642626,52.65700483091788,57.78643473495075,76.2135922330097,5.111418128109069,71.35922330097088,31.09732169297879,49.275362318840585,295.63772470600424,60.38647342995169,0.6262973485687652,61.35265700483091,,,133.33,7.5,8.92,9.375,8.4375,0.31,28.125,506698.0,47.52923408845739,,49083.815,22751.709,0.0,741.234,23492.943,53.84615384615385,57.63,81.5,★★★ 一般觀察,短線過熱,技術趨勢強、法人偏多、綜合表現前25%,5日漲幅過大、20日漲幅過大、MA20乖離過大、MA60乖離過大、波動率偏高、RSI偏熱,34.209,44.25,250.0,87.0,95.04310344827587,54.0,40.0,47.53,45.0,47.48,47.87,34.209,95.04,44.25,70.0,35.0,45.0,100.0,88.93,🔥 S2高波段爆發潛力,40.0,86.75,80.53,83.33,⑤ 過熱,1.75,🟠 短線過熱,MA20向上、MACD動能擴張、近期突破20日高、外資5日買超、外資買盤加速、外資連買,RSI過熱、5日漲幅過大、MA20乖離過大、波動率偏高,偏多順風,偏多順風,30.65,95.04,92.47,56.67,96.99,88.93,S2_E_BALANCED,正常,137.0,104.0,18,18
55,3167,大量,上市,8378906.0,2026-09-24,8082730.0,7670510770.0,889.0,968.0,871.0,949.0,59.0,0,868.6,833.35,746.3083333333333,39.50184530037029,34.0287876307526,5.473057669617688,64.79500140726091,5156430.5,1.5675048854047389,971.0,823.0,0.06629213483146068,16.156670746634028,27.89757412398921,18.92230576441103,79.76586656190491,59.42857142857143,6.262230919765166,13.877722445551077,27.159239367107002,-15.565031982942434,0.5655793171878808,85,股價高於20日均線、5日均線高於20日均線、20日均線高於60日均線、20日均線向上、RSI介於50至70、MACD多頭、MACD柱狀體為正、量比達1.5以上,38,20日動能尚可、60日趨勢健康、MA20乖離可接受、成交量穩定、短線略熱,-538675.0,93000.0,649.0,-445026.0,1.0,0.0,5.0,20,投信近5日買超、自營商近5日買超,電機機械,100,一般業,9.26,97.97979797979798,38.41902838437605,96.96969696969697,43.44841779929234,93.93939393939394,24.4791773967225,94.94949494949495,152.9786603130761,98.0,6.37064963781131,78.0,64.4939130377285,10.1010101010101,143.7522864247704,23.232323232323232,0.7943635779055956,87.87878787878788,,,66.55,12.82051282051282,19.78,6.122448979591836,9.471480900052327,0.41,28.57142857142857,1219982.0,75.5632018774876,EPS同產業前20%、ROE同產業前20%、毛利率同產業前20%、營業利益率同產業前20%、營收年增同產業前20%、資產周轉同產業前20%,8378.906,-538.675,93.0,0.649,-445.026,30.76923076923077,61.92,88.4,★★★ 一般觀察,風險偏高,技術趨勢強、基本面優於產業平均、綜合表現前25%,波動率偏高,32.158,47.64,250.0,81.0,92.45689655172413,84.0,40.0,75.56,45.0,63.68,79.02,32.158,92.46,47.64,70.0,85.0,45.0,83.0,88.77,🔥 S2高波段爆發潛力,40.0,86.75,80.53,100.0,⑤ 過熱,19.29,🟠 短線過熱,MA20向上、RSI位於起漲區、MACD近期黃金交叉、MACD動能擴張、成交量溫和放大、接近20日突破、投信5日買超、外資買盤加速、外資由賣轉買,5日漲幅過大、MA20乖離過大、ATR偏高、波動率偏高、近期回撤偏大,偏多順風,偏多順風,59.07,92.46,96.99,56.67,96.13,88.77,S2_E_BALANCED,正常,20.0,2.0,19,19
275,4556,旭然,上櫃,1513463.0,2026-09-24,1501809.0,138316606.60842133,95.4000015258789,96.9000015258789,90.5999984741211,92.0999984741211,-1.5,0,88.25999908447265,80.39500007629394,90.11666653951009,2.246773308542217,0.5307588849421713,1.7160144236000456,58.67681360880022,920829.15,1.630931210203326,104.0,79.44500007629395,-0.01602564128689299,11.231878115451167,25.991792608212428,14.267990344556146,91.17424491756937,7.735714503696987,8.399255843495613,14.559361137781268,2.2008492000105795,-34.35643262202197,0.838391036147111,70,股價高於20日均線、5日均線高於20日均線、20日均線向上、RSI介於50至70、MACD多頭、MACD柱狀體為正、量比達1.5以上,41,20日動能尚可、60日趨勢健康、MA20乖離可接受、MA60乖離可接受、成交量穩定度普通、短線略熱,0.0,0.0,0.0,0.0,0.0,0.0,0.0,0,,其他,94,一般業,0.37,32.97872340425532,3.791407493128888,31.914893617021278,38.02316755030639,73.40425531914893,7.077067149832918,47.87234042553192,18.729275661336676,69.14893617021278,-24.209177073778775,8.51063829787234,52.206742308405815,41.48936170212766,119.80305318040794,35.1063829787234,0.3961950215644635,45.744680851063826,,,,,,,,,,64451.0,44.22147001934235,,1513.463,0.0,0.0,0.0,0.0,0.0,42.47,40.9,★★ 弱勢,風險偏高,技術面偏多,ATR偏高、波動率偏高、近期回撤偏大,35.351,45.9,250.0,88.0,96.33620689655173,69.0,0.0,44.22,65.0,43.98,51.98,35.351,96.34,45.9,35.0,100.0,65.0,20.0,88.48,🔥 S2高波段爆發潛力,40.0,86.75,80.53,100.0,⑤ 過熱,0.0,🟠 短線過熱,MA20向上、RSI位於起漲區、MACD動能擴張、成交量溫和放大,MA20乖離過大、ATR偏高、波動率偏高、近期回撤偏大,偏多順風,偏多順風,33.58,96.34,91.4,56.67,91.83,88.48,S2_E_BALANCED,正常,181.0,71.0,20,20
246,3324,雙鴻,上櫃,6451510.0,2026-09-24,6222979.0,10641294090.0,1595.0,1750.0,1590.0,1710.0,115.0,0,1581.0,1410.75,1110.3666666666666,127.71669375948659,105.92240136563935,21.794292393847243,73.35261100206132,4477441.45,1.389851563553109,1630.0,1378.25,0.07210031347962387,23.465703971119133,61.32075471698113,64.42307692307692,90.38532136252304,107.14285714285714,6.265664160401002,21.212121212121215,54.003182132028485,-15.151515151515149,0.6584762116603865,75,股價高於20日均線、5日均線高於20日均線、20日均線高於60日均線、20日均線向上、MACD多頭、MACD柱狀體為正、突破20日高點,3,成交量穩定度普通,0.0,0.0,0.0,0.0,0.0,0.0,0.0,0,,其他電子業,95,一般業,23.01,95.78947368421052,33.269239265302375,92.63157894736842,29.03465370351972,64.21052631578948,16.86738027813713,77.89473684210526,67.17939465738924,74.73684210526315,-16.577416978403203,11.578947368421053,59.13921353045384,20.0,183.9241093950744,50.526315789473685,1.0177489512809248,86.31578947368422,,,,,,,,,,3141249.0,71.49521531100478,EPS同產業前20%、ROE同產業前20%、資產周轉同產業前20%,6451.51,0.0,0.0,0.0,0.0,0.0,44.55,47.2,★★ 弱勢,短線過熱,技術面偏多、基本面優於產業平均,5日漲幅過大、20日漲幅過大、MA20乖離過大、MA60乖離過大、波動率偏高,30.511,39.54,250.0,77.0,89.4396551724138,64.0,0.0,71.5,30.0,40.82,38.86,30.511,89.44,39.54,57.0,10.0,20.0,55.0,88.47,🔥 S2高波段爆發潛力,40.0,86.75,80.53,82.5,⑤ 過熱,0.0,🟠 短線過熱,MA20向上、MACD動能擴張、成交量溫和放大、近期突破20日高,5日漲幅過大、MA20乖離過大、ATR偏高、波動率偏高、近期回撤偏大,偏多順風,偏多順風,23.09,89.44,99.78,56.67,98.49,88.47,S2_E_BALANCED,正常,218.0,192.0,21,21
120,3021,鴻名,上市,1664520.0,2026-09-24,1656120.0,44632435.26351929,24.299999237060547,26.950000762939453,24.299999237060547,26.950000762939453,2.450000762939453,0,25.940000152587892,24.005000019073485,22.74666665395101,1.1824156139709778,0.9997495469435244,0.18266606702745347,62.73114103483717,882312.7,1.8770216046986516,28.049999237060547,23.68499994277954,0.10000003114038591,2.471488763250451,31.14356089287309,-8.798641425547881,85.84153608844586,1.79642881665911,6.665783917637161,12.268280531247576,18.47890142733657,-11.787818900063174,1.1057272338483755,85,股價高於20日均線、5日均線高於20日均線、20日均線高於60日均線、20日均線向上、RSI介於50至70、MACD多頭、MACD柱狀體為正、量比達1.5以上,25,20日回撤可接受、MA20乖離可接受、MA60乖離可接受、短線未過熱,304370.0,0.0,1708.0,306078.0,4.0,0.0,5.0,35,外資近5日買超、自營商近5日買超、外資連買至少3日、三大法人合計買超,電子零組件業,210,一般業,0.46,36.666666666666664,4.651579240236449,40.95238095238095,20.032076362701055,44.761904761904766,5.926710206325725,50.0,-14.003930732447113,11.428571428571429,7.360095208287443,83.33333333333334,49.121275640798295,33.80952380952381,172.20879241352847,40.0,0.8986389724235683,84.28571428571429,,,35.46,41.66666666666667,1.6,68.26923076923077,54.96794871794872,2.23,68.26923076923077,277849.0,44.50439560439561,營收月增同產業前20%、資產周轉同產業前20%,1664.52,304.37,0.0,1.708,306.078,53.84615384615385,54.62,74.4,★★★ 一般觀察,風險偏高,技術趨勢強、法人偏多,波動率偏高、成交量波動較大,36.566,48.4,250.0,91.0,97.84482758620689,69.0,40.0,44.5,60.0,55.28,50.84,36.566,97.84,48.4,35.0,43.0,45.0,68.0,88.4,🔥 S2高波段爆發潛力,35.0,86.75,80.53,82.5,⑤ 過熱,14.48,🟠 短線過熱,MA20向上、RSI位於起漲區、MACD動能擴張、成交量溫和放大、外資5日買超、外資買盤加速、外資連買,MA20乖離過大、ATR偏高、波動率偏高,偏多順風,偏多順風,35.57,97.84,89.68,56.67,89.68,88.4,S2_E_BALANCED,正常,78.0,78.0,22,22
57,8996,高力,上市,2887200.0,2026-09-24,2784067.0,4259622510.0,1555.0,1560.0,1480.0,1530.0,-10.0,0,1532.0,1326.0,1189.3666666666666,93.43000885464699,65.42620077920607,28.003808075440915,61.89567417561838,3991301.45,0.697533632795388,1655.0,1315.0,-0.00649350649350644,17.692307692307697,16.793893129771,8.127208480565361,99.27314147276802,112.5,7.352941176470589,15.384615384615374,28.639892379697883,-10.305343511450381,0.4968851585690289,70,股價高於20日均線、5日均線高於20日均線、20日均線高於60日均線、20日均線向上、RSI介於50至70、MACD多頭、MACD柱狀體為正,38,20日動能健康、60日趨勢尚可、20日回撤可接受、成交量穩定、短線略熱,205305.0,616453.0,-110338.0,711420.0,0.0,0.0,5.0,35,外資近5日買超、投信近5日買超、三大法人合計買超,電機機械,100,一般業,8.69,96.96969696969697,31.43943971415006,95.95959595959596,27.803623579681098,66.66666666666666,17.583420140661914,85.85858585858585,112.8353580924365,95.0,30.484162199539156,92.0,50.00699635682745,32.323232323232325,160.6808004161246,38.38383838383838,1.116338500503387,98.98989898989899,,,103.03,5.128205128205128,27.78,2.0408163265306123,3.58451072736787,0.3,24.489795918367346,1203933.0,74.75301936159079,EPS同產業前20%、ROE同產業前20%、營業利益率同產業前20%、營收年增同產業前20%、營收月增同產業前20%、資產周轉同產業前20%,2887.2,205.305,616.453,-110.338,711.42,53.84615384615385,61.8,87.9,★★★ 一般觀察,短線過熱,技術面偏多、法人偏多、基本面優於產業平均、綜合表現前25%,MA20乖離過大、ATR偏高、波動率偏高,36.7,45.75,250.0,91.0,98.49137931034483,59.0,30.0,74.75,45.0,50.56,57.07,36.7,98.49,45.75,35.0,72.0,25.0,20.0,88.3,🔥 S2高波段爆發潛力,40.0,86.75,80.53,100.0,⑤ 過熱,6.17,🟠 短線過熱,MA20向上、RSI位於起漲區、近期突破20日高、外資5日買超、投信5日買超、法人買超占量提升,5日漲幅過大、MA20乖離過大、ATR偏高、波動率偏高,偏多順風,偏多順風,38.89,98.49,90.32,56.67,86.02,88.3,S2_E_BALANCED,正常,114.0,42.0,23,23
210,6925,意藍,上櫃,1451122.0,2026-09-24,1439959.0,98205199.40559387,62.599998474121094,68.19999694824219,62.599998474121094,68.19999694824219,6.1999969482421875,0,60.85999984741211,54.2375,54.110833485921226,2.7157394825949126,1.241239695277434,1.4744997873174785,73.43215647201654,207764.5,6.930726856609286,62.29999923706055,53.34250011444092,0.09999995077809976,20.2821799480811,35.586477102753314,9.294864231626466,76.46857499330983,3.13571412222726,4.597821499327913,25.74325318873878,26.037602000691294,-8.823534774120144,1.6779237319343205,90,股價高於20日均線、5日均線高於20日均線、20日均線高於60日均線、20日均線向上、MACD多頭、MACD柱狀體為正、量比達1.5以上、突破20日高點,18,60日趨勢尚可、ATR偏高但可接受、20日回撤可接受,0.0,0.0,0.0,0.0,0.0,0.0,0.0,0,,數位雲端,40,一般業,1.08,46.25,11.103543809961938,55.00000000000001,76.20605235623368,85.0,23.00464237462033,80.0,-4.408983451536643,10.0,0.09902215620745114,47.5,23.221833278740927,90.0,619.18912797282,97.5,0.38849139478991135,30.0,,,,,,,,,,16174.0,55.76704545454545,毛利率同產業前20%、營業利益率同產業前20%、負債比同產業前20%、流動比率同產業前20%,1451.122,0.0,0.0,0.0,0.0,0.0,47.33,55.0,★★★ 一般觀察,短線過熱,技術趨勢強,5日漲幅過大、20日漲幅過大、MA20乖離過大、波動率偏高、成交量波動較大,35.557,46.71,250.0,89.0,96.98275862068965,54.0,0.0,55.77,45.0,36.72,46.4,35.557,96.98,46.71,45.0,40.0,45.0,63.0,87.96,🔥 S2高波段爆發潛力,40.0,86.75,80.53,100.0,⑤ 過熱,0.0,🟠 短線過熱,MA20向上、MACD動能擴張、近期突破20日高,5日漲幅過大、MA20乖離過大、波動率偏高,偏多順風,偏多順風,29.12,96.98,88.82,56.67,90.75,87.96,S2_E_BALANCED,正常,279.0,119.0,24,24
203,3529,力旺,上櫃,1603757.0,2026-09-24,1531483.0,4946690090.0,3250.0,3315.0,3160.0,3230.0,-75.0,0,3064.0,2713.0,2564.3333333333335,160.46579573131658,90.6288744409384,69.83692129037817,65.89854825798014,1710912.45,0.8951264572304679,3350.0,2684.0,-0.0226928895612708,19.188191881918826,21.886792452830186,8.571428571428562,92.0643462352891,190.35714285714286,5.893409995577178,19.056395134537407,25.958663720265164,-17.813051146384485,0.8265250674779979,70,股價高於20日均線、5日均線高於20日均線、20日均線高於60日均線、20日均線向上、RSI介於50至70、MACD多頭、MACD柱狀體為正,24,20日動能尚可、60日趨勢尚可、ATR偏高但可接受、成交量穩定度普通,0.0,0.0,0.0,0.0,0.0,0.0,0.0,0,,半導體業,207,一般業,15.75,88.88888888888889,68.14576535590999,96.1352657004831,100.0,99.7584541062802,60.64420118505264,99.03381642512076,42.77348437575001,63.59223300970874,-47.188750266328924,1.9417475728155338,43.118462256246346,25.120772946859905,194.98594956308864,28.985507246376812,0.7012390652471928,71.98067632850241,,,,,,,,,,356928.0,73.16106399580438,EPS同產業前20%、ROE同產業前20%、毛利率同產業前20%、營業利益率同產業前20%,1603.757,0.0,0.0,0.0,0.0,0.0,47.75,56.5,★★★ 一般觀察,短線過熱,技術面偏多、基本面優於產業平均,5日漲幅過大、MA20乖離過大、波動率偏高,37.446,44.56,250.0,94.0,98.92241379310344,62.0,0.0,73.16,60.0,44.77,54.87,37.446,98.92,44.56,45.0,57.0,25.0,35.0,87.95,🔥 S2高波段爆發潛力,40.0,86.75,80.53,83.33,⑤ 過熱,0.0,🟠 短線過熱,MA20向上、MACD動能擴張、近期突破20日高,5日漲幅過大、MA20乖離過大、波動率偏高、近期回撤偏大,偏多順風,偏多順風,35.89,98.92,91.61,56.67,80.22,87.95,S2_E_BALANCED,正常,171.0,52.0,25,25
36,2368,金像電,上市,15757587.0,2026-09-24,15155986.0,16747364530.0,1135.0,1150.0,1075.0,1105.0,-35.0,0,1070.0,1074.7,1013.3666666666667,9.021761231158507,4.404495170019683,4.6172660611388245,55.26969258114628,8789794.85,1.7242707319841488,1245.0,1070.95,-0.030701754385964897,16.315789473684216,7.281553398058249,-10.526315789473683,82.72537865470426,69.28571428571429,6.270200387847447,2.8193914580813217,9.042465708364865,-22.44897959183674,0.475860341695339,75,股價高於20日均線、20日均線高於60日均線、20日均線向上、RSI介於50至70、MACD多頭、MACD柱狀體為正、量比達1.5以上,45,20日動能健康、MA20乖離健康、MA60位置健康、成交量穩定、短線略熱,-6922947.0,2081205.0,1019337.0,-3822405.0,0.0,3.0,5.0,35,投信近5日買超、自營商近5日買超、投信連買至少3日,電子零組件業,210,一般業,16.17,96.66666666666667,39.18684852527175,98.57142857142858,34.72100347393348,82.85714285714286,26.615430911722417,94.28571428571428,76.38825024031777,87.14285714285714,3.689080872216932,72.38095238095238,56.530138560954356,17.61904761904762,165.76757988758996,37.61904761904762,0.8982272769227896,83.80952380952381,,,39.66,35.714285714285715,13.56,9.615384615384617,22.664835164835168,0.89,41.34615384615385,10383971.0,75.43846153846155,EPS同產業前20%、ROE同產業前20%、毛利率同產業前20%、營業利益率同產業前20%、營收年增同產業前20%、資產周轉同產業前20%,15757.587,-6922.947,2081.205,1019.337,-3822.405,53.84615384615385,64.9,92.5,★★★★ 觀察候選,風險偏高,技術面偏多、法人偏多、基本面優於產業平均、綜合表現前10%,波動率偏高、近期回撤偏大,30.761,45.01,250.0,78.0,90.08620689655173,75.0,45.0,75.44,55.0,63.07,67.3,30.761,90.09,45.01,50.0,43.0,20.0,83.0,87.67,🔥 S2高波段爆發潛力,40.0,86.75,80.53,82.5,⑤ 過熱,17.27,🟠 短線過熱,站上MA20且乖離健康、MA20向上、RSI位於起漲區、MACD近期黃金交叉、MACD動能擴張、成交量溫和放大、投信5日買超、投信買盤加速、投信連買,5日漲幅過大、ATR偏高、波動率偏高、近期回撤偏大,偏多順風,偏多順風,49.29,90.09,78.06,99.14,84.95,87.67,S2_E_BALANCED,正常,26.0,15.0,26,26
325,6620,漢達,上櫃,2720538.0,2026-09-24,2688101.0,333324524.0,129.0,129.0,120.0,124.0,-6.0,0,133.4,119.08000030517579,97.13500048319499,11.687254426325367,12.210527585869333,-0.5232731595439652,55.906232654942244,3822210.75,0.7032843492473564,155.0,116.72500038146973,-0.0461538461538461,-15.646258503401356,61.2483713128025,25.760651033423176,106.27004249567271,10.642857142857142,8.58294930875576,4.131675917211397,27.657383418094316,-16.778523489932883,0.6866365597790184,55,股價高於20日均線、5日均線高於20日均線、20日均線高於60日均線、20日均線向上、RSI介於50至70,28,60日趨勢健康、MA20乖離健康、成交量穩定度普通,0.0,0.0,0.0,0.0,0.0,0.0,0.0,0,,生技醫療業,159,一般業,0.65,52.20125786163522,4.29468909492991,50.314465408805034,80.5411252330596,96.83544303797468,25.388669864267992,88.60759493670885,-79.91967266913751,3.2467532467532463,-4.253639208705384,36.36363636363637,9.996817692483017,86.79245283018868,897.4519140768729,79.87421383647799,0.1510757489532072,22.641509433962266,,,,,,,,,,66695.0,54.277884255412104,毛利率同產業前20%、營業利益率同產業前20%、負債比同產業前20%,2720.538,0.0,0.0,0.0,0.0,0.0,38.38,30.2,★★ 弱勢,短線過熱,,20日漲幅過大、ATR偏高、波動率偏高,31.356,43.31,250.0,78.0,90.94827586206897,48.0,0.0,54.28,30.0,31.84,48.43,31.356,90.95,43.31,0.0,35.0,45.0,0.0,87.56,🔥 S2高波段爆發潛力,28.0,86.75,80.53,100.0,② 蓄勢,17.45,🔴 暫不考慮,站上MA20且乖離健康、MA20向上、RSI位於起漲區,ATR偏高、波動率偏高、近期回撤偏大,偏多順風,偏多順風,42.23,90.95,93.55,56.67,98.28,87.56,S2_E_BALANCED,正常,327.0,100.0,27,27
178,3264,欣銓,上櫃,18332220.0,2026-09-24,17998631.0,4427663226.0,250.0,255.0,244.0,246.0,-6.0,0,265.4,239.275,221.825,10.950337687920921,8.905418279459685,2.0449194084612365,53.741648288696304,12211484.5,1.4739101540029798,289.5,237.95,-0.023809523809523836,0.6134969325153339,12.072892938496583,-1.2048192771084376,76.63183159633915,14.785714285714286,6.010452961672474,2.810573607773481,10.898230587174584,-13.38028169014085,0.7866415741439274,70,股價高於20日均線、5日均線高於20日均線、20日均線高於60日均線、20日均線向上、RSI介於50至70、MACD多頭、MACD柱狀體為正,53,20日動能健康、20日回撤可接受、MA20乖離健康、MA60位置健康、成交量穩定度普通、短線未過熱,0.0,0.0,0.0,0.0,0.0,0.0,0.0,0,,半導體業,207,一般業,4.39,65.70048309178745,21.197281558206182,75.84541062801932,39.319723721857834,56.038647342995176,29.046142516868183,86.47342995169082,46.57297818291717,69.90291262135922,1.5734281567620467,52.9126213592233,52.5152856935518,12.077294685990339,88.07715045081632,2.898550724637681,0.4121170030225298,32.367149758454104,,,,,,,,,,1794449.0,59.42007666363936,營業利益率同產業前20%,18332.22,0.0,0.0,0.0,0.0,0.0,49.43,61.9,★★★ 一般觀察,風險偏高,技術面偏多,波動率偏高,32.367,42.57,250.0,81.0,92.67241379310344,66.0,0.0,59.42,70.0,45.81,60.92,32.367,92.67,42.57,12.0,60.0,45.0,83.0,87.22,🔥 S2高波段爆發潛力,20.0,86.75,80.53,83.33,② 蓄勢,38.08,🔴 暫不考慮,站上MA20且乖離健康、MA20向上、RSI位於起漲區、成交量溫和放大,ATR偏高、波動率偏高,偏多順風,偏多順風,56.35,92.67,76.77,98.28,77.2,87.22,S2_E_BALANCED,正常,155.0,28.0,28,28
233,4923,力士,上櫃,3081001.0,2026-09-24,3061001.0,195904064.0,66.69999694824219,67.4000015258789,63.29999923706055,64.0,-2.6999969482421875,0,63.05999984741211,56.035000038146975,52.53666636149089,3.11129026762174,2.004300556238748,1.106989711382992,64.64111179798101,972459.5,3.1476899552115025,67.4000015258789,55.63500003814697,-0.04047971621853785,15.73237049361287,14.28571428571428,4.065040650406515,72.16646893042991,4.378571646554129,6.841518197740827,14.214330251504759,21.8196821999191,-10.638297584525635,1.113294725271323,85,股價高於20日均線、5日均線高於20日均線、20日均線高於60日均線、20日均線向上、RSI介於50至70、MACD多頭、MACD柱狀體為正、量比達1.5以上,43,20日動能健康、60日趨勢尚可、20日回撤可接受、MA20乖離可接受、MA60乖離可接受、短線略熱,0.0,0.0,0.0,0.0,0.0,0.0,0.0,0,,半導體業,207,一般業,0.5,27.536231884057973,6.259817281414364,32.850241545893724,27.903588466157213,29.951690821256037,0.2417272439796142,22.705314009661837,28.77895890933359,46.601941747572816,-9.994919249381562,16.50485436893204,39.783603922489306,28.502415458937197,429.10057895453167,77.29468599033817,1.1636018456648547,92.7536231884058,,,,,,,,,,108061.0,37.81573651244398,資產周轉同產業前20%,3081.001,0.0,0.0,0.0,0.0,0.0,45.44,50.0,★★★ 一般觀察,風險偏高,技術趨勢強,波動率偏高、成交量波動較大,35.817,50.99,250.0,89.0,97.19827586206897,49.0,0.0,37.82,48.0,32.47,49.83,35.817,97.2,50.99,25.0,60.0,65.0,85.0,87.15,🔥 S2高波段爆發潛力,40.0,86.75,80.53,83.33,⑤ 過熱,0.0,🟠 短線過熱,MA20向上、RSI位於起漲區,5日漲幅過大、MA20乖離過大、ATR偏高、波動率偏高,偏多順風,偏多順風,31.86,97.2,90.11,56.67,82.58,87.15,S2_E_BALANCED,正常,320.0,89.0,29,29
330,2033,佳大,上市,3052504.0,2026-09-24,3045000.0,112055997.67684937,37.650001525878906,38.29999923706055,35.5,36.79999923706055,-0.5,0,35.85,28.827499866485596,21.457499965031943,3.8174943641008845,2.9597362497741466,0.8577581143267379,78.23844108311329,2369778.5,1.2849302160518377,40.25,28.154999923706054,-0.013404826011449655,19.28686801302191,57.60170721994751,127.86377774793732,88.45562058105462,2.5535710198538646,6.939051828246273,27.655882083078787,71.50180261927714,-10.211266399588602,0.6684637824456803,60,股價高於20日均線、5日均線高於20日均線、20日均線高於60日均線、20日均線向上、MACD多頭、MACD柱狀體為正,8,20日回撤可接受、成交量穩定度普通,211489.0,0.0,-4004.0,207485.0,0.0,0.0,5.0,20,外資近5日買超、三大法人合計買超,鋼鐵工業,48,一般業,0.15,27.083333333333332,2.30213484975216,27.083333333333332,15.111743300201583,58.333333333333336,4.4810765055457145,43.75,9.663237867599983,43.75,-3.2278719397363487,64.58333333333334,15.23399922120542,95.83333333333334,230.23649910099323,79.16666666666666,0.5452815120352313,29.166666666666668,,,108.24,4.3478260869565215,2.78,3.225806451612903,3.7868162692847123,0.0,16.129032258064516,51386.0,41.4064399251987,負債比同產業前20%,3052.504,211.489,0.0,-4.004,207.485,30.76923076923077,38.18,29.1,★★ 弱勢,短線過熱,,5日漲幅過大、20日漲幅過大、MA20乖離過大、MA60乖離過大、波動率偏高、RSI偏熱,28.293,37.8,250.0,71.0,85.99137931034483,54.0,15.0,41.41,15.0,34.56,24.87,28.293,85.99,37.8,47.0,10.0,45.0,68.0,86.6,🔥 S2高波段爆發潛力,40.0,86.75,80.53,100.0,⑤ 過熱,0.0,🟠 短線過熱,MA20向上、成交量溫和放大、近期突破20日高、外資5日買超、法人買超占量提升,RSI過熱、5日漲幅過大、MA20乖離過大、ATR偏高、波動率偏高,偏多順風,偏多順風,11.9,85.99,98.92,56.67,97.85,86.6,S2_E_BALANCED,正常,299.0,323.0,30,30
40,3026,禾伸堂,上市,13190269.0,2026-09-24,12816264.0,10381173840.0,768.0,820.0,765.0,810.0,42.0,0,789.2,749.9,706.7583333333333,30.757508566166507,27.880971786492378,2.8765367796741295,59.455858400102166,10222206.7,1.253766860339461,856.0,743.15,0.0546875,6.578947368421062,19.999999999999996,-9.899888765294772,86.80891033352493,56.714285714285715,7.0017636684303355,8.014401920256041,14.607774934855144,-14.016172506738545,0.3526100037739312,70,股價高於20日均線、5日均線高於20日均線、20日均線高於60日均線、20日均線向上、RSI介於50至70、MACD多頭、MACD柱狀體為正,50,20日動能健康、20日回撤可接受、MA20乖離可接受、MA60位置健康、成交量穩定、短線未過熱,-453771.0,460000.0,110352.0,116581.0,1.0,5.0,5.0,45,投信近5日買超、自營商近5日買超、投信連買至少3日、三大法人合計買超,電子零組件業,210,一般業,6.73,90.0,20.2738080366991,84.76190476190476,25.270103780092068,62.857142857142854,14.384366083970193,76.19047619047619,33.21856745910945,54.761904761904766,-4.075853949899299,41.42857142857143,40.546485068945096,54.761904761904766,193.98381731189386,52.38095238095239,0.870866565923683,82.38095238095238,,,79.02,16.666666666666664,13.01,10.576923076923077,13.62179487179487,0.72,36.05769230769231,1439761.0,64.30824175824176,EPS同產業前20%、ROE同產業前20%、資產周轉同產業前20%,13190.269,-453.771,460.0,110.352,116.581,69.23076923076923,64.14,91.6,★★★★ 觀察候選,風險偏高,技術面偏多、法人偏多、綜合表現前10%,ATR偏高、波動率偏高,34.403,46.91,250.0,85.0,95.25862068965517,69.0,50.0,64.31,75.0,63.5,67.84,34.403,95.26,46.91,22.0,75.0,0.0,68.0,86.56,🔥 S2高波段爆發潛力,27.0,86.75,80.53,82.5,④ 趨勢加速,45.7,🔴 暫不考慮,MA20向上、RSI位於起漲區、MACD動能擴張、成交量溫和放大、投信5日買超、外資買盤加速、外資由賣轉買,ATR偏高、波動率偏高,偏多順風,偏多順風,63.41,95.26,84.52,56.67,93.76,86.56,S2_E_BALANCED,正常,22.0,14.0,31,31
356,6179,亞通,上櫃,6041462.0,2026-09-24,6013647.0,220099471.0239029,35.099998474121094,36.650001525878906,35.099998474121094,36.599998474121094,1.5,0,36.55999908447266,34.21999998092652,29.034166653951008,2.3110072088035807,2.4134886133040925,-0.1024814045005118,58.73321666240784,12940888.25,0.4647012541816826,41.900001525878906,33.77250003814697,0.04273504459283495,-11.700849697341276,32.368893233520254,39.428565615699405,90.81022008800382,2.896428653172084,7.913739819470413,6.954992678320093,26.058374295170328,-15.319667483567123,0.8060193299835623,55,股價高於20日均線、5日均線高於20日均線、20日均線高於60日均線、20日均線向上、RSI介於50至70,21,60日趨勢尚可、MA20乖離健康、成交量穩定度普通,0.0,0.0,0.0,0.0,0.0,0.0,0.0,0,,其他,94,一般業,1.2,57.446808510638306,8.629628070318068,53.191489361702125,12.615872273686065,18.085106382978726,8.31635830296524,50.0,223.27509730425263,95.74468085106383,-26.259807925095156,6.382978723404255,71.78566961893897,12.76595744680851,131.14060763207206,41.48936170212766,0.5209405254669668,58.51063829787234,,,,,,,,,,808983.0,50.20551257253385,營收年增同產業前20%,6041.462,0.0,0.0,0.0,0.0,0.0,35.76,23.5,★★ 弱勢,風險偏高,,ATR偏高、波動率偏高,30.667,45.12,250.0,76.0,89.87068965517241,41.0,0.0,50.21,15.0,26.18,52.04,30.667,89.87,45.12,0.0,53.0,45.0,20.0,85.8,🔥 S2高波段爆發潛力,28.0,86.75,80.53,100.0,① 尚未啟動,0.78,🔴 暫不考慮,MA20向上、RSI位於起漲區,ATR偏高、波動率偏高、近期回撤偏大,偏多順風,偏多順風,41.79,89.87,93.12,56.67,90.54,85.8,S2_E_BALANCED,正常,357.0,70.0,32,32
163,3443,創意,上市,1471460.0,2026-09-24,1375437.0,11725600425.0,8300.0,8545.0,8205.0,8525.0,140.0,0,8010.0,6546.75,5262.916666666667,733.5681498287058,510.79679032985325,222.77135949885258,81.39447771653488,1766400.35,0.7786666256038728,8540.0,6416.5,0.016696481812760844,31.153846153846153,44.00337837837838,59.94371482176359,63.610166384205854,445.35714285714283,5.224130708001676,30.21728338488563,61.982424194442245,-5.703124999999998,0.33181400293770114,60,股價高於20日均線、5日均線高於20日均線、20日均線高於60日均線、20日均線向上、MACD多頭、MACD柱狀體為正,20,ATR偏高但可接受、20日回撤小、成交量穩定,245622.0,-247458.0,162503.0,160667.0,4.0,0.0,5.0,35,外資近5日買超、自營商近5日買超、外資連買至少3日、三大法人合計買超,半導體業,207,一般業,23.89,91.78743961352657,47.551641442909606,93.23671497584542,24.097360640543073,24.637681159420293,13.811841202280476,51.690821256038646,111.0204372171911,87.37864077669903,1.2293622826160533,50.970873786407765,63.98233920382403,2.898550724637681,144.8435975597241,13.043478260869565,1.3558429915589518,97.10144927536231,,,218.53,5.0,84.84,1.0416666666666665,3.020833333333333,0.23,25.0,5840094.0,59.18510271563249,EPS同產業前20%、ROE同產業前20%、營收年增同產業前20%、資產周轉同產業前20%,1471.46,245.622,-247.458,162.503,160.667,53.84615384615385,50.52,65.1,★★★ 一般觀察,短線過熱,法人偏多,5日漲幅過大、20日漲幅過大、MA20乖離過大、MA60乖離過大、RSI偏熱,28.194,35.98,250.0,67.0,85.77586206896551,54.0,40.0,59.19,30.0,46.98,34.5,28.194,85.78,35.98,45.0,28.0,0.0,80.0,85.7,🔥 S2高波段爆發潛力,40.0,86.75,80.53,83.33,⑤ 過熱,1.25,🟠 短線過熱,MA20向上、MACD動能擴張、近期突破20日高、外資5日買超、外資買盤加速、外資連買,RSI過熱、5日漲幅過大、MA20乖離過大、波動率偏高,偏多順風,偏多順風,19.85,85.78,96.45,56.67,96.56,85.7,S2_E_BALANCED,正常,142.0,221.0,33,33
11,6672,騰輝電子-KY,上市,15309823.0,2026-09-24,14972487.0,5053214362.5,315.0,337.5,315.0,337.5,30.5,0,311.7,294.625,267.975,12.990312338813794,11.01569603714579,1.9746163016680036,68.67441429892935,5550525.45,2.697490018715255,317.5,291.825,0.09934853420195444,14.991482112436106,19.893428063943162,13.4453781512605,64.38349267848457,18.142857142857142,5.375661375661375,14.552397114976667,25.944584382871525,-9.153713298791022,0.6773929005024549,100,股價高於20日均線、5日均線高於20日均線、20日均線高於60日均線、20日均線向上、RSI介於50至70、MACD多頭、MACD柱狀體為正、量比達1.5以上、突破20日高點,53,20日動能健康、60日趨勢健康、ATR偏高但可接受、20日回撤可接受、MA20乖離可接受、成交量穩定度普通、短線略熱,5108704.0,-989.0,217142.0,5324857.0,2.0,0.0,5.0,25,外資近5日買超、自營商近5日買超、三大法人合計買超,電子零組件業,210,一般業,4.75,83.80952380952381,14.880603501387036,75.71428571428571,35.12554052608058,83.33333333333334,14.55166495670546,77.61904761904762,133.2447678339368,97.61904761904762,21.12713526675334,94.76190476190476,29.422503876293536,83.33333333333334,311.0159290471739,84.76190476190476,0.8401774244370652,78.57142857142857,,,50.98,29.761904761904763,5.73,19.230769230769234,24.496336996337,0.99,47.11538461538461,805877.0,77.64908424908424,EPS同產業前20%、毛利率同產業前20%、營收年增同產業前20%、營收月增同產業前20%、負債比同產業前20%、流動比率同產業前20%,15309.823,5108.704,-0.989,217.142,5324.857,38.46153846153847,71.59,97.8,★★★★ 觀察候選,等待回檔,技術趨勢強、基本面優於產業平均、綜合表現前10%,無明顯風險訊號,33.487,46.79,250.0,85.0,93.96551724137932,62.0,30.0,77.65,60.0,54.45,79.88,33.487,93.97,46.79,70.0,85.0,45.0,100.0,85.67,🔥 S2高波段爆發潛力,35.0,86.75,80.53,82.5,⑤ 過熱,13.65,🟠 短線過熱,MA20向上、MACD動能擴張、近期突破20日高、外資5日買超、外資買盤加速、法人買超占量提升,MA20乖離過大、波動率偏高,偏多順風,偏多順風,58.64,93.97,83.66,56.67,93.12,85.67,S2_E_BALANCED,正常,81.0,1.0,34,34
200,4542,科嶠,上櫃,2606774.0,2026-09-24,2548350.0,835858800.0,323.5,357.0,320.5,328.0,-3.5,0,313.9,286.625,300.2416666666667,8.291509960730025,0.1551470296355404,8.136362931094485,63.49463708373258,1037838.7,2.4554393664449012,335.0,283.675,-0.010558069381598756,17.773788150807903,21.933085501858727,-30.286928799149837,78.77192707370968,19.142857142857142,5.83623693379791,14.43523767989534,9.245330150711917,-18.300653594771244,0.8765828302274489,70,股價高於20日均線、5日均線高於20日均線、20日均線向上、RSI介於50至70、MACD多頭、MACD柱狀體為正、量比達1.5以上,36,20日動能尚可、ATR偏高但可接受、MA20乖離可接受、MA60位置健康、成交量穩定度普通、短線略熱,0.0,0.0,0.0,0.0,0.0,0.0,0.0,0,,電子零組件業,210,一般業,1.49,57.61904761904761,10.36738396620113,60.952380952380956,38.9611957510834,91.9047619047619,11.846873226239493,71.42857142857143,194.65100798782808,98.09523809523809,6.806039088621563,80.95238095238095,53.435416762890085,25.238095238095237,146.96179955065372,22.380952380952383,0.5340063199544286,37.61904761904762,,,,,,,,,,123942.0,65.3896103896104,毛利率同產業前20%、營收年增同產業前20%、營收月增同產業前20%,2606.774,0.0,0.0,0.0,0.0,0.0,47.82,57.1,★★★ 一般觀察,風險偏高,技術面偏多、基本面優於產業平均,波動率偏高,35.181,49.42,250.0,88.0,96.12068965517241,86.0,0.0,65.39,45.0,50.96,76.61,35.181,96.12,49.42,85.0,60.0,65.0,83.0,85.62,🔥 S2高波段爆發潛力,40.0,86.75,80.53,82.5,⑤ 過熱,5.16,🟠 短線過熱,MA20向上、MA5近期上穿MA20、RSI位於起漲區、MACD動能擴張、成交量溫和放大、近期突破20日高,5日漲幅過大、MA20乖離過大、波動率偏高、近期回撤偏大,偏多順風,偏多順風,54.32,96.12,85.16,56.67,83.87,85.62,S2_E_BALANCED,正常,110.0,3.0,35,35
49,6526,達發,上市,4581078.0,2026-09-24,4455379.0,3742518360.0,845.0,862.0,818.0,840.0,0.0,0,771.8,668.55,624.2166666666667,45.70136965689517,23.582248200373563,22.119121456521604,82.50503355978384,1359193.75,3.2779572448740293,840.0,657.05,0.0,33.545310015898245,37.704918032786885,19.14893617021276,65.82994433019554,33.357142857142854,3.9710884353741496,25.64505272604891,34.56865938643099,-6.596701649175407,1.2128504401063938,75,股價高於20日均線、5日均線高於20日均線、20日均線高於60日均線、20日均線向上、MACD多頭、MACD柱狀體為正、量比達1.5以上,35,60日趨勢健康、ATR風險合理、20日回撤小,4822980.0,47000.0,691898.0,5561878.0,5.0,1.0,5.0,50,外資近5日買超、投信近5日買超、自營商近5日買超、外資連買至少3日、三大法人合計買超,半導體業,207,一般業,9.72,84.05797101449275,15.403485094579047,66.18357487922705,51.88963860998456,83.09178743961353,14.979703375430889,57.00483091787439,26.112143768975987,44.1747572815534,2.2055444001139346,56.79611650485437,31.0150740844738,49.75845410628019,239.32824399017244,43.96135265700483,0.7646719651003325,75.36231884057972,,,46.59,35.0,7.46,15.625,25.3125,1.61,62.5,2339350.0,59.80805426574739,EPS同產業前20%、毛利率同產業前20%,4581.078,4822.98,47.0,691.898,5561.878,76.92307692307693,62.83,89.5,★★★ 一般觀察,短線過熱,技術面偏多、法人籌碼強、綜合表現前25%,5日漲幅過大、20日漲幅過大、MA20乖離過大、MA60乖離過大、波動率偏高、成交量波動較大、RSI偏熱,31.621,39.75,250.0,79.0,91.8103448275862,54.0,70.0,59.81,45.0,58.32,52.11,31.621,91.81,39.75,70.0,53.0,45.0,100.0,85.62,🔥 S2高波段爆發潛力,40.0,86.75,80.53,83.33,⑤ 過熱,12.59,🟠 短線過熱,MA20向上、MACD動能擴張、近期突破20日高、外資5日買超、投信5日買超、投信買盤加速,RSI過熱、5日漲幅過大、MA20乖離過大、波動率偏高,偏多順風,偏多順風,36.21,91.81,89.03,56.67,90.32,85.62,S2_E_BALANCED,正常,50.0,69.0,36,36
121,1709,和益,上市,48879995.0,2026-09-24,48653366.0,2116421421.0,45.849998474121094,46.45000076293945,43.5,43.5,-4.799999237060547,0,44.00999984741211,37.847500038146975,31.145833365122478,3.5773495758898335,2.8164591172280025,0.760890458661831,61.13800922155554,26200593.15,1.856956662067019,50.5,37.38000011444092,-0.09937886776150318,1.2805569901994662,27.379203678909512,85.8974389279592,100.23975753733758,3.2178573608398438,7.397373243309986,14.934936141504185,39.66555169691457,-9.937886776150318,0.8868105882897426,85,股價高於20日均線、5日均線高於20日均線、20日均線高於60日均線、20日均線向上、RSI介於50至70、MACD多頭、MACD柱狀體為正、量比達1.5以上,31,20日動能尚可、20日回撤可接受、MA20乖離可接受、成交量穩定度普通、短線未過熱,-30799906.0,0.0,29402.0,-30770504.0,0.0,0.0,5.0,5,自營商近5日買超,化學工業,42,一般業,1.3,54.761904761904766,13.219112742195621,66.66666666666666,26.659038700228937,63.41463414634146,19.24347807891797,82.92682926829268,82.66667069773207,97.61904761904762,6.918320795751565,71.42857142857143,25.032433955343038,76.19047619047619,291.051203101836,73.17073170731707,0.8287079581108305,82.92682926829268,,,21.64,42.30769230769231,2.31,42.857142857142854,42.58241758241758,2.3,50.0,1208393.0,70.9222728491021,營業利益率同產業前20%、營收年增同產業前20%、資產周轉同產業前20%,48879.995,-30799.906,0.0,29.402,-30770.504,7.6923076923076925,54.52,74.1,★★★ 一般觀察,風險偏高,技術趨勢強、基本面優於產業平均,MA60乖離過大、ATR偏高、波動率偏高,27.722,33.92,250.0,70.0,84.91379310344827,69.0,5.0,70.92,45.0,46.49,64.56,27.722,84.91,33.92,60.0,60.0,65.0,40.0,85.57,🔥 S2高波段爆發潛力,35.0,86.75,80.53,100.0,⑤ 過熱,7.09,🟠 短線過熱,MA20向上、RSI位於起漲區、成交量溫和放大、近期突破20日高,MA20乖離過大、ATR偏高、波動率偏高,偏多順風,偏多順風,45.07,84.91,98.28,56.67,95.27,85.57,S2_E_BALANCED,正常,146.0,17.0,37,37
260,6173,信昌電,上櫃,11579816.0,2026-09-24,11425668.0,3501967242.0,303.0,314.0,300.5,306.5,4.0,0,306.8,283.125,231.51666666666668,23.080022163012075,23.259346449048298,-0.1793242860362234,63.53858118551811,20323775.65,0.5621823521752958,331.0,278.675,0.013223140495867813,0.9884678747940745,40.919540229885065,-3.9184952978056464,81.9343456140236,22.785714285714285,7.43416453041249,8.256070640176594,32.3878770426895,-7.839388145315485,0.5492294242408781,55,股價高於20日均線、5日均線高於20日均線、20日均線高於60日均線、20日均線向上、RSI介於50至70,30,20日回撤小、MA20乖離可接受、成交量穩定、短線未過熱,0.0,0.0,0.0,0.0,0.0,0.0,0.0,0,,電子零組件業,210,一般業,2.98,75.0,10.06788482933208,60.476190476190474,28.631097392749595,70.95238095238095,21.44807486836671,89.52380952380953,54.26510929473646,75.71428571428571,2.689204835245018,69.04761904761905,17.09638377541346,96.19047619047619,208.65352213847706,56.666666666666664,0.3908651432646791,18.095238095238095,,,,,,,,,,551669.0,70.11363636363637,營業利益率同產業前20%、負債比同產業前20%,11579.816,0.0,0.0,0.0,0.0,0.0,43.53,44.2,★★ 弱勢,短線過熱,基本面優於產業平均,20日漲幅過大、MA60乖離過大、ATR偏高、波動率偏高,31.049,44.23,250.0,77.0,90.51724137931035,41.0,0.0,70.11,45.0,33.67,51.79,31.049,90.52,44.23,0.0,43.0,25.0,48.0,85.55,🔥 S2高波段爆發潛力,27.0,86.75,80.53,82.5,① 尚未啟動,7.87,🔴 暫不考慮,MA20向上、RSI位於起漲區,ATR偏高、波動率偏高,偏多順風,偏多順風,43.01,90.52,87.96,56.67,95.48,85.55,S2_E_BALANCED,正常,315.0,74.0,38,38
245,8040,九暘,上櫃,10571349.0,2026-09-24,10485646.0,990893547.0,92.30000305175781,97.5999984741211,92.30000305175781,94.5,3.4000015258789062,0,87.37999877929687,79.7949993133545,77.7666659673055,3.5476736911911644,1.8650351011812016,1.6826385900099627,71.99766013496716,2680094.85,3.9124160102020267,93.0,78.64999923706054,0.03732164196297716,20.689650468511054,31.98324303617943,-7.352941176470584,82.20353332116272,4.971429007393973,5.260771436395738,18.428473981056204,21.51736071561754,-9.891440804228358,1.0277562799843427,90,股價高於20日均線、5日均線高於20日均線、20日均線高於60日均線、20日均線向上、MACD多頭、MACD柱狀體為正、量比達1.5以上、突破20日高點,15,ATR偏高但可接受、20日回撤可接受、MA60乖離可接受,0.0,0.0,0.0,0.0,0.0,0.0,0.0,0,,半導體業,207,一般業,0.38,25.120772946859905,2.9353997584404734,24.637681159420293,43.90133262975666,68.59903381642512,4.912770379422234,29.951690821256037,54.12023955501057,73.30097087378641,3.3831225338848636,64.07766990291263,7.304856301951998,96.61835748792271,1332.1688009113234,98.55072463768117,0.32292487223601546,18.357487922705314,,,,,,,,,,86725.0,49.35280410691977,負債比同產業前20%、流動比率同產業前20%,10571.349,0.0,0.0,0.0,0.0,0.0,44.81,47.4,★★ 弱勢,短線過熱,技術趨勢強,5日漲幅過大、MA20乖離過大、波動率偏高、成交量波動較大,29.852,44.79,250.0,74.0,88.36206896551724,54.0,0.0,49.35,30.0,33.5,46.22,29.852,88.36,44.79,70.0,28.0,65.0,63.0,85.47,🔥 S2高波段爆發潛力,40.0,86.75,80.53,83.33,⑤ 過熱,0.0,🟠 短線過熱,MA20向上、MACD動能擴張、近期突破20日高,5日漲幅過大、MA20乖離過大、波動率偏高,偏多順風,偏多順風,28.98,88.36,93.33,56.67,92.47,85.47,S2_E_BALANCED,正常,316.0,120.0,39,39
20,3189,景碩,上市,44137311.0,2026-09-24,41339474.0,39768573988.0,938.0,996.0,929.0,962.0,56.0,0,887.2,838.05,801.65,21.818628810386144,9.38639618209616,12.432232628289984,66.14673160174655,19382287.6,2.1328480338925524,960.0,835.65,0.06181015452538641,19.50310559006212,5.251641137855589,15.903614457831328,74.4291835411439,45.857142857142854,4.766854766854767,14.790286975717448,20.002494854362872,-15.207877461706786,0.48227184234080156,100,股價高於20日均線、5日均線高於20日均線、20日均線高於60日均線、20日均線向上、RSI介於50至70、MACD多頭、MACD柱狀體為正、量比達1.5以上、突破20日高點,50,20日動能健康、60日趨勢健康、ATR偏高但可接受、MA20乖離可接受、MA60乖離可接受、成交量穩定,20892832.0,1214001.0,1948156.0,24054989.0,3.0,1.0,5.0,50,外資近5日買超、投信近5日買超、自營商近5日買超、外資連買至少3日、三大法人合計買超,半導體業,207,一般業,3.74,61.35265700483091,9.660009776847293,42.028985507246375,23.77131028698136,23.18840579710145,10.886204649005629,44.44444444444444,40.57567965225748,60.679611650485434,5.7332946714025335,74.27184466019418,37.31978393010627,32.367149758454104,172.98687305698377,20.77294685990338,0.5583807689968183,54.589371980676326,,,178.48,6.25,11.4,7.291666666666667,6.770833333333334,0.16,21.875,4809631.0,43.063775151259314,,44137.311,20892.832,1214.001,1948.156,24054.989,76.92307692307693,68.3,95.9,★★★★ 觀察候選,短線過熱,技術趨勢強、法人籌碼強、綜合表現前10%,5日漲幅過大、波動率偏高,33.857,46.1,250.0,85.0,94.61206896551724,86.0,80.0,43.06,70.0,75.36,63.39,33.857,94.61,46.1,100.0,53.0,20.0,100.0,85.23,🔥 S2高波段爆發潛力,40.0,86.75,80.53,83.33,⑤ 過熱,29.63,🟠 短線過熱,MA20向上、MA5近期上穿MA20、MACD近期黃金交叉、MACD動能擴張、成交量溫和放大、近期突破20日高、外資5日買超、投信5日買超、外資買盤加速,5日漲幅過大、MA20乖離過大、波動率偏高、近期回撤偏大,偏多順風,偏多順風,48.64,94.61,83.44,56.67,88.6,85.23,S2_E_BALANCED,正常,3.0,20.0,40,40
349,3354,律勝,上櫃,2055597.0,2026-09-24,2046730.0,61401900.0,28.049999237060547,30.149999618530273,28.0,30.0,1.8500003814697266,0,29.309999847412108,27.629999923706055,23.992499987284344,1.7121665411371438,1.7287820396411795,-0.016615498504035653,60.946991532066804,1841208.55,1.11162312384439,31.700000762939453,27.35999994277954,0.06571937501029046,2.564102564102555,21.951217621109855,10.29411455339222,90.54496230601951,2.2071429661342075,7.357143220447358,8.577633307412814,25.039074777115932,-8.86699735727301,0.6066203695706262,55,股價高於20日均線、5日均線高於20日均線、20日均線高於60日均線、20日均線向上、RSI介於50至70,46,20日動能尚可、60日趨勢健康、20日回撤可接受、MA20乖離可接受、成交量穩定度普通、短線未過熱,0.0,0.0,0.0,0.0,0.0,0.0,0.0,0,,電子零組件業,210,一般業,-0.29,17.142857142857142,-5.149565143543163,15.714285714285714,32.64788212495001,79.04761904761905,-42.861976683379986,3.8095238095238098,31.90808609656777,51.90476190476191,-26.511100307891756,5.714285714285714,11.255335621741246,98.09523809523809,1092.0855283545088,99.04761904761905,0.14849072418289905,3.3333333333333335,,,,,,,,,,9070.0,35.56277056277056,負債比同產業前20%、流動比率同產業前20%,2055.597,0.0,0.0,0.0,0.0,0.0,36.37,25.0,★★ 弱勢,風險偏高,,ATR偏高、波動率偏高,31.72,45.18,250.0,78.0,92.02586206896551,51.0,0.0,35.56,75.0,36.98,41.67,31.72,92.03,45.18,0.0,72.0,25.0,30.0,84.9,🟢 S2中高爆發潛力,27.0,86.75,80.53,82.5,① 尚未啟動,11.19,🔴 暫不考慮,MA20向上、RSI位於起漲區、成交量溫和放大,ATR偏高、波動率偏高,偏多順風,偏多順風,35.57,92.03,89.25,56.67,84.52,84.9,S2_E_BALANCED,正常,276.0,163.0,41,41
198,3675,德微,上櫃,3602789.0,2026-09-24,3523226.0,1180280710.0,332.0,335.0,320.5,335.0,3.0,0,311.5,285.375,289.0,10.53403931188518,4.007861501712323,6.526177810172857,67.07875558500797,1370037.75,2.5716269496953643,332.0,282.55,0.009036144578313143,17.957746478873247,20.28725314183124,-17.690417690417693,70.55377456311572,17.464285714285715,5.213219616204691,17.389399912395966,15.916955017301039,-11.904761904761907,0.6867283910887706,85,股價高於20日均線、5日均線高於20日均線、20日均線向上、RSI介於50至70、MACD多頭、MACD柱狀體為正、量比達1.5以上、突破20日高點,31,20日動能尚可、ATR偏高但可接受、20日回撤可接受、MA60乖離可接受、成交量穩定度普通、短線略熱,0.0,0.0,0.0,0.0,0.0,0.0,0.0,0,,半導體業,207,一般業,3.51,60.38647342995169,11.928212592888539,54.106280193236714,39.634278513256795,57.48792270531401,16.39041886177198,60.38647342995169,31.505894727615374,52.9126213592233,3.086510943989995,62.62135922330098,36.808820082073254,33.81642512077295,214.83351305427573,34.78260869565217,0.5643920929743063,55.072463768115945,,,,,,,,,,300057.0,53.87113004251037,,3602.789,0.0,0.0,0.0,0.0,0.0,47.86,57.4,★★★ 一般觀察,短線過熱,技術趨勢強,MA20乖離過大、波動率偏高,31.449,46.68,250.0,79.0,91.59482758620689,62.0,0.0,53.87,45.0,39.63,63.07,31.449,91.59,46.68,70.0,60.0,65.0,100.0,84.88,🟢 S2中高爆發潛力,40.0,86.75,80.53,83.33,⑤ 過熱,0.0,🟠 短線過熱,MA20向上、MACD動能擴張、近期突破20日高,5日漲幅過大、MA20乖離過大、波動率偏高,偏多順風,偏多順風,42.45,91.59,87.63,56.67,88.39,84.88,S2_E_BALANCED,正常,236.0,23.0,42,42
181,2492,華新科,上市,15596998.0,2026-09-24,15348567.0,4781078620.5,305.0,315.5,302.0,311.5,5.5,0,309.3,306.85,313.725,2.711382475235041,2.058217406066621,0.6531650691684199,52.46530225365555,29129869.25,0.5269013351304349,344.0,305.525,0.017973856209150263,4.882154882154888,9.298245614035094,-44.474153297682705,79.96037760390215,19.464285714285715,6.248566842467325,1.515398403128554,-0.7092198581560405,-14.218009478672988,0.4782897287448017,55,股價高於20日均線、5日均線高於20日均線、20日均線向上、RSI介於50至70、MACD多頭、MACD柱狀體為正,40,20日動能健康、20日回撤可接受、MA20乖離可接受、成交量穩定、短線未過熱,3185952.0,-123000.0,969966.0,4032918.0,1.0,1.0,5.0,25,外資近5日買超、自營商近5日買超、三大法人合計買超,電子零組件業,210,一般業,4.93,85.23809523809524,7.090713235487176,51.90476190476191,19.384337617364217,43.80952380952381,9.020480781816891,61.42857142857143,45.54208446583508,68.0952380952381,2.8056594288635717,69.52380952380952,34.44458332282429,69.52380952380952,157.66046058217208,30.0,0.34789215477979024,13.333333333333334,,,35.0,45.23809523809524,2.27,55.28846153846154,50.263278388278394,0.8,38.46153846153847,4568665.0,56.87857142857142,EPS同產業前20%,15596.998,3185.952,-123.0,969.966,4032.918,38.46153846153847,49.26,61.2,★★★ 一般觀察,風險偏高,,波動率偏高,28.455,43.16,250.0,71.0,86.42241379310344,66.0,55.0,56.88,85.0,64.18,63.1,28.455,86.42,43.16,10.0,75.0,25.0,63.0,84.85,🟢 S2中高爆發潛力,20.0,86.75,80.53,82.5,② 蓄勢,56.39,🟡 等待回檔,站上MA20且乖離健康、MA20向上、RSI位於起漲區、MACD動能擴張、外資5日買超、投信買盤加速、外資由賣轉買,ATR偏高、波動率偏高,偏多順風,偏多順風,61.76,86.42,78.28,94.84,81.08,84.85,S2_E_BALANCED,正常,17.0,22.0,43,43
44,4770,上品,上市,4524054.0,2026-09-24,4471910.0,1258842665.0,285.0,290.0,272.0,281.5,6.5,0,263.0,236.15,223.325,12.429671354615493,7.417553477981995,5.012117876633498,71.78679704358242,1142274.9,3.914915752766694,275.0,232.725,0.023636363636363678,16.322314049586772,32.15962441314555,30.930232558139537,68.19700450628983,14.571428571428571,5.176351179903578,19.203895828922303,26.049479458188742,-11.823647294589179,0.9496613655242525,90,股價高於20日均線、5日均線高於20日均線、20日均線高於60日均線、20日均線向上、MACD多頭、MACD柱狀體為正、量比達1.5以上、突破20日高點,33,60日趨勢健康、ATR偏高但可接受、20日回撤可接受、成交量穩定度普通、短線略熱,782625.0,730000.0,84569.0,1597194.0,0.0,1.0,5.0,40,外資近5日買超、投信近5日買超、自營商近5日買超、三大法人合計買超,化學工業,42,一般業,5.63,97.61904761904762,10.743995791222906,57.14285714285714,35.31945775650669,82.92682926829268,21.58454094014544,90.2439024390244,-29.499451190329488,4.761904761904762,-6.560275606402454,38.095238095238095,18.51951098205343,88.09523809523809,466.4195175664669,92.6829268292683,0.45920269387565543,26.82926829268293,,,26.86,30.76923076923077,2.68,28.57142857142857,29.67032967032967,2.13,42.857142857142854,492005.0,58.91427678013043,EPS同產業前20%、毛利率同產業前20%、營業利益率同產業前20%、負債比同產業前20%、流動比率同產業前20%,4524.054,782.625,730.0,84.569,1597.194,61.53846153846154,63.58,90.7,★★★ 一般觀察,短線過熱,技術趨勢強、法人偏多、綜合表現前10%,MA20乖離過大、波動率偏高,30.07,46.77,250.0,76.0,88.79310344827587,54.0,70.0,58.91,30.0,55.94,68.61,30.07,88.79,46.77,70.0,68.0,65.0,80.0,84.82,🟢 S2中高爆發潛力,40.0,86.75,80.53,100.0,⑤ 過熱,11.54,🟠 短線過熱,MA20向上、MACD動能擴張、近期突破20日高、外資5日買超、投信5日買超、外資買盤加速,5日漲幅過大、MA20乖離過大、波動率偏高,偏多順風,偏多順風,49.19,88.79,90.75,56.67,91.18,84.82,S2_E_BALANCED,正常,72.0,12.0,44,44
58,3653,健策,上市,2756489.0,2026-09-24,2665225.0,18443357000.0,6560.0,6920.0,6215.0,6920.0,510.0,0,6095.0,5782.0,4623.333333333333,327.9717717148005,275.06682046930547,52.904951245495056,73.63448599710573,1155068.3,2.3074176652584093,6410.0,5718.25,0.0795631825273011,29.225023342670408,22.586359610274577,99.13669064748201,67.35220320902359,377.5,5.455202312138728,19.681771013490135,49.6755587599135,-12.520868113522543,0.4641425965038915,90,股價高於20日均線、5日均線高於20日均線、20日均線高於60日均線、20日均線向上、MACD多頭、MACD柱狀體為正、量比達1.5以上、突破20日高點,23,20日動能尚可、ATR偏高但可接受、20日回撤可接受、成交量穩定,-451517.0,347225.0,27764.0,-76528.0,0.0,1.0,5.0,20,投信近5日買超、自營商近5日買超,電子零組件業,210,一般業,25.33,98.09523809523809,31.363094898303668,96.19047619047619,44.687287455726405,93.80952380952381,35.34058595206957,99.04761904761905,90.90319995881177,91.42857142857143,0.395777255552221,59.523809523809526,28.685864532741444,85.71428571428571,256.60945471322856,75.71428571428571,0.7536668801702245,69.04761904761905,,,156.17,4.761904761904762,43.06,0.9615384615384616,2.8617216117216118,0.31,24.03846153846154,3225888.0,79.96666666666667,EPS同產業前20%、ROE同產業前20%、毛利率同產業前20%、營業利益率同產業前20%、營收年增同產業前20%、負債比同產業前20%,2756.489,-451.517,347.225,27.764,-76.528,30.76923076923077,61.74,87.7,★★★ 一般觀察,短線過熱,技術趨勢強、基本面優於產業平均、綜合表現前25%,5日漲幅過大、MA20乖離過大、MA60乖離過大、波動率偏高,27.602,36.15,250.0,67.0,84.69827586206897,78.0,45.0,79.97,45.0,63.45,57.36,27.602,84.7,36.15,100.0,45.0,20.0,100.0,84.82,🟢 S2中高爆發潛力,40.0,86.75,80.53,82.5,⑤ 過熱,17.65,🟠 短線過熱,MA20向上、MA5近期上穿MA20、MACD近期黃金交叉、MACD動能擴張、成交量溫和放大、近期突破20日高、投信5日買超、投信買盤加速、投信由賣轉買,5日漲幅過大、MA20乖離過大、波動率偏高,偏多順風,偏多順風,41.42,84.7,96.45,56.67,93.98,84.82,S2_E_BALANCED,正常,23.0,39.0,45,45
224,7799,禾榮科,上市,1987002.0,2026-09-24,1918031.0,955179438.0,523.0,525.0,480.0,498.0,-33.0,0,512.6,427.875,398.4,37.89857241906725,27.090061950972586,10.808510468094664,65.14206404279737,904562.0,2.1203974962468024,558.0,422.15,-0.062146892655367214,-0.7968127490039834,29.85658409387224,25.125628140703515,77.08507946272852,31.678571428571427,6.361158921399884,16.38913234005259,25.0,-8.213820078226863,0.8742472940417059,85,股價高於20日均線、5日均線高於20日均線、20日均線高於60日均線、20日均線向上、RSI介於50至70、MACD多頭、MACD柱狀體為正、量比達1.5以上,46,20日動能尚可、60日趨勢健康、20日回撤可接受、MA60乖離可接受、成交量穩定度普通、短線未過熱,-80991.0,61000.0,-26599.0,-46590.0,0.0,0.0,5.0,15,投信近5日買超,生技醫療業,159,一般業,-1.05,15.09433962264151,-2.9556512586959305,33.33333333333333,-224.52050752434346,1.2658227848101267,-6811.537326645028,2.5316455696202533,-62.217194570135746,4.545454545454546,,,2.862983710167412,98.11320754716981,13575.730650112928,100.0,0.0005897031804124581,1.257861635220126,,,,,7.06,10.0,10.0,0.0,18.333333333333332,334.0,23.754763023370522,負債比同產業前20%、流動比率同產業前20%,1987.002,-80.991,61.0,-26.599,-46.59,23.076923076923077,46.44,51.8,★★★ 一般觀察,短線過熱,技術趨勢強,MA20乖離過大、波動率偏高,28.416,38.4,250.0,71.0,86.20689655172413,52.0,25.0,23.75,40.0,37.86,25.94,28.416,86.21,38.4,25.0,70.0,65.0,83.0,84.69,🟢 S2中高爆發潛力,35.0,86.75,80.53,100.0,⑤ 過熱,0.0,🟠 短線過熱,MA20向上、成交量溫和放大、投信5日買超、外資買盤加速,MA20乖離過大、ATR偏高、波動率偏高,偏多順風,偏多順風,12.76,86.21,94.62,56.67,91.61,84.69,S2_E_BALANCED,正常,258.0,306.0,46,46
86,6805,富世達,上市,1046299.0,2026-09-24,1009192.0,2553255760.0,2570.0,2615.0,2505.0,2530.0,-70.0,0,2468.0,2253.0,1813.0,151.39558173625664,125.37485357923795,26.020728157018695,65.63731345317383,1469163.1,0.6869162450377361,2750.0,2237.75,-0.02692307692307694,21.052631578947366,13.707865168539325,51.49700598802396,73.91849047180757,146.07142857142858,5.773574251835122,12.294718153573015,39.5477109762824,-13.646055437100213,0.5832163827116834,70,股價高於20日均線、5日均線高於20日均線、20日均線高於60日均線、20日均線向上、RSI介於50至70、MACD多頭、MACD柱狀體為正,35,20日動能健康、ATR偏高但可接受、20日回撤可接受、MA20乖離可接受、成交量穩定,-987718.0,2167700.0,-5037.0,1174945.0,1.0,0.0,5.0,25,投信近5日買超、三大法人合計買超,電子零組件業,210,一般業,25.77,98.57142857142858,42.2900489038267,99.04761904761905,33.12938965946383,80.0,27.30710676330801,95.71428571428572,29.136067855214495,49.047619047619044,12.370269882760375,88.09523809523809,47.73812806028981,40.0,210.62365754388472,57.61904761904761,0.991416189529374,91.42857142857143,,,54.12,26.190476190476193,20.76,4.807692307692308,15.499084249084252,0.49,30.76923076923077,1528275.0,73.33260073260072,EPS同產業前20%、ROE同產業前20%、毛利率同產業前20%、營業利益率同產業前20%、營收月增同產業前20%、資產周轉同產業前20%,1046.299,-987.718,2167.7,-5.037,1174.945,38.46153846153847,57.69,81.7,★★★ 一般觀察,短線過熱,技術面偏多、基本面優於產業平均、綜合表現前25%,5日漲幅過大、MA60乖離過大、波動率偏高,31.366,40.0,250.0,78.0,91.16379310344827,76.0,30.0,73.33,55.0,58.65,67.87,31.366,91.16,40.0,75.0,70.0,45.0,80.0,84.38,🟢 S2中高爆發潛力,40.0,86.75,80.53,82.5,⑤ 過熱,12.85,🟠 短線過熱,MA20向上、MA5近期上穿MA20、MACD近期黃金交叉、MACD動能擴張、近期突破20日高、投信5日買超、外資由賣轉買、法人買超占量提升,5日漲幅過大、MA20乖離過大、波動率偏高,偏多順風,偏多順風,48.87,91.16,93.76,56.67,76.13,84.38,S2_E_BALANCED,正常,46.0,13.0,47,47
413,6225,天瀚,上市,2846605.0,2026-09-24,2809596.0,141603642.68710327,41.599998474121094,50.79999923706055,41.599998474121094,50.400001525878906,4.200000762939453,0,52.960000610351564,60.55000057220459,41.58420473734538,1.3004152401377311,4.5309841718425155,-3.2305689317047843,44.25963541257284,268936.5,10.447060923303457,80.0,61.330000495910646,0.09090910592167334,-16.279068293789223,-23.636361324425902,131.19267564100477,101.01944195662442,5.328571319580078,10.57256182193569,-16.763004046914954,21.19986866219028,-38.31775724733896,2.2339525392225554,30,20日均線高於60日均線、量比達1.5以上,5,MA60乖離可接受,76050.0,0.0,0.0,76050.0,2.0,0.0,4.0,20,外資近5日買超、三大法人合計買超,光電業,116,一般業,-0.09,27.82608695652174,-5.867832710346287,20.0,45.203124416040666,94.78260869565217,-31.715065216578843,12.173913043478262,139.20118343195267,97.3913043478261,17.47184889211768,91.22807017543859,46.27436864141864,27.82608695652174,250.2118789655725,60.86956521739131,0.33794971865941686,32.17391304347826,,,,,16.47,1.4705882352941175,1.4705882352941175,0.0,24.264705882352942,3234.0,43.10104993942657,毛利率同產業前20%、營收年增同產業前20%、營收月增同產業前20%,2846.605,76.05,0.0,0.0,76.05,30.76923076923077,29.08,11.2,★★ 弱勢,風險偏高,,ATR偏高、波動率偏高、近期回撤偏大、成交量波動較大,26.765,36.87,250.0,65.0,82.11206896551724,0.0,25.0,43.1,0.0,13.97,31.28,26.765,82.11,36.87,0.0,0.0,45.0,0.0,83.62,🟢 S2中高爆發潛力,28.0,86.75,80.53,100.0,⑥ 轉弱,0.0,🔴 暫不考慮,外資5日買超、外資買盤加速、法人買超占量提升,ATR偏高、波動率偏高、近期回撤偏大,偏多順風,偏多順風,10.02,82.11,92.8,56.67,99.78,83.62,S2_E_BALANCED,正常,440.0,253.0,48,48
243,3339,泰谷,上櫃,6005138.0,2026-09-24,5977375.0,282132104.5603752,47.79999923706055,49.79999923706055,45.75,47.20000076293945,0.25,0,46.81999969482422,44.73249988555908,39.82833334604899,1.653364179938734,1.446504664922739,0.20685951501599487,59.98151689409693,3280632.75,1.8220189382673206,49.29999923706055,44.45749988555908,0.005324813544994367,5.00556165030166,13.18944819993404,12.114020127467073,67.40622329081242,2.700000217982701,5.720339352415202,5.516125599269173,18.50860128351752,-12.447260202423605,0.7331894069067655,85,股價高於20日均線、5日均線高於20日均線、20日均線高於60日均線、20日均線向上、RSI介於50至70、MACD多頭、MACD柱狀體為正、量比達1.5以上,68,20日動能健康、60日趨勢健康、ATR偏高但可接受、20日回撤可接受、MA20乖離健康、MA60乖離可接受、成交量穩定度普通、短線未過熱,0.0,0.0,0.0,0.0,0.0,0.0,0.0,0,,光電業,116,一般業,-2.61,2.608695652173913,-45.11052686528915,0.8695652173913043,3.39727170411767,13.043478260869565,-36.31194939263399,11.304347826086957,-8.832982086406744,33.91304347826087,2.7920515638458987,67.54385964912281,51.88659920253852,16.52173913043478,140.61887788527582,14.782608695652174,0.5379107344160995,60.0,,,,,,,,,,69214.0,19.506448928645728,,6005.138,0.0,0.0,0.0,0.0,0.0,44.95,47.8,★★ 弱勢,風險偏高,技術趨勢強、風險動能健康,波動率偏高,29.443,46.11,250.0,74.0,87.93103448275862,76.0,0.0,19.51,100.0,48.33,39.12,29.443,87.93,46.11,35.0,100.0,65.0,100.0,83.58,🟢 S2中高爆發潛力,15.0,86.75,80.53,100.0,④ 趨勢加速,43.93,🔴 暫不考慮,站上MA20且乖離健康、MA20向上、RSI位於起漲區、MACD動能擴張、成交量溫和放大,波動率偏高,偏多順風,偏多順風,40.08,87.93,73.33,95.27,75.91,83.58,S2_E_BALANCED,正常,132.0,188.0,49,49
10,6531,愛普*,上市,3109128.0,2026-09-24,3046789.0,3025461477.0,990.0,1005.0,951.0,993.0,6.0,0,966.0,950.95,888.1833333333333,20.105979616483296,19.891087047002674,0.21489256948062163,56.25677742778738,3454806.45,0.8818986082418596,1065.0,947.15,0.006079027355623046,7.934782608695645,8.287895310796078,3.329864724245568,67.86710029377413,58.285714285714285,5.86965904186448,4.4218938955780995,11.801242236024855,-13.592233009708742,0.4347934059650744,70,股價高於20日均線、5日均線高於20日均線、20日均線高於60日均線、20日均線向上、RSI介於50至70、MACD多頭、MACD柱狀體為正,68,20日動能健康、60日趨勢尚可、ATR偏高但可接受、20日回撤可接受、MA20乖離健康、MA60位置健康、成交量穩定、短線未過熱,1445215.0,134620.0,42947.0,1622782.0,0.0,4.0,5.0,55,外資近5日買超、投信近5日買超、自營商近5日買超、投信連買至少3日、三大法人合計買超,半導體業,207,一般業,8.33,81.15942028985508,20.814875285153807,74.8792270531401,47.70952409548385,75.84541062801932,29.441443855779344,86.95652173913044,150.82441845471112,90.77669902912622,-6.6106172083492565,22.815533980582526,24.470219349212215,65.21739130434783,373.60485095966965,73.42995169082126,0.5286689579696718,51.20772946859904,,,57.27,22.5,12.89,6.25,14.375,0.7,37.5,1030931.0,67.756655410159,EPS同產業前20%、營業利益率同產業前20%、營收年增同產業前20%,3109.128,1445.215,134.62,42.947,1622.782,84.61538461538461,71.85,98.1,★★★★★ 強勢候選,風險偏高,技術面偏多、法人籌碼強、基本面優於產業平均、風險動能健康、綜合表現前10%,波動率偏高,30.598,44.89,250.0,77.0,89.65517241379311,80.0,70.0,67.76,93.0,77.11,72.64,30.598,89.66,44.89,40.0,75.0,25.0,80.0,83.05,🟢 S2中高爆發潛力,15.0,86.75,80.53,83.33,③ 剛啟動,79.38,🟢 可觀察進場,站上MA20且乖離健康、MA20向上、MA5近期上穿MA20、RSI位於起漲區、MACD近期黃金交叉、MACD動能擴張、外資5日買超、投信5日買超、外資買盤加速,波動率偏高,偏多順風,偏多順風,73.99,89.66,68.6,98.92,71.4,83.05,S2_E_BALANCED,正常,1.0,8.0,50,50
160,7792,安葆,上櫃,2826938.0,2026-09-24,2771338.0,1206917699.0,415.0,453.0,415.0,435.5,20.0,0,382.4,329.025,266.6166666666667,31.87791336092704,22.188384805576337,9.689528555350702,88.16030884532995,741628.2,3.7368293169003013,415.5,322.275,0.048134777376654725,39.13738019169328,44.925124792013314,72.47524752475248,60.93386775950228,20.357142857142858,4.6744300475643765,32.36076285996505,63.343126836281805,-5.271317829457367,1.1121483832427688,90,股價高於20日均線、5日均線高於20日均線、20日均線高於60日均線、20日均線向上、MACD多頭、MACD柱狀體為正、量比達1.5以上、突破20日高點,15,ATR偏高但可接受、20日回撤小,0.0,0.0,0.0,0.0,0.0,0.0,0.0,0,,其他電子業,95,一般業,6.85,83.15789473684211,19.040959787335186,71.57894736842105,19.702324802562853,30.526315789473685,13.269797144365263,66.3157894736842,67.71662688234218,76.84210526315789,9.954250462517455,82.10526315789474,46.265447622279055,49.473684210526315,209.17402644980126,62.10526315789474,1.0286150807288559,87.36842105263159,,,,,,,,,,678719.0,69.04306220095694,EPS同產業前20%、營收月增同產業前20%、資產周轉同產業前20%,2826.938,0.0,0.0,0.0,0.0,0.0,50.71,65.6,★★★ 一般觀察,短線過熱,技術趨勢強、基本面優於產業平均,5日漲幅過大、20日漲幅過大、MA20乖離過大、MA60乖離過大、成交量波動較大、RSI偏熱,26.602,38.72,250.0,66.0,81.03448275862068,54.0,0.0,69.04,30.0,36.46,36.12,26.602,81.03,38.72,70.0,28.0,65.0,80.0,83.05,🟢 S2中高爆發潛力,40.0,86.75,80.53,82.5,⑤ 過熱,0.0,🟠 短線過熱,MA20向上、MACD動能擴張、近期突破20日高,RSI過熱、5日漲幅過大、MA20乖離過大、波動率偏高,偏多順風,偏多順風,20.89,81.03,94.95,56.67,95.7,83.05,S2_E_BALANCED,正常,281.0,214.0,51,51
234,1528,恩德,上市,7813369.0,2026-09-24,7767869.0,197692271.97641373,25.450000762939453,26.799999237060547,25.100000381469727,25.450000762939453,-0.1999988555908203,0,25.779999923706054,22.09999990463257,20.533333237965902,1.728037677505089,1.2734139158952693,0.45462376160981965,65.74820862717559,10048467.0,0.7730402060334178,27.899999618530273,21.802499866485597,-0.007797226454784645,5.601661245232714,30.51282442533052,6.041669845581055,79.34293267594816,1.5999995640345983,6.286835033673295,15.158374989877998,23.944809486083287,-8.31353949371626,1.1886060828639586,70,股價高於20日均線、5日均線高於20日均線、20日均線高於60日均線、20日均線向上、RSI介於50至70、MACD多頭、MACD柱狀體為正,28,60日趨勢尚可、20日回撤可接受、MA60乖離可接受、短線未過熱,265676.0,0.0,4579.0,270255.0,0.0,0.0,5.0,25,外資近5日買超、自營商近5日買超、三大法人合計買超,電機機械,100,一般業,-0.6,10.1010101010101,-10.638496878171992,5.05050505050505,29.84523786344865,71.71717171717171,-4.033107589595334,20.2020202020202,70.8380690048627,88.0,20.53459960062265,87.0,60.58212820180319,18.181818181818183,134.93528775972447,16.161616161616163,0.5410231458627783,57.57575757575758,,,,,2.29,38.775510204081634,38.775510204081634,0.0,11.224489795918368,383294.0,36.90920222634508,營收年增同產業前20%、營收月增同產業前20%,7813.369,265.676,0.0,4.579,270.255,38.46153846153847,45.37,49.8,★★ 弱勢,短線過熱,技術面偏多,MA20乖離過大、波動率偏高、成交量波動較大,26.956,40.48,250.0,68.0,82.75862068965517,42.0,15.0,36.91,60.0,35.84,31.93,26.956,82.76,40.48,0.0,70.0,45.0,63.0,83.05,🟢 S2中高爆發潛力,35.0,86.75,80.53,100.0,⑤ 過熱,0.0,🟠 短線過熱,MA20向上、外資5日買超,MA20乖離過大、ATR偏高、波動率偏高,偏多順風,偏多順風,17.54,82.76,94.41,56.67,91.4,83.05,S2_E_BALANCED,正常,286.0,248.0,52,52
146,6456,GIS-KY,上市,14497011.0,2026-09-24,14386825.0,1169648916.4051056,78.0,82.5,75.5999984741211,81.30000305175781,2.7000045776367188,0,74.16000061035156,68.94000072479248,66.56833318074544,2.160127869360778,0.6017487480333531,1.558379121327425,71.22761581455183,6357001.5,2.263146390637158,80.9000015258789,68.46500072479247,0.03435120394468827,24.884800241702965,13.23119720921435,23.932934364061452,59.957692125756246,3.9928577968052457,4.911264018358379,17.928636781287956,22.130146823735465,-17.09287221534812,1.1626332248850577,90,股價高於20日均線、5日均線高於20日均線、20日均線高於60日均線、20日均線向上、MACD多頭、MACD柱狀體為正、量比達1.5以上、突破20日高點,40,20日動能健康、60日趨勢健康、ATR偏高但可接受、MA60乖離可接受,7862380.0,0.0,916547.0,8778927.0,0.0,0.0,5.0,25,外資近5日買超、自營商近5日買超、三大法人合計買超,光電業,116,一般業,-3.76,0.8695652173913043,-8.522940553366382,16.52173913043478,4.3292772166333515,15.65217391304348,-4.230235131365736,34.78260869565217,-29.980618692054364,10.434782608695652,3.183196825550838,70.17543859649122,47.73343045881212,22.608695652173914,231.72536510832856,54.78260869565217,0.9418075738774817,93.04347826086956,,,,,0.92,85.29411764705883,85.29411764705883,0.0,24.264705882352942,4210995.0,31.8742091802396,資產周轉同產業前20%、估值同產業前20%,14497.011,7862.38,0.0,916.547,8778.927,38.46153846153847,52.25,68.8,★★★ 一般觀察,短線過熱,技術趨勢強,5日漲幅過大、MA20乖離過大、成交量波動較大,31.967,45.96,250.0,80.0,92.24137931034483,71.0,20.0,31.87,70.0,49.68,25.76,31.967,92.24,45.96,85.0,70.0,65.0,100.0,82.95,🟢 S2中高爆發潛力,40.0,86.75,80.53,100.0,⑤ 過熱,5.28,🟠 短線過熱,MA20向上、MA5近期上穿MA20、MACD動能擴張、成交量溫和放大、近期突破20日高、外資5日買超、法人買超占量提升,5日漲幅過大、MA20乖離過大、近期回撤偏大,偏多順風,偏多順風,13.66,92.24,84.3,56.67,79.14,82.95,S2_E_BALANCED,正常,121.0,312.0,53,53
359,2351,順德,上市,5399123.0,2026-09-24,5313389.0,1166288885.5,224.0,227.0,217.0,219.5,-6.5,0,232.4,235.1,198.23333333333332,8.359196723443972,12.269610051373839,-3.9104133279298665,47.81516760010551,6465204.7,0.8218438930479649,257.0,236.125,-0.028761061946902644,-7.773109243697474,-8.54166666666667,3.0516431924882736,62.34846171512564,14.0,6.378132118451026,-6.63547426626967,10.728098200773516,-14.591439688715957,0.48713854504637927,15,20日均線高於60日均線,28,60日趨勢尚可、20日回撤可接受、MA60位置健康、成交量穩定,3276491.0,65000.0,-235664.0,3105827.0,2.0,0.0,5.0,35,外資近5日買超、投信近5日買超、三大法人合計買超,半導體業,207,一般業,2.82,52.17391304347826,12.94902697233595,59.42028985507246,20.015332121596074,15.458937198067632,10.820757159808537,43.96135265700483,61.221187315428,77.66990291262135,-0.14939241562416106,43.689320388349515,41.643621466205886,26.08695652173913,196.4158318915337,29.951690821256037,0.8667541172215129,82.1256038647343,,,56.14,23.75,5.2,27.083333333333332,25.416666666666664,0.47,31.770833333333332,1326062.0,48.51911906101965,資產周轉同產業前20%,5399.123,3276.491,65.0,-235.664,3105.827,53.84615384615385,35.42,22.8,★★ 弱勢,一般觀察,法人偏多,無明顯風險訊號,27.298,36.36,250.0,68.0,83.62068965517241,8.0,40.0,48.52,8.0,23.68,49.48,27.298,83.62,36.36,0.0,0.0,45.0,80.0,82.75,🟢 S2中高爆發潛力,20.0,86.75,80.53,83.33,⑥ 轉弱,0.0,🔴 暫不考慮,外資5日買超、投信5日買超、外資買盤加速,ATR偏高、波動率偏高,偏多順風,偏多順風,24.58,83.62,71.83,99.78,81.29,82.75,S2_E_BALANCED,正常,373.0,92.0,54,54
75,2030,彰源,上市,17985774.0,2026-09-24,17900641.0,544179479.5714474,28.100000381469727,30.399999618530273,27.899999618530273,30.399999618530273,2.75,0,27.00999984741211,24.090000057220458,20.768333276112873,1.6551928300849887,1.1288808666952135,0.5263119633897753,83.28139272113046,4949319.3,3.6167884743261562,29.950000762939453,23.720000076293946,0.09945750589294855,29.361700504384135,32.173911384914234,64.76963881538045,59.89230171307004,1.403571537562779,4.617011694655529,26.193439378670867,46.37669385581105,-6.722682879878549,1.3100803664948026,90,股價高於20日均線、5日均線高於20日均線、20日均線高於60日均線、20日均線向上、MACD多頭、MACD柱狀體為正、量比達1.5以上、突破20日高點,15,ATR偏高但可接受、20日回撤小,2786132.0,0.0,175712.0,2961844.0,1.0,0.0,5.0,25,外資近5日買超、自營商近5日買超、三大法人合計買超,鋼鐵工業,48,一般業,1.66,76.04166666666666,17.18344734665093,93.75,17.08851621206011,68.75,10.329910156854242,72.91666666666666,57.69192058134775,89.58333333333334,8.994771323067674,93.75,59.65946011248572,20.833333333333336,142.77900806473548,41.66666666666667,0.8823599050639024,68.75,,,15.51,43.47826086956522,1.58,29.03225806451613,36.25525946704067,1.64,41.935483870967744,1175065.0,70.6611734455353,ROE同產業前20%、營收年增同產業前20%、營收月增同產業前20%,17985.774,2786.132,0.0,175.712,2961.844,38.46153846153847,58.89,84.1,★★★ 一般觀察,短線過熱,技術趨勢強、基本面優於產業平均、綜合表現前25%,5日漲幅過大、MA20乖離過大、MA60乖離過大、成交量波動較大、RSI偏熱,26.691,39.71,250.0,67.0,81.46551724137932,61.0,30.0,70.66,30.0,48.5,42.01,26.691,81.47,39.71,85.0,28.0,65.0,80.0,82.7,🟢 S2中高爆發潛力,40.0,86.75,80.53,100.0,⑤ 過熱,4.1,🟠 短線過熱,MA20向上、MACD近期黃金交叉、MACD動能擴張、近期突破20日高、外資5日買超、外資由賣轉買、法人買超占量提升,RSI過熱、5日漲幅過大、MA20乖離過大,偏多順風,偏多順風,26.43,81.47,94.95,56.67,92.04,82.7,S2_E_BALANCED,正常,129.0,160.0,55,55
96,6902,GOGOLOOK,上市,1144665.0,2026-09-24,1126297.0,198791420.5,170.0,183.0,167.5,176.5,8.0,0,162.1,134.925,129.425,9.89601823984654,4.238070172193313,5.657948067653227,84.67741286509552,379557.3,2.9673964905957546,176.5,132.45,0.04747774480712175,37.35408560311284,38.976377952755904,26.07142857142857,62.15713525547651,7.0,3.9660056657223794,30.813414860107446,36.372416457407766,-10.03717472118959,1.9042275701195979,75,股價高於20日均線、5日均線高於20日均線、20日均線高於60日均線、20日均線向上、MACD多頭、MACD柱狀體為正、量比達1.5以上,30,60日趨勢健康、ATR風險合理、20日回撤可接受,587179.0,0.0,7000.0,594179.0,0.0,0.0,5.0,25,外資近5日買超、自營商近5日買超、三大法人合計買超,數位雲端,40,一般業,3.33,72.5,28.879801914320822,87.5,89.34000626607313,97.5,19.35253841233372,72.5,29.54663766875282,82.5,2.039254278060243,50.0,43.021468101417405,50.0,231.064572425829,60.0,0.8573027357630087,72.5,,,36.69,18.181818181818183,7.7,7.6923076923076925,12.937062937062938,0.0,15.384615384615385,111984.0,68.00034965034965,ROE同產業前20%、毛利率同產業前20%、營收年增同產業前20%,1144.665,587.179,0.0,7.0,594.179,38.46153846153847,56.59,79.5,★★★ 一般觀察,短線過熱,技術面偏多、基本面優於產業平均、綜合表現前25%,5日漲幅過大、20日漲幅過大、MA20乖離過大、MA60乖離過大、成交量波動較大、RSI偏熱,27.514,37.95,250.0,70.0,84.26724137931035,54.0,20.0,68.0,45.0,44.55,44.72,27.514,84.27,37.95,70.0,53.0,65.0,100.0,82.58,🟢 S2中高爆發潛力,40.0,86.75,80.53,100.0,⑤ 過熱,0.15,🟠 短線過熱,MA20向上、MACD動能擴張、近期突破20日高、外資5日買超、法人買超占量提升,RSI過熱、5日漲幅過大、MA20乖離過大、波動率偏高,偏多順風,偏多順風,27.81,84.27,90.97,56.67,89.46,82.58,S2_E_BALANCED,正常,175.0,135.0,56,56
105,1727,中華化,上市,47932996.0,2026-09-24,47707262.0,5510188761.0,114.0,125.0,109.0,115.5,-1.0,0,109.4,97.49999923706055,87.61833324432374,6.276424908429419,4.1920379424422425,2.0843869659871768,72.33914093940453,8670578.6,5.502200510586456,116.5,96.56999931335449,-0.008583690987124415,10.000000000000009,19.19504456267076,25.135423814918667,68.07028059475473,6.771429334368024,5.8627093804052155,18.461539388502366,31.821726941470384,-11.711716115045157,1.2308533665608958,75,股價高於20日均線、5日均線高於20日均線、20日均線高於60日均線、20日均線向上、MACD多頭、MACD柱狀體為正、量比達1.5以上,45,20日動能健康、60日趨勢健康、ATR偏高但可接受、20日回撤可接受、短線略熱,1615237.0,0.0,266721.0,1881958.0,3.0,0.0,5.0,35,外資近5日買超、自營商近5日買超、外資連買至少3日、三大法人合計買超,化學工業,42,一般業,0.66,34.523809523809526,7.845314561356147,40.476190476190474,17.850833125271595,26.82926829268293,8.937986659282995,51.21951219512195,62.67146732929334,92.85714285714286,9.0916820058069,76.19047619047619,43.20374663159262,35.714285714285715,102.68116136762784,7.317073170731707,0.6088560380954184,46.34146341463415,,,167.39,7.6923076923076925,6.85,3.571428571428571,5.631868131868131,0.13,17.857142857142858,256624.0,44.10385955507907,營收年增同產業前20%,47932.996,1615.237,0.0,266.721,1881.958,53.84615384615385,55.5,77.6,★★★★ 觀察候選,短線過熱,技術面偏多、法人偏多、綜合表現前25%,MA20乖離過大、MA60乖離過大、波動率偏高、成交量波動較大,28.503,37.61,250.0,71.0,86.63793103448276,54.0,40.0,44.1,80.0,52.22,44.7,28.503,86.64,37.61,45.0,100.0,25.0,80.0,82.15,🟢 S2中高爆發潛力,40.0,86.75,80.53,100.0,⑤ 過熱,7.82,🟠 短線過熱,MA20向上、MACD動能擴張、近期突破20日高、外資5日買超、外資買盤加速、外資連買,MA20乖離過大、波動率偏高,偏多順風,偏多順風,29.33,86.64,86.02,56.67,87.74,82.15,S2_E_BALANCED,正常,95.0,136.0,57,57
240,2444,兆勁,上市,2121301.0,2026-09-24,2113214.0,31275567.603063583,14.5,15.149999618530273,14.399999618530273,14.800000190734863,-0.14999961853027344,0,14.150000190734863,12.075000047683716,11.609999958674113,0.8243542432002009,0.43295228826095383,0.39140195493924707,77.91389581795616,1181520.1,1.7885552687592872,15.5,11.890000057220458,-0.010033419427692092,21.311478869820878,33.3333304694466,16.535436322902108,65.6460891198515,0.9071428435189384,6.129343458298267,22.567288880250324,27.476315619427915,-6.086954863175098,1.4604487807422069,75,股價高於20日均線、5日均線高於20日均線、20日均線高於60日均線、20日均線向上、MACD多頭、MACD柱狀體為正、量比達1.5以上,25,60日趨勢健康、20日回撤小,1358752.0,0.0,0.0,1358752.0,5.0,0.0,5.0,30,外資近5日買超、外資連買至少3日、三大法人合計買超,通信網路業,92,一般業,-1.35,7.608695652173914,-40.92238309569212,5.434782608695652,-5.167581980352855,2.1739130434782608,-31.693534064200357,11.956521739130435,49.281115246027525,69.23076923076923,55.001778682793386,93.4065934065934,61.00524162699824,16.304347826086957,160.45814812691827,33.69565217391305,0.5029328634410293,34.78260869565217,,,,,2.25,40.42553191489361,40.42553191489361,0.0,18.085106382978726,126359.0,27.667193583474802,營收月增同產業前20%,2121.301,1358.752,0.0,0.0,1358.752,46.15384615384615,45.03,48.5,★★ 弱勢,短線過熱,技術面偏多,5日漲幅過大、MA20乖離過大、波動率偏高、成交量波動較大、RSI偏熱,29.097,42.43,250.0,73.0,87.06896551724138,64.0,25.0,27.67,45.0,44.0,21.31,29.097,87.07,42.43,70.0,53.0,45.0,100.0,81.67,🟢 S2中高爆發潛力,40.0,86.75,80.53,76.67,⑤ 過熱,0.0,🟠 短線過熱,MA20向上、MACD動能擴張、成交量溫和放大、近期突破20日高、外資5日買超、外資連買、法人買超占量提升,RSI過熱、5日漲幅過大、MA20乖離過大、ATR偏高、波動率偏高,偏多順風,偏多順風,9.05,87.07,85.38,56.67,84.3,81.67,S2_E_BALANCED,正常,180.0,350.0,58,58
370,2468,華經,上市,1795696.0,2026-09-24,1775406.0,82112527.5,46.5,47.70000076293945,45.79999923706055,46.25,0.7999992370605469,0,46.189999389648435,38.34749984741211,36.236666456858316,3.18661117753701,2.10963496642903,1.0769762111079801,72.39720896785047,5796677.6,0.30627992835068146,49.45000076293945,37.74749984741211,0.017601743094201927,10.911268953990817,35.03649635036496,20.757182562151932,73.61033413888141,2.4035712650844028,5.196910843425736,20.607602018469517,27.63315316286914,-8.2036713899851,1.9748007621720234,60,股價高於20日均線、5日均線高於20日均線、20日均線高於60日均線、20日均線向上、MACD多頭、MACD柱狀體為正,30,60日趨勢健康、ATR偏高但可接受、20日回撤可接受、短線略熱,-617250.0,0.0,72000.0,-545250.0,1.0,0.0,5.0,5,自營商近5日買超,資訊服務業,45,一般業,0.61,24.444444444444443,6.851885081484994,24.444444444444443,10.800181878883226,6.666666666666667,3.641992952580581,28.888888888888886,-28.593317819029362,6.666666666666667,13.778834856864485,71.11111111111111,51.76476043276661,42.22222222222222,154.26341148870836,28.888888888888886,0.9976576506955178,62.22222222222222,,,34.01,18.181818181818183,2.59,63.63636363636363,40.90909090909091,2.16,9.090909090909092,198527.0,28.3030303030303,,1795.696,-617.25,0.0,72.0,-545.25,7.6923076923076925,34.03,20.5,★★ 弱勢,短線過熱,,20日漲幅過大、MA20乖離過大、波動率偏高、成交量波動較大,27.151,39.52,250.0,69.0,82.97413793103449,34.0,25.0,28.3,50.0,32.85,23.08,27.151,82.97,39.52,0.0,83.0,45.0,80.0,81.63,🟢 S2中高爆發潛力,40.0,86.75,80.53,76.67,⑤ 過熱,0.0,🟠 短線過熱,MA20向上、外資買盤加速、外資由賣轉買,MA20乖離過大、波動率偏高,偏多順風,偏多順風,10.46,82.97,91.18,56.67,86.67,81.63,S2_E_BALANCED,正常,318.0,339.0,59,59
136,8150,南茂,上市,83883329.0,2026-09-24,83219716.0,9320608192.0,106.0,114.0,105.0,112.0,5.0,0,104.3,92.95999946594239,94.3566665649414,3.781868108270743,1.1511502885546525,2.6307178197160903,73.28150650872952,36215212.75,2.2979214998536768,116.0,91.87499961853027,0.04672897196261672,29.1810887454371,24.031003560215012,3.2258064516129004,57.16243846530369,5.849999564034598,5.2232138964594625,20.48192840301517,18.69855525567501,-10.000001541291825,0.9757080807324663,60,股價高於20日均線、5日均線高於20日均線、20日均線向上、MACD多頭、MACD柱狀體為正、量比達1.5以上,34,20日動能尚可、60日趨勢尚可、ATR偏高但可接受、20日回撤可接受、MA60乖離可接受、成交量穩定度普通,61576024.0,7000.0,3740755.0,65323779.0,5.0,1.0,5.0,50,外資近5日買超、投信近5日買超、自營商近5日買超、外資連買至少3日、三大法人合計買超,半導體業,207,一般業,2.0,44.44444444444444,11.23978846921062,50.24154589371981,15.93096563632346,10.628019323671497,10.250208049264725,42.51207729468599,33.26544973719624,55.33980582524271,-1.3216016640370865,38.83495145631068,47.087110681847605,18.357487922705314,238.63318394621805,42.51207729468599,0.6097723881359743,58.454106280193244,,,34.89,45.0,3.15,55.208333333333336,50.10416666666667,1.1,53.125,2785705.0,43.457380047840154,,83883.329,61576.024,7.0,3740.755,65323.779,76.92307692307693,53.22,70.9,★★★ 一般觀察,短線過熱,法人籌碼強,5日漲幅過大、MA20乖離過大,27.788,41.61,250.0,69.0,85.12931034482759,64.0,70.0,43.46,53.0,61.07,36.49,27.788,85.13,41.61,70.0,45.0,20.0,100.0,81.4,🟢 S2中高爆發潛力,40.0,86.75,80.53,83.33,⑤ 過熱,15.34,🟠 短線過熱,MA20向上、MACD動能擴張、成交量溫和放大、近期突破20日高、外資5日買超、投信5日買超、投信買盤加速,5日漲幅過大、MA20乖離過大,偏多順風,偏多順風,24.26,85.13,86.88,56.67,85.81,81.4,S2_E_BALANCED,正常,35.0,211.0,60,60
273,6148,驊宏資,上櫃,6818895.0,2026-09-24,6796531.0,266424020.38534164,38.599998474121094,41.04999923706055,38.599998474121094,39.20000076293945,1.8500022888183594,0,39.029999542236325,32.634999942779544,30.266666666666666,2.8309398575554425,2.058765648737444,0.7721742088179986,71.64781528231671,3544866.2,1.9172884437782165,42.099998474121094,32.087499904632566,0.04953152247382775,8.137933139143328,38.76106464757329,16.84054144370206,73.08495181848104,2.3428570883614674,5.976676129497569,20.116441953947085,29.515421022927725,-6.625003814697261,1.616473353513743,75,股價高於20日均線、5日均線高於20日均線、20日均線高於60日均線、20日均線向上、MACD多頭、MACD柱狀體為正、量比達1.5以上,40,60日趨勢健康、ATR偏高但可接受、20日回撤小、短線未過熱,0.0,0.0,0.0,0.0,0.0,0.0,0.0,0,,資訊服務業,45,一般業,0.17,15.555555555555555,2.8998634174394367,15.555555555555555,25.720557712701208,48.888888888888886,3.389354933215596,22.22222222222222,95.40025077542401,91.11111111111111,41.38235645219053,93.33333333333333,53.254791795478376,35.55555555555556,178.49641973008227,44.44444444444444,0.40717996451517513,15.555555555555555,,,,,,,,,,59218.0,40.050505050505045,營收年增同產業前20%、營收月增同產業前20%,6818.895,0.0,0.0,0.0,0.0,0.0,42.52,41.4,★★ 弱勢,短線過熱,技術面偏多,20日漲幅過大、MA20乖離過大、波動率偏高、成交量波動較大,26.366,39.54,250.0,65.0,79.95689655172413,44.0,0.0,40.05,50.0,31.11,37.39,26.366,79.96,39.54,25.0,83.0,65.0,100.0,81.3,🟢 S2中高爆發潛力,35.0,86.75,80.53,76.67,⑤ 過熱,0.0,🟠 短線過熱,MA20向上、成交量溫和放大,MA20乖離過大、波動率偏高,偏多順風,偏多順風,21.91,79.96,93.98,56.67,88.82,81.3,S2_E_BALANCED,正常,329.0,204.0,61,61
194,5465,富驊,上櫃,2104253.0,2026-09-24,2095718.0,71673557.19890594,31.549999237060547,34.20000076293945,31.049999237060547,34.20000076293945,2.1500015258789062,0,30.820000076293944,25.95,24.090833377838134,1.9948296358618762,0.9866914603635104,1.0081381754983658,91.85762146715837,638601.8,3.2817289271655667,33.150001525878906,25.45,0.06708273251354036,40.74074829920227,41.32231274684204,35.984100523569104,58.05159224132449,1.2357145036969865,3.613200222603674,31.791910454487304,41.96271347923164,-2.620966284381687,2.372052754449807,90,股價高於20日均線、5日均線高於20日均線、20日均線高於60日均線、20日均線向上、MACD多頭、MACD柱狀體為正、量比達1.5以上、突破20日高點,28,60日趨勢尚可、ATR風險合理、20日回撤小,0.0,0.0,0.0,0.0,0.0,0.0,0.0,0,,電腦及週邊設備業,109,一般業,0.98,42.201834862385326,10.817846359420594,54.12844036697248,16.719719471167124,34.862385321100916,8.312064939220246,63.30275229357798,-4.365741172086089,22.93577981651376,9.401720788823663,80.73394495412845,36.45377676587753,72.47706422018348,234.14756333068274,80.73394495412845,0.8196118775700392,53.21100917431193,,,,,,,,,,410577.0,51.76188490408674,營收月增同產業前20%、流動比率同產業前20%,2104.253,0.0,0.0,0.0,0.0,0.0,48.13,58.4,★★★ 一般觀察,短線過熱,技術趨勢強,5日漲幅過大、20日漲幅過大、MA20乖離過大、MA60乖離過大、成交量波動較大、RSI偏熱,27.924,39.02,250.0,72.0,85.34482758620689,54.0,0.0,51.76,30.0,33.86,42.21,27.924,85.34,39.02,70.0,53.0,45.0,100.0,81.16,🟢 S2中高爆發潛力,40.0,86.75,80.53,82.5,⑤ 過熱,0.0,🟠 短線過熱,MA20向上、MACD動能擴張、近期突破20日高,RSI過熱、5日漲幅過大、MA20乖離過大,偏多順風,偏多順風,25.76,85.34,85.81,56.67,85.38,81.16,S2_E_BALANCED,正常,311.0,156.0,62,62
305,2464,盟立,上市,13517821.0,2026-09-24,13390335.0,2617810492.5,196.0,200.5,192.5,195.5,0.5,0,194.1,192.55,174.44166666666666,2.5730029782023394,3.163847490846477,-0.5908445126441375,54.04458034484837,16094987.1,0.8319568643829481,224.0,193.325,0.002564102564102555,8.913649025069637,-7.345971563981046,6.539509536784749,86.45596841812461,11.071428571428571,5.663134819145049,1.5320695923136896,12.071848277838825,-20.945945945945944,0.6716041957203849,45,股價高於20日均線、5日均線高於20日均線、20日均線高於60日均線、RSI介於50至70,41,60日趨勢尚可、ATR偏高但可接受、MA20乖離可接受、MA60位置健康、成交量穩定度普通、短線未過熱,-1391412.0,14000.0,283135.0,-1094277.0,0.0,0.0,5.0,20,投信近5日買超、自營商近5日買超,其他電子業,95,一般業,0.66,33.68421052631579,4.704306410517972,31.57894736842105,20.667992721984312,34.73684210526316,4.364404563064938,38.94736842105263,73.70780965783624,78.94736842105263,7.561365919680552,80.0,55.34872838505358,27.368421052631582,126.77741681060337,16.842105263157894,0.6243669091731473,48.421052631578945,,,514.47,5.263157894736842,7.42,19.565217391304348,12.414187643020595,0.24,21.73913043478261,928232.0,40.557437070938214,營收月增同產業前20%,13517.821,-1391.412,14.0,283.135,-1094.277,30.76923076923077,40.02,34.5,★★ 弱勢,風險偏高,,波動率偏高、近期回撤偏大,25.753,37.91,250.0,64.0,78.44827586206897,45.0,20.0,40.56,35.0,35.33,39.72,25.753,78.45,37.91,15.0,42.0,45.0,63.0,81.0,🟢 S2中高爆發潛力,23.0,86.75,80.53,82.5,④ 趨勢加速,21.54,🔴 暫不考慮,站上MA20且乖離健康、MA5近期上穿MA20、RSI位於起漲區、投信5日買超,波動率偏高、近期回撤偏大,偏多順風,偏多順風,36.08,78.45,73.12,99.57,83.23,81.0,S2_E_BALANCED,正常,289.0,182.0,63,63
63,2454,聯發科,上市,7817443.0,2026-09-24,7157018.0,37824840130.0,5105.0,5360.0,5105.0,5285.0,100.0,0,5074.0,4602.25,4076.0,286.0789191057129,222.39181994918124,63.687099156531644,73.83163719353661,7761206.4,0.9221527725380425,5480.0,4531.25,0.01928640308582441,17.44444444444444,36.73997412677878,21.63406214039125,55.56925534269903,235.71428571428572,4.46006217056359,14.83513498832092,29.661432777232587,-7.100591715976334,0.535805315050256,60,股價高於20日均線、5日均線高於20日均線、20日均線高於60日均線、20日均線向上、MACD多頭、MACD柱狀體為正,45,60日趨勢健康、ATR偏高但可接受、20日回撤小、MA20乖離可接受、成交量穩定、短線略熱,8907830.0,259224.0,870345.0,10037399.0,5.0,0.0,5.0,50,外資近5日買超、投信近5日買超、自營商近5日買超、外資連買至少3日、三大法人合計買超,半導體業,207,一般業,30.44,94.68599033816425,22.64295697802593,78.26086956521739,46.2488054872667,72.94685990338165,15.185395434841695,57.48792270531401,44.0812520934518,66.50485436893204,32.405268042676916,96.11650485436894,45.05776945082058,21.73913043478261,123.94077649678823,7.729468599033816,0.7653406412782576,75.84541062801932,,,87.28,16.25,19.89,3.125,9.6875,1.01,50.0,64183361.0,62.49518198020731,EPS同產業前20%、營收月增同產業前20%,7817.443,8907.83,259.224,870.345,10037.399,76.92307692307693,61.13,86.6,★★★★ 觀察候選,短線過熱,法人籌碼強、綜合表現前25%,20日漲幅過大,27.525,37.95,250.0,66.0,84.48275862068965,54.0,45.0,62.5,45.0,51.22,66.42,27.525,84.48,37.95,45.0,68.0,0.0,80.0,80.84,🟢 S2中高爆發潛力,37.0,86.75,80.53,83.33,⑤ 過熱,8.49,🟠 短線過熱,MA20向上、MACD動能擴張、近期突破20日高、外資5日買超、投信5日買超、外資連買,5日漲幅過大、MA20乖離過大,偏多順風,偏多順風,46.83,84.48,87.1,56.67,83.66,80.84,S2_E_BALANCED,正常,105.0,16.0,64,64
447,6141,柏承,上市,1742591.0,2026-09-24,1727985.0,89509621.68165207,51.70000076293945,52.70000076293945,50.79999923706055,51.79999923706055,0.0,0,50.64999923706055,52.10500011444092,42.969166882832845,1.562436917499518,2.085426119478608,-0.5229892019790898,56.856111544888634,3093466.75,0.5585917482384448,59.900001525878906,52.260000228881836,0.0,4.646463105172827,-5.646634248920868,33.33333660634699,67.32582991982585,3.0035719190325056,5.798401473495749,-0.5853581742836234,20.551555905906604,-17.91171948802489,0.5335206106857316,25,20日均線高於60日均線、RSI介於50至70,40,60日趨勢健康、ATR偏高但可接受、MA60乖離可接受、成交量穩定、短線未過熱,-790964.0,0.0,-5000.0,-795964.0,0.0,0.0,5.0,0,,電子零組件業,210,一般業,-1.23,6.904761904761905,-72.08628982505819,1.4285714285714286,10.458429347397676,14.761904761904763,-8.787372156929603,13.80952380952381,98.63848944446873,93.33333333333333,6.97405277322265,81.9047619047619,89.7959664971618,0.9523809523809524,42.317318499069714,0.4761904761904762,0.4051872055762794,20.476190476190474,,,,,9.79,11.538461538461538,11.538461538461538,0.0,11.057692307692307,272679.0,24.589194139194138,營收年增同產業前20%、營收月增同產業前20%,1742.591,-790.964,0.0,-5.0,-795.964,0.0,22.88,3.9,★★ 弱勢,風險偏高,,波動率偏高,26.697,37.0,250.0,67.0,81.68103448275862,15.0,0.0,24.59,30.0,14.19,29.07,26.697,81.68,37.0,0.0,55.0,45.0,80.0,80.55,🟢 S2中高爆發潛力,23.0,86.75,80.53,82.5,⑥ 轉弱,0.0,🔴 暫不考慮,RSI位於起漲區,波動率偏高、近期回撤偏大,偏多順風,偏多順風,8.26,81.68,70.54,96.77,77.63,80.55,S2_E_BALANCED,正常,438.0,274.0,65,65
7,3042,晶技,上市,41859153.0,2026-09-24,41432690.0,8410836070.0,196.0,212.0,189.0,203.0,5.0,0,190.5,182.425,180.75,3.3367233316309353,1.174879652730282,2.161843678900653,63.91391781150429,13227951.55,3.1322075714739066,201.5,181.875,0.025252525252525304,13.725490196078427,5.729166666666674,-10.375275938189843,51.227252995468085,11.107142857142858,5.471498944405349,11.278607646978212,12.309820193637622,-12.020460358056262,0.7107663654344186,100,股價高於20日均線、5日均線高於20日均線、20日均線高於60日均線、20日均線向上、RSI介於50至70、MACD多頭、MACD柱狀體為正、量比達1.5以上、突破20日高點,56,20日動能健康、波動率可接受、ATR偏高但可接受、20日回撤可接受、MA20乖離可接受、MA60位置健康、成交量穩定度普通、短線略熱,3859370.0,1114000.0,2247646.0,7221016.0,0.0,1.0,5.0,40,外資近5日買超、投信近5日買超、自營商近5日買超、三大法人合計買超,電子零組件業,210,一般業,2.96,74.28571428571429,12.710353734211107,70.47619047619048,32.74054148368371,79.52380952380952,15.997380504336745,81.42857142857143,23.47690304200431,40.95238095238095,3.593153763518808,71.42857142857143,31.851752758236284,75.71428571428571,238.418378396115,70.47619047619048,0.6043117037761604,44.761904761904766,,,35.06,44.047619047619044,4.38,29.807692307692307,36.92765567765568,2.36,72.59615384615384,1414665.0,65.11996336996337,營業利益率同產業前20%,41859.153,3859.37,1114.0,2247.646,7221.016,61.53846153846154,73.04,98.7,★★★★★ 強勢候選,等待回檔,技術趨勢強、法人偏多、基本面優於產業平均、綜合表現前10%,無明顯風險訊號,32.38,42.57,250.0,80.0,92.88793103448276,69.0,60.0,65.12,55.0,63.62,74.85,32.38,92.89,42.57,70.0,43.0,20.0,100.0,80.02,🟢 S2中高爆發潛力,22.0,86.75,80.53,82.5,③ 剛啟動,58.82,🟡 等待回檔,MA20向上、RSI位於起漲區、MACD動能擴張、近期突破20日高、外資5日買超、投信5日買超、投信買盤加速,無明顯風險訊號,偏多順風,偏多順風,71.64,92.89,72.04,56.67,78.06,80.02,S2_E_BALANCED,正常,21.0,4.0,66,66
29,6213,聯茂,上市,16800143.0,2026-09-24,16286993.0,9690760835.0,595.0,595.0,592.0,595.0,54.0,0,545.2,531.2,438.44166666666666,23.05891281647928,23.00132568191848,0.05758713456079789,66.66270854345902,16322645.85,0.9978157432117539,599.0,529.6,0.09981515711645095,20.2020202020202,5.683836589698044,65.96931659693166,70.74451736059548,34.714285714285715,5.834333733493398,12.010542168674698,35.70790489042632,-15.094339622641506,0.4033035024838127,70,股價高於20日均線、5日均線高於20日均線、20日均線高於60日均線、20日均線向上、RSI介於50至70、MACD多頭、MACD柱狀體為正,30,20日動能健康、ATR偏高但可接受、MA20乖離可接受、成交量穩定,11543180.0,1511000.0,727854.0,13782034.0,5.0,3.0,5.0,65,外資近5日買超、投信近5日買超、自營商近5日買超、外資連買至少3日、投信連買至少3日、三大法人合計買超,電子零組件業,210,一般業,4.39,81.42857142857143,14.108907001948436,73.80952380952381,17.333311469148427,36.666666666666664,10.991551427416855,68.0952380952381,97.92882458381861,92.85714285714286,6.208658600421879,79.04761904761905,47.8076931801639,39.523809523809526,173.03410745408817,40.95238095238095,0.9550987913446652,89.04761904761904,,,92.25,14.285714285714285,9.58,12.5,13.392857142857142,0.5,32.21153846153847,5044034.0,64.42179487179487,EPS同產業前20%、營收年增同產業前20%、資產周轉同產業前20%,16800.143,11543.18,1511.0,727.854,13782.034,100.0,66.33,94.0,★★★ 一般觀察,短線過熱,技術面偏多、法人籌碼強、綜合表現前10%,5日漲幅過大、MA60乖離過大、波動率偏高,26.119,35.29,250.0,66.0,79.09482758620689,74.0,70.0,64.42,55.0,68.51,55.19,26.119,79.09,35.29,60.0,28.0,0.0,80.0,79.97,🟢 S2中高爆發潛力,40.0,86.75,80.53,82.5,⑤ 過熱,22.72,🟠 短線過熱,MA20向上、MA5近期上穿MA20、MACD近期黃金交叉、MACD動能擴張、接近20日突破、外資5日買超、投信5日買超、投信買盤加速,5日漲幅過大、MA20乖離過大、波動率偏高、近期回撤偏大,偏多順風,偏多順風,40.7,79.09,89.46,56.67,90.11,79.97,S2_E_BALANCED,正常,7.0,50.0,67,67
50,3037,欣興,上市,16628391.0,2026-09-24,15907068.0,18849875580.0,1155.0,1190.0,1145.0,1185.0,25.0,0,1093.2,1001.65,960.0166666666667,29.49261732798459,7.821302697447371,21.671314630537218,68.42070837362196,21504840.6,0.7396970894078609,1230.0,1001.4,0.02155172413793105,26.06382978723405,0.4237288135593209,21.04187946884577,70.99793108787043,53.214285714285715,4.4906570223025915,18.304797084810076,23.43535702505164,-23.5593220338983,0.8348842905636188,70,股價高於20日均線、5日均線高於20日均線、20日均線高於60日均線、20日均線向上、RSI介於50至70、MACD多頭、MACD柱狀體為正,36,20日動能尚可、60日趨勢健康、ATR偏高但可接受、MA60乖離可接受、成交量穩定度普通,17397266.0,1690582.0,329995.0,19417843.0,5.0,2.0,5.0,50,外資近5日買超、投信近5日買超、自營商近5日買超、外資連買至少3日、三大法人合計買超,電子零組件業,210,一般業,11.7,94.28571428571428,29.31890614135455,94.76190476190476,21.614370883249713,49.523809523809526,11.71050840259916,70.95238095238095,56.25723917867715,78.57142857142857,9.17875796044909,84.76190476190476,59.22634162365821,15.238095238095239,176.3455884934762,41.42857142857143,0.5129331717759379,34.76190476190476,,,78.89,19.047619047619047,15.21,7.6923076923076925,13.36996336996337,0.17,23.076923076923077,17745519.0,64.14981684981684,EPS同產業前20%、ROE同產業前20%、營收月增同產業前20%,16628.391,17397.266,1690.582,329.995,19417.843,76.92307692307693,62.83,89.5,★★★ 一般觀察,短線過熱,技術面偏多、法人籌碼強、綜合表現前25%,5日漲幅過大、MA20乖離過大、波動率偏高、近期回撤偏大,30.014,38.38,250.0,74.0,88.57758620689656,66.0,70.0,64.15,55.0,65.27,46.91,30.014,88.58,38.38,40.0,35.0,0.0,80.0,79.9,🟢 S2中高爆發潛力,40.0,86.75,80.53,82.5,⑤ 過熱,19.48,🟠 短線過熱,MA20向上、MA5近期上穿MA20、MACD近期黃金交叉、MACD動能擴張、外資5日買超、投信5日買超、外資買盤加速,5日漲幅過大、MA20乖離過大、波動率偏高、近期回撤偏大,偏多順風,偏多順風,33.42,88.58,78.92,56.67,78.71,79.9,S2_E_BALANCED,正常,14.0,114.0,68,68
69,1560,中砂,上市,2172367.0,2026-09-24,2124007.0,2062410797.0,950.0,975.0,945.0,971.0,16.0,0,937.2,783.1,720.0666666666667,64.07782991120632,39.580729360114304,24.497100551092018,76.795272108516,2062799.35,1.0296721297687048,992.0,769.05,0.01675392670157061,19.141104294478527,40.724637681159415,26.26788036410923,72.28979107479945,41.285714285714285,4.251875827570987,23.994381305069588,34.84862512730302,-7.951482479784366,0.7858763088143004,60,股價高於20日均線、5日均線高於20日均線、20日均線高於60日均線、20日均線向上、MACD多頭、MACD柱狀體為正,33,60日趨勢健康、ATR偏高但可接受、20日回撤小、成交量穩定度普通,1267578.0,1027900.0,-147519.0,2147959.0,4.0,0.0,5.0,45,外資近5日買超、投信近5日買超、外資連買至少3日、三大法人合計買超,電機機械,100,一般業,6.44,92.92929292929293,20.72599148185085,90.9090909090909,37.62632953160704,83.83838383838383,21.89970279337453,90.9090909090909,30.37794617921122,71.0,1.4432661682027836,65.0,36.64413534957268,66.66666666666666,166.06742238123826,39.39393939393939,0.6426381554353384,71.71717171717171,,,82.57,7.6923076923076925,16.02,8.16326530612245,7.92778649921507,0.51,30.612244897959183,899115.0,71.76941978656264,EPS同產業前20%、ROE同產業前20%、毛利率同產業前20%、營業利益率同產業前20%,2172.367,1267.578,1027.9,-147.519,2147.959,69.23076923076923,59.98,85.5,★★★ 一般觀察,短線過熱,法人偏多、基本面優於產業平均、綜合表現前25%,5日漲幅過大、20日漲幅過大、MA20乖離過大、MA60乖離過大、波動率偏高、RSI偏熱,24.885,34.08,250.0,63.0,76.9396551724138,59.0,50.0,71.77,45.0,56.12,54.22,24.885,76.94,34.08,45.0,53.0,45.0,90.0,79.77,🟢 S2中高爆發潛力,40.0,86.75,80.53,100.0,⑤ 過熱,11.72,🟠 短線過熱,MA20向上、MACD動能擴張、近期突破20日高、外資5日買超、投信5日買超、外資買盤加速,RSI過熱、5日漲幅過大、MA20乖離過大、波動率偏高,偏多順風,偏多順風,37.72,76.94,94.19,56.67,87.31,79.77,S2_E_BALANCED,正常,68.0,55.0,69,69
78,2466,冠西電,上市,2401504.0,2026-09-24,2378823.0,284269348.5,113.5,120.5,113.0,119.5,6.0,0,112.9,104.24999961853027,101.19999974568685,4.311254496138758,2.848373356693827,1.4628811394449315,67.33371856985838,1411264.1,1.685597330790176,120.0,103.54999961853028,0.052863436123347984,16.58536585365853,13.27014218009479,52.423466421176634,61.63477165144936,6.028572082519531,5.044830194577013,14.628297781556121,18.083004249308885,-10.236969717305989,0.4788144016415869,85,股價高於20日均線、5日均線高於20日均線、20日均線高於60日均線、20日均線向上、RSI介於50至70、MACD多頭、MACD柱狀體為正、量比達1.5以上,45,20日動能健康、ATR偏高但可接受、20日回撤可接受、MA20乖離可接受、MA60乖離可接受、成交量穩定、短線略熱,1019064.0,49.0,2000.0,1021113.0,1.0,0.0,5.0,40,外資近5日買超、投信近5日買超、自營商近5日買超、三大法人合計買超,光電業,116,一般業,0.05,32.17391304347826,0.8954243844925257,32.17391304347826,20.766957797722544,47.82608695652174,-12.167703548850719,26.956521739130434,59.9166856232939,87.82608695652175,15.936218021398085,87.71929824561403,58.310989735825835,11.304347826086957,118.60114913697852,9.565217391304348,0.1712975426884841,12.173913043478262,,,76.11,20.930232558139537,10.7,2.941176470588235,11.935704514363886,0.0,24.264705882352942,224958.0,38.19729814335398,營收年增同產業前20%、營收月增同產業前20%,2401.504,1019.064,0.049,2.0,1021.113,61.53846153846154,58.27,83.4,★★★★ 觀察候選,等待回檔,技術趨勢強、法人偏多、綜合表現前25%,無明顯風險訊號,29.33,40.35,250.0,74.0,87.71551724137932,72.0,60.0,38.2,55.0,60.78,60.8,29.33,87.72,40.35,70.0,85.0,65.0,100.0,79.64,🟢 S2中高爆發潛力,40.0,86.75,80.53,100.0,⑤ 過熱,16.38,🟠 短線過熱,MA20向上、MACD動能擴張、成交量溫和放大、近期突破20日高、外資5日買超、投信5日買超、投信買盤加速,5日漲幅過大、MA20乖離過大、波動率偏高,偏多順風,偏多順風,43.92,87.72,84.73,56.67,69.89,79.64,S2_E_BALANCED,正常,38.0,29.0,70,70
152,8046,南電,上市,13910571.0,2026-09-24,13463421.0,16694642040.0,1210.0,1270.0,1190.0,1240.0,30.0,0,1155.0,1122.5,1140.5,6.458613985836564,-8.855841240664532,15.314455226501096,59.6687147390044,11829694.9,1.1381038237934606,1335.0,1125.25,0.024793388429751984,16.4319248826291,-4.24710424710425,8.296943231441055,71.89978930224838,69.28571428571429,5.587557603686637,10.46770601336302,8.724243752740035,-21.45593869731801,0.44214584742204605,45,股價高於20日均線、5日均線高於20日均線、RSI介於50至70、MACD多頭、MACD柱狀體為正,38,60日趨勢尚可、ATR偏高但可接受、MA20乖離可接受、MA60位置健康、成交量穩定、短線略熱,8213420.0,-570099.0,821746.0,8465067.0,3.0,2.0,5.0,35,外資近5日買超、自營商近5日買超、外資連買至少3日、三大法人合計買超,電子零組件業,210,一般業,5.53,87.14285714285714,14.495920435386333,74.28571428571429,20.729260578919906,46.19047619047619,17.176317136269006,82.85714285714286,40.59000155490278,63.8095238095238,-1.600275453784561,51.90476190476191,24.031084262942244,91.42857142857143,338.72694478717705,89.04761904761904,0.7634603610999513,70.0,,,145.71,5.952380952380952,16.26,6.730769230769231,6.341575091575091,0.16,22.115384615384613,5352700.0,65.95860805860806,EPS同產業前20%、營業利益率同產業前20%、負債比同產業前20%、流動比率同產業前20%,13910.571,8213.42,-570.099,821.746,8465.067,53.84615384615385,51.66,67.5,★★★ 一般觀察,風險偏高,法人偏多、基本面優於產業平均,波動率偏高、近期回撤偏大,29.117,38.33,250.0,72.0,87.28448275862068,73.0,55.0,65.96,30.0,60.09,62.33,29.117,87.28,38.33,40.0,27.0,0.0,90.0,79.28,🟢 S2中高爆發潛力,40.0,86.75,80.53,82.5,⑤ 過熱,14.3,🟠 短線過熱,MA5近期上穿MA20、RSI位於起漲區、MACD近期黃金交叉、MACD動能擴張、成交量溫和放大、外資5日買超、外資買盤加速、投信買盤加速,5日漲幅過大、波動率偏高、近期回撤偏大,偏多順風,偏多順風,44.72,87.28,79.57,56.67,77.42,79.28,S2_E_BALANCED,正常,41.0,25.0,71,71
336,5351,鈺創,上櫃,7045887.0,2026-09-24,6910504.0,746334432.0,107.5,109.0,105.0,108.0,-1.5,0,109.3,111.85,104.2683334350586,-0.7805902584773747,0.12239916606943027,-0.902989424546805,47.625358165798595,11205479.65,0.6167075587879899,127.0,112.275,-0.013698630136986356,1.8867924528301883,-7.296137339055797,29.03226276911848,55.29540999133077,5.571428571428571,5.158730158730158,-3.4421099687080847,3.5789068857282613,-19.926199261992615,0.5681860154191036,15,20日均線高於60日均線,45,60日趨勢健康、ATR偏高但可接受、MA60位置健康、成交量穩定、短線未過熱,0.0,0.0,0.0,0.0,0.0,0.0,0.0,0,,半導體業,207,一般業,6.69,76.32850241545893,59.02833557640318,94.68599033816425,46.602715867676835,73.91304347826086,30.668443082601243,87.92270531400966,525.3153245373534,99.02912621359224,6.360338061042992,75.72815533980582,40.590752128319465,27.536231884057973,243.12468621036683,44.927536231884055,1.2428991708142236,94.20289855072464,,,,,,,,,,2260221.0,80.56877342440873,ROE同產業前20%、營業利益率同產業前20%、營收年增同產業前20%、資產周轉同產業前20%,7045.887,0.0,0.0,0.0,0.0,0.0,37.67,27.7,★★ 弱勢,整理觀察,同產業基本面突出,無明顯風險訊號,27.337,34.54,250.0,68.0,83.83620689655173,8.0,0.0,80.57,45.0,22.04,51.58,27.337,83.84,34.54,0.0,40.0,45.0,80.0,79.27,🟢 S2中高爆發潛力,18.0,86.75,80.53,83.33,⑥ 轉弱,0.0,🔴 暫不考慮,,近期回撤偏大,偏多順風,偏多順風,26.26,83.84,67.31,90.54,74.19,79.27,S2_E_BALANCED,正常,389.0,75.0,72,72
150,3066,李洲,上櫃,2127360.0,2026-09-24,2118005.0,58033336.19204521,27.25,29.100000381469727,27.25,27.399999618530273,0.14999961853027344,0,28.25999984741211,25.779999828338624,24.33750009536743,1.1071313094913684,0.8469912170718952,0.2601400924194732,58.69122520254975,2081642.95,1.017467957221002,30.75,25.65999984741211,0.0055045731570742,-3.1802107519199874,9.599998474121097,13.692942675627041,72.23199980300404,1.5928572246006556,5.813347615973784,6.283940267566912,12.58345972742607,-15.636360862038357,0.9364910854420867,70,股價高於20日均線、5日均線高於20日均線、20日均線高於60日均線、20日均線向上、RSI介於50至70、MACD多頭、MACD柱狀體為正,58,20日動能健康、60日趨勢健康、ATR偏高但可接受、MA20乖離健康、MA60位置健康、成交量穩定度普通,0.0,0.0,0.0,0.0,0.0,0.0,0.0,0,,光電業,116,一般業,5.41,93.04347826086956,55.033523610891734,98.26086956521739,34.966773267615864,84.34782608695653,-20.087749912748667,16.52173913043478,18.89475038600103,66.08695652173913,-13.973839780291398,21.052631578947366,26.477623830951984,73.04347826086956,222.31067329585053,52.17391304347826,0.11687795448803304,9.565217391304348,,,,,,,,,,18481.0,64.08362804243812,EPS同產業前20%、ROE同產業前20%、毛利率同產業前20%,2127.36,0.0,0.0,0.0,0.0,0.0,51.83,67.9,★★★ 一般觀察,風險偏高,技術面偏多,波動率偏高,26.107,42.86,250.0,66.0,78.87931034482759,54.0,0.0,64.08,55.0,39.46,53.55,26.107,78.88,42.86,0.0,70.0,25.0,90.0,79.15,🟢 S2中高爆發潛力,23.0,86.75,80.53,100.0,① 尚未啟動,19.07,🔴 暫不考慮,MA20向上、RSI位於起漲區,波動率偏高、近期回撤偏大,偏多順風,偏多順風,46.65,78.88,75.27,96.99,68.6,79.15,S2_E_BALANCED,正常,240.0,60.0,73,73
290,3406,玉晶光,上市,2920160.0,2026-09-24,2831357.0,2551052657.0,901.0,911.0,885.0,901.0,-4.0,0,930.6,987.6,718.2583333333333,45.75038429714186,73.06431837162941,-27.31393407448755,50.5676761101192,6492586.6,0.4360907561864481,1140.0,984.25,-0.0044198895027623974,-6.632124352331603,8.033573141486805,39.90683229813665,95.28167900329206,80.78571428571429,8.966228000634215,-8.768732280275415,25.442331565940755,-18.828828828828826,0.6125957023201906,35,20日均線高於60日均線、20日均線向上、RSI介於50至70,26,20日動能健康、60日趨勢尚可、成交量穩定度普通,-2780380.0,70000.0,-32360.0,-2742740.0,1.0,0.0,5.0,15,投信近5日買超,光電業,116,一般業,13.99,97.3913043478261,11.726026331312026,79.13043478260869,33.36796886979973,80.8695652173913,18.271526874004547,92.17391304347827,0.7211954265149975,43.47826086956522,12.257675134413937,81.57894736842105,39.42485652452578,44.34782608695652,238.38446830354886,59.130434782608695,0.5297484315772912,58.26086956521739,,,24.38,55.81395348837209,3.75,20.588235294117645,38.201094391244865,1.89,69.11764705882352,2719294.0,69.81987810184475,EPS同產業前20%、毛利率同產業前20%、營業利益率同產業前20%、營收月增同產業前20%,2920.16,-2780.38,70.0,-32.36,-2742.74,23.076923076923077,41.26,37.7,★★ 弱勢,風險偏高,基本面優於產業平均,ATR偏高、波動率偏高,24.614,32.18,250.0,60.0,75.86206896551724,25.0,25.0,69.82,40.0,33.97,49.39,24.614,75.86,32.18,0.0,70.0,45.0,0.0,78.92,🟢 S2中高爆發潛力,28.0,86.75,80.53,100.0,① 尚未啟動,8.58,🔴 暫不考慮,MA20向上、RSI位於起漲區、投信5日買超、外資由賣轉買,ATR偏高、波動率偏高、近期回撤偏大,偏多順風,偏多順風,41.23,75.86,87.31,56.67,96.34,78.92,S2_E_BALANCED,正常,308.0,94.0,74,74
153,6207,雷科,上櫃,12093033.0,2026-09-24,11896814.0,1487101750.0,115.5,125.0,115.5,125.0,11.0,0,117.4,111.95,114.34333330790201,2.2023338317479215,0.8785763417950113,1.3237574899529103,63.09468621943081,6296136.8,1.889541853664933,124.0,111.1,0.09649122807017552,10.13215859030836,15.740740740740744,-17.763157894736846,64.03273014612721,6.892857142857143,5.514285714285714,11.656989727556933,9.319884582515957,-10.729613733905573,0.6235380490294307,85,股價高於20日均線、5日均線高於20日均線、20日均線向上、RSI介於50至70、MACD多頭、MACD柱狀體為正、量比達1.5以上、突破20日高點,48,20日動能健康、ATR偏高但可接受、20日回撤可接受、MA20乖離可接受、MA60位置健康、成交量穩定度普通、短線略熱,0.0,0.0,0.0,0.0,0.0,0.0,0.0,0,,電子零組件業,210,一般業,1.11,52.85714285714286,6.429133953928459,49.047619047619044,30.896061379551064,76.66666666666667,5.651934405402142,49.047619047619044,35.8085613537419,59.04761904761905,22.146134901933003,95.71428571428572,38.917714950471385,59.523809523809526,204.3659441883988,54.761904761904766,0.26387657842785256,6.190476190476191,,,,,,,,,,137881.0,55.086580086580085,營收月增同產業前20%,12093.033,0.0,0.0,0.0,0.0,0.0,51.63,67.2,★★★ 一般觀察,等待回檔,技術趨勢強,無明顯風險訊號,29.087,42.16,250.0,73.0,86.85344827586206,79.0,0.0,55.09,65.0,49.61,73.18,29.087,86.85,42.16,70.0,75.0,65.0,100.0,78.59,🟢 S2中高爆發潛力,27.0,86.75,80.53,82.5,③ 剛啟動,39.82,🔴 暫不考慮,MA20向上、RSI位於起漲區、MACD動能擴張、成交量溫和放大、近期突破20日高,波動率偏高,偏多順風,偏多順風,66.51,86.85,77.85,56.67,76.99,78.59,S2_E_BALANCED,正常,122.0,6.0,75,75
300,3374,精材,上櫃,14758939.0,2026-09-24,14265589.0,6405249461.0,462.5,464.5,442.0,449.0,-23.0,0,459.1,442.025,367.81666666666666,26.930993483004613,28.72134360826466,-1.7903501252600478,56.80488825545712,12833871.5,1.1115577244169852,496.0,437.125,-0.048728813559322015,4.66200466200466,27.920227920227923,42.08860759493671,87.91995850301339,28.785714285714285,6.411072223989818,1.5779650472258488,22.07168426299333,-16.290983606557376,0.7682517930549606,55,股價高於20日均線、5日均線高於20日均線、20日均線高於60日均線、20日均線向上、RSI介於50至70,39,20日動能尚可、60日趨勢尚可、MA20乖離可接受、MA60乖離可接受、成交量穩定度普通、短線未過熱,0.0,0.0,0.0,0.0,0.0,0.0,0.0,0,,半導體業,207,一般業,2.88,53.62318840579711,15.836643274712642,66.66666666666666,28.590875208465754,31.40096618357488,22.90047689400363,75.36231884057972,36.740456579788635,58.7378640776699,5.581871868081323,73.30097087378641,46.400288331150286,20.28985507246377,178.26701989823007,22.22222222222222,0.44558632905901246,38.164251207729464,,,,,,,,,,908948.0,53.90108343886308,,14758.939,0.0,0.0,0.0,0.0,0.0,40.47,35.6,★★ 弱勢,風險偏高,,波動率偏高,24.593,35.0,250.0,62.0,75.43103448275862,58.0,0.0,53.9,45.0,38.04,55.3,24.593,75.43,35.0,0.0,100.0,25.0,73.0,78.56,🟢 S2中高爆發潛力,28.0,86.75,80.53,83.33,② 蓄勢,22.31,🔴 暫不考慮,站上MA20且乖離健康、MA20向上、RSI位於起漲區、成交量溫和放大,ATR偏高、波動率偏高、近期回撤偏大,偏多順風,偏多順風,48.7,75.43,90.54,56.67,89.89,78.56,S2_E_BALANCED,正常,257.0,49.0,76,76
145,6693,廣閎科,上櫃,7653478.0,2026-09-24,7533755.0,1578321672.5,201.5,212.5,194.0,209.5,12.5,0,189.5,181.875,186.29166666666666,3.996708881739181,1.1814886642347984,2.8152202175043826,65.29195278708136,1720607.75,4.378542988662001,197.0,179.75,0.06345177664974622,16.066481994459835,25.44910179640718,-17.843137254901965,68.94299006295924,11.25,5.369928400954653,15.189003436426107,12.458063073138014,-9.866666666666667,0.8801293845870088,85,股價高於20日均線、5日均線高於20日均線、20日均線向上、RSI介於50至70、MACD多頭、MACD柱狀體為正、量比達1.5以上、突破20日高點,36,20日動能尚可、ATR偏高但可接受、20日回撤可接受、MA60位置健康、成交量穩定度普通、短線略熱,0.0,0.0,0.0,0.0,0.0,0.0,0.0,0,,半導體業,207,一般業,3.38,59.42028985507246,24.40193268338311,81.15942028985508,30.744956580971028,35.748792270531396,14.93657437356216,56.038647342995176,114.19594133697134,88.3495145631068,3.609284907076682,65.53398058252428,38.845280975055516,29.468599033816425,251.99415839536806,48.309178743961354,1.145147632956986,91.78743961352657,,,,,,,,,,251209.0,65.46607911107701,ROE同產業前20%、營收年增同產業前20%、資產周轉同產業前20%,7653.478,0.0,0.0,0.0,0.0,0.0,52.34,69.0,★★★ 一般觀察,短線過熱,技術趨勢強、基本面優於產業平均,MA20乖離過大、波動率偏高,25.433,40.19,250.0,63.0,77.37068965517241,62.0,0.0,65.47,30.0,39.12,49.77,25.433,77.37,40.19,45.0,60.0,45.0,80.0,78.42,🟢 S2中高爆發潛力,40.0,86.75,80.53,83.33,⑤ 過熱,0.0,🟠 短線過熱,MA20向上、MACD動能擴張、近期突破20日高,5日漲幅過大、MA20乖離過大、波動率偏高,偏多順風,偏多順風,31.81,77.37,87.63,56.67,87.96,78.42,S2_E_BALANCED,正常,247.0,90.0,77,77
389,1569,濱川,上櫃,7552738.0,2026-09-24,7510870.0,485953266.0786438,63.79999923706055,68.0,62.599998474121094,64.69999694824219,1.3999977111816406,0,61.73999862670898,51.90749969482422,46.471666463216145,4.569955336029082,2.9795912834672347,1.5903640525618474,79.9174548853035,2727988.85,2.7532627195305435,66.4000015258789,50.90999984741211,0.022116867741792667,24.423071054311897,44.58099876702164,37.0762625051553,59.24981967448826,3.27142824445452,5.056303552953104,24.64479570125304,39.22461119283158,-5.219206514324071,1.350225069252593,75,股價高於20日均線、5日均線高於20日均線、20日均線高於60日均線、20日均線向上、MACD多頭、MACD柱狀體為正、量比達1.5以上,23,60日趨勢尚可、ATR偏高但可接受、20日回撤小,0.0,0.0,0.0,0.0,0.0,0.0,0.0,0,,電腦及週邊設備業,109,一般業,-1.67,4.587155963302752,-13.9894232095645,9.174311926605505,6.81613985511349,10.091743119266056,-10.661933937068154,11.009174311926607,-25.280237992226635,12.844036697247708,0.8430490676755609,55.96330275229357,55.01034818019176,39.44954128440367,129.4318386111933,22.93577981651376,0.46474819094533876,18.34862385321101,,,,,,,,,,208971.0,16.472060050041705,,7552.738,0.0,0.0,0.0,0.0,0.0,32.04,16.4,★★ 弱勢,短線過熱,技術面偏多,5日漲幅過大、20日漲幅過大、MA20乖離過大、MA60乖離過大、成交量波動較大、RSI偏熱,23.839,35.28,250.0,61.0,72.41379310344827,54.0,0.0,16.47,30.0,28.57,8.86,23.839,72.41,35.28,70.0,53.0,65.0,100.0,78.24,🟢 S2中高爆發潛力,40.0,86.75,80.53,82.5,⑤ 過熱,0.0,🟠 短線過熱,MA20向上、MACD動能擴張、近期突破20日高,RSI過熱、5日漲幅過大、MA20乖離過大,偏多順風,偏多順風,0.0,72.41,91.83,56.67,94.62,78.24,S2_E_BALANCED,正常,341.0,452.0,78,78
88,2069,運錩,上市,1991600.0,2026-09-24,1985020.0,51015015.51445007,24.649999618530273,26.100000381469727,24.5,25.700000762939453,0.8000011444091797,0,24.980000305175782,22.98499994277954,20.404166730244956,1.2892495588572963,1.1097641510150162,0.17948540784228006,68.1511155763095,1593555.0,1.2456551546699046,27.549999237060547,22.792499923706053,0.032128560508644766,6.198346912026298,17.62013873800563,41.20878948132904,59.905157935238485,1.51071412222726,5.878264892527852,11.812054935474547,25.954669468783152,-7.505072657603673,0.8425681135889438,70,股價高於20日均線、5日均線高於20日均線、20日均線高於60日均線、20日均線向上、RSI介於50至70、MACD多頭、MACD柱狀體為正,56,20日動能健康、60日趨勢尚可、ATR偏高但可接受、20日回撤小、MA20乖離可接受、成交量穩定度普通、短線未過熱,899121.0,0.0,-10000.0,889121.0,1.0,0.0,5.0,20,外資近5日買超、三大法人合計買超,鋼鐵工業,48,一般業,1.66,76.04166666666666,12.577961656133073,66.66666666666666,14.664215812768525,54.166666666666664,7.611289610835927,56.25,18.856326560148588,62.5,11.291967972776096,95.83333333333334,58.05181224782332,27.083333333333332,107.87674706775053,14.583333333333334,0.9536605840784154,75.0,,,10.04,82.6086956521739,0.97,74.19354838709677,78.40112201963534,3.89,64.51612903225806,886938.0,62.686068256194474,營收月增同產業前20%,1991.6,899.121,0.0,-10.0,889.121,30.76923076923077,57.16,81.2,★★★★ 觀察候選,等待回檔,技術面偏多、綜合表現前25%,無明顯風險訊號,26.864,42.7,250.0,66.0,82.32758620689656,72.0,25.0,62.69,75.0,56.95,73.06,26.864,82.33,42.7,57.0,100.0,25.0,100.0,78.16,🟢 S2中高爆發潛力,17.0,86.75,80.53,100.0,③ 剛啟動,58.56,🟡 等待回檔,MA20向上、MACD動能擴張、成交量溫和放大、近期突破20日高、外資5日買超、外資由賣轉買、法人買超占量提升,無明顯風險訊號,偏多順風,偏多順風,70.16,82.33,82.58,56.67,79.78,78.16,S2_E_BALANCED,正常,64.0,7.0,79,79
171,3455,由田,上櫃,3608316.0,2026-09-24,3505750.0,904483500.0,242.0,265.0,242.0,258.0,14.0,0,252.3,243.725,223.75,5.798995051774142,5.050911071390288,0.7480839803838544,60.311313673800896,2135160.1,1.6419143463761803,273.5,243.55,0.05737704918032782,4.878048780487809,1.3752455795677854,-0.7692307692307665,51.24009677476445,14.035714285714286,5.440199335548173,5.857010975484678,15.307262569832393,-14.905660377358487,0.5448473481550486,85,股價高於20日均線、5日均線高於20日均線、20日均線高於60日均線、20日均線向上、RSI介於50至70、MACD多頭、MACD柱狀體為正、量比達1.5以上,56,20日動能尚可、波動率可接受、ATR偏高但可接受、20日回撤可接受、MA20乖離健康、MA60乖離可接受、成交量穩定、短線未過熱,0.0,0.0,0.0,0.0,0.0,0.0,0.0,0,,光電業,116,一般業,-0.44,20.869565217391305,-2.178623997119505,25.217391304347824,56.89718964337433,98.26086956521739,-17.45412880535973,18.26086956521739,22.429263197873148,72.17391304347827,37.95067936236225,97.36842105263158,42.20064972806759,36.52173913043478,178.9581764612753,28.695652173913043,0.24217846541909435,19.130434782608695,,,,,,,,,,206308.0,43.387767838568756,毛利率同產業前20%、營收月增同產業前20%,3608.316,0.0,0.0,0.0,0.0,0.0,49.72,63.4,★★★ 一般觀察,一般觀察,技術趨勢強,無明顯風險訊號,27.494,39.44,250.0,69.0,84.05172413793103,76.0,0.0,43.39,70.0,47.41,45.28,27.494,84.05,39.44,35.0,40.0,65.0,100.0,78.11,🟢 S2中高爆發潛力,10.0,86.75,80.53,100.0,① 尚未啟動,40.01,🔴 暫不考慮,站上MA20且乖離健康、MA20向上、RSI位於起漲區、MACD動能擴張、成交量溫和放大,無明顯風險訊號,偏多順風,偏多順風,44.23,84.05,63.87,90.97,71.18,78.11,S2_E_BALANCED,正常,139.0,128.0,80,80
319,6182,合晶,上櫃,93222713.0,2026-09-24,92430905.0,11137924052.5,116.0,123.0,114.5,120.5,5.0,0,117.2,110.95,119.94666659037271,1.6283403924793873,0.15634800869522292,1.4719923837841644,58.223688445311005,52802580.9,1.7504997563480842,125.0,110.375,0.04329004329004338,9.049773755656098,10.550458715596323,-18.855218855218858,66.54230432971102,6.785714285714286,5.631298162418495,8.607480847228487,0.4613162044068808,-14.693877551020407,0.5308667376283378,70,股價高於20日均線、5日均線高於20日均線、20日均線向上、RSI介於50至70、MACD多頭、MACD柱狀體為正、量比達1.5以上,50,20日動能健康、ATR偏高但可接受、20日回撤可接受、MA20乖離可接受、MA60乖離可接受、成交量穩定、短線未過熱,0.0,0.0,0.0,0.0,0.0,0.0,0.0,0,,半導體業,207,一般業,0.06,19.32367149758454,0.5888505565524715,19.32367149758454,20.915273968894336,18.84057971014493,2.2512773153381698,25.120772946859905,19.9699020023529,35.92233009708738,1.0161289349351676,50.0,33.955112144417235,40.09661835748793,210.31388885500775,33.33333333333333,0.24399983968371147,7.729468599033816,,,,,,,,,,1004466.0,26.46041461469912,,93222.713,0.0,0.0,0.0,0.0,0.0,38.94,31.4,★★ 弱勢,風險偏高,技術面偏多,波動率偏高,30.242,42.82,250.0,76.0,89.22413793103449,69.0,0.0,26.46,75.0,42.82,36.14,30.242,89.22,42.82,35.0,75.0,20.0,100.0,78.06,🟢 S2中高爆發潛力,22.0,86.75,80.53,83.33,④ 趨勢加速,30.09,🔴 暫不考慮,MA20向上、RSI位於起漲區、MACD動能擴張、成交量溫和放大,波動率偏高,偏多順風,偏多順風,34.93,89.22,69.25,56.67,80.65,78.06,S2_E_BALANCED,正常,196.0,213.0,81,81
179,8103,瀚荃,上市,2944400.0,2026-09-24,2903637.0,357147351.0,122.5,126.0,121.5,123.0,-0.5,0,125.4,120.225,96.91833318074545,7.0073118484416455,7.625063457289838,-0.6177516088481925,59.93777893228091,6016858.85,0.4825835327680988,132.0,119.775,-0.004048582995951455,-6.818181818181824,7.8947368421052655,17.14285714285715,70.76605633065743,7.642857142857143,6.213704994192799,2.308172177167811,26.910973355901803,-13.043478260869568,0.7813002314983644,55,股價高於20日均線、5日均線高於20日均線、20日均線高於60日均線、20日均線向上、RSI介於50至70,48,20日動能健康、60日趨勢健康、20日回撤可接受、MA20乖離健康、成交量穩定度普通,-1130983.0,0.0,-144980.0,-1275963.0,3.0,0.0,5.0,10,外資連買至少3日,電子零組件業,210,一般業,2.75,71.9047619047619,10.540089701105728,62.857142857142854,37.43710007302419,87.61904761904762,15.316947887827675,78.0952380952381,51.59721699887176,72.85714285714285,1.9303955110844706,66.19047619047619,41.34661163458625,52.85714285714286,212.77915527473849,59.04761904761905,0.5812079042727837,42.38095238095238,,,21.5,72.61904761904762,2.37,50.96153846153846,61.79029304029304,2.28,69.23076923076923,403097.0,67.40293040293041,毛利率同產業前20%,2944.4,-1130.983,0.0,-144.98,-1275.963,15.384615384615385,49.4,61.6,★★★ 一般觀察,風險偏高,基本面優於產業平均,波動率偏高,24.711,36.13,250.0,61.0,76.50862068965517,48.0,20.0,67.4,55.0,43.56,52.23,24.711,76.51,36.13,0.0,53.0,45.0,80.0,77.96,🟢 S2中高爆發潛力,20.0,86.75,80.53,82.5,② 蓄勢,35.76,🔴 暫不考慮,站上MA20且乖離健康、MA20向上、RSI位於起漲區、外資買盤加速、外資連買,ATR偏高、波動率偏高,偏多順風,偏多順風,48.94,76.51,71.4,97.63,73.55,77.96,S2_E_BALANCED,正常,184.0,68.0,82,82
56,3665,貿聯-KY,上市,4524090.0,2026-09-24,4339283.0,10153922220.0,2410.0,2470.0,2285.0,2340.0,0.0,0,2287.0,2116.0,2093.0833333333335,39.317607404660066,-1.7396728981971963,41.057280302857265,60.89951021645318,3085188.25,1.4064888909128965,2375.0,2101.75,0.0,16.417910447761198,13.868613138686126,14.705882352941169,75.98225780120951,124.64285714285714,5.326617826617826,10.586011342155,11.796791018035591,-19.00647948164147,0.43178837652677815,70,股價高於20日均線、5日均線高於20日均線、20日均線高於60日均線、20日均線向上、RSI介於50至70、MACD多頭、MACD柱狀體為正,60,20日動能健康、60日趨勢健康、ATR偏高但可接受、MA20乖離可接受、MA60位置健康、成交量穩定、短線略熱,-445505.0,593075.0,74266.0,221836.0,0.0,2.0,5.0,30,投信近5日買超、自營商近5日買超、三大法人合計買超,其他電子業,95,一般業,26.94,98.94736842105263,21.205060868553158,76.84210526315789,29.8019834120126,65.26315789473685,16.12488228238333,75.78947368421053,53.99150153319462,69.47368421052632,-7.667158350869374,24.210526315789473,46.242643673233566,50.526315789473685,213.68771749016733,64.21052631578948,0.9576921938805705,83.15789473684211,,,42.97,18.421052631578945,9.21,13.043478260869565,15.732265446224254,0.65,30.434782608695656,8891805.0,65.41281464530893,EPS同產業前20%、資產周轉同產業前20%,4524.09,-445.505,593.075,74.266,221.836,46.15384615384615,61.85,88.1,★★★★ 觀察候選,風險偏高,技術面偏多、基本面優於產業平均、風險動能健康、綜合表現前25%,波動率偏高,36.617,42.48,250.0,90.0,98.27586206896551,77.0,25.0,65.41,70.0,58.61,73.84,36.617,98.28,42.48,42.0,85.0,20.0,83.0,77.68,🟢 S2中高爆發潛力,40.0,86.75,80.53,82.5,⑤ 過熱,12.82,🟠 短線過熱,MA20向上、RSI位於起漲區、MACD動能擴張、成交量溫和放大、接近20日突破、投信5日買超、法人買超占量提升,5日漲幅過大、波動率偏高、近期回撤偏大,偏多順風,偏多順風,53.64,98.28,82.15,56.67,29.46,77.68,S2_E_BALANCED,正常,47.0,5.0,83,83
405,3450,聯鈞,上市,5014009.0,2026-09-24,4821977.0,2473674201.0,516.0,522.0,505.0,513.0,-7.0,0,528.4,550.925,506.2083333333333,-2.812954174696415,2.264230452986435,-5.0771846276828505,46.17905790093492,8220716.15,0.5865641036638882,653.0,554.175,-0.013461538461538414,-2.285714285714291,-11.245674740484423,2.39520958083832,77.30093655112694,33.67857142857143,6.565023670286829,-6.8838771157598515,1.3416742118693037,-23.76160990712074,0.7123411706693907,15,20日均線高於60日均線,26,60日趨勢尚可、MA60乖離可接受、成交量穩定度普通、短線未過熱,-5345409.0,1286000.0,-138651.0,-4198060.0,0.0,0.0,5.0,15,投信近5日買超,半導體業,207,一般業,2.78,51.690821256038646,15.839376686762712,67.14975845410628,29.25270197305354,33.33333333333333,18.214258770871343,66.18357487922705,109.75810219812358,86.89320388349515,2.416676446185706,59.22330097087378,44.78963272926223,23.18840579710145,189.07183551406465,26.570048309178745,0.6512271981442903,63.28502415458937,,,104.06,10.0,13.38,5.208333333333334,7.604166666666667,0.19,22.916666666666664,1247981.0,52.890789597110825,營收年增同產業前20%,5014.009,-5345.409,1286.0,-138.651,-4198.06,23.076923076923077,30.18,12.9,★★ 弱勢,風險偏高,,波動率偏高、近期回撤偏大,22.515,32.36,250.0,56.0,67.88793103448276,8.0,15.0,52.89,18.0,18.33,37.66,22.515,67.89,32.36,0.0,0.0,45.0,48.0,77.55,🟢 S2中高爆發潛力,28.0,86.75,80.53,83.33,⑥ 轉弱,0.0,🔴 暫不考慮,投信5日買超,ATR偏高、波動率偏高、近期回撤偏大,偏多順風,偏多順風,15.13,67.89,76.13,97.2,89.25,77.55,S2_E_BALANCED,正常,413.0,202.0,84,84
364,5475,德宏,上櫃,2840993.0,2026-09-24,2778864.0,502974384.0,175.5,183.0,175.0,181.0,4.0,0,179.4,185.075,168.475,1.1330986252595494,2.388968603224804,-1.2558699779652547,51.47229117385209,6036717.9,0.4603269601185107,215.0,185.975,0.02259887005649719,5.5393586005831,-9.045226130653262,-21.98275862068966,57.223852236702555,12.0,6.629834254143646,-2.2018100769958027,7.43433743878914,-16.870415647921753,0.5877741426767344,25,20日均線高於60日均線、RSI介於50至70,25,MA60位置健康、成交量穩定、短線未過熱,0.0,0.0,0.0,0.0,0.0,0.0,0.0,0,,電子零組件業,210,一般業,1.19,54.285714285714285,28.03516586826957,92.85714285714286,33.42780541082696,80.47619047619048,17.960946183464692,86.66666666666667,271.8799275827834,99.04761904761905,11.063243450657545,86.19047619047619,63.65703928020756,11.904761904761903,191.92458758837392,51.42857142857142,0.5579178345694747,39.523809523809526,,,,,,,,,,254708.0,73.72835497835499,ROE同產業前20%、毛利率同產業前20%、營業利益率同產業前20%、營收年增同產業前20%、營收月增同產業前20%,2840.993,0.0,0.0,0.0,0.0,0.0,34.62,21.8,★★ 弱勢,整理觀察,基本面優於產業平均,無明顯風險訊號,23.946,38.37,250.0,60.0,72.84482758620689,15.0,0.0,73.73,30.0,21.56,44.08,23.946,72.84,38.37,0.0,30.0,45.0,65.0,77.22,🟢 S2中高爆發潛力,23.0,86.75,80.53,82.5,⑥ 轉弱,0.0,🔴 暫不考慮,RSI位於起漲區,ATR偏高、近期回撤偏大,偏多順風,偏多順風,20.26,72.84,67.96,97.42,85.59,77.22,S2_E_BALANCED,正常,395.0,141.0,85,85
441,3234,光環,上櫃,4460678.0,2026-09-24,4265264.0,759216992.0,163.0,180.0,162.0,178.0,8.0,0,175.9,186.425,144.23104565938314,5.1407544585024425,9.214769169867537,-4.074014711365095,53.32328453310357,3530260.05,1.208201078557938,220.0,186.525,0.04705882352941182,0.5649717514124353,-1.1111111111111072,39.607843137254896,75.62607591002056,11.964285714285714,6.721508828250402,-4.519243663671723,23.41309680328174,-22.51184834123223,0.42731154058743265,25,20日均線高於60日均線、RSI介於50至70,28,60日趨勢尚可、MA60乖離可接受、成交量穩定、短線未過熱,0.0,0.0,0.0,0.0,0.0,0.0,0.0,0,,通信網路業,92,一般業,-0.48,20.652173913043477,-15.206570712688622,13.043478260869565,15.024696830573408,23.91304347826087,-15.018892019968549,17.391304347826086,110.12726780395343,89.01098901098901,13.116000124944026,72.52747252747253,43.48555286303576,38.04347826086957,196.9454613884422,53.2608695652174,0.601643504205596,48.91304347826087,,,,,,,,,,108640.0,38.52289015332494,營收年增同產業前20%,4460.678,0.0,0.0,0.0,0.0,0.0,24.66,5.2,★★ 弱勢,風險偏高,,波動率偏高、近期回撤偏大,21.154,32.83,250.0,53.0,63.793103448275865,25.0,0.0,38.52,30.0,20.28,32.91,21.154,63.79,32.83,12.0,40.0,45.0,68.0,77.11,🟢 S2中高爆發潛力,28.0,86.75,80.53,76.67,⑥ 轉弱,0.0,🔴 暫不考慮,RSI位於起漲區、成交量溫和放大,ATR偏高、波動率偏高、近期回撤偏大,偏多順風,偏多順風,11.33,63.79,84.09,95.7,86.88,77.11,S2_E_BALANCED,正常,403.0,237.0,86,86
202,6834,天二科技,上市,5943310.0,2026-09-24,5890521.0,683300436.0,112.0,117.5,112.0,116.0,2.5,0,113.3,101.0449993133545,100.62333285013834,4.789000975328591,2.9381873571881387,1.8508136181404522,64.69863901131295,6023920.9,0.9778549715020328,121.0,99.82499923706055,0.022026431718061623,14.28571428571428,26.6375566946897,-10.769230769230765,67.60789394205094,8.421428680419922,7.25985231070683,14.800337263863984,15.281413082155249,-18.883723769077033,0.5169916532720621,70,股價高於20日均線、5日均線高於20日均線、20日均線高於60日均線、20日均線向上、RSI介於50至70、MACD多頭、MACD柱狀體為正,28,20日動能尚可、MA20乖離可接受、MA60乖離可接受、成交量穩定、短線略熱,-225643.0,0.0,142061.0,-83582.0,0.0,0.0,5.0,5,自營商近5日買超,電子零組件業,210,一般業,1.6,59.523809523809526,18.324108520097994,81.42857142857143,26.003816660770607,64.28571428571429,10.846092905295992,67.14285714285714,114.30418863995163,96.19047619047619,5.030908148062796,76.66666666666667,40.74594652718573,54.285714285714285,153.2755545948283,25.71428571428571,0.7707512461884682,71.9047619047619,,,50.43,30.952380952380953,6.65,17.307692307692307,24.130036630036628,0.34,25.0,255202.0,65.3970695970696,ROE同產業前20%、營收年增同產業前20%,5943.31,-225.643,0.0,142.061,-83.582,7.6923076923076925,47.76,56.7,★★★ 一般觀察,風險偏高,技術面偏多、基本面優於產業平均,ATR偏高、波動率偏高,23.682,41.88,250.0,60.0,71.98275862068965,59.0,5.0,65.4,30.0,39.41,50.49,23.682,71.98,41.88,10.0,60.0,45.0,65.0,77.08,🟢 S2中高爆發潛力,40.0,86.75,80.53,82.5,⑤ 過熱,0.0,🟠 短線過熱,MA20向上、RSI位於起漲區、MACD動能擴張,MA20乖離過大、ATR偏高、波動率偏高、近期回撤偏大,偏多順風,偏多順風,32.39,71.98,92.26,56.67,87.53,77.08,S2_E_BALANCED,正常,241.0,82.0,87,87
151,2409,友達,上市,542503236.0,2026-09-24,541275783.0,18511632191.56065,34.75,35.95000076293945,33.75,34.20000076293945,-0.5,0,33.85000038146973,29.705000114440917,27.469166660308836,2.0334164142142903,1.4306926881268376,0.6027237260874527,65.92794771049441,442129134.65,1.2242481677406012,36.650001525878906,29.257500076293944,-0.014409221585205634,14.000002543131519,35.44554757599783,12.131150042424444,67.4559035090106,2.2357145036969865,6.53717676556224,15.132134762434557,24.503233701502246,-10.576926486261652,0.6501036072526868,70,股價高於20日均線、5日均線高於20日均線、20日均線高於60日均線、20日均線向上、RSI介於50至70、MACD多頭、MACD柱狀體為正,33,60日趨勢健康、20日回撤可接受、MA60乖離可接受、成交量穩定度普通、短線略熱,195158038.0,3783119.0,24721406.0,223662563.0,0.0,0.0,5.0,40,外資近5日買超、投信近5日買超、自營商近5日買超、三大法人合計買超,光電業,116,一般業,0.03,30.0,1.2948913527724393,34.78260869565217,12.458062066893879,28.695652173913043,-0.2982214110464783,47.82608695652174,-5.8591638763645015,37.391304347826086,13.40976671117151,83.33333333333334,55.80814887581403,14.782608695652174,116.86846145977925,8.695652173913043,0.7409652957125543,79.13043478260869,,,142.5,13.953488372093023,1.67,57.35294117647059,35.65321477428181,1.17,57.35294117647059,23101650.0,39.49420091595789,營收月增同產業前20%,542503.236,195158.038,3783.119,24721.406,223662.563,61.53846153846154,51.76,67.7,★★★ 一般觀察,短線過熱,技術面偏多、法人偏多,20日漲幅過大、MA20乖離過大、波動率偏高,23.637,40.89,250.0,60.0,71.76724137931035,62.0,35.0,39.49,30.0,45.72,35.3,23.637,71.77,40.89,47.0,68.0,0.0,85.0,76.74,🟢 S2中高爆發潛力,40.0,86.75,80.53,100.0,⑤ 過熱,1.33,🟠 短線過熱,MA20向上、成交量溫和放大、近期突破20日高、外資5日買超、投信5日買超、法人買超占量提升,MA20乖離過大、ATR偏高、波動率偏高,偏多順風,偏多順風,20.51,71.77,92.04,56.67,86.24,76.74,S2_E_BALANCED,正常,157.0,219.0,88,88
237,2426,鼎元,上市,28496177.0,2026-09-24,28348949.0,2747013201.3570633,97.80000305175781,101.0,96.5,96.9000015258789,-0.9000015258789062,0,99.06000213623047,98.4950008392334,77.78916670481364,4.440676204327048,5.635820631946057,-1.1951444276190095,54.61143285594988,48366325.6,0.5861298878573484,111.0,98.48000068664551,-0.009202469302609373,0.9375015894572014,0.3105621702863548,29.545451300087542,83.03918778005472,6.285714830671038,6.486805708658657,-1.6193708307672416,24.56747594891344,-15.534880882085755,0.39131965188089174,45,5日均線高於20日均線、20日均線高於60日均線、20日均線向上、RSI介於50至70,43,20日動能尚可、60日趨勢健康、MA60乖離可接受、成交量穩定、短線未過熱,-3314360.0,68.0,224450.0,-3089842.0,0.0,0.0,5.0,20,投信近5日買超、自營商近5日買超,光電業,116,一般業,0.28,42.173913043478265,4.336688797117601,50.43478260869565,21.229015056537797,50.43478260869565,5.84866510337982,70.43478260869566,38.57482029343866,78.26086956521739,-0.8342369922056947,53.50877192982456,19.160113285594196,84.34782608695653,333.5860006302808,74.78260869565217,0.5215458475298664,56.52173913043478,,,969.0,4.651162790697675,7.59,8.823529411764707,6.737346101231191,0.1,48.529411764705884,253312.0,56.308081778824025,負債比同產業前20%,28496.177,-3314.36,0.068,224.45,-3089.842,30.76923076923077,45.15,49.1,★★ 弱勢,風險偏高,,波動率偏高,21.71,35.17,250.0,54.0,65.73275862068965,40.0,35.0,56.31,70.0,45.45,49.94,21.71,65.73,35.17,15.0,50.0,45.0,63.0,76.48,🟢 S2中高爆發潛力,28.0,86.75,80.53,100.0,③ 剛啟動,36.05,🔴 暫不考慮,MA20向上、MA5近期上穿MA20、RSI位於起漲區、投信5日買超、投信買盤加速,ATR偏高、波動率偏高、近期回撤偏大,偏多順風,偏多順風,47.16,65.73,81.29,93.12,84.09,76.48,S2_E_BALANCED,正常,161.0,86.0,89,89
137,6133,金橋,上市,2307472.0,2026-09-24,2297456.0,59618984.952819824,26.0,26.75,25.899999618530273,25.950000762939453,-0.09999847412109375,0,26.93000030517578,24.427499961853027,22.974166615804037,1.0675068106936259,0.8207543493806069,0.24675246131301898,59.134767630693815,3622897.6,0.6341487543009772,29.399999618530273,24.289999961853027,-0.0038387131305105404,-0.38387131305105404,11.853447886057623,-1.1428542364211314,62.929383552269826,1.5642855507986886,6.02807516303709,6.232732794858364,12.95295797623548,-10.887092494567518,1.116168982722102,70,股價高於20日均線、5日均線高於20日均線、20日均線高於60日均線、20日均線向上、RSI介於50至70、MACD多頭、MACD柱狀體為正,50,20日動能健康、20日回撤可接受、MA20乖離健康、MA60位置健康、短線未過熱,1571905.0,0.0,6036.0,1577941.0,0.0,0.0,5.0,25,外資近5日買超、自營商近5日買超、三大法人合計買超,電子零組件業,210,一般業,0.5,39.523809523809526,7.640140222127576,54.285714285714285,25.44990111113033,63.33333333333333,11.50916523955324,69.04761904761905,2.1503024388602388,22.857142857142858,-10.270394099954927,22.857142857142858,38.354709140379114,60.476190476190474,131.79597746270224,15.714285714285714,0.5604145258545475,40.0,,,23.38,61.904761904761905,1.99,61.53846153846154,61.72161172161172,3.85,86.53846153846155,121423.0,48.256410256410255,殖利率同產業前20%,2307.472,1571.905,0.0,6.036,1577.941,38.46153846153847,53.17,70.6,★★★ 一般觀察,一般觀察,技術面偏多,成交量波動較大,25.567,41.36,250.0,64.0,77.80172413793103,49.0,20.0,48.26,50.0,40.34,50.61,25.567,77.8,41.36,0.0,45.0,25.0,80.0,76.44,🟢 S2中高爆發潛力,20.0,86.75,80.53,82.5,① 尚未啟動,21.54,🔴 暫不考慮,MA20向上、RSI位於起漲區、外資5日買超、法人買超占量提升,ATR偏高、波動率偏高,偏多順風,偏多順風,44.8,77.8,68.82,96.56,64.95,76.44,S2_E_BALANCED,正常,227.0,81.0,90,90
331,1595,川寶,上櫃,1650908.0,2026-09-24,1622011.0,125543653.87499237,76.69999694824219,80.0,75.0,77.4000015258789,-1.0999984741210938,0,72.93999938964843,67.40000038146972,63.78666687011719,2.5466605367005286,1.1308220536931488,1.4158384830073798,69.78200366459869,874615.1,1.8545426439584682,81.5,66.79500045776368,-0.014012719415555375,20.186334925436288,18.52985897187547,-2.1491744387307055,62.58958849687011,3.342857905796596,4.3189377776419065,14.836796866188863,21.341975249280985,-15.479451009671985,1.6826653000724798,85,股價高於20日均線、5日均線高於20日均線、20日均線高於60日均線、20日均線向上、RSI介於50至70、MACD多頭、MACD柱狀體為正、量比達1.5以上,30,20日動能健康、ATR偏高但可接受、MA20乖離可接受、MA60乖離可接受,0.0,0.0,0.0,0.0,0.0,0.0,0.0,0,,半導體業,207,一般業,-0.98,5.797101449275362,-3.956033184519831,11.594202898550725,19.85619858383278,14.975845410628018,-19.774636673245023,9.178743961352657,35.61091377251082,56.79611650485437,-21.60419655667145,6.796116504854369,32.62315025392927,44.927536231884055,262.9674536989803,52.65700483091788,0.20611386528102332,4.830917874396135,,,,,,,,,,87427.0,22.169297448951312,,1650.908,0.0,0.0,0.0,0.0,0.0,38.15,28.9,★★ 弱勢,短線過熱,技術趨勢強,5日漲幅過大、成交量波動較大,27.285,43.74,250.0,68.0,83.1896551724138,79.0,0.0,22.17,45.0,41.68,30.35,27.285,83.19,43.74,85.0,45.0,65.0,100.0,76.41,🟢 S2中高爆發潛力,40.0,86.75,80.53,83.33,⑤ 過熱,0.0,🟠 短線過熱,MA20向上、MA5近期上穿MA20、MACD動能擴張、成交量溫和放大、近期突破20日高,5日漲幅過大、MA20乖離過大、波動率偏高、近期回撤偏大,偏多順風,偏多順風,16.28,83.19,77.63,56.67,73.76,76.41,S2_E_BALANCED,正常,207.0,262.0,91,91
219,6706,惠特,上市,2291537.0,2026-09-24,2258121.0,322911303.0,143.5,146.0,142.5,143.0,-1.0,0,149.9,135.825,124.19000002543132,7.373999752354706,6.533414680668528,0.8405850716861778,55.38112022054953,6469278.9,0.34905296786632584,168.0,134.875,-0.00694444444444442,-1.379310344827589,15.322580645161299,-4.347826086956519,80.04814597678785,10.5,7.3426573426573425,5.282532670716011,15.146147009193033,-12.804878048780488,1.0478233154222116,70,股價高於20日均線、5日均線高於20日均線、20日均線高於60日均線、20日均線向上、RSI介於50至70、MACD多頭、MACD柱狀體為正,45,20日動能健康、20日回撤可接受、MA20乖離健康、MA60乖離可接受、短線未過熱,163066.0,0.0,69691.0,232757.0,0.0,0.0,5.0,25,外資近5日買超、自營商近5日買超、三大法人合計買超,光電業,116,一般業,-2.85,1.7391304347826086,-12.074457989319392,12.173913043478262,-8.445495439432463,7.82608695652174,-84.96405478607709,5.217391304347826,120.52782591403653,95.65217391304348,17.147815588923265,90.35087719298247,51.49037713934168,17.391304347826086,206.1717708119466,46.95652173913044,0.08826794001061178,6.086956521739131,,,,,3.03,27.941176470588236,27.941176470588236,0.0,24.264705882352942,77628.0,29.60084802799839,營收年增同產業前20%、營收月增同產業前20%,2291.537,163.066,0.0,69.691,232.757,38.46153846153847,46.57,53.0,★★★ 一般觀察,風險偏高,技術面偏多,ATR偏高、波動率偏高、成交量波動較大,25.45,38.72,250.0,63.0,77.58620689655173,56.0,15.0,29.6,40.0,37.34,26.83,25.45,77.59,38.72,0.0,45.0,45.0,48.0,76.03,🟢 S2中高爆發潛力,20.0,86.75,80.53,100.0,① 尚未啟動,19.94,🔴 暫不考慮,站上MA20且乖離健康、MA20向上、RSI位於起漲區、外資5日買超,ATR偏高、波動率偏高,偏多順風,偏多順風,25.45,77.59,81.94,56.67,80.86,76.03,S2_E_BALANCED,正常,269.0,297.0,92,92
265,3498,陽程,上櫃,3224449.0,2026-09-24,3167486.0,677842004.0,198.0,215.0,197.0,214.0,15.0,0,201.9,194.5,153.31333338419597,9.94586262336503,10.33536882275747,-0.38950619939243936,64.692700806141,2825460.55,1.1210512211894093,221.5,193.975,0.07537688442211055,15.989159891598925,5.1597051597051635,73.98373983739836,80.14208010433805,12.678571428571429,5.924566088117491,10.025706940874034,39.58342387855212,-16.58653846153846,0.4548634828642278,55,股價高於20日均線、5日均線高於20日均線、20日均線高於60日均線、20日均線向上、RSI介於50至70,35,20日動能健康、ATR偏高但可接受、MA20乖離可接受、成交量穩定、短線略熱,0.0,0.0,0.0,0.0,0.0,0.0,0.0,0,,其他電子業,95,一般業,3.26,67.36842105263158,15.780270971757465,66.3157894736842,41.63770132555166,82.10526315789474,21.595844764549803,89.47368421052632,326.0465447130375,98.94736842105263,-16.310903899805773,12.631578947368421,53.40003666633838,31.57894736842105,168.683117475422,41.05263157894737,0.398084305293427,26.31578947368421,,,,,,,,,,359366.0,65.65789473684211,毛利率同產業前20%、營業利益率同產業前20%、營收年增同產業前20%,3224.449,0.0,0.0,0.0,0.0,0.0,43.2,43.1,★★ 弱勢,風險偏高,基本面優於產業平均,MA60乖離過大、波動率偏高,23.074,32.43,250.0,58.0,69.61206896551724,58.0,0.0,65.66,40.0,39.05,47.84,23.074,69.61,32.43,15.0,43.0,45.0,73.0,76.01,🟢 S2中高爆發潛力,40.0,86.75,80.53,82.5,⑤ 過熱,0.0,🟠 短線過熱,MA20向上、MA5近期上穿MA20、RSI位於起漲區、成交量溫和放大,5日漲幅過大、波動率偏高、近期回撤偏大,偏多順風,偏多順風,30.27,69.61,88.6,56.67,93.55,76.01,S2_E_BALANCED,正常,248.0,106.0,93,93
122,6533,晶心科,上市,6688397.0,2026-09-24,6486551.0,1790288076.0,251.0,276.0,250.0,276.0,25.0,0,263.1,252.23333892822265,236.27777964274088,4.3369760456458835,2.7184194287871932,1.6185566168586902,62.23985877026124,2054956.35,3.156539553747699,278.5,251.85833892822265,0.09960159362549792,9.741550695825051,2.7932960893854775,36.63366336633664,67.73092083670277,13.857142857142858,5.020703933747412,9.422489974071425,16.811661433978387,-16.542750929368033,0.9308147805981123,85,股價高於20日均線、5日均線高於20日均線、20日均線高於60日均線、20日均線向上、RSI介於50至70、MACD多頭、MACD柱狀體為正、量比達1.5以上,44,20日動能尚可、60日趨勢尚可、ATR偏高但可接受、MA20乖離可接受、MA60乖離可接受、成交量穩定度普通、短線未過熱,2787178.0,10000.0,47697.0,2844875.0,1.0,0.0,5.0,40,外資近5日買超、投信近5日買超、自營商近5日買超、三大法人合計買超,半導體業,207,一般業,-4.62,0.966183574879227,-10.918186193526282,7.246376811594203,99.87049403835661,99.03381642512076,-34.390666608411394,5.797101449275362,-25.725230125795587,7.281553398058252,-5.211087278229498,27.184466019417474,29.283312211333122,55.072463768115945,497.24567009611064,83.57487922705315,0.29467022444999996,14.009661835748794,,,,,3.26,50.520833333333336,50.520833333333336,0.0,9.895833333333332,114014.0,26.001028915154066,毛利率同產業前20%、流動比率同產業前20%,6688.397,2787.178,10.0,47.697,2844.875,61.53846153846154,54.41,73.9,★★★ 一般觀察,風險偏高,技術趨勢強、法人偏多,波動率偏高,27.944,39.71,250.0,71.0,85.5603448275862,74.0,55.0,26.0,60.0,59.0,42.13,27.944,85.56,39.71,70.0,65.0,65.0,100.0,75.94,🟢 S2中高爆發潛力,30.0,86.75,80.53,83.33,③ 剛啟動,46.27,🔴 暫不考慮,MA20向上、MA5近期上穿MA20、RSI位於起漲區、MACD動能擴張、接近20日突破、外資5日買超、投信5日買超、外資買盤加速,波動率偏高、近期回撤偏大,偏多順風,偏多順風,42.96,85.56,69.68,56.67,76.77,75.94,S2_E_BALANCED,正常,44.0,157.0,94,94
340,4979,華星光,上櫃,8886625.0,2026-09-24,8543853.0,4810189239.0,581.0,590.0,559.0,563.0,-27.0,0,597.4,584.85,505.73333333333335,11.218656852416188,14.314445238795239,-3.0957883863790503,49.31338776624983,7004222.3,1.219814653798181,658.0,587.55,-0.045762711864406724,1.2589928057553879,-8.752025931928687,26.516853932584272,86.81475119338792,40.5,7.193605683836591,-3.736000683936058,11.323490640653834,-19.0779014308426,0.8484516071423814,25,5日均線高於20日均線、20日均線高於60日均線,38,60日趨勢健康、MA60位置健康、成交量穩定度普通、短線未過熱,0.0,0.0,0.0,0.0,0.0,0.0,0.0,0,,通信網路業,92,一般業,2.91,83.69565217391305,18.593575224498778,82.6086956521739,23.873493204263617,48.91304347826087,19.620710017699285,84.78260869565217,37.44891612802506,61.53846153846154,7.289834249582827,65.93406593406593,28.96400158150646,76.08695652173914,353.34898205317444,82.6086956521739,0.7922166651083489,73.91304347826086,,,,,,,,,,545866.0,74.38946922642575,EPS同產業前20%、ROE同產業前20%、營業利益率同產業前20%、流動比率同產業前20%,8886.625,0.0,0.0,0.0,0.0,0.0,37.42,26.9,★★ 弱勢,風險偏高,基本面優於產業平均,ATR偏高、波動率偏高,20.885,32.12,250.0,53.0,62.71551724137932,33.0,0.0,74.39,45.0,31.11,45.09,20.885,62.72,32.12,27.0,40.0,25.0,68.0,75.73,🟢 S2中高爆發潛力,28.0,86.75,80.53,76.67,⑥ 轉弱,0.0,🔴 暫不考慮,MA5近期上穿MA20、成交量溫和放大,ATR偏高、波動率偏高、近期回撤偏大,偏多順風,偏多順風,21.07,62.72,81.51,93.76,87.1,75.73,S2_E_BALANCED,正常,329.0,130.0,95,95
239,6510,精測,上櫃,1064546.0,2026-09-24,978696.0,3239483760.0,3460.0,3460.0,3280.0,3310.0,-165.0,0,3498.0,3359.25,2941.1666666666665,138.57793349518352,153.1292319521014,-14.551298456917891,51.704642220698595,1115442.0,0.8774064451580629,3935.0,3330.75,-0.0474820143884892,3.4375000000000044,20.802919708029187,2.1604938271605034,81.76208200299307,248.21428571428572,7.498921018558481,-1.4661010642256445,12.540375134583792,-12.806539509536785,0.3915291551198787,45,5日均線高於20日均線、20日均線高於60日均線、20日均線向上、RSI介於50至70,46,20日動能尚可、60日趨勢尚可、20日回撤可接受、MA60位置健康、成交量穩定、短線未過熱,0.0,0.0,0.0,0.0,0.0,0.0,0.0,0,,半導體業,207,一般業,25.45,92.27053140096618,16.41089343192572,68.59903381642512,57.17831660095616,88.40579710144928,32.26293500399068,88.88888888888889,54.27157903895514,74.27184466019418,3.856942496493687,66.99029126213593,28.040166764700324,57.971014492753625,436.6264894398796,77.77777777777779,0.425701968111528,34.29951690821256,,,,,,,,,,638311.0,74.5246896998691,EPS同產業前20%、毛利率同產業前20%、營業利益率同產業前20%,1064.546,0.0,0.0,0.0,0.0,0.0,45.06,48.7,★★ 弱勢,風險偏高,基本面優於產業平均,ATR偏高、波動率偏高,24.642,32.89,250.0,62.0,76.29310344827587,48.0,0.0,74.52,68.0,40.58,52.89,24.642,76.29,32.89,15.0,75.0,25.0,48.0,75.68,🟢 S2中高爆發潛力,20.0,86.75,80.53,83.33,③ 剛啟動,37.85,🔴 暫不考慮,MA20向上、RSI位於起漲區、MACD近期黃金交叉,ATR偏高、波動率偏高,偏多順風,偏多順風,49.88,76.29,81.72,56.67,82.8,75.68,S2_E_BALANCED,正常,222.0,64.0,96,96
306,3008,大立光,上市,1200518.0,2026-09-24,1081580.0,6754467100.0,6105.0,6310.0,6080.0,6245.0,55.0,0,6334.0,6701.5,5240.333333333333,151.89790660427116,279.01167987381353,-127.11377326954238,51.050740406968316,2171619.35,0.49805229447785127,7995.0,6735.0,0.008885298869143687,3.7375415282391966,-9.689081706435287,45.40162980209546,80.27233476279004,393.2142857142857,6.296465744023791,-6.811907781839888,19.171808409134282,-23.23943661971831,0.38394592091606833,25,20日均線高於60日均線、RSI介於50至70,28,60日趨勢尚可、MA60乖離可接受、成交量穩定、短線未過熱,-2026356.0,298845.0,323295.0,-1404216.0,0.0,0.0,5.0,20,投信近5日買超、自營商近5日買超,光電業,116,一般業,82.35,100.0,11.268883517567579,75.65217391304347,49.41142472014806,97.3913043478261,37.5236529436741,99.1304347826087,-16.23206393579812,18.26086956521739,2.764419478880775,66.66666666666666,14.4349120259779,96.52173913043478,485.46693598728126,89.56521739130436,0.25833592014882545,20.869565217391305,,,33.21,44.18604651162791,4.26,16.176470588235293,30.1812585499316,1.28,58.82352941176471,5011942.0,69.11526794742164,EPS同產業前20%、毛利率同產業前20%、營業利益率同產業前20%、負債比同產業前20%、流動比率同產業前20%,1200.518,-2026.356,298.845,323.295,-1404.216,30.76923076923077,39.99,34.3,★★ 弱勢,風險偏高,基本面優於產業平均,波動率偏高、近期回撤偏大,17.736,29.22,250.0,43.0,53.879310344827594,15.0,20.0,69.12,30.0,26.87,40.16,17.736,53.88,29.22,0.0,55.0,25.0,63.0,75.46,🟢 S2中高爆發潛力,28.0,86.75,80.53,100.0,⑥ 轉弱,0.0,🔴 暫不考慮,RSI位於起漲區、投信5日買超,ATR偏高、波動率偏高、近期回撤偏大,偏多順風,偏多順風,17.12,53.88,89.89,99.35,92.26,75.46,S2_E_BALANCED,正常,354.0,178.0,97,97
344,2342,茂矽,上市,43473432.0,2026-09-24,43321856.0,2088113492.2519531,47.20000076293945,50.900001525878906,46.54999923706055,48.20000076293945,1.8500022888183594,0,43.75,40.625000190734866,41.21083348592122,1.2400631971410832,0.32682050258977247,0.9132426945513107,71.45562060928538,4977445.35,8.703632677755067,46.349998474121094,40.222500228881835,0.03991375080306181,21.7171783338288,20.0498105382932,-13.928570066179546,55.6353690656409,2.3571434020996094,4.890338931098101,18.64615516711352,16.959538756734748,-8.827080642979935,1.870597967848859,75,股價高於20日均線、5日均線高於20日均線、20日均線向上、MACD多頭、MACD柱狀體為正、量比達1.5以上、突破20日高點,23,20日動能尚可、ATR偏高但可接受、20日回撤可接受、MA60乖離可接受,-4354781.0,0.0,72211.0,-4282570.0,0.0,0.0,5.0,5,自營商近5日買超,半導體業,207,一般業,-0.23,13.285024154589372,-3.055719873975665,13.043478260869565,15.256987723191036,10.144927536231885,-4.65887888938374,16.425120772946862,3.9542269322379093,19.902912621359224,-1.552820412232958,38.349514563106794,24.46004349507339,65.70048309178745,283.21628092577816,57.971014492753625,0.6557505111663048,64.73429951690821,,,,,3.3,46.875,46.875,0.0,9.895833333333332,180687.0,27.339492167346748,,43473.432,-4354.781,0.0,72.211,-4282.57,7.6923076923076925,36.84,26.1,★★ 弱勢,短線過熱,技術面偏多,5日漲幅過大、MA20乖離過大、成交量波動較大,25.994,38.13,250.0,63.0,78.66379310344827,54.0,5.0,27.34,45.0,33.95,14.23,25.994,78.66,38.13,45.0,45.0,45.0,80.0,75.42,🟢 S2中高爆發潛力,40.0,86.75,80.53,83.33,⑤ 過熱,0.0,🟠 短線過熱,MA20向上、MACD動能擴張、近期突破20日高,5日漲幅過大、MA20乖離過大,偏多順風,偏多順風,3.38,78.66,80.22,56.67,76.45,75.42,S2_E_BALANCED,正常,309.0,425.0,98,98
261,8042,金山電,上櫃,3606662.0,2026-09-24,3562861.0,406166154.0,110.0,117.0,110.0,114.0,2.5,0,112.38422546386718,111.41578330993653,120.34526112874349,-0.16972722423996345,-0.8108133132489677,0.6410860890090042,51.737121076721934,5627320.2,0.6331363550273894,123.5,110.94078330993652,0.022421524663677195,3.8916193684322975,9.090909090909083,-44.794188861985475,82.16072212633809,7.020030430385044,6.157921430162319,2.3194350147633047,-5.272547559604712,-13.733905579399142,0.5828632195256411,55,股價高於20日均線、5日均線高於20日均線、20日均線向上、RSI介於50至70、MACD多頭、MACD柱狀體為正,45,20日動能健康、20日回撤可接受、MA20乖離健康、成交量穩定、短線未過熱,0.0,0.0,0.0,0.0,0.0,0.0,0.0,0,,電子零組件業,210,一般業,2.84,72.38095238095238,16.421279104469257,79.52380952380952,21.253626457829746,47.61904761904761,7.740182202987538,58.57142857142858,38.75206530687438,61.904761904761905,10.32144369299781,85.71428571428571,54.18998898993668,23.333333333333332,157.67687248461678,30.476190476190478,0.4696039592826907,28.57142857142857,,,,,,,,,,482033.0,59.68073593073593,營收月增同產業前20%,3606.662,0.0,0.0,0.0,0.0,0.0,43.4,44.0,★★ 弱勢,風險偏高,,波動率偏高,30.203,44.06,250.0,76.0,89.00862068965517,66.0,0.0,59.68,85.0,48.1,59.76,30.203,89.01,44.06,10.0,75.0,45.0,63.0,75.28,🟢 S2中高爆發潛力,20.0,86.75,80.53,82.5,② 蓄勢,40.31,🔴 暫不考慮,站上MA20且乖離健康、MA20向上、RSI位於起漲區、MACD動能擴張,ATR偏高、波動率偏高,偏多順風,偏多順風,55.87,89.01,66.45,94.62,29.46,75.28,S2_E_BALANCED,正常,133.0,34.0,99,99
192,3006,晶豪科,上市,6499142.0,2026-09-24,6318725.0,1737649375.0,272.0,275.5,265.5,275.0,1.0,0,280.7,283.975,249.56666666666666,4.706305754565676,8.016363463613494,-3.3100577090478183,49.92513542389687,16310315.8,0.38740666198504875,319.0,283.925,0.0036496350364962904,-1.2567324955116699,0.36496350364962904,26.146788990825698,66.38679437757082,16.714285714285715,6.077922077922078,-3.1604894797077288,10.190997729397623,-15.384615384615385,0.5240846042884039,25,20日均線高於60日均線、20日均線向上,48,20日動能尚可、60日趨勢健康、MA60位置健康、成交量穩定、短線未過熱,-7140852.0,483000.0,342339.0,-6315513.0,0.0,0.0,5.0,20,投信近5日買超、自營商近5日買超,半導體業,207,一般業,27.58,93.23671497584542,83.89746070041352,98.06763285024155,61.44340497233834,93.23671497584542,44.44229745009668,96.1352657004831,605.2432014317565,100.0,16.50979812995843,91.74757281553399,36.837806031413706,33.33333333333333,267.13308582395354,54.589371980676326,1.410617140734926,97.58454106280193,,,8.67,95.0,4.12,37.5,66.25,0.36,29.166666666666668,7904796.0,84.72514422400451,EPS同產業前20%、ROE同產業前20%、毛利率同產業前20%、營業利益率同產業前20%、營收年增同產業前20%、營收月增同產業前20%、資產周轉同產業前20%,6499.142,-7140.852,483.0,342.339,-6315.513,30.76923076923077,48.67,58.8,★★★ 一般觀察,風險偏高,同產業基本面突出,波動率偏高,23.324,37.27,250.0,58.0,70.90517241379311,18.0,20.0,84.73,50.0,33.41,47.01,23.324,70.91,37.27,0.0,35.0,45.0,80.0,74.74,🟢 S2中高爆發潛力,28.0,86.75,80.53,83.33,① 尚未啟動,6.68,🔴 暫不考慮,MA20向上、投信5日買超,ATR偏高、波動率偏高、近期回撤偏大,偏多順風,偏多順風,38.94,70.91,69.89,94.41,74.62,74.74,S2_E_BALANCED,正常,317.0,112.0,100,100
188,6643,M31,上櫃,3185266.0,2026-09-24,3036320.0,1563704800.0,471.0,524.0,471.0,515.0,38.5,0,483.4,435.7,431.10833333333335,15.859007559379563,5.875321678010808,9.983685881368755,68.8020171655512,703461.45,4.316256420305619,520.0,432.075,0.0807974816369359,17.579908675799082,16.384180790960446,3.3099297893681046,59.82571747987302,25.035714285714285,4.8613037447988905,18.20059674087675,19.459532600081175,-11.719605695509305,1.0028903690413091,85,股價高於20日均線、5日均線高於20日均線、20日均線高於60日均線、20日均線向上、RSI介於50至70、MACD多頭、MACD柱狀體為正、量比達1.5以上,43,20日動能健康、60日趨勢尚可、ATR偏高但可接受、20日回撤可接受、MA60乖離可接受、短線略熱,0.0,0.0,0.0,0.0,0.0,0.0,0.0,0,,半導體業,207,一般業,-1.24,3.3816425120772946,-5.538674298036826,10.144927536231885,100.0,99.7584541062802,-10.176610768089072,13.526570048309178,73.0784708249497,80.58252427184466,6.468752075446638,76.2135922330097,10.912438897062312,94.68599033816425,573.4578702682924,88.40579710144928,0.7750918323762517,77.29468599033817,,,,,,,,,,176341.0,49.291031889174555,毛利率同產業前20%、營收年增同產業前20%、負債比同產業前20%、流動比率同產業前20%,3185.266,0.0,0.0,0.0,0.0,0.0,48.89,59.7,★★★ 一般觀察,短線過熱,技術趨勢強,MA20乖離過大、成交量波動較大,26.346,40.44,250.0,67.0,79.74137931034483,62.0,0.0,49.29,53.0,40.14,50.83,26.346,79.74,40.44,45.0,60.0,45.0,80.0,74.73,🟢 S2中高爆發潛力,37.0,86.75,80.53,83.33,⑤ 過熱,0.0,🟠 短線過熱,MA20向上、MACD動能擴張、近期突破20日高,5日漲幅過大、MA20乖離過大,偏多順風,偏多順風,32.67,79.74,76.34,56.67,75.05,74.73,S2_E_BALANCED,正常,229.0,79.0,101,101
332,3490,單井,上櫃,2512559.0,2026-09-24,2500166.0,112632476.39252472,44.099998474121094,46.0,43.75,45.04999923706055,0.8999977111816406,0,44.85,44.68249988555908,37.974166584014895,0.86425275007133,1.2156152151760442,-0.35136246510471425,54.177227765252525,3919460.4,0.6378852558377679,56.0,45.12999992370605,0.02038499841623098,-0.661519839370539,-16.57407548692491,34.67861946052084,63.61125978694193,2.3321429661342075,5.176788025815684,0.8224681977121007,18.633279646548463,-25.183150886931116,0.38050910014798595,45,股價高於20日均線、5日均線高於20日均線、20日均線高於60日均線、RSI介於50至70,45,60日趨勢健康、ATR偏高但可接受、MA20乖離可接受、MA60乖離可接受、成交量穩定、短線未過熱,0.0,0.0,0.0,0.0,0.0,0.0,0.0,0,,光電業,116,一般業,6.15,94.78260869565217,42.75123188685294,96.52173913043478,16.518701429550653,37.391304347826086,-25.891301295762553,14.782608695652174,-5.314635870846099,38.26086956521739,-20.240222354576133,11.403508771929824,36.09141476286594,57.391304347826086,186.31126162949124,33.91304347826087,0.09786172213904565,6.956521739130435,,,,,,,,,,24105.0,51.91387559808612,EPS同產業前20%、ROE同產業前20%,2512.559,0.0,0.0,0.0,0.0,0.0,38.07,28.7,★★ 弱勢,風險偏高,,近期回撤偏大,25.672,39.39,250.0,64.0,78.01724137931035,45.0,0.0,51.91,10.0,27.29,49.41,25.672,78.02,39.39,15.0,25.0,45.0,80.0,74.6,🟢 S2中高爆發潛力,23.0,86.75,80.53,100.0,⑥ 轉弱,0.0,🔴 暫不考慮,站上MA20且乖離健康、MA5近期上穿MA20、RSI位於起漲區,波動率偏高、近期回撤偏大,偏多順風,偏多順風,24.53,78.02,75.05,56.67,81.51,74.6,S2_E_BALANCED,正常,350.0,93.0,102,102
142,2455,全新,上市,1640793.0,2026-09-24,1576480.0,873369920.0,547.0,555.0,542.0,554.0,2.0,0,556.2,525.5,408.6166666666667,35.55245429326544,37.67743602390049,-2.1249817306350494,63.67368063163273,13114989.75,0.12020444011403059,590.0,519.45,0.0036231884057971175,3.7453183520599342,27.944572748267895,59.19540229885059,65.63998467485952,33.107142857142854,5.976018566271273,5.423406279733589,35.579393889953906,-7.749077490774903,0.9036416638311536,55,股價高於20日均線、5日均線高於20日均線、20日均線高於60日均線、20日均線向上、RSI介於50至70,46,20日動能尚可、ATR偏高但可接受、20日回撤小、MA20乖離健康、成交量穩定度普通、短線未過熱,-4415832.0,1301000.0,1424024.0,-1690808.0,1.0,0.0,5.0,20,投信近5日買超、自營商近5日買超,通信網路業,92,一般業,2.2,77.17391304347827,22.131651137293808,90.21739130434783,38.351094699750554,77.17391304347827,23.40458142977311,88.04347826086956,71.15939605853318,78.02197802197803,11.560603260792313,68.13186813186813,35.398259810279754,59.78260869565217,220.1525488263263,56.52173913043478,0.6733506707414882,58.69565217391305,,,135.78,14.705882352941178,28.05,4.25531914893617,9.480600750938674,0.47,38.297872340425535,470904.0,70.07309109511591,ROE同產業前20%、營業利益率同產業前20%,1640.793,-4415.832,1301.0,1424.024,-1690.808,30.76923076923077,52.88,69.6,★★★ 一般觀察,風險偏高,基本面優於產業平均,MA60乖離過大、波動率偏高,23.296,31.23,250.0,59.0,70.47413793103449,48.0,40.0,70.07,45.0,48.46,54.81,23.296,70.47,31.23,0.0,75.0,45.0,80.0,74.48,🟢 S2中高爆發潛力,15.0,86.75,80.53,76.67,① 尚未啟動,34.2,🔴 暫不考慮,站上MA20且乖離健康、MA20向上、RSI位於起漲區、投信5日買超、外資買盤加速、外資由賣轉買,波動率偏高,偏多順風,偏多順風,50.69,70.47,86.24,56.67,84.73,74.48,S2_E_BALANCED,正常,130.0,53.0,103,103
168,8111,立碁,上櫃,6506844.0,2026-09-24,6461992.0,493696198.6602173,74.0999984741211,76.69999694824219,73.80000305175781,76.4000015258789,2.3000030517578125,0,77.31999969482422,72.71999969482422,62.01666647593181,3.5606550663204786,3.5174208655102728,0.04323420081020579,58.61143075141026,16582650.6,0.38968390252400303,83.9000015258789,72.11999969482422,0.031039178125773725,3.9455803073182416,18.63353993117196,46.92307985745943,77.7721610944453,4.342856815883091,5.684367446526868,5.0605085897938995,23.192692976377828,-10.863878123021188,0.7495257005795888,70,股價高於20日均線、5日均線高於20日均線、20日均線高於60日均線、20日均線向上、RSI介於50至70、MACD多頭、MACD柱狀體為正,61,20日動能健康、60日趨勢尚可、ATR偏高但可接受、20日回撤可接受、MA20乖離健康、MA60乖離可接受、成交量穩定度普通、短線未過熱,0.0,0.0,0.0,0.0,0.0,0.0,0.0,0,,光電業,116,一般業,0.43,50.0,6.797737071766245,60.86956521739131,29.776847456360034,73.04347826086956,0.9753423292091853,54.78260869565217,-8.802949566715109,34.78260869565217,11.600717943651295,80.7017543859649,36.40713157922526,53.04347826086957,474.53089678422555,88.69565217391305,0.36848390353553373,34.78260869565217,,,,,,,,,,67774.0,56.04587060536718,營收月增同產業前20%、流動比率同產業前20%,6506.844,0.0,0.0,0.0,0.0,0.0,50.01,64.0,★★★ 一般觀察,風險偏高,技術面偏多、風險動能健康,波動率偏高,23.195,32.31,250.0,58.0,70.25862068965517,56.0,0.0,56.05,60.0,39.81,53.28,23.195,70.26,32.31,0.0,100.0,45.0,63.0,74.48,🟢 S2中高爆發潛力,15.0,86.75,80.53,100.0,① 尚未啟動,27.41,🔴 暫不考慮,站上MA20且乖離健康、MA20向上、RSI位於起漲區,波動率偏高,偏多順風,偏多順風,48.1,70.26,85.59,56.67,86.45,74.48,S2_E_BALANCED,正常,235.0,61.0,104,104
459,6949,沛爾生醫*-創,上市,2671825.0,2026-09-24,2648460.0,133217535.97938538,49.099998474121094,50.29999923706055,49.099998474121094,50.29999923706055,0.0,0,51.939999389648435,202.32999992370605,742.4599999745686,-216.17095014380112,-231.87459239249563,15.703642248694507,21.901993452458953,8024295.8,0.3300551308190807,1490.0,274.314999961853,0.0,-7.536768701868379,-96.6241611250295,-94.34831469246511,340.3326248288145,5.285714285714286,10.508378461007656,-75.13962375523772,-93.22522435703156,-96.6241611250295,1.2596391913128124,15,MACD多頭、MACD柱狀體為正,0,,-2753300.0,209000.0,-329969.0,-2874269.0,0.0,0.0,5.0,15,投信近5日買超,生技醫療業,159,一般業,-2.54,4.088050314465408,-13.295950690063421,17.61006289308176,-19.604386995691346,5.063291139240507,-1292.897245071158,7.59493670886076,164.71067644661775,94.15584415584416,157.7777777777778,96.75324675324676,10.57147058320219,85.53459119496856,1007.2544974524843,82.38993710691824,0.009708522495720276,5.660377358490567,,,,,25.66,1.6666666666666667,1.6666666666666667,0.0,18.333333333333332,6496.0,35.2770535888759,營收年增同產業前20%、營收月增同產業前20%、負債比同產業前20%、流動比率同產業前20%,2671.825,-2753.3,209.0,-329.969,-2874.269,23.076923076923077,19.7,1.3,★★ 弱勢,風險偏高,,ATR偏高、波動率偏高、近期回撤偏大、成交量波動較大,34.557,41.89,250.0,86.0,95.47413793103449,25.0,15.0,35.28,15.0,22.04,38.41,34.557,95.47,41.89,25.0,0.0,45.0,0.0,74.48,🟢 S2中高爆發潛力,28.0,86.75,80.53,100.0,⑥ 轉弱,0.0,🔴 暫不考慮,MACD近期黃金交叉、MACD動能擴張、投信5日買超,ATR偏高、波動率偏高、近期回撤偏大,偏多順風,偏多順風,15.73,95.47,74.41,56.67,29.46,74.48,S2_E_BALANCED,正常,389.0,195.0,105,105
92,6205,詮欣,上市,11480659.0,2026-09-24,11414686.0,840120872.1825714,74.0,78.5,72.69999694824219,73.5999984741211,1.5999984741210938,0,68.9599998474121,65.70999965667724,63.83833351135254,1.4722120524940578,0.46032801225990344,1.0118840402341545,64.87216171989343,1344216.2,8.491703938696766,72.0,65.37499980926513,0.02222220102945971,16.271720949769232,10.014942893013878,0.6839945423213756,69.50486444480256,3.321429116385324,4.512811392996414,12.007303087304312,15.291227740198776,-15.330517503666352,1.9087832926279078,100,股價高於20日均線、5日均線高於20日均線、20日均線高於60日均線、20日均線向上、RSI介於50至70、MACD多頭、MACD柱狀體為正、量比達1.5以上、突破20日高點,43,20日動能健康、60日趨勢尚可、ATR偏高但可接受、MA20乖離可接受、MA60乖離可接受、短線略熱,-1161853.0,0.0,495.0,-1161358.0,0.0,0.0,5.0,5,自營商近5日買超,電子零組件業,210,一般業,1.16,53.57142857142857,7.181490669879807,53.333333333333336,37.459633206662964,88.09523809523809,9.178545143217628,62.857142857142854,24.992973068634903,42.857142857142854,-8.505044655104088,29.523809523809526,33.298589756968894,72.38095238095238,426.75870064382514,92.85714285714286,0.33727189554535847,11.904761904761903,,,32.28,51.19047619047619,2.27,55.28846153846154,53.23946886446886,2.04,64.42307692307693,120067.0,55.65036630036631,毛利率同產業前20%、流動比率同產業前20%,11480.659,-1161.853,0.0,0.495,-1161.358,7.6923076923076925,56.83,80.4,★★★ 一般觀察,風險偏高,技術趨勢強、綜合表現前25%,波動率偏高、成交量波動較大,26.49,38.69,250.0,67.0,80.38793103448276,76.0,5.0,55.65,63.0,49.7,64.32,26.49,80.39,38.69,60.0,60.0,45.0,80.0,74.44,🟢 S2中高爆發潛力,40.0,86.75,80.53,82.5,⑤ 過熱,3.9,🟠 短線過熱,MA20向上、MA5近期上穿MA20、RSI位於起漲區、MACD動能擴張、近期突破20日高,5日漲幅過大、MA20乖離過大、波動率偏高、近期回撤偏大,偏多順風,偏多順風,44.24,80.39,73.76,56.67,75.48,74.44,S2_E_BALANCED,正常,120.0,18.0,106,106
392,6727,亞泰金屬,上櫃,1575548.0,2026-09-24,1529906.0,772602530.0,468.0,509.0,464.5,505.0,40.0,0,482.0,511.125,446.375,4.54822205175617,11.226747730511907,-6.6785256787557365,54.965627236556855,1479070.35,1.0343700013998658,605.0,511.875,0.08602150537634401,7.332624867162596,-2.8846153846153855,22.424242424242415,63.33551734322397,31.357142857142858,6.20933521923621,-1.1983370017119133,13.133576029123484,-19.82758620689655,0.3974026726492704,25,20日均線高於60日均線、RSI介於50至70,40,60日趨勢健康、MA60位置健康、成交量穩定、短線未過熱,0.0,0.0,0.0,0.0,0.0,0.0,0.0,0,,電子零組件業,210,一般業,6.05,87.61904761904762,22.362202992432653,88.09523809523809,26.46745548234726,64.76190476190476,15.863984648622537,80.47619047619048,16.54946321781108,32.857142857142854,-16.710947717466297,11.904761904761903,76.37147255869236,3.8095238095238098,113.73749626850862,7.142857142857142,0.38731215010223363,17.61904761904762,,,,,,,,,,161759.0,54.778138528138534,EPS同產業前20%、ROE同產業前20%、營業利益率同產業前20%,1575.548,0.0,0.0,0.0,0.0,0.0,31.93,15.7,★★ 弱勢,一般觀察,,無明顯風險訊號,22.551,32.72,250.0,56.0,68.10344827586206,20.0,0.0,54.78,45.0,22.97,47.45,22.551,68.1,32.72,0.0,55.0,45.0,90.0,74.37,🟢 S2中高爆發潛力,28.0,86.75,80.53,82.5,⑥ 轉弱,0.0,🔴 暫不考慮,RSI位於起漲區,ATR偏高、波動率偏高、近期回撤偏大,偏多順風,偏多順風,22.96,68.1,68.17,98.49,79.35,74.37,S2_E_BALANCED,正常,378.0,109.0,107,107
288,3715,定穎投控,上市,3124677.0,2026-09-24,3048319.0,374943237.0,124.0,125.0,122.0,123.0,-2.5,0,122.8,123.275,122.63833338419596,0.8415087650818123,0.5786004866311103,0.26290827845070197,51.10347597626517,7051269.4,0.43230783382067345,138.0,122.95,-0.019920318725099584,3.797468354430378,5.579399141630903,-29.91452991452992,78.55476654295873,6.357142857142857,5.168408826945412,-0.22307848306631906,0.2949050315866897,-12.222222222222223,0.6720725089375333,50,20日均線高於60日均線、20日均線向上、RSI介於50至70、MACD多頭、MACD柱狀體為正,43,20日動能健康、ATR偏高但可接受、20日回撤可接受、MA60乖離可接受、成交量穩定度普通、短線未過熱,410331.0,0.0,136924.0,547255.0,0.0,0.0,5.0,25,外資近5日買超、自營商近5日買超、三大法人合計買超,電子零組件業,210,一般業,-1.55,3.8095238095238098,-8.902924923315119,10.476190476190476,14.964395134884418,27.61904761904762,1.5845992938705744,31.428571428571427,83.96056599949932,89.04761904761904,15.834600165610002,90.95238095238095,75.08511798174595,4.285714285714286,128.43567060095663,13.333333333333334,0.511343292990612,34.285714285714285,,,,,3.33,34.61538461538461,34.61538461538461,0.88,40.38461538461539,2932061.0,33.65604395604395,營收年增同產業前20%、營收月增同產業前20%,3124.677,410.331,0.0,136.924,547.255,38.46153846153847,41.39,38.1,★★ 弱勢,風險偏高,,波動率偏高,22.73,35.14,250.0,57.0,68.96551724137932,40.0,20.0,33.66,70.0,37.55,28.1,22.73,68.97,35.14,15.0,58.0,45.0,63.0,73.95,🟢 S2中高爆發潛力,15.0,86.75,80.53,82.5,③ 剛啟動,39.75,🔴 暫不考慮,MA20向上、RSI位於起漲區、MACD近期黃金交叉、外資5日買超、法人買超占量提升,波動率偏高,偏多順風,偏多順風,30.43,68.97,66.88,95.05,79.57,73.95,S2_E_BALANCED,正常,265.0,285.0,108,108
258,6538,倉和,上櫃,2515075.0,2026-09-24,2472782.0,984167236.0,403.0,409.5,389.0,398.0,-12.5,0,413.7,333.7,214.64166666666668,56.026956176399665,53.07871255834594,2.9482436180537235,67.16390661744762,2151348.35,1.1494103221358827,468.0,324.9,-0.030450669914738104,12.747875354107641,79.27927927927927,190.51094890510947,106.34777753933156,33.392857142857146,8.390165111270639,19.26880431525322,85.42532127188724,-10.662177328843992,1.0538406647096725,70,股價高於20日均線、5日均線高於20日均線、20日均線高於60日均線、20日均線向上、RSI介於50至70、MACD多頭、MACD柱狀體為正,10,20日回撤可接受、短線略熱,0.0,0.0,0.0,0.0,0.0,0.0,0.0,0,,電子零組件業,210,一般業,2.1,65.71428571428571,8.082299091005686,56.19047619047619,39.97086433870134,92.38095238095238,13.84795747175227,75.23809523809524,55.6734663614373,77.61904761904762,6.813903797725951,81.42857142857143,36.013517679465025,65.23809523809524,281.29657570247343,81.9047619047619,0.4616687468651215,26.666666666666668,,,,,,,,,,167967.0,68.67424242424242,毛利率同產業前20%、營收月增同產業前20%、流動比率同產業前20%,2515.075,0.0,0.0,0.0,0.0,0.0,43.6,44.6,★★ 弱勢,短線過熱,技術面偏多、基本面優於產業平均,20日漲幅過大、MA20乖離過大、MA60乖離過大、ATR偏高、波動率偏高、成交量波動較大,19.073,32.86,250.0,48.0,57.543103448275865,62.0,0.0,68.67,15.0,37.35,28.89,19.073,57.54,32.86,35.0,25.0,45.0,10.0,73.94,🟢 S2中高爆發潛力,40.0,86.75,80.53,82.5,⑤ 過熱,0.0,🟠 短線過熱,MA20向上、成交量溫和放大、近期突破20日高,MA20乖離過大、ATR偏高、波動率偏高,偏多順風,偏多順風,15.12,57.54,98.71,56.67,99.14,73.94,S2_E_BALANCED,正常,268.0,277.0,109,109
162,6274,台燿,上櫃,10538467.0,2026-09-24,10075602.0,15063024990.0,1485.0,1530.0,1475.0,1495.0,35.0,0,1440.0,1401.5,1417.5,0.8380729089292345,-12.049890196801416,12.88796310573065,56.41862181023508,7412742.0,1.359227395206794,1565.0,1399.0,0.023972602739726012,13.257575757575758,3.460207612456756,-11.538461538461542,50.96895889432083,92.14285714285714,6.163401815575728,6.67142347484837,5.467372134038806,-19.701492537313435,0.5503006292696052,55,股價高於20日均線、5日均線高於20日均線、20日均線向上、RSI介於50至70、MACD多頭、MACD柱狀體為正,46,20日動能尚可、波動率可接受、MA20乖離健康、MA60位置健康、成交量穩定、短線略熱,0.0,0.0,0.0,0.0,0.0,0.0,0.0,0,,電子零組件業,210,一般業,12.4,94.76190476190476,29.82282576240962,95.23809523809523,27.83053489450712,69.04761904761905,21.29119399180653,89.04761904761904,132.48393122185607,97.14285714285714,0.10944344976044906,57.61904761904761,48.545651264849745,37.61904761904762,205.3740055877077,55.714285714285715,1.0376477039149619,93.80952380952381,,,,,,,,,,5914540.0,82.75974025974027,EPS同產業前20%、ROE同產業前20%、營業利益率同產業前20%、營收年增同產業前20%、資產周轉同產業前20%,10538.467,0.0,0.0,0.0,0.0,0.0,50.53,65.3,★★★ 一般觀察,整理觀察,同產業基本面突出,無明顯風險訊號,23.961,33.42,250.0,60.0,73.0603448275862,76.0,0.0,82.76,55.0,51.06,53.99,23.961,73.06,33.42,37.0,43.0,20.0,100.0,73.92,🟢 S2中高爆發潛力,28.0,86.75,80.53,82.5,③ 剛啟動,40.27,🔴 暫不考慮,MA20向上、MA5近期上穿MA20、RSI位於起漲區、MACD動能擴張、成交量溫和放大,ATR偏高、近期回撤偏大,偏多順風,偏多順風,51.24,73.06,64.3,94.19,72.26,73.92,S2_E_BALANCED,正常,106.0,57.0,110,110
82,2408,南亞科,上市,40244712.0,2026-09-24,38189024.0,19209079072.0,509.0,509.0,495.0,503.0,-12.0,0,511.2,507.325,468.15,4.8435214057556095,6.6273337547793485,-1.783812349023739,50.97883267761004,61088239.4,0.6251452714153684,569.0,509.225,-0.023300970873786353,3.073770491803285,-7.024029574861368,23.587223587223583,62.02729229994857,23.178571428571427,4.608065890372053,-0.8525107179815694,7.444195236569473,-14.272559852670351,0.5133306083746504,35,5日均線高於20日均線、20日均線高於60日均線、RSI介於50至70,50,60日趨勢健康、ATR偏高但可接受、20日回撤可接受、MA60位置健康、成交量穩定、短線未過熱,14909059.0,1268361.0,54244.0,16231664.0,0.0,0.0,5.0,40,外資近5日買超、投信近5日買超、自營商近5日買超、三大法人合計買超,半導體業,207,一般業,23.38,91.30434782608695,47.257746737742174,92.7536231884058,75.15826160175554,96.61835748792271,69.0825887643734,99.51690821256038,560.8541425724004,99.51456310679612,1.8753221767796813,55.8252427184466,16.778415948685712,82.6086956521739,691.0070371502487,93.71980676328504,0.6789592398454423,67.6328502415459,,,19.52,71.25,5.38,25.520833333333332,48.385416666666664,0.27,26.041666666666668,44690268.0,84.04429494395198,EPS同產業前20%、ROE同產業前20%、毛利率同產業前20%、營業利益率同產業前20%、營收年增同產業前20%、負債比同產業前20%、流動比率同產業前20%,40244.712,14909.059,1268.361,54.244,16231.664,61.53846153846154,58.02,82.5,★★★ 一般觀察,整理觀察,法人偏多、同產業基本面突出、綜合表現前25%,無明顯風險訊號,24.584,32.93,250.0,61.0,75.21551724137932,30.0,45.0,84.04,45.0,44.86,54.9,24.584,75.22,32.93,15.0,55.0,0.0,80.0,73.37,🟢 S2中高爆發潛力,15.0,86.75,80.53,83.33,⑥ 轉弱,19.13,🔴 暫不考慮,MA5近期上穿MA20、RSI位於起漲區、外資5日買超、投信5日買超、外資買盤加速,波動率偏高,偏多順風,偏多順風,32.74,75.22,64.52,88.6,67.31,73.37,S2_E_BALANCED,正常,168.0,51.0,111,111
266,1815,富喬,上櫃,28870327.0,2026-09-24,28394421.0,3293752836.0,119.5,119.5,115.0,116.0,-4.0,0,119.7,120.50706329345704,96.83242053985596,4.756994744617785,6.458266690184232,-1.7012719455664467,52.35048897318729,71721945.1,0.3958958581004798,135.0,120.25467338562012,-0.033333333333333326,3.571428571428581,4.549524996240395,20.00019257675032,73.72221473477856,8.255098615373884,7.116464323598176,-3.7400822576528214,19.794588788839285,-12.888742675535836,0.4597965248565773,35,20日均線高於60日均線、20日均線向上、RSI介於50至70,48,20日動能尚可、60日趨勢健康、20日回撤可接受、MA60乖離可接受、成交量穩定、短線未過熱,0.0,0.0,0.0,0.0,0.0,0.0,0.0,0,,電子零組件業,210,一般業,2.24,66.66666666666666,18.98589366383551,82.85714285714286,38.092189388957024,90.0,23.66412461051116,90.95238095238095,79.20696400933353,87.61904761904762,6.79101429225204,80.47619047619048,36.174497313448356,63.8095238095238,273.97994144811923,79.52380952380952,0.37390147605426755,16.19047619047619,,,,,,,,,,912400.0,76.7478354978355,ROE同產業前20%、毛利率同產業前20%、營業利益率同產業前20%、營收年增同產業前20%、營收月增同產業前20%,28870.327,0.0,0.0,0.0,0.0,0.0,43.12,42.9,★★ 弱勢,風險偏高,基本面優於產業平均,ATR偏高、波動率偏高,19.292,33.76,250.0,48.0,58.189655172413794,25.0,0.0,76.75,85.0,34.26,44.44,19.292,58.19,33.76,0.0,83.0,25.0,65.0,72.94,🟢 S2中高爆發潛力,20.0,86.75,80.53,82.5,① 尚未啟動,15.47,🔴 暫不考慮,MA20向上、RSI位於起漲區,ATR偏高、波動率偏高,偏多順風,偏多順風,38.64,58.19,80.43,95.48,82.15,72.94,S2_E_BALANCED,正常,303.0,140.0,112,112
314,4903,聯光通,上櫃,5380911.0,2026-09-24,5351189.0,230101127.0,41.95000076293945,43.900001525878906,41.849998474121094,43.0,0.8499984741210938,0,41.22999954223633,37.2125,37.32499980926514,1.1352846421704115,0.19340926466767125,0.9418753775027402,69.01304217948203,2818991.0,1.8982639533081163,43.70000076293945,36.892499923706055,0.020166036615662186,25.7309913472183,17.48634369589983,7.365794804334591,62.76672975881682,1.9642862592424666,4.568107579633643,15.55256970104133,15.204287259838555,-12.91865504723243,1.5895536746255208,70,股價高於20日均線、5日均線高於20日均線、20日均線向上、RSI介於50至70、MACD多頭、MACD柱狀體為正、量比達1.5以上,38,20日動能健康、60日趨勢尚可、ATR偏高但可接受、20日回撤可接受、MA60乖離可接受,0.0,0.0,0.0,0.0,0.0,0.0,0.0,0,,通信網路業,92,一般業,0.26,40.21739130434783,4.70691166600463,45.65217391304348,9.734676908796795,10.869565217391305,3.3752251639977615,47.82608695652174,-51.77898241655431,2.197802197802198,-20.662803332126046,15.384615384615385,39.15332257158826,47.82608695652174,186.0278261808432,47.82608695652174,0.8507581404579628,80.43478260869566,,,,,,,,,,70096.0,35.73654606263302,資產周轉同產業前20%,5380.911,0.0,0.0,0.0,0.0,0.0,39.32,32.5,★★ 弱勢,短線過熱,技術面偏多,5日漲幅過大、MA20乖離過大、成交量波動較大,31.017,48.22,250.0,78.0,90.30172413793103,79.0,0.0,35.74,60.0,45.96,38.05,31.017,90.3,48.22,85.0,57.0,65.0,100.0,72.86,🟢 S2中高爆發潛力,40.0,86.75,80.53,76.67,⑤ 過熱,0.0,🟠 短線過熱,MA20向上、MA5近期上穿MA20、MACD動能擴張、成交量溫和放大、近期突破20日高,5日漲幅過大、MA20乖離過大、波動率偏高,偏多順風,偏多順風,22.44,90.3,77.2,56.67,29.46,72.86,S2_E_BALANCED,正常,152.0,198.0,113,113
434,8039,台虹,上市,7006740.0,2026-09-24,6927488.0,1790755648.0,255.5,261.0,254.0,258.5,2.5,0,262.3,286.975,241.1,-1.730884628464537,4.744163658426236,-6.475048286890773,45.461154381803915,24670501.85,0.2808004491404377,364.0,291.675,0.009765625,0.5836575875486361,-26.66666666666667,74.66216216216218,68.54165527337844,16.607142857142858,6.424426637192594,-9.922467113860101,7.21692243882206,-27.37588652482269,0.5572352413174853,15,20日均線高於60日均線,25,MA60位置健康、成交量穩定、短線未過熱,938653.0,-1989000.0,-127125.0,-1177472.0,0.0,0.0,5.0,10,外資近5日買超,電子零組件業,210,一般業,1.56,58.57142857142858,7.420167081247178,53.80952380952381,22.6100552215327,54.285714285714285,6.246721912327527,51.42857142857142,-13.8285894962624,11.904761904761903,-4.78391473440073,40.476190476190474,32.382671008225756,73.80952380952381,237.54672720702476,70.0,0.6158478633455864,48.57142857142857,,,82.06,15.476190476190476,6.09,18.269230769230766,16.87271062271062,0.77,37.5,806704.0,45.754578754578745,,7006.74,938.653,-1989.0,-127.125,-1177.472,15.384615384615385,26.3,6.7,★★ 弱勢,風險偏高,,波動率偏高、近期回撤偏大,20.899,28.15,250.0,52.0,62.93103448275862,8.0,25.0,45.75,30.0,22.06,40.92,20.899,62.93,28.15,0.0,15.0,45.0,80.0,72.82,🟢 S2中高爆發潛力,28.0,86.75,80.53,82.5,⑥ 轉弱,0.0,🔴 暫不考慮,外資5日買超、投信買盤加速,ATR偏高、波動率偏高、近期回撤偏大,偏多順風,偏多順風,17.74,62.93,88.28,56.67,92.9,72.82,S2_E_BALANCED,正常,388.0,169.0,114,114
148,1303,南亞,上市,67158368.0,2026-09-24,66153140.0,15744447320.0,225.5,238.5,223.0,238.0,10.5,0,234.9,232.6,202.54166666666666,8.614491892830443,10.291732439782232,-1.6772405469517881,58.08568791974238,83080055.85,0.7962577699687476,251.5,232.075,0.04615384615384621,0.8474576271186418,4.615384615384621,20.812182741116757,63.24740476212132,13.321428571428571,5.597238895558223,2.3215821152192673,17.50668586710553,-9.221311475409832,0.48710207295184227,55,股價高於20日均線、5日均線高於20日均線、20日均線高於60日均線、20日均線向上、RSI介於50至70,63,20日動能尚可、60日趨勢健康、ATR偏高但可接受、20日回撤可接受、MA20乖離健康、MA60乖離可接受、成交量穩定、短線未過熱,-23858433.0,-1590411.0,1084130.0,-24364714.0,1.0,0.0,5.0,5,自營商近5日買超,塑膠工業,25,一般業,5.17,100.0,16.9696091272989,92.0,15.760876690541,64.0,9.917754265876413,88.0,46.746902846686,88.0,0.09347590944475126,56.00000000000001,31.17132409295863,60.0,177.84460315644807,40.0,0.4211237419236966,44.0,,,38.39,20.32146957520092,3.95,4.761904761904762,12.54168716855284,0.34,42.857142857142854,30601161.0,71.47762068776994,EPS同產業前20%、ROE同產業前20%、營業利益率同產業前20%、營收年增同產業前20%,67158.368,-23858.433,-1590.411,1084.13,-24364.714,7.6923076923076925,52.08,68.3,★★★ 一般觀察,整理觀察,基本面優於產業平均、風險動能健康,無明顯風險訊號,22.699,34.34,250.0,57.0,68.75,48.0,25.0,71.48,85.0,50.17,49.24,22.699,68.75,34.34,0.0,68.0,0.0,80.0,72.78,🟢 S2中高爆發潛力,15.0,86.75,80.53,100.0,② 蓄勢,48.78,🔴 暫不考慮,站上MA20且乖離健康、MA20向上、RSI位於起漲區、外資買盤加速、外資由賣轉買,波動率偏高,偏多順風,偏多順風,49.15,68.75,68.39,92.04,72.9,72.78,S2_E_BALANCED,正常,119.0,96.0,115,115
139,2481,強茂,上市,35754052.0,2026-09-24,35341365.0,6167068192.5,173.0,181.0,172.0,174.5,1.5,0,171.0,159.4,154.74166666666667,6.764261946152601,4.999061942293206,1.7652000038593947,63.28801740968164,42459439.0,0.8323559103077175,181.0,158.0,0.00867052023121384,7.055214723926384,19.11262798634812,-18.266978922716625,61.57079908074176,10.642857142857142,6.09905853458862,9.473023839397744,12.768592815983615,-5.73248407643312,0.40899215589391785,70,股價高於20日均線、5日均線高於20日均線、20日均線高於60日均線、20日均線向上、RSI介於50至70、MACD多頭、MACD柱狀體為正,55,20日動能健康、20日回撤小、MA20乖離可接受、MA60位置健康、成交量穩定、短線未過熱,-377173.0,1307000.0,540460.0,1470287.0,0.0,0.0,5.0,30,投信近5日買超、自營商近5日買超、三大法人合計買超,半導體業,207,一般業,2.03,45.893719806763286,10.167409707971908,44.927536231884055,32.99700964777992,40.57971014492754,9.310312993994758,39.61352657004831,29.819236781713233,49.51456310679612,-4.889200502880509,28.155339805825243,47.75386138756019,16.908212560386474,162.6824396634438,18.84057971014493,0.46864928577695436,42.028985507246375,,,46.29,36.25,4.43,33.33333333333333,34.791666666666664,1.03,51.041666666666664,1376881.0,39.687905117020776,,35754.052,-377.173,1307.0,540.46,1470.287,46.15384615384615,53.14,70.3,★★★ 一般觀察,等待回檔,技術面偏多,無明顯風險訊號,24.468,43.54,250.0,61.0,74.35344827586206,49.0,20.0,39.69,60.0,40.55,40.17,24.468,74.35,43.54,0.0,75.0,25.0,80.0,72.67,🟢 S2中高爆發潛力,27.0,86.75,80.53,83.33,④ 趨勢加速,22.82,🔴 暫不考慮,MA20向上、RSI位於起漲區、投信5日買超,ATR偏高、波動率偏高,偏多順風,偏多順風,36.7,74.35,76.99,56.67,76.45,72.67,S2_E_BALANCED,正常,223.0,177.0,116,116
296,3437,榮創,上市,2575324.0,2026-09-24,2565576.0,56442672.0,21.100000381469727,22.700000762939453,21.100000381469727,22.0,0.39999961853027344,0,21.970000076293946,19.262500095367432,18.59249998728434,0.9811507209260526,0.5786663738240796,0.402484347101973,66.70145756674417,2227027.5,1.1520181048505238,24.299999237060547,19.082500076293947,0.018518500530834592,8.108106081573974,19.56521987013651,2.8037401503044235,70.22002973324312,1.278571673801967,5.811689426372578,14.211550375493198,18.3272825873126,-11.167516130650078,1.3689236563571747,70,股價高於20日均線、5日均線高於20日均線、20日均線高於60日均線、20日均線向上、RSI介於50至70、MACD多頭、MACD柱狀體為正,53,20日動能健康、60日趨勢尚可、ATR偏高但可接受、20日回撤可接受、MA20乖離可接受、MA60乖離可接受、短線未過熱,-1855222.0,0.0,4000.0,-1851222.0,1.0,0.0,5.0,5,自營商近5日買超,光電業,116,一般業,-1.25,6.086956521739131,-14.731898860177035,10.434782608695652,1.2285888418333932,11.304347826086957,-28.52604855539944,13.91304347826087,-42.512089132849766,6.956521739130435,-35.98475545974659,4.385964912280701,17.80919305589465,88.69565217391305,300.1735934038586,67.82608695652173,0.5047121124611507,54.78260869565217,,,,,1.43,62.5,62.5,0.0,24.264705882352942,70379.0,25.27722439090052,負債比同產業前20%,2575.324,-1855.222,0.0,4.0,-1851.222,7.6923076923076925,40.72,36.4,★★ 弱勢,風險偏高,技術面偏多,波動率偏高、成交量波動較大,24.841,43.7,250.0,63.0,76.72413793103449,52.0,15.0,25.28,58.0,37.79,31.34,24.841,76.72,43.7,12.0,75.0,25.0,90.0,72.62,🟢 S2中高爆發潛力,30.0,86.75,80.53,100.0,⑤ 過熱,3.4,🟠 短線過熱,MA20向上、成交量溫和放大、外資由賣轉買,MA20乖離過大、波動率偏高,偏多順風,偏多順風,17.75,76.72,75.91,56.67,70.75,72.62,S2_E_BALANCED,正常,259.0,252.0,117,117
220,8358,金居,上櫃,3226515.0,2026-09-24,2995909.0,1530909499.0,498.0,511.0,495.0,511.0,14.0,0,498.1,506.4,446.85,12.860045304101106,16.2579876624092,-3.397942358308093,55.54949150308134,14302128.5,0.20947294663168492,564.0,505.55,0.028169014084507005,6.792058516196442,3.441295546558698,-10.350877192982455,78.45835156347518,23.857142857142858,4.668716801789209,0.9083728278041159,14.356047890791078,-13.443830570902392,1.0473807819119998,45,股價高於20日均線、20日均線高於60日均線、20日均線向上、RSI介於50至70,43,20日動能尚可、ATR偏高但可接受、20日回撤可接受、MA20乖離可接受、MA60位置健康、短線未過熱,0.0,0.0,0.0,0.0,0.0,0.0,0.0,0,,電子零組件業,210,一般業,4.22,80.47619047619048,22.894392749357756,89.04761904761904,28.015690410085664,69.52380952380952,24.992097269449665,91.9047619047619,59.709504167221084,80.0,4.719008887179221,75.23809523809524,24.787019085593638,90.47619047619048,184.41251845797245,46.666666666666664,0.8631584786968947,80.95238095238095,,,,,,,,,,1056242.0,81.26623376623378,EPS同產業前20%、ROE同產業前20%、營業利益率同產業前20%、營收年增同產業前20%、負債比同產業前20%、資產周轉同產業前20%,3226.515,0.0,0.0,0.0,0.0,0.0,46.48,52.7,★★★ 一般觀察,風險偏高,同產業基本面突出,波動率偏高、成交量波動較大,21.43,32.49,250.0,54.0,64.87068965517241,40.0,0.0,81.27,70.0,38.69,44.55,21.43,64.87,32.49,0.0,58.0,45.0,63.0,72.58,🟢 S2中高爆發潛力,15.0,86.75,80.53,82.5,② 蓄勢,35.89,🔴 暫不考慮,站上MA20且乖離健康、MA20向上、RSI位於起漲區,波動率偏高,偏多順風,偏多順風,42.82,64.87,67.74,92.9,83.44,72.58,S2_E_BALANCED,正常,251.0,138.0,118,118
317,4919,新唐,上市,14436318.0,2026-09-24,14305730.0,1945579280.0,132.0,138.5,130.0,136.0,2.0,0,131.1,121.05,130.23333333333332,1.531948144064458,-1.383233658150923,2.915181802215381,63.1761187828053,7543673.75,1.8963876851116475,144.0,120.35,0.014925373134328401,18.260869565217398,11.475409836065564,-26.486486486486484,58.55444243882523,7.0,5.147058823529411,12.350268484097482,4.42794983363195,-10.483870967741938,1.5205555238551662,70,股價高於20日均線、5日均線高於20日均線、20日均線向上、RSI介於50至70、MACD多頭、MACD柱狀體為正、量比達1.5以上,40,20日動能健康、ATR偏高但可接受、20日回撤可接受、MA20乖離可接受、MA60位置健康,-15011684.0,-372515.0,328522.0,-15055677.0,0.0,2.0,5.0,5,自營商近5日買超,半導體業,207,一般業,-0.57,11.352657004830919,-2.8921261361531134,14.009661835748794,38.68235872256232,55.072463768115945,-2.7927509471626055,18.357487922705314,12.097435203326537,30.097087378640776,-1.5660978720568708,37.86407766990291,46.50087897566168,19.806763285024154,189.94773227758358,27.053140096618357,1.0192412313663766,86.95652173913044,,,,,3.68,41.66666666666667,41.66666666666667,0.0,9.895833333333332,2525998.0,28.663878922189394,資產周轉同產業前20%,14436.318,-15011.684,-372.515,328.522,-15055.677,7.6923076923076925,39.14,31.9,★★ 弱勢,短線過熱,技術面偏多,5日漲幅過大、成交量波動較大,32.706,46.63,250.0,82.0,93.31896551724138,76.0,20.0,28.66,55.0,48.95,38.5,32.706,93.32,46.63,50.0,45.0,65.0,100.0,72.44,🟢 S2中高爆發潛力,37.0,86.75,80.53,83.33,⑤ 過熱,6.22,🟠 短線過熱,MA20向上、MA5近期上穿MA20、RSI位於起漲區、MACD動能擴張、成交量溫和放大、投信買盤加速,5日漲幅過大、MA20乖離過大,偏多順風,偏多順風,24.04,93.32,70.11,56.67,29.46,72.44,S2_E_BALANCED,正常,126.0,194.0,119,119
307,3707,漢磊,上櫃,33614938.0,2026-09-24,33451776.0,2435289394.8867188,69.30000305175781,74.4000015258789,68.9000015258789,72.80000305175781,2.600006103515625,0,67.76000061035157,62.96500034332276,65.38750012715657,1.4000766253197128,-0.029515942171014053,1.4295925674907268,68.90555389119379,8653360.2,3.8657556402193918,76.4000015258789,62.50500011444092,0.037037125591794284,17.609048880753054,14.465416349624928,-16.989731373967874,53.00050009300975,3.5357131958007812,4.856748691737052,15.61979298786429,11.336269027239808,-9.202448567698129,1.5441434698845624,70,股價高於20日均線、5日均線高於20日均線、20日均線向上、RSI介於50至70、MACD多頭、MACD柱狀體為正、量比達1.5以上,48,20日動能健康、波動率可接受、ATR偏高但可接受、20日回撤可接受、MA60位置健康、短線略熱,0.0,0.0,0.0,0.0,0.0,0.0,0.0,0,,半導體業,207,一般業,-0.57,11.352657004830919,-1.8334279162109084,15.458937198067632,8.42166622420137,5.314009661835748,-2.1777100799200437,18.84057971014493,29.540932278131674,49.029126213592235,1.8097584621607155,55.33980582524271,24.733850115272105,64.73429951690821,351.99188672595164,70.53140096618358,0.4486689474060071,38.64734299516908,,,,,,,,,,659489.0,31.12749487274603,,33614.938,0.0,0.0,0.0,0.0,0.0,39.94,33.9,★★ 弱勢,短線過熱,技術面偏多,MA20乖離過大、成交量波動較大,25.412,35.55,250.0,64.0,77.15517241379311,62.0,0.0,31.13,55.0,37.72,25.84,25.412,77.16,35.55,70.0,60.0,65.0,80.0,72.38,🟢 S2中高爆發潛力,37.0,86.75,80.53,83.33,⑤ 過熱,0.0,🟠 短線過熱,MA20向上、MACD動能擴張、近期突破20日高,5日漲幅過大、MA20乖離過大,偏多順風,偏多順風,12.67,77.16,73.55,56.67,71.83,72.38,S2_E_BALANCED,正常,261.0,309.0,120,120
52,2360,致茂,上市,1992029.0,2026-09-24,1926127.0,4420461465.0,2285.0,2345.0,2270.0,2295.0,-30.0,0,2345.0,2165.5,2073.9166666666665,63.81504638540855,42.892750992461,20.922295392947547,56.541318496235206,2132871.35,0.9030675947707769,2540.0,2150.25,-0.012903225806451646,10.07194244604317,15.32663316582914,3.8461538461538547,65.56642790165533,147.5,6.427015250544662,5.980143154006012,10.66018403182385,-16.94915254237288,0.5275108103760754,70,股價高於20日均線、5日均線高於20日均線、20日均線高於60日均線、20日均線向上、RSI介於50至70、MACD多頭、MACD柱狀體為正,53,20日動能健康、60日趨勢尚可、MA20乖離健康、MA60位置健康、成交量穩定、短線略熱,1347035.0,-762495.0,224594.0,809134.0,2.0,0.0,5.0,25,外資近5日買超、自營商近5日買超、三大法人合計買超,其他電子業,95,一般業,21.27,94.73684210526315,54.451913824869536,95.78947368421052,61.48004374155741,95.78947368421052,39.53963680832205,98.94736842105263,156.29654201767283,94.73684210526315,3.6465264692026933,64.21052631578948,47.08150733733756,46.31578947368421,167.27764706035163,40.0,0.7971305079010309,67.36842105263158,,,58.55,13.157894736842104,29.47,2.1739130434782608,7.665903890160182,0.85,36.95652173913043,5632401.0,76.63890160183067,EPS同產業前20%、ROE同產業前20%、毛利率同產業前20%、營業利益率同產業前20%、營收年增同產業前20%,1992.029,1347.035,-762.495,224.594,809.134,38.46153846153847,62.28,89.0,★★★★ 觀察候選,風險偏高,技術面偏多、基本面優於產業平均、綜合表現前25%,波動率偏高,32.949,39.56,250.0,82.0,93.75,56.0,30.0,76.64,58.0,51.6,63.29,32.949,93.75,39.56,0.0,75.0,25.0,80.0,72.36,🟢 S2中高爆發潛力,33.0,86.75,80.53,82.5,④ 趨勢加速,27.8,🔴 暫不考慮,站上MA20且乖離健康、MA20向上、RSI位於起漲區、外資5日買超、外資買盤加速、法人買超占量提升,ATR偏高、波動率偏高、近期回撤偏大,偏多順風,偏多順風,56.19,93.75,69.03,56.67,29.46,72.36,S2_E_BALANCED,正常,99.0,21.0,121,121
218,3105,穩懋,上櫃,21692103.0,2026-09-24,21285458.0,10685299916.0,495.5,506.0,482.0,502.0,5.0,0,498.1,466.55,401.4583333333333,24.856069150309793,22.401420225585476,2.4546489247243173,63.93298256892034,31709062.75,0.6712736408457862,518.0,463.725,0.010060362173038184,6.581740976645434,12.682379349046013,22.1411192214112,59.882085461443026,26.071428571428573,5.193511667615254,7.598328153466927,25.044110015568254,-11.077235772357719,0.4176626387974258,70,股價高於20日均線、5日均線高於20日均線、20日均線高於60日均線、20日均線向上、RSI介於50至70、MACD多頭、MACD柱狀體為正,65,20日動能健康、60日趨勢健康、ATR偏高但可接受、20日回撤可接受、MA20乖離健康、成交量穩定、短線未過熱,0.0,0.0,0.0,0.0,0.0,0.0,0.0,0,,半導體業,207,一般業,3.56,60.86956521739131,6.117377759524809,31.88405797101449,27.353856802576292,28.019323671497588,11.910977272210289,47.82608695652174,30.55209457123739,51.94174757281553,2.396766679932716,58.7378640776699,30.308207308553868,52.65700483091788,161.85976578534448,18.357487922705314,0.3102011040769107,17.391304347826086,,,,,,,,,,1937397.0,42.576834192494815,,21692.103,0.0,0.0,0.0,0.0,0.0,46.77,53.2,★★★ 一般觀察,趨勢健康,技術面偏多、風險動能健康,無明顯風險訊號,18.364,36.52,250.0,46.0,55.603448275862064,49.0,0.0,42.58,85.0,38.74,34.22,18.364,55.6,36.52,0.0,100.0,0.0,80.0,72.34,🟢 S2中高爆發潛力,10.0,86.75,80.53,83.33,④ 趨勢加速,38.01,🔴 暫不考慮,MA20向上、RSI位於起漲區,無明顯風險訊號,偏多順風,偏多順風,34.97,55.6,79.35,98.06,85.16,72.34,S2_E_BALANCED,正常,249.0,224.0,122,122
363,2338,光罩,上市,4013030.0,2026-09-24,3985710.0,187726934.91828918,46.29999923706055,47.45000076293945,46.04999923706055,47.099998474121094,0.6499977111816406,0,47.98999938964844,43.94249973297119,42.430000178019206,2.118797932745643,1.8210432407010166,0.29775469204462657,58.0610695680656,15829909.2,0.2517835035971021,54.5,43.54749984741211,0.013993491937684732,-3.483608175240316,20.153054993433763,-8.365764443786727,71.041454202914,3.4178575788225447,7.256598066983957,7.185523719263398,11.00635936014247,-8.382642871884638,1.314404715868949,70,股價高於20日均線、5日均線高於20日均線、20日均線高於60日均線、20日均線向上、RSI介於50至70、MACD多頭、MACD柱狀體為正,33,20日動能尚可、20日回撤可接受、MA20乖離健康、MA60位置健康,-1339527.0,0.0,-362950.0,-1702477.0,0.0,0.0,5.0,0,,半導體業,207,一般業,0.61,29.227053140096622,5.912546042461957,31.40096618357488,16.17041141754532,11.11111111111111,0.06997554459548663,22.22222222222222,-8.94806629834254,11.165048543689322,-2.159987493246951,33.980582524271846,65.86615156999738,0.966183574879227,86.59854199274517,2.4154589371980677,0.3324258627853783,20.77294685990338,,,,,2.5,69.79166666666666,69.79166666666666,0.0,9.895833333333332,494412.0,23.73086686834576,,4013.03,-1339.527,0.0,-362.95,-1702.477,0.0,34.72,22.0,★★ 弱勢,風險偏高,技術面偏多,ATR偏高、波動率偏高、成交量波動較大,24.499,38.62,250.0,61.0,74.56896551724138,49.0,0.0,23.73,30.0,27.66,25.91,24.499,74.57,38.62,0.0,45.0,45.0,65.0,71.94,🟢 S2中高爆發潛力,20.0,86.75,80.53,83.33,① 尚未啟動,8.93,🔴 暫不考慮,MA20向上、RSI位於起漲區,ATR偏高、波動率偏高,偏多順風,偏多順風,22.51,74.57,74.62,56.67,74.84,71.94,S2_E_BALANCED,正常,347.0,307.0,123,123
282,6742,澤米,上市,2199168.0,2026-09-24,2188003.0,119683765.76931381,55.79999923706055,57.70000076293945,54.099998474121094,54.70000076293945,-0.5,0,54.26000061035156,47.62250022888183,47.23666687011719,2.3481055523101446,1.214461000077522,1.1336445522326226,67.62625218940016,1104635.1,1.9807473074140047,57.79999923706055,47.15250015258789,-0.00905797088929916,6.835937398136593,20.750555594245213,-17.37159624689091,57.39374188769866,2.992856979370117,5.471402079756183,14.861673578753631,15.799874096416634,-4.451681370302241,1.0836191086974354,85,股價高於20日均線、5日均線高於20日均線、20日均線高於60日均線、20日均線向上、RSI介於50至70、MACD多頭、MACD柱狀體為正、量比達1.5以上,43,20日動能尚可、ATR偏高但可接受、20日回撤小、MA20乖離可接受、MA60乖離可接受、短線未過熱,-999014.0,0.0,-5261.0,-1004275.0,0.0,0.0,5.0,0,,光電業,116,一般業,-0.87,12.173913043478262,-10.269126297722009,14.782608695652174,-12.271993632403987,6.956521739130435,-38.963386322934404,10.434782608695652,-6.885390613505958,35.65217391304348,2.937349554355606,69.2982456140351,27.876398687547322,70.43478260869566,237.84660638308185,58.26086956521739,0.21743927502614088,16.52173913043478,,,,,3.21,25.0,25.0,0.0,24.264705882352942,31645.0,26.885004711266657,,2199.168,-999.014,0.0,-5.261,-1004.275,0.0,42.17,39.3,★★ 弱勢,等待回檔,技術趨勢強,成交量波動較大,23.618,33.97,250.0,59.0,71.55172413793103,52.0,0.0,26.89,60.0,33.83,32.01,23.618,71.55,33.97,25.0,75.0,65.0,100.0,71.93,🟢 S2中高爆發潛力,25.0,86.75,80.53,100.0,⑤ 過熱,4.44,🟠 短線過熱,MA20向上、成交量溫和放大,MA20乖離過大,偏多順風,偏多順風,18.49,71.55,79.78,56.67,75.27,71.93,S2_E_BALANCED,正常,312.0,246.0,124,124
358,2241,艾姆勒,上市,4744337.0,2026-09-24,4730127.0,206233529.982399,41.849998474121094,44.900001525878906,41.849998474121094,43.599998474121094,-0.0500030517578125,0,40.01999969482422,35.69999980926514,35.81916643778483,1.6256473648036192,0.48599632078606625,1.139651044017553,78.0337586234802,1183503.7,3.996715008157558,44.0,35.287499809265135,-0.0011455452465028992,29.37684714259372,23.338049097907685,-6.13563453607574,55.39037185604276,1.6999999455043249,3.8990825802743196,22.12884791894505,21.722537987730604,-6.0563423264194505,1.753454820431942,60,股價高於20日均線、5日均線高於20日均線、20日均線向上、MACD多頭、MACD柱狀體為正、量比達1.5以上,33,20日動能尚可、ATR風險合理、20日回撤小、MA60乖離可接受,-1917017.0,0.0,-520.0,-1917537.0,0.0,0.0,5.0,0,,汽車工業,44,一般業,-0.42,20.454545454545457,-4.974805875872591,18.181818181818183,9.301621896126704,11.627906976744185,-8.258233794263587,9.30232558139535,47.331857135612985,90.9090909090909,8.88433623564977,75.0,34.698737048014124,77.27272727272727,237.2670967225625,69.76744186046511,0.4116025058723217,27.906976744186046,,,,,3.48,11.363636363636363,11.363636363636363,0.0,13.636363636363635,87163.0,37.02748414376322,營收年增同產業前20%,4744.337,-1917.017,0.0,-0.52,-1917.537,0.0,35.71,23.1,★★ 弱勢,短線過熱,,5日漲幅過大、MA20乖離過大、成交量波動較大、RSI偏熱,23.843,34.98,250.0,61.0,72.62931034482759,54.0,0.0,37.03,45.0,33.9,19.66,23.843,72.63,34.98,70.0,45.0,65.0,80.0,71.87,🟢 S2中高爆發潛力,40.0,86.75,80.53,100.0,⑤ 過熱,0.0,🟠 短線過熱,MA20向上、MACD動能擴張、近期突破20日高,RSI過熱、5日漲幅過大、MA20乖離過大,偏多順風,偏多順風,7.73,72.63,79.14,56.67,72.69,71.87,S2_E_BALANCED,正常,310.0,373.0,125,125
298,2489,瑞軒,上市,17569723.0,2026-09-24,17449876.0,711954927.4868011,41.25,41.95000076293945,40.25,40.79999923706055,-0.25,0,42.19000015258789,40.827500343322754,35.99166695276896,1.3999995505238374,1.5039917964291774,-0.10399224590533995,53.83654896294471,41178137.35,0.4237655494633489,45.5,40.79000034332275,-0.006090134096136457,-5.555558989567954,1.8726592117035201,-1.923075159625831,61.96280224215902,2.2642854963030135,5.5497194574608155,-0.06735927017561538,13.359570954580825,-13.785041626993365,0.805066204790392,45,5日均線高於20日均線、20日均線高於60日均線、20日均線向上、RSI介於50至70,31,20日動能尚可、ATR偏高但可接受、20日回撤可接受、MA60位置健康、成交量穩定度普通,-12062072.0,11800.0,-2211120.0,-14261392.0,0.0,0.0,5.0,15,投信近5日買超,光電業,116,一般業,0.44,51.30434782608696,4.13015064101294,48.69565217391305,8.071109994861473,20.869565217391305,0.7780602483257267,53.04347826086957,23.58564530251907,73.91304347826086,1.293526532271816,62.28070175438597,42.95210847067229,34.78260869565217,188.5614042703897,35.65217391304348,1.1236152340938295,99.1304347826087,,,29.35,48.837209302325576,1.88,45.588235294117645,47.21272229822161,2.94,83.82352941176471,2725433.0,54.33636628298279,資產周轉同產業前20%、殖利率同產業前20%,17569.723,-12062.072,11.8,-2211.12,-14261.392,23.076923076923077,40.62,36.0,★★ 弱勢,一般觀察,,無明顯風險訊號,22.622,33.9,250.0,57.0,68.53448275862068,33.0,30.0,54.34,25.0,34.1,43.19,22.622,68.53,33.9,0.0,10.0,45.0,80.0,71.83,🟢 S2中高爆發潛力,15.0,86.75,80.53,100.0,② 蓄勢,32.7,🔴 暫不考慮,MA20向上、RSI位於起漲區、投信5日買超、投信買盤加速,波動率偏高,偏多順風,偏多順風,41.09,68.53,64.73,97.85,67.53,71.83,S2_E_BALANCED,正常,305.0,146.0,126,126
230,3691,碩禾,上櫃,5436542.0,2026-09-24,5405061.0,654012381.0,126.5,130.5,118.5,121.0,-0.5,0,110.2,100.86000022888183,111.84500007629394,1.3246714932171813,-2.2226521722301524,3.5473236654473337,69.6150686611123,780786.65,6.922583781369725,121.5,99.74500007629395,-0.004115226337448541,27.50263230185903,22.59372212893971,-21.42857142857143,69.01584816684297,5.128572191510882,4.238489414471804,19.968272581215963,8.185435126703089,-20.32787135389985,1.5658692848052562,70,股價高於20日均線、5日均線高於20日均線、20日均線向上、RSI介於50至70、MACD多頭、MACD柱狀體為正、量比達1.5以上,23,20日動能尚可、ATR偏高但可接受、MA60位置健康,0.0,0.0,0.0,0.0,0.0,0.0,0.0,0,,光電業,116,一般業,3.34,88.69565217391305,9.777519084448947,68.69565217391305,14.340157485819343,33.04347826086956,5.049344663488677,66.95652173913044,75.83834981581273,91.30434782608695,-8.412355156888207,33.33333333333333,46.1635232791976,28.695652173913043,245.97772177840307,60.0,0.7739776648293616,80.8695652173913,,,,,,,,,,841543.0,66.28458498023716,EPS同產業前20%、營收年增同產業前20%、資產周轉同產業前20%,5436.542,0.0,0.0,0.0,0.0,0.0,45.49,50.6,★★★ 一般觀察,短線過熱,技術面偏多、基本面優於產業平均,5日漲幅過大、MA20乖離過大、波動率偏高、近期回撤偏大、成交量波動較大,29.148,41.77,250.0,72.0,87.5,69.0,0.0,66.28,45.0,44.29,46.78,29.148,87.5,41.77,60.0,45.0,45.0,80.0,71.65,🟢 S2中高爆發潛力,40.0,86.75,80.53,100.0,⑤ 過熱,0.0,🟠 短線過熱,MA20向上、MA5近期上穿MA20、MACD動能擴張、近期突破20日高,5日漲幅過大、MA20乖離過大、波動率偏高、近期回撤偏大,偏多順風,偏多順風,29.42,87.5,77.42,56.67,29.46,71.65,S2_E_BALANCED,正常,177.0,115.0,127,127
320,6187,萬潤,上櫃,1100011.0,2026-09-24,1010192.0,1207179440.0,1210.0,1210.0,1180.0,1195.0,-10.0,0,1220.0,1280.75,1156.6666666666667,-5.069244738501084,12.352730361290357,-17.42197509979144,44.7084381937852,2097872.2,0.4815317158023258,1455.0,1292.5,-0.008298755186721962,-1.2396694214875992,-16.433566433566437,18.905472636815922,38.472515830799296,63.214285714285715,5.289898386132696,-6.695295725161044,3.3141210374639796,-15.73426573426573,0.571613819711526,15,20日均線高於60日均線,60,60日趨勢健康、波動率合理、ATR偏高但可接受、MA60位置健康、成交量穩定、短線未過熱,0.0,0.0,0.0,0.0,0.0,0.0,0.0,0,,半導體業,207,一般業,11.9,85.99033816425121,25.911920589399717,83.09178743961353,53.65012064265213,84.05797101449275,29.50308291298036,87.43961352657004,103.06092173798378,86.40776699029125,5.1254408920241135,71.84466019417476,35.13670258061032,37.19806763285024,178.0433848160555,21.73913043478261,0.5572539483019731,54.106280193236714,,,,,,,,,,1108737.0,74.81558941035512,EPS同產業前20%、ROE同產業前20%、毛利率同產業前20%、營業利益率同產業前20%、營收年增同產業前20%,1100.011,0.0,0.0,0.0,0.0,0.0,38.94,31.4,★★ 弱勢,整理觀察,基本面優於產業平均、風險動能健康,無明顯風險訊號,27.289,35.69,250.0,69.0,83.40517241379311,0.0,0.0,74.82,25.0,14.97,49.13,27.289,83.41,35.69,0.0,25.0,45.0,80.0,71.39,🟢 S2中高爆發潛力,13.0,86.75,80.53,83.33,⑥ 轉弱,0.0,🔴 暫不考慮,,近期回撤偏大,偏多順風,偏多順風,24.31,83.41,61.29,56.67,66.88,71.39,S2_E_BALANCED,正常,432.0,98.0,128,128
103,6278,台表科,上市,6718865.0,2026-09-24,6545045.0,1387549540.0,207.5,214.5,204.5,212.0,3.0,0,205.0,195.25,180.00833333333333,6.105803603515511,4.318603279109134,1.7872003244063768,63.8206830722721,4571001.2,1.4318624549912609,218.0,194.95,0.014354066985645897,15.217391304347828,2.9126213592232997,-2.304147465437789,54.98759501691451,8.642857142857142,4.076819407008085,8.578745198463512,17.77232535530764,-12.378640776699024,0.9539635975783737,70,股價高於20日均線、5日均線高於20日均線、20日均線高於60日均線、20日均線向上、RSI介於50至70、MACD多頭、MACD柱狀體為正,44,20日動能尚可、波動率可接受、ATR偏高但可接受、20日回撤可接受、MA20乖離可接受、MA60乖離可接受、成交量穩定度普通、短線略熱,279068.0,-8000.0,1142362.0,1413430.0,0.0,0.0,5.0,25,外資近5日買超、自營商近5日買超、三大法人合計買超,光電業,116,一般業,4.93,92.17391304347827,12.33027925216551,80.8695652173913,11.55515810694844,26.956521739130434,5.979286720828196,71.30434782608695,10.869800594642088,50.43478260869565,-0.8486080860806045,52.63157894736842,59.35788587656305,8.695652173913043,138.90904941146007,13.91304347826087,0.9045765449824484,92.17391304347827,,,21.48,62.7906976744186,2.65,32.35294117647059,47.571819425444595,2.62,79.41176470588235,4628384.0,60.36619783563471,EPS同產業前20%、ROE同產業前20%、資產周轉同產業前20%,6718.865,279.068,-8.0,1142.362,1413.43,38.46153846153847,55.6,78.0,★★★ 一般觀察,等待回檔,技術面偏多、綜合表現前25%,無明顯風險訊號,26.943,37.39,250.0,67.0,82.54310344827587,93.0,20.0,60.37,40.0,58.25,68.8,26.943,82.54,37.39,87.0,25.0,65.0,100.0,71.14,🟢 S2中高爆發潛力,24.0,86.75,80.53,100.0,⑤ 過熱,29.86,🟠 短線過熱,MA20向上、MA5近期上穿MA20、RSI位於起漲區、MACD近期黃金交叉、MACD動能擴張、成交量溫和放大、近期突破20日高、外資5日買超、法人買超占量提升,5日漲幅過大,偏多順風,偏多順風,53.02,82.54,61.08,56.67,68.17,71.14,S2_E_BALANCED,正常,51.0,11.0,129,129
22,2404,漢唐,上市,2827024.0,2026-09-24,2665853.0,3425621105.0,1255.0,1285.0,1205.0,1285.0,35.0,0,1186.0,1083.75,1124.5,25.672854983647312,-2.615493907097431,28.288348890744743,73.4911607159799,1540635.45,1.7303593786576832,1250.0,1073.25,0.028000000000000025,24.757281553398048,19.53488372093024,-7.220216606498198,61.24295842896682,51.285714285714285,3.9911061700944965,18.56978085351788,14.273010226767457,-12.987012987012992,0.6483178524920125,75,股價高於20日均線、5日均線高於20日均線、20日均線向上、MACD多頭、MACD柱狀體為正、量比達1.5以上、突破20日高點,43,20日動能健康、ATR風險合理、20日回撤可接受、MA60位置健康、成交量穩定度普通,1512060.0,1788000.0,284289.0,3584349.0,0.0,5.0,5.0,55,外資近5日買超、投信近5日買超、自營商近5日買超、投信連買至少3日、三大法人合計買超,其他電子業,95,一般業,36.23,100.0,75.39935272545367,100.0,23.498480060405942,46.31578947368421,19.787688519480753,88.42105263157895,59.050412994601615,72.63157894736842,-5.559907124229591,28.421052631578945,81.91143366208027,2.1052631578947367,117.18577872177337,7.368421052631578,0.9229541608506745,76.84210526315789,,,19.38,52.63157894736842,13.55,4.3478260869565215,28.48970251716247,3.11,60.86956521739131,9392377.0,66.02974828375285,EPS同產業前20%、ROE同產業前20%、營業利益率同產業前20%,2827.024,1512.06,1788.0,284.289,3584.349,84.61538461538461,67.83,95.5,★★★ 一般觀察,短線過熱,技術面偏多、法人籌碼強、基本面優於產業平均、綜合表現前10%,5日漲幅過大、MA20乖離過大,29.484,36.87,250.0,76.0,88.14655172413794,64.0,70.0,66.03,45.0,63.25,57.27,29.484,88.15,36.87,70.0,45.0,45.0,100.0,71.08,🟢 S2中高爆發潛力,40.0,86.75,80.53,82.5,⑤ 過熱,17.46,🟠 短線過熱,MA20向上、MACD動能擴張、成交量溫和放大、近期突破20日高、外資5日買超、投信5日買超、外資買盤加速,5日漲幅過大、MA20乖離過大、波動率偏高,偏多順風,偏多順風,41.3,88.15,73.98,56.67,29.46,71.08,S2_E_BALANCED,正常,24.0,40.0,130,130
132,3031,佰鴻,上市,7189070.0,2026-09-24,7151713.0,217769666.306324,28.299999237060547,31.049999237060547,28.25,30.450000762939453,2.1500015258789062,0,28.800000381469726,25.46500015258789,25.185000069936116,1.2302608133936914,0.588076981416052,0.6421838319776394,74.01183188851863,2036889.65,3.511094967761263,29.850000381469727,25.200000095367432,0.07597178741486865,14.258916318208747,21.07356351808527,-8.283132339773235,57.71586695440951,1.4964288984026228,4.914380495595649,19.575890753901916,20.905303467869672,-8.54870636636581,1.3178780149836864,90,股價高於20日均線、5日均線高於20日均線、20日均線高於60日均線、20日均線向上、MACD多頭、MACD柱狀體為正、量比達1.5以上、突破20日高點,28,20日動能尚可、ATR偏高但可接受、20日回撤可接受、MA60乖離可接受、短線略熱,-1210440.0,0.0,2542.0,-1207898.0,1.0,0.0,5.0,5,自營商近5日買超,光電業,116,一般業,0.57,54.78260869565217,6.5086310926397895,60.0,27.911863499248202,70.43478260869566,9.262395362809709,79.13043478260869,27.820762534032088,74.78260869565217,-3.7914807105077664,44.73684210526316,17.88762557572937,87.82608695652175,355.4724754558205,78.26086956521739,0.35465398550874644,33.91304347826087,,,33.46,41.86046511627907,1.82,51.470588235294116,46.665526675786595,3.28,88.23529411764706,118780.0,65.0164296424759,負債比同產業前20%、殖利率同產業前20%,7189.07,-1210.44,0.0,2.542,-1207.898,7.6923076923076925,53.64,71.8,★★★ 一般觀察,短線過熱,技術趨勢強、基本面優於產業平均,MA20乖離過大、成交量波動較大,21.691,34.76,250.0,55.0,65.51724137931035,54.0,25.0,65.02,45.0,45.6,52.43,21.691,65.52,34.76,70.0,60.0,65.0,80.0,70.73,🟢 S2中高爆發潛力,35.0,86.75,80.53,100.0,⑤ 過熱,6.21,🟠 短線過熱,MA20向上、MACD動能擴張、近期突破20日高、外資買盤加速、外資由賣轉買,MA20乖離過大,偏多順風,偏多順風,35.19,65.52,83.87,56.67,78.49,70.73,S2_E_BALANCED,正常,160.0,67.0,131,131
463,6217,中探針,上櫃,1450750.0,2026-09-24,1408488.0,239442960.0,167.5,171.0,165.5,170.0,2.5,0,172.4,175.0,175.53333333333333,-0.520432839378401,-0.26532864177587007,-0.25510419760253095,49.370427721720596,5015626.65,0.2808199450012891,210.5,175.375,0.014925373134328401,4.615384615384621,-4.225352112676061,-35.84905660377359,66.89694130549348,9.857142857142858,5.798319327731092,-2.857142857142858,-3.152297759210021,-19.948849104859335,0.805681247196385,0,,18,ATR偏高但可接受、成交量穩定度普通、短線未過熱,0.0,0.0,0.0,0.0,0.0,0.0,0.0,0,,電子零組件業,210,一般業,-0.19,20.238095238095237,-1.6213487761872072,21.428571428571427,21.370387273409825,48.57142857142857,-1.2808184422364217,23.809523809523807,22.996264134221175,40.476190476190474,-0.6038083086489676,54.761904761904766,60.0203667300088,14.285714285714285,121.74700314370344,10.476190476190476,0.6230165709999754,50.476190476190474,,,,,,,,,,419111.0,30.151515151515152,,1450.75,0.0,0.0,0.0,0.0,0.0,12.65,0.4,★★ 弱勢,風險偏高,,波動率偏高,20.696,35.41,250.0,52.0,61.63793103448276,8.0,0.0,30.15,30.0,12.22,22.05,20.696,61.64,35.41,0.0,30.0,45.0,80.0,70.65,🟢 S2中高爆發潛力,23.0,86.75,80.53,82.5,⑥ 轉弱,0.0,🔴 暫不考慮,,波動率偏高、近期回撤偏大,偏多順風,偏多順風,2.64,61.64,64.95,96.13,81.72,70.65,S2_E_BALANCED,正常,448.0,345.0,132,132
386,6443,元晶,上市,15942276.0,2026-09-24,15915202.0,449604456.5,28.649999618530273,29.399999618530273,28.0,28.25,0.5499992370605469,0,27.579999923706055,25.195000076293944,26.99000005722046,0.22190656689609867,-0.43301640904453337,0.6549229759406321,62.69320023143275,6971765.8,2.2828078935181675,30.200000762939453,25.11750011444092,0.01985556757804874,18.947368421052623,5.805240422359836,-17.27672404760474,55.131261033778735,1.2142855780465263,4.298356028483279,12.1254213711256,4.668395480208454,-17.290547615106966,1.3220310370156287,70,股價高於20日均線、5日均線高於20日均線、20日均線向上、RSI介於50至70、MACD多頭、MACD柱狀體為正、量比達1.5以上,35,20日動能健康、ATR偏高但可接受、MA20乖離可接受、MA60位置健康,-10615755.0,0.0,-6356.0,-10622111.0,0.0,0.0,5.0,0,,光電業,116,一般業,-0.6,18.695652173913043,-18.383592769735763,6.086956521739131,-24.02776355565845,4.3478260869565215,-44.27224549702968,8.695652173913043,-22.984514964238596,14.782608695652174,-1.4512928353523136,50.0,47.27513667559645,24.347826086956523,106.25360820902472,6.086956521739131,0.21288457264282876,14.782608695652174,,,,,4.35,14.705882352941178,14.705882352941178,0.0,24.264705882352942,66546.0,14.842710997442458,,15942.276,-10615.755,0.0,-6.356,-10622.111,0.0,32.45,17.0,★★ 弱勢,短線過熱,技術面偏多,5日漲幅過大、成交量波動較大,32.812,45.9,250.0,82.0,93.53448275862068,86.0,0.0,14.84,55.0,44.88,39.51,32.812,93.53,45.9,85.0,28.0,65.0,100.0,70.44,🟢 S2中高爆發潛力,40.0,86.75,80.53,100.0,⑤ 過熱,0.48,🟠 短線過熱,MA20向上、MA5近期上穿MA20、RSI位於起漲區、MACD動能擴張、成交量溫和放大、近期突破20日高,5日漲幅過大、MA20乖離過大、近期回撤偏大,偏多順風,偏多順風,23.71,93.53,61.72,56.67,29.46,70.44,S2_E_BALANCED,正常,167.0,184.0,133,133
414,4991,環宇-KY,上櫃,3154143.0,2026-09-24,3074526.0,1425042801.0,447.5,464.0,436.0,463.5,16.0,0,471.2,480.75,457.975,-5.3847626571403,-3.587538211569318,-1.7972244455709818,48.633398184908394,4692305.75,0.6552271236800798,560.0,484.475,0.03575418994413404,7.5406032482598695,-13.847583643122674,-11.882129277566545,73.95225108082015,31.678571428571427,6.834643242410232,-3.5881435257410277,1.2063977291336903,-23.161764705882348,0.7182558536185085,15,20日均線高於60日均線,18,MA60乖離可接受、成交量穩定度普通、短線未過熱,0.0,0.0,0.0,0.0,0.0,0.0,0.0,0,,半導體業,207,一般業,2.58,50.24154589371981,13.471612413480349,60.86956521739131,48.69007794404973,77.77777777777779,18.870434265478526,68.11594202898551,45.61718147039716,68.44660194174757,80.31296838689272,99.02912621359224,12.712017883370851,90.82125603864735,998.8316902960814,96.61835748792271,0.5807726382861379,56.038647342995176,,,,,,,,,,262258.0,69.83708976638484,營收月增同產業前20%、負債比同產業前20%、流動比率同產業前20%,3154.143,0.0,0.0,0.0,0.0,0.0,29.05,11.0,★★ 弱勢,風險偏高,基本面優於產業平均,波動率偏高、近期回撤偏大,22.621,36.68,250.0,56.0,68.31896551724138,8.0,0.0,69.84,30.0,18.18,42.04,22.621,68.32,36.68,0.0,30.0,45.0,65.0,70.31,🟢 S2中高爆發潛力,28.0,86.75,80.53,83.33,⑥ 轉弱,0.0,🔴 暫不考慮,,ATR偏高、波動率偏高、近期回撤偏大,偏多順風,偏多順風,18.63,68.32,74.84,56.67,82.37,70.31,S2_E_BALANCED,正常,414.0,159.0,134,134
438,3363,上詮,上櫃,1642600.0,2026-09-24,1578184.0,1028975968.0,636.0,654.0,629.0,652.0,9.0,0,659.8,701.05,620.7,1.8238668939832223,12.047162987981837,-10.223296093998615,47.28023586606756,4354373.05,0.36243656248056194,850.0,703.65,0.013996889580093264,-0.45801526717557106,-7.386363636363635,23.251417769376182,54.68656983732269,35.42857142857143,5.433829973707275,-6.996647885314877,5.04269373288222,-18.193384223918574,0.5112618067075306,15,20日均線高於60日均線,53,60日趨勢健康、波動率可接受、ATR偏高但可接受、MA60位置健康、成交量穩定、短線未過熱,0.0,0.0,0.0,0.0,0.0,0.0,0.0,0,,通信網路業,92,一般業,-1.18,8.695652173913043,-4.614080577182485,22.82608695652174,1.0079429752809876,3.260869565217391,-30.579776787970765,13.043478260869565,13.197373811184553,39.56043956043956,19.690007784925335,79.12087912087912,11.099929139959388,95.65217391304348,873.9940205271326,97.82608695652173,0.252265165518139,10.869565217391305,,,,,,,,,,204482.0,33.5262563523433,負債比同產業前20%、流動比率同產業前20%,1642.6,0.0,0.0,0.0,0.0,0.0,25.16,5.8,★★ 弱勢,一般觀察,,無明顯風險訊號,20.224,29.57,250.0,52.0,60.3448275862069,8.0,0.0,33.53,25.0,11.98,21.32,20.224,60.34,29.57,0.0,25.0,45.0,80.0,69.76,🟡 S2中等爆發潛力,18.0,86.75,80.53,76.67,⑥ 轉弱,0.0,🔴 暫不考慮,,近期回撤偏大,偏多順風,偏多順風,2.05,60.34,66.02,93.55,80.43,69.76,S2_E_BALANCED,正常,451.0,349.0,135,135
394,6446,藥華藥,上市,1460375.0,2026-09-24,1333530.0,1540227150.0,1175.0,1185.0,1150.0,1155.0,-20.0,0,1164.0,1275.25,1289.8703938802084,-50.88412246279472,-32.9981540902368,-17.88596837255792,37.78121264701485,4054227.95,0.3289232910547124,1645.0,1295.5,-0.017021276595744705,-3.347280334728031,-25.96153846153846,-8.15656761263337,57.12302217430112,55.357142857142854,4.792826221397649,-9.429523622819058,-10.456119817936838,-27.444794952681384,0.6666215147232232,0,,8,ATR偏高但可接受、成交量穩定度普通,-11014340.0,8507617.0,116604.0,-2390119.0,0.0,0.0,5.0,20,投信近5日買超、自營商近5日買超,生技醫療業,159,一般業,11.35,98.74213836477988,25.42145378498638,94.33962264150944,91.51080225125074,98.73417721518987,43.772009723124086,96.20253164556962,105.4274761466709,90.9090909090909,4.384664840520669,63.63636363636363,16.5375710044656,77.9874213836478,527.8049668119187,71.69811320754717,0.5430310083041044,69.18238993710692,,,56.56,10.81081081081081,11.72,6.666666666666667,8.73873873873874,0.22,37.5,2617220.0,80.2127488519416,EPS同產業前20%、ROE同產業前20%、毛利率同產業前20%、營業利益率同產業前20%、營收年增同產業前20%,1460.375,-11014.34,8507.617,116.604,-2390.119,30.76923076923077,31.82,15.3,★★ 弱勢,風險偏高,同產業基本面突出,近期回撤偏大,34.13,39.66,250.0,84.0,94.82758620689656,0.0,20.0,80.21,0.0,18.03,52.52,34.13,94.83,39.66,0.0,0.0,45.0,80.0,69.63,🟡 S2中等爆發潛力,18.0,86.75,80.53,100.0,⑥ 轉弱,0.0,🔴 暫不考慮,投信5日買超,近期回撤偏大,偏多順風,偏多順風,27.02,94.83,56.13,56.67,29.46,69.63,S2_E_BALANCED,正常,415.0,65.0,136,136
285,6669,緯穎,上市,3554942.0,2026-09-24,2431088.0,5141751120.0,2110.0,2140.0,2075.0,2115.0,10.0,0,2125.0,2318.8741455078125,2043.941756184896,-14.194299012834563,29.773071584244693,-43.96737059707925,43.00785705656042,4250098.35,0.5720074689565714,2875.0,2327.362646484375,0.004750593824228044,-0.936768149882905,-7.430508019624682,21.319436255844337,60.194449418611896,109.28571428571429,5.167173252279635,-8.791945259416655,3.476529778800419,-19.502785399983512,0.5024602371689648,15,20日均線高於60日均線,45,60日趨勢健康、ATR偏高但可接受、MA60位置健康、成交量穩定、短線未過熱,1174981.0,-3873092.0,84672.0,-2613439.0,4.0,0.0,5.0,25,外資近5日買超、自營商近5日買超、外資連買至少3日,電腦及週邊設備業,109,一般業,156.38,99.08256880733946,42.37641288643333,93.57798165137615,8.40949222677953,12.844036697247708,6.792657457890723,56.88073394495413,50.35813251850269,75.22935779816514,22.624937832204182,92.66055045871559,75.3534970099199,7.339449541284404,132.11657458703908,25.688073394495415,1.991864663674221,96.3302752293578,,,6.78,100.0,2.88,31.25,65.625,7.76,96.875,144311808.0,69.38188073394494,EPS同產業前20%、ROE同產業前20%、營收月增同產業前20%、資產周轉同產業前20%、殖利率同產業前20%,3554.942,1174.981,-3873.092,84.672,-2613.439,38.46153846153847,42.01,38.8,★★ 弱勢,整理觀察,基本面優於產業平均,無明顯風險訊號,23.146,33.71,250.0,58.0,70.04310344827587,0.0,25.0,69.38,25.0,21.66,44.62,23.146,70.04,33.71,0.0,25.0,25.0,80.0,69.6,🟡 S2中等爆發潛力,23.0,86.75,80.53,82.5,⑥ 轉弱,0.0,🔴 暫不考慮,外資5日買超、外資連買,波動率偏高、近期回撤偏大,偏多順風,偏多順風,20.7,70.04,70.32,56.67,80.0,69.6,S2_E_BALANCED,正常,394.0,137.0,137,137
222,6147,頎邦,上櫃,15345866.0,2026-09-24,15100708.0,3224001158.0,214.5,215.0,210.5,213.5,-1.0,0,220.0,197.425,179.19166666666666,11.900270743566807,10.032290739515945,1.867980004050862,59.923776398640996,46270719.65,0.32635558976010004,233.0,196.125,-0.004662004662004615,1.9093078758949833,13.86666666666667,0.9456264775413725,66.19653387254412,13.642857142857142,6.390097022415524,8.142332531341001,19.14616565130447,-8.585858585858585,0.39580571031542455,70,股價高於20日均線、5日均線高於20日均線、20日均線高於60日均線、20日均線向上、RSI介於50至70、MACD多頭、MACD柱狀體為正,53,20日動能健康、60日趨勢尚可、20日回撤可接受、MA20乖離可接受、MA60乖離可接受、成交量穩定、短線未過熱,0.0,0.0,0.0,0.0,0.0,0.0,0.0,0,,半導體業,207,一般業,1.87,42.028985507246375,4.7427409336565844,29.951690821256037,27.122391934881186,27.053140096618357,16.676981704080777,61.35265700483091,43.611890927650016,65.0485436893204,3.845633947085614,66.50485436893204,13.080565840651667,89.85507246376811,262.19088072141386,52.17391304347826,0.3680814564755845,27.053140096618357,,,,,,,,,,2619692.0,49.52293087054589,負債比同產業前20%,15345.866,0.0,0.0,0.0,0.0,0.0,46.46,52.3,★★★ 一般觀察,風險偏高,技術面偏多,波動率偏高,21.358,38.14,250.0,54.0,64.65517241379311,49.0,0.0,49.52,78.0,38.73,44.94,21.358,64.66,38.14,0.0,60.0,25.0,80.0,69.51,🟡 S2中等爆發潛力,27.0,86.75,80.53,83.33,① 尚未啟動,13.0,🔴 暫不考慮,MA20向上、RSI位於起漲區,ATR偏高、波動率偏高,偏多順風,偏多順風,38.56,64.66,78.49,56.67,81.94,69.51,S2_E_BALANCED,正常,250.0,132.0,138,138
166,1809,中釉,上市,7084102.0,2026-09-24,7006297.0,317735558.2592392,42.349998474121094,45.349998474121094,42.29999923706055,45.349998474121094,4.099998474121094,0,40.959999084472656,38.69249973297119,39.87333319981893,0.6209364224911909,-0.15207371302019734,0.7730101355113882,71.54210546853298,1819403.25,3.8508763793842844,41.900001525878906,38.38749980926514,0.09939390240293555,21.58176783301975,15.541397386295785,-18.14079923276387,48.54403425903671,1.7035715920584542,3.7564975730497427,17.20617377294138,13.735157898279326,-11.561387844128657,1.0390394879577216,75,股價高於20日均線、5日均線高於20日均線、20日均線向上、MACD多頭、MACD柱狀體為正、量比達1.5以上、突破20日高點,48,20日動能健康、波動率可接受、ATR風險合理、20日回撤可接受、MA60位置健康,805742.0,0.0,78882.0,884624.0,1.0,0.0,5.0,25,外資近5日買超、自營商近5日買超、三大法人合計買超,玻璃陶瓷,5,一般業,0.1,25.63259109311741,-0.006356153437543983,23.448626653102746,20.351943393510457,37.71339886187274,1.0100337731863034,29.90170719089498,-4.1293800051549425,22.22222222222222,5.175039561867822,70.17276422764228,27.40694241416792,78.48423194303153,208.6643306974762,57.04732510288066,0.5281377101322474,46.690796277145814,,,226.75,2.640642939150402,2.59,29.417206290471785,16.028924614811093,0.55,26.734505087881594,212015.0,34.7228219058446,,7084.102,805.742,0.0,78.882,884.624,38.46153846153847,50.21,64.4,★★★ 一般觀察,短線過熱,技術面偏多,5日漲幅過大、MA20乖離過大、成交量波動較大,23.532,32.68,250.0,60.0,71.33620689655173,61.0,30.0,34.72,45.0,45.36,18.3,23.532,71.34,32.68,85.0,45.0,65.0,80.0,69.43,🟡 S2中等爆發潛力,37.0,86.75,80.53,100.0,⑤ 過熱,3.96,🟠 短線過熱,MA20向上、MA5近期上穿MA20、MACD動能擴張、近期突破20日高、外資5日買超、外資由賣轉買、法人買超占量提升,5日漲幅過大、MA20乖離過大,偏多順風,偏多順風,7.43,71.34,75.7,56.67,66.02,69.43,S2_E_BALANCED,正常,164.0,385.0,139,139
347,6547,高端疫苗,上櫃,2524901.0,2026-09-24,2508100.0,149984378.08647156,60.900001525878906,61.20000076293945,59.5,59.79999923706055,-1.0,0,59.67999954223633,61.40499992370606,53.590000025431316,1.1143703024163827,1.7658069056551677,-0.651436603238785,52.34655128043992,5283085.85,0.47474148087144946,72.19999694824219,61.569999885559085,-0.016447368627439896,-1.482704307358762,-5.229792895183605,31.718055566525383,54.029146771220006,3.114286150251116,5.207836438099924,-2.6137947864826594,11.587981356003452,-14.684288141063806,0.7831015006713173,25,20日均線高於60日均線、RSI介於50至70,56,60日趨勢健康、波動率可接受、ATR偏高但可接受、20日回撤可接受、MA60位置健康、成交量穩定度普通、短線未過熱,0.0,0.0,0.0,0.0,0.0,0.0,0.0,0,,生技醫療業,159,一般業,-0.02,37.735849056603776,-0.3369016746640265,37.735849056603776,78.28119414061969,93.67088607594937,-4.765158680236584,34.810126582278485,416.8601727342298,98.7012987012987,399.0099427920035,98.05194805194806,25.319969651929817,62.264150943396224,2236.917015631493,93.71069182389937,0.0928334191738973,17.61006289308176,,,,,,,,,,236386.0,59.99269139209864,毛利率同產業前20%、營收年增同產業前20%、營收月增同產業前20%、流動比率同產業前20%,2524.901,0.0,0.0,0.0,0.0,0.0,36.7,25.5,★★ 弱勢,一般觀察,,無明顯風險訊號,26.237,36.07,250.0,66.0,79.3103448275862,15.0,0.0,59.99,10.0,16.5,47.29,26.237,79.31,36.07,0.0,25.0,45.0,80.0,69.27,🟡 S2中等爆發潛力,10.0,86.75,80.53,100.0,⑥ 轉弱,0.0,🔴 暫不考慮,RSI位於起漲區,無明顯風險訊號,偏多順風,偏多順風,22.83,79.31,60.65,93.33,29.46,69.27,S2_E_BALANCED,正常,422.0,110.0,140,140
383,2383,台光電,上市,2346653.0,2026-09-24,2188104.0,11049925200.0,5025.0,5170.0,4980.0,5050.0,30.0,0,4943.0,5233.5,5257.25,-138.66779824278638,-101.9724836233822,-36.69531461940417,44.910786789191015,1857762.8,1.1778166728281996,5960.0,5256.0,0.005976095617529875,7.561235356762519,-8.18181818181818,-10.698496905393462,44.31230449725082,250.35714285714286,4.957567185289958,-3.506257762491638,-3.9421750915402565,-20.356234096692116,0.49245809877558167,0,,28,波動率可接受、ATR偏高但可接受、成交量穩定、短線未過熱,856656.0,-2441086.0,306132.0,-1278298.0,1.0,0.0,5.0,15,外資近5日買超、自營商近5日買超,電子零組件業,210,一般業,42.46,99.52380952380952,52.169031811369024,99.52380952380952,32.02807780767964,77.61904761904762,24.72186467291795,91.42857142857143,129.84671742960728,96.66666666666667,4.888351969713889,75.71428571428571,63.22801305840192,12.380952380952381,135.49558280050033,17.61904761904762,1.0132898219749336,93.33333333333333,,,78.97,17.857142857142858,31.02,2.8846153846153846,10.37087912087912,0.5,32.21153846153847,20145589.0,74.58003663003662,EPS同產業前20%、ROE同產業前20%、營業利益率同產業前20%、營收年增同產業前20%、資產周轉同產業前20%,2346.653,856.656,-2441.086,306.132,-1278.298,23.076923076923077,32.59,17.9,★★ 弱勢,風險偏高,基本面優於產業平均,近期回撤偏大,31.423,39.41,250.0,78.0,91.37931034482759,10.0,25.0,74.58,30.0,27.19,56.58,31.423,91.38,39.41,12.0,30.0,0.0,90.0,68.94,🟡 S2中等爆發潛力,13.0,86.75,80.53,82.5,⑥ 轉弱,3.39,🔴 暫不考慮,成交量溫和放大、外資5日買超、外資由賣轉買,近期回撤偏大,偏多順風,偏多順風,30.94,91.38,42.37,85.38,29.46,68.94,S2_E_BALANCED,正常,352.0,46.0,141,141
109,2413,環科,上市,2307936.0,2026-09-24,2285003.0,117220652.15668106,52.20000076293945,52.5,50.900001525878906,51.29999923706055,-0.9000015258789062,0,52.71999969482422,48.742499923706056,44.76083329518636,2.3270625528047546,2.1294546138553363,0.1976079389494183,58.187137586205054,6832552.8,0.33442888286205413,58.400001525878906,48.36499996185303,-0.017241408289746296,-3.3898291690870663,17.25714111328125,6.321241942094402,71.35080753690349,3.525000435965402,6.871345981266298,5.246959670426432,14.609124675472508,-8.961745298625345,0.9677114050076386,70,股價高於20日均線、5日均線高於20日均線、20日均線高於60日均線、20日均線向上、RSI介於50至70、MACD多頭、MACD柱狀體為正,51,20日動能健康、60日趨勢尚可、20日回撤可接受、MA20乖離健康、MA60位置健康、成交量穩定度普通,414044.0,0.0,2059.0,416103.0,2.0,0.0,5.0,25,外資近5日買超、自營商近5日買超、三大法人合計買超,電子零組件業,210,一般業,2.39,68.57142857142857,26.95904943322208,91.9047619047619,16.97024662759383,35.714285714285715,3.4484099193088404,38.57142857142858,2.1952826948603468,23.333333333333332,-7.325559209418742,32.38095238095238,51.78027959282797,28.57142857142857,223.6977504881286,64.76190476190476,0.7678159086383122,71.42857142857143,,,13.68,88.09523809523809,2.89,42.30769230769231,65.2014652014652,0.97,45.19230769230769,330288.0,54.014285714285705,ROE同產業前20%,2307.936,414.044,0.0,2.059,416.103,38.46153846153847,55.1,76.6,★★★★ 觀察候選,風險偏高,技術面偏多、綜合表現前25%,波動率偏高,21.551,35.54,250.0,54.0,65.30172413793103,56.0,30.0,54.01,45.0,46.25,47.74,21.551,65.3,35.54,0.0,57.0,45.0,65.0,68.51,🟡 S2中等爆發潛力,20.0,86.75,80.53,82.5,① 尚未啟動,27.46,🔴 暫不考慮,站上MA20且乖離健康、MA20向上、RSI位於起漲區、外資5日買超、外資買盤加速、法人買超占量提升,ATR偏高、波動率偏高,偏多順風,偏多順風,43.68,65.3,72.69,56.67,83.01,68.51,S2_E_BALANCED,正常,149.0,107.0,142,142
444,5314,世紀*,上櫃,8077415.0,2026-09-24,7948054.0,209828622.568058,26.100000381469727,26.850000381469727,25.450000762939453,26.399999618530273,0.39999961853027344,0,27.61999969482422,33.84500007629394,22.839413563410442,0.41459840209685694,2.4310248149754363,-2.0164264128785794,44.166406690897915,26991552.65,0.2944644979509914,46.79999923706055,34.42500009536743,0.015384600712702756,-4.86486623953054,-30.52631679334139,68.83935532636683,131.7546783510978,3.2928570338657925,12.472943490326879,-21.997342121379905,15.589656210893343,-44.44444353877082,1.371507826672342,15,20日均線高於60日均線,5,MA60乖離可接受,0.0,0.0,0.0,0.0,0.0,0.0,0.0,0,,其他,94,一般業,0.66,44.148936170212764,12.483892177508826,69.14893617021278,41.72405851471192,77.6595744680851,12.499653151603273,63.829787234042556,102.52220805278574,92.5531914893617,-15.822807709424037,15.957446808510639,49.56997668155132,47.87234042553192,97.86722468307566,17.02127659574468,0.7236761320993883,80.85106382978722,,,,,,,,,,465313.0,62.02852998065765,營收年增同產業前20%、資產周轉同產業前20%,8077.415,0.0,0.0,0.0,0.0,0.0,24.11,4.5,★★ 弱勢,風險偏高,,ATR偏高、波動率偏高、近期回撤偏大、成交量波動較大,15.656,26.22,250.0,39.0,47.62931034482759,0.0,0.0,62.03,0.0,9.3,23.68,15.656,47.63,26.22,0.0,0.0,45.0,0.0,68.07,🟡 S2中等爆發潛力,28.0,86.75,80.53,100.0,⑥ 轉弱,0.0,🔴 暫不考慮,,ATR偏高、波動率偏高、近期回撤偏大,偏多順風,偏多順風,3.95,47.63,92.8,56.67,99.57,68.07,S2_E_BALANCED,正常,461.0,333.0,143,143
292,3138,耀登,上市,1133071.0,2026-09-24,1116031.0,110933483.10292816,97.0999984741211,105.0,97.0999984741211,99.4000015258789,2.3000030517578125,0,101.4,95.67999954223633,98.64666646321615,0.7318130184011125,-0.3258597483431508,1.0576727667442634,52.9597665602509,541207.0,2.0621148654766106,113.0,95.64499931335449,0.0236869525015575,-4.880381314948412,0.7092245180147172,-15.404254020528585,63.80968813830192,4.714286259242466,4.742742642730339,3.887961958027031,0.7636700657732476,-12.360686246667063,1.584597790008074,70,股價高於20日均線、5日均線高於20日均線、20日均線向上、RSI介於50至70、MACD多頭、MACD柱狀體為正、量比達1.5以上,33,20日動能尚可、ATR偏高但可接受、20日回撤可接受、MA20乖離健康、MA60乖離可接受,-1446947.0,0.0,37379.0,-1409568.0,0.0,0.0,5.0,5,自營商近5日買超,通信網路業,92,一般業,0.41,46.73913043478261,1.5758230223715783,35.869565217391305,43.40088485310444,81.52173913043478,0.7988059927611535,38.04347826086957,-8.23892692650958,17.582417582417584,0.9163400846844416,49.45054945054945,39.11066621696673,48.91304347826087,144.68443726961496,23.91304347826087,0.38875701064877805,17.391304347826086,,,39.44,35.294117647058826,2.04,46.808510638297875,41.05131414267835,1.56,55.319148936170215,140856.0,39.740659908736845,毛利率同產業前20%,1133.071,-1446.947,0.0,37.379,-1409.568,7.6923076923076925,41.06,37.3,★★ 弱勢,一般觀察,技術面偏多,成交量波動較大,26.552,34.44,250.0,66.0,80.81896551724138,66.0,5.0,39.74,25.0,37.61,39.84,26.552,80.82,34.44,25.0,10.0,65.0,100.0,67.68,🟡 S2中等爆發潛力,15.0,86.75,80.53,76.67,② 蓄勢,34.35,🔴 暫不考慮,站上MA20且乖離健康、MA20向上、RSI位於起漲區、成交量溫和放大,波動率偏高,偏多順風,偏多順風,38.74,80.82,52.47,91.83,29.46,67.68,S2_E_BALANCED,正常,263.0,180.0,144,144
33,3563,牧德,上市,1433099.0,2026-09-24,1360598.0,1046299862.0,760.0,777.0,739.0,769.0,16.0,0,712.8,686.5,679.85,10.400755434148437,0.2121029856033867,10.18865244854505,67.91354406846969,546841.2,2.4881044076415604,774.0,682.7,0.021248339973439556,16.691957511380885,10.966810966810957,-4.944375772558718,48.01627751368122,27.142857142857142,3.5296303176667285,12.017479970866706,13.113186732367431,-9.577464788732392,0.8822149334744454,85,股價高於20日均線、5日均線高於20日均線、20日均線高於60日均線、20日均線向上、RSI介於50至70、MACD多頭、MACD柱狀體為正、量比達1.5以上,61,20日動能健康、波動率可接受、ATR風險合理、20日回撤可接受、MA20乖離可接受、MA60位置健康、成交量穩定度普通、短線略熱,-55816.0,0.0,126763.0,70947.0,0.0,0.0,5.0,15,自營商近5日買超、三大法人合計買超,光電業,116,一般業,9.8,96.52173913043478,22.26515614957526,93.91304347826087,60.48871277303438,100.0,38.88305887488348,100.0,35.677791635986594,77.39130434782608,0.4167836756483245,57.89473684210527,28.211379186399604,69.56521739130434,317.0707789128842,71.30434782608695,0.48277834736669883,51.30434782608696,,,45.13,30.23255813953488,8.87,7.352941176470589,18.792749658002734,1.82,64.70588235294117,361158.0,78.40012208597983,EPS同產業前20%、ROE同產業前20%、毛利率同產業前20%、營業利益率同產業前20%,1433.099,-55.816,0.0,126.763,70.947,23.076923076923077,65.84,93.1,★★★★★ 強勢候選,等待回檔,技術趨勢強、基本面優於產業平均、風險動能健康、綜合表現前10%,無明顯風險訊號,24.42,36.81,250.0,61.0,73.92241379310344,86.0,10.0,78.4,55.0,57.41,71.52,24.42,73.92,36.81,100.0,60.0,65.0,100.0,67.53,🟡 S2中等爆發潛力,32.0,86.75,80.53,100.0,⑤ 過熱,21.01,🟠 短線過熱,MA20向上、MA5近期上穿MA20、MACD近期黃金交叉、MACD動能擴張、成交量溫和放大、近期突破20日高、法人買超占量提升,5日漲幅過大、MA20乖離過大,偏多順風,偏多順風,53.41,73.92,65.38,56.67,62.8,67.53,S2_E_BALANCED,正常,57.0,9.0,145,145
158,5230,雷笛克光學,上櫃,2253641.0,2026-09-24,2243157.0,52265556.388607025,22.399999618530273,23.5,22.0,23.299999237060547,1.3999996185302734,0,21.729999542236328,19.132499790191652,18.648333263397216,1.0197207651966238,0.5222187478681537,0.4975020173284701,82.40301071505507,777958.95,2.883387356106643,22.899999618530273,18.867499828338623,0.06392692433408498,24.598921317894206,29.44444020589192,12.289152949689374,50.42152815907558,1.1285712378365653,4.843653539874288,21.782304939605336,24.944137944990395,-3.9370080316902256,1.2807921030885712,90,股價高於20日均線、5日均線高於20日均線、20日均線高於60日均線、20日均線向上、MACD多頭、MACD柱狀體為正、量比達1.5以上、突破20日高點,51,20日動能尚可、60日趨勢健康、波動率可接受、ATR偏高但可接受、20日回撤小、MA60乖離可接受,0.0,0.0,0.0,0.0,0.0,0.0,0.0,0,,光電業,116,一般業,-0.18,25.217391304347824,-1.5418566562348617,26.956521739130434,26.75833841410107,67.82608695652173,-1.5534225622577766,43.47826086956522,20.423527300462112,69.56521739130434,3.216329293053599,71.05263157894737,44.381862938804694,31.30434782608696,182.4746643945731,31.30434782608696,0.5625569862343497,64.34782608695652,,,,,,,,,,134206.0,45.6152485957978,,2253.641,0.0,0.0,0.0,0.0,0.0,50.88,66.2,★★★ 一般觀察,短線過熱,技術趨勢強,5日漲幅過大、MA20乖離過大、成交量波動較大、RSI偏熱,19.88,30.31,250.0,52.0,59.69827586206896,54.0,0.0,45.62,45.0,35.19,33.21,19.88,59.7,30.31,70.0,70.0,45.0,100.0,67.38,🟡 S2中等爆發潛力,40.0,86.75,80.53,100.0,⑤ 過熱,0.0,🟠 短線過熱,MA20向上、MACD動能擴張、近期突破20日高,RSI過熱、5日漲幅過大、MA20乖離過大,偏多順風,偏多順風,18.57,59.7,81.08,56.67,78.28,67.38,S2_E_BALANCED,正常,290.0,231.0,146,146
396,3141,晶宏,上櫃,2517753.0,2026-09-24,2475211.0,207670206.67687225,86.0,86.0,82.5,83.9000015258789,-2.5,0,89.2,91.92500038146973,78.19833354949951,2.39737298440059,4.085988508520054,-1.6886155241194638,44.82712572129304,6357620.2,0.38932979985183763,110.0,91.57500038146972,-0.028935184674171444,-11.122881176142274,9.102730638625944,7.564104520357562,70.9633572990805,5.149999891008649,6.138259591592659,-8.729941607058734,7.291290897868352,-18.14633997475229,0.8755338104748425,25,20日均線高於60日均線、20日均線向上,36,20日動能健康、60日趨勢尚可、MA60位置健康、成交量穩定度普通,0.0,0.0,0.0,0.0,0.0,0.0,0.0,0,,半導體業,207,一般業,2.19,46.3768115942029,10.874728662383555,45.893719806763286,43.83460124584549,68.11594202898551,11.504413781572604,46.3768115942029,79.77072598488336,83.49514563106796,12.266368681927563,88.3495145631068,30.860002773974465,50.72463768115942,190.09570901462794,27.536231884057973,0.43154169846702567,34.78260869565217,,,,,,,,,,242126.0,55.50609514307276,營收年增同產業前20%、營收月增同產業前20%,2517.753,0.0,0.0,0.0,0.0,0.0,31.35,14.9,★★ 弱勢,風險偏高,,波動率偏高,22.175,29.53,250.0,56.0,66.8103448275862,10.0,0.0,55.51,55.0,20.58,46.46,22.175,66.81,29.53,0.0,57.0,45.0,80.0,67.28,🟡 S2中等爆發潛力,28.0,86.75,80.53,83.33,① 尚未啟動,0.0,🔴 暫不考慮,MA20向上,ATR偏高、波動率偏高、近期回撤偏大,偏多順風,偏多順風,37.17,66.81,69.46,56.67,75.7,67.28,S2_E_BALANCED,正常,399.0,118.0,147,147
327,3661,世芯-KY,上市,1136496.0,2026-09-24,1013100.0,3819387000.0,3730.0,3785.0,3715.0,3770.0,10.0,0,3690.0,3830.0,3758.9166666666665,-58.40937479678132,-53.514332986293546,-4.8950418104877755,50.46878827044615,2324775.55,0.43578400504083076,4350.0,3835.0,0.0026595744680850686,14.415781487101675,-2.5839793281653756,-22.982635342185908,67.58238363675957,202.5,5.371352785145889,-1.5665796344647487,0.29485445717960523,-22.923976608187136,0.4500613875860329,25,20日均線高於60日均線、RSI介於50至70,20,ATR偏高但可接受、MA60乖離可接受、成交量穩定、短線略熱,2539038.0,-2176224.0,195209.0,558023.0,0.0,0.0,5.0,25,外資近5日買超、自營商近5日買超、三大法人合計買超,半導體業,207,一般業,37.57,95.65217391304348,10.158749129582908,44.44444444444444,40.27247171677593,61.35265700483091,25.487328503439105,82.6086956521739,273.61017160561573,96.11650485436894,18.069508063335714,92.71844660194175,32.67786310374934,44.44444444444444,290.9525651453474,59.90338164251207,0.26388839335251324,9.66183574879227,,,55.29,25.0,5.39,23.958333333333336,24.479166666666668,0.86,41.66666666666667,8776286.0,63.62992472210497,EPS同產業前20%、營業利益率同產業前20%、營收年增同產業前20%、營收月增同產業前20%,1136.496,2539.038,-2176.224,195.209,558.023,38.46153846153847,38.28,29.7,★★ 弱勢,風險偏高,,波動率偏高、近期回撤偏大,19.624,34.06,250.0,50.0,58.83620689655172,15.0,20.0,63.63,0.0,21.54,37.58,19.624,58.84,34.06,0.0,15.0,25.0,80.0,67.18,🟡 S2中等爆發潛力,28.0,86.75,80.53,83.33,⑥ 轉弱,0.0,🔴 暫不考慮,RSI位於起漲區、外資5日買超、法人買超占量提升,波動率偏高、近期回撤偏大,偏多順風,偏多順風,15.06,58.84,59.57,98.71,73.33,67.18,S2_E_BALANCED,正常,396.0,203.0,148,148
204,4416,三圓,上櫃,1322583.0,2026-09-24,1320000.0,18083999.74822998,14.0,14.100000381469727,13.399999618530273,13.699999809265137,-0.40000057220458984,0,13.360000038146973,12.35,11.6100000222524,0.31606074492599845,0.11391765877054508,0.20214308615545337,60.775961634732575,1584992.65,0.8328114329110612,15.199999809265137,12.390000009536744,-0.028368834140619748,23.981896586320683,-5.5172426947231905,20.17544094471986,79.50360104960703,0.7821429797581264,5.709072924432984,10.931172544656986,18.00172078386668,-29.508196721311474,0.8117747564228424,60,股價高於20日均線、5日均線高於20日均線、20日均線高於60日均線、RSI介於50至70、MACD多頭、MACD柱狀體為正,33,60日趨勢健康、ATR偏高但可接受、MA20乖離可接受、MA60乖離可接受、成交量穩定度普通,0.0,0.0,0.0,0.0,0.0,0.0,0.0,0,,建材營造,88,一般業,3.87,89.77272727272727,28.37833945120245,90.9090909090909,56.31522116921936,93.18181818181817,52.16076186945339,100.0,3633.031771674744,92.04545454545455,-32.644645765076696,18.6046511627907,85.55401091040632,4.545454545454546,165.6869892570528,54.54545454545454,0.32069716503616935,70.45454545454545,,,,,,,,,,346612.0,77.1207716701903,EPS同產業前20%、ROE同產業前20%、毛利率同產業前20%、營業利益率同產業前20%、營收年增同產業前20%,1322.583,0.0,0.0,0.0,0.0,0.0,47.74,56.2,★★★ 一般觀察,短線過熱,基本面優於產業平均,5日漲幅過大、波動率偏高、近期回撤偏大,24.611,36.17,250.0,62.0,75.64655172413794,63.0,0.0,77.12,30.0,41.27,41.4,24.611,75.65,36.17,40.0,25.0,0.0,63.0,67.12,🟡 S2中等爆發潛力,40.0,86.75,80.53,100.0,⑤ 過熱,0.0,🟠 短線過熱,MA5近期上穿MA20、RSI位於起漲區、MACD近期黃金交叉、MACD動能擴張,5日漲幅過大、波動率偏高、近期回撤偏大,偏多順風,偏多順風,25.12,75.65,80.65,56.67,29.46,67.12,S2_E_BALANCED,正常,212.0,164.0,149,149
133,2302,麗正,上市,9238419.0,2026-09-24,9177902.0,422642380.09781647,45.099998474121094,46.79999923706055,44.5,46.04999923706055,0.2999992370605469,0,44.810000610351565,43.23999996185303,43.18333346048991,0.5659928864121468,0.19858951067880415,0.3674033757333427,60.29103086636055,3936900.8,2.3312505105538857,46.849998474121094,43.1375,0.006557360372908105,4.185516837529724,4.6590891751375985,-16.877259984281245,47.39462744574349,1.992856706891741,4.327593354850507,6.498610725454523,6.6383614854408135,-10.467707356826095,0.7981144688376788,85,股價高於20日均線、5日均線高於20日均線、20日均線高於60日均線、20日均線向上、RSI介於50至70、MACD多頭、MACD柱狀體為正、量比達1.5以上,59,20日動能尚可、波動率可接受、ATR偏高但可接受、20日回撤可接受、MA20乖離健康、MA60位置健康、成交量穩定度普通、短線未過熱,-705793.0,0.0,136432.0,-569361.0,0.0,0.0,5.0,5,自營商近5日買超,半導體業,207,一般業,0.6,28.502415458937197,10.909140390696864,47.34299516908212,35.57762392489921,46.3768115942029,14.167666799130135,53.62318840579711,87.72217512750316,84.9514563106796,10.529890192612967,84.9514563106796,34.29138355651914,39.61352657004831,148.18184683123164,14.492753623188406,0.35819910115285053,26.08695652173913,,,43.04,41.25,4.17,36.45833333333333,38.854166666666664,0.76,38.54166666666667,135083.0,48.7900497162422,營收年增同產業前20%、營收月增同產業前20%,9238.419,-705.793,0.0,136.432,-569.361,7.6923076923076925,53.48,71.6,★★★ 一般觀察,一般觀察,技術趨勢強,無明顯風險訊號,22.908,33.83,250.0,57.0,69.18103448275862,77.0,5.0,48.79,85.0,52.37,60.48,22.908,69.18,33.83,55.0,58.0,65.0,100.0,67.06,🟡 S2中等爆發潛力,5.0,86.75,80.53,83.33,② 蓄勢,59.64,🟡 等待回檔,MA20向上、RSI位於起漲區、MACD動能擴張、成交量溫和放大、接近20日突破,無明顯風險訊號,偏多順風,偏多順風,60.31,69.18,56.99,76.77,67.74,67.06,S2_E_BALANCED,正常,93.0,30.0,150,150
351,3081,聯亞,上櫃,1931597.0,2026-09-24,1803562.0,4869617400.0,2640.0,2710.0,2595.0,2700.0,20.0,0,2792.0,2963.75,2417.636364746094,8.770909084049435,64.08638145647069,-55.315472372421254,46.19402640463831,3387870.85,0.5323585460762177,3600.0,2997.25,0.00746268656716409,-0.7352941176470562,-19.881305637982194,53.092784468457936,60.00698277295056,188.57142857142858,6.984126984126984,-8.899198650358498,11.679326112533905,-24.22096317280453,0.30610631326783394,15,20日均線高於60日均線,25,MA60位置健康、成交量穩定、短線未過熱,0.0,0.0,0.0,0.0,0.0,0.0,0.0,0,,通信網路業,92,一般業,7.75,96.73913043478261,33.31289074204911,95.65217391304348,56.30704654334585,91.30434782608695,44.49636261759803,100.0,180.9018539007475,93.4065934065934,3.842501147223709,59.34065934065934,24.10337586674095,83.69565217391305,288.02557002571274,76.08695652173914,0.6837320330985998,61.95652173913043,,,,,,,,,,520469.0,88.80480932111365,EPS同產業前20%、ROE同產業前20%、毛利率同產業前20%、營業利益率同產業前20%、營收年增同產業前20%、負債比同產業前20%,1931.597,0.0,0.0,0.0,0.0,0.0,36.14,24.6,★★ 弱勢,風險偏高,同產業基本面突出,近期回撤偏大,16.92,29.09,250.0,41.0,51.293103448275865,8.0,0.0,88.8,10.0,18.02,32.63,16.92,51.29,29.09,0.0,25.0,25.0,65.0,67.01,🟡 S2中等爆發潛力,28.0,86.75,80.53,76.67,⑥ 轉弱,0.0,🔴 暫不考慮,,ATR偏高、波動率偏高、近期回撤偏大,偏多順風,偏多順風,11.11,51.29,88.28,56.67,89.03,67.01,S2_E_BALANCED,正常,416.0,241.0,151,151
231,3265,台星科,上櫃,1086790.0,2026-09-24,1073152.0,196386816.0,180.0,184.0,178.5,183.0,3.0,0,182.7,174.4,168.10833333333332,2.9285917731806705,1.43378837890404,1.4948033942766306,57.17498221568548,1658678.25,0.6469922662819024,198.0,174.075,0.016666666666666607,8.92857142857142,3.682719546742219,-2.917771883289122,56.706585615788654,8.107142857142858,4.430132708821233,4.931192660550465,8.85837505576761,-13.94101876675603,0.7450923882481706,70,股價高於20日均線、5日均線高於20日均線、20日均線高於60日均線、20日均線向上、RSI介於50至70、MACD多頭、MACD柱狀體為正,51,20日動能尚可、ATR偏高但可接受、20日回撤可接受、MA20乖離健康、MA60位置健康、成交量穩定度普通、短線未過熱,0.0,0.0,0.0,0.0,0.0,0.0,0.0,0,,半導體業,207,一般業,3.85,62.31884057971014,16.61670136559862,69.56521739130434,27.52667121114864,28.985507246376812,21.90491868360278,74.39613526570048,3.3632379267063106,18.446601941747574,-4.639325706719443,28.640776699029125,41.35018534895975,26.570048309178745,203.96769476846396,31.88405797101449,0.5042384908393279,48.309178743961354,,,,,,,,,,401868.0,47.613641693422196,,1086.79,0.0,0.0,0.0,0.0,0.0,45.48,50.4,★★★ 一般觀察,一般觀察,技術面偏多,無明顯風險訊號,21.75,34.4,250.0,54.0,66.16379310344827,83.0,0.0,47.61,75.0,51.59,57.12,21.75,66.16,34.4,60.0,58.0,45.0,80.0,66.75,🟡 S2中等爆發潛力,5.0,86.75,80.53,83.33,③ 剛啟動,63.86,🔵 等待突破,站上MA20且乖離健康、MA20向上、MA5近期上穿MA20、RSI位於起漲區、MACD動能擴張、近期突破20日高,無明顯風險訊號,偏多順風,偏多順風,58.47,66.16,55.27,89.68,64.73,66.75,S2_E_BALANCED,正常,100.0,41.0,152,152
104,6290,良維,上櫃,2007400.0,2026-09-24,1973542.0,540750508.0,270.0,280.5,270.0,274.0,0.0,0,277.5,265.3,248.325,9.170476987794927,8.631917596462602,0.5385593913323259,58.44989845525787,3927218.35,0.5025292265707609,291.5,264.125,0.0,3.007518796992481,9.381237524950103,-12.17948717948718,57.59496239816184,14.25,5.200729927007299,3.2793064455333587,10.339273129970806,-7.818181818181813,0.48860496061016867,70,股價高於20日均線、5日均線高於20日均線、20日均線高於60日均線、20日均線向上、RSI介於50至70、MACD多頭、MACD柱狀體為正,65,20日動能健康、ATR偏高但可接受、20日回撤小、MA20乖離健康、MA60位置健康、成交量穩定、短線未過熱,0.0,0.0,0.0,0.0,0.0,0.0,0.0,0,,電子零組件業,210,一般業,4.5,83.33333333333334,18.882361065578003,82.38095238095238,30.70283254257935,74.76190476190476,17.853344158144765,86.19047619047619,18.185830032649193,35.714285714285715,8.04480369566205,84.28571428571429,40.0872686045784,55.714285714285715,258.60310782978416,76.19047619047619,0.7812988695719392,72.38095238095238,,,,,,,,,,974831.0,71.88852813852814,EPS同產業前20%、ROE同產業前20%、營業利益率同產業前20%、營收月增同產業前20%,2007.4,0.0,0.0,0.0,0.0,0.0,55.57,77.8,★★★★ 觀察候選,趨勢健康,技術面偏多、基本面優於產業平均、風險動能健康、綜合表現前25%,無明顯風險訊號,20.555,31.37,250.0,51.0,60.991379310344826,56.0,0.0,71.89,70.0,43.68,46.55,20.555,60.99,31.37,0.0,75.0,45.0,80.0,66.67,🟡 S2中等爆發潛力,10.0,86.75,80.53,82.5,② 蓄勢,45.89,🔴 暫不考慮,站上MA20且乖離健康、MA20向上、RSI位於起漲區,無明顯風險訊號,偏多順風,偏多順風,46.41,60.99,60.0,92.47,69.03,66.67,S2_E_BALANCED,正常,183.0,116.0,153,153
429,4707,磐亞,上櫃,3480533.0,2026-09-24,3456395.0,103691850.0,29.200000762939453,31.0,29.100000381469727,30.0,0.7999992370605469,0,29.200000381469728,28.932500076293945,31.356442896525063,-0.5084213426325412,-0.7990197864278517,0.2905984437953104,53.46992917621916,2613543.25,1.3224938978913015,35.099998474121094,29.04250011444092,0.0273972334300725,11.940301694166887,-6.832300344140185,-0.48543643250250623,44.63676505096506,1.442856924874442,4.809523082914806,3.6896221235326987,-4.325882565829509,-25.272347466250842,0.4519403077856557,45,股價高於20日均線、5日均線高於20日均線、RSI介於50至70、MACD多頭、MACD柱狀體為正,33,波動率可接受、ATR偏高但可接受、MA20乖離健康、成交量穩定、短線略熱,0.0,0.0,0.0,0.0,0.0,0.0,0.0,0,,化學工業,42,一般業,0.69,38.095238095238095,6.754785394599641,35.714285714285715,3.817150116176952,7.317073170731707,-4.025037186346535,12.195121951219512,-46.2475525916766,2.380952380952381,-27.905185945721822,4.761904761904762,24.069976002402516,78.57142857142857,44.85158558942142,2.4390243902439024,0.11335939731406913,7.317073170731707,,,,,,,,,,73027.0,22.419095132509764,,3480.533,0.0,0.0,0.0,0.0,0.0,26.83,7.8,★★ 弱勢,風險偏高,,近期回撤偏大,26.736,40.43,250.0,68.0,81.89655172413794,80.0,0.0,22.42,35.0,40.61,33.53,26.736,81.9,40.43,52.0,30.0,65.0,100.0,66.38,🟡 S2中等爆發潛力,18.0,86.75,80.53,100.0,④ 趨勢加速,33.22,🔴 暫不考慮,站上MA20且乖離健康、MA5近期上穿MA20、RSI位於起漲區、MACD近期黃金交叉、MACD動能擴張、成交量溫和放大,近期回撤偏大,偏多順風,偏多順風,33.47,81.9,46.88,89.25,29.46,66.38,S2_E_BALANCED,正常,221.0,230.0,154,154
440,4939,亞電,上櫃,4215037.0,2026-09-24,4168547.0,307221901.1786041,74.69999694824219,75.9000015258789,71.30000305175781,73.69999694824219,-1.0,0,76.43999938964843,83.31999969482422,69.0666665395101,0.9629761321580474,3.002385909840103,-2.0394097776820557,45.133076263738836,12021011.25,0.34677174102137204,95.19999694824219,83.96499977111816,-0.013386881403661621,-5.025775261038856,-14.8960759274538,20.228381509807413,75.63936356272589,5.271429879324777,7.152551014387125,-11.545850674288493,6.708489986383759,-21.260685737490626,1.4888986523265275,15,20日均線高於60日均線,25,60日趨勢健康、MA60位置健康,0.0,0.0,0.0,0.0,0.0,0.0,0.0,0,,電子零組件業,210,一般業,0.53,40.95238095238095,6.906697107665701,51.42857142857142,27.313459130912943,67.61904761904762,7.023594386890288,55.714285714285715,45.40855152574406,67.61904761904762,3.39289430652594,70.0,49.91379142443372,32.38095238095238,146.00572673670197,20.952380952380953,0.4946691970800992,31.9047619047619,,,,,,,,,,173881.0,51.320346320346324,,4215.037,0.0,0.0,0.0,0.0,0.0,24.9,5.4,★★ 弱勢,風險偏高,,ATR偏高、波動率偏高、近期回撤偏大、成交量波動較大,16.18,25.37,250.0,41.0,49.137931034482754,8.0,0.0,51.32,15.0,13.15,31.47,16.18,49.14,25.37,0.0,25.0,45.0,48.0,66.28,🟡 S2中等爆發潛力,28.0,86.75,80.53,82.5,⑥ 轉弱,0.0,🔴 暫不考慮,,ATR偏高、波動率偏高、近期回撤偏大,偏多順風,偏多順風,10.18,49.14,86.67,56.67,93.33,66.28,S2_E_BALANCED,正常,442.0,251.0,155,155
81,3518,柏騰,上市,7183649.0,2026-09-24,7161278.0,243483452.0,32.849998474121094,35.650001525878906,32.5,34.0,1.5499992370605469,0,32.25,30.5625,28.885833295186362,1.0775250822747289,0.7546184915835261,0.32290659069120276,72.23535480669864,1392652.4,5.142186233980569,34.75,30.244999980926515,0.04776576889424211,9.324757501476366,22.965643649463672,1.94903015178034,48.27237417807241,1.278571537562779,3.7605045222434677,11.247443762781195,17.70475738938049,-9.247645425917828,1.2656493693893203,75,股價高於20日均線、5日均線高於20日均線、20日均線高於60日均線、20日均線向上、MACD多頭、MACD柱狀體為正、量比達1.5以上,59,20日動能尚可、60日趨勢尚可、波動率可接受、ATR風險合理、20日回撤可接受、MA20乖離可接受、MA60乖離可接受、短線未過熱,1491502.0,0.0,3968.0,1495470.0,5.0,0.0,5.0,35,外資近5日買超、自營商近5日買超、外資連買至少3日、三大法人合計買超,其他電子業,95,一般業,2.78,61.05263157894737,32.786577672293696,91.57894736842105,-22.826718464113213,1.0526315789473684,-108.19538505562734,1.0526315789473684,-18.86745266166488,6.315789473684211,-2.4150229899875364,42.10526315789473,30.08688024299414,86.31578947368422,391.647870980186,93.6842105263158,0.09454226470702769,2.1052631578947367,,,16.11,65.78947368421053,2.04,51.08695652173913,58.43821510297484,0.0,9.782608695652174,22709.0,43.35057208237986,ROE同產業前20%、負債比同產業前20%、流動比率同產業前20%,7183.649,1491.502,0.0,3.968,1495.47,53.84615384615385,58.07,82.8,★★★★ 觀察候選,等待回檔,技術面偏多、法人偏多、綜合表現前25%,成交量波動較大,21.096,31.11,250.0,53.0,63.577586206896555,52.0,40.0,43.35,73.0,50.25,42.83,21.096,63.58,31.11,30.0,75.0,45.0,80.0,66.22,🟡 S2中等爆發潛力,17.0,86.75,80.53,82.5,④ 趨勢加速,42.46,🔴 暫不考慮,MA20向上、MACD動能擴張、接近20日突破、外資5日買超、外資買盤加速、外資連買,無明顯風險訊號,偏多順風,偏多順風,42.76,63.58,76.56,56.67,66.45,66.22,S2_E_BALANCED,正常,117.0,151.0,156,156
431,6488,環球晶,上櫃,9680905.0,2026-09-24,9233119.0,8752996812.0,944.0,960.0,930.0,948.0,-2.0,0,948.8,943.0,1034.25,-9.271932050173291,-14.364768696110975,5.092836645937684,49.41596518662498,9728428.3,0.9490864007292935,1015.0,943.5,-0.002105263157894721,3.9473684210526327,-1.043841336116913,-21.32780082987552,58.164312441160746,50.07142857142857,5.281796262808921,0.5302226935312904,-8.339376359680928,-15.094339622641506,0.5696963970003365,35,股價高於20日均線、5日均線高於20日均線、MACD多頭、MACD柱狀體為正,25,ATR偏高但可接受、MA20乖離可接受、成交量穩定、短線未過熱,0.0,0.0,0.0,0.0,0.0,0.0,0.0,0,,半導體業,207,一般業,11.87,85.5072463768116,11.734726714648707,52.65700483091788,20.733301167967184,17.874396135265698,9.925590877639138,41.06280193236715,7.605508151106012,24.271844660194176,-4.286970158051073,29.61165048543689,55.879796985706065,7.729468599033816,128.14308078400387,8.695652173913043,0.2663903955738139,10.144927536231885,,,,,,,,,,4764363.0,37.336268979367325,EPS同產業前20%,9680.905,0.0,0.0,0.0,0.0,0.0,26.7,7.3,★★ 弱勢,一般觀察,,無明顯風險訊號,26.274,37.41,250.0,66.0,79.52586206896551,56.0,0.0,37.34,45.0,34.75,37.79,26.274,79.53,37.41,25.0,30.0,0.0,80.0,66.14,🟡 S2中等爆發潛力,18.0,86.75,80.53,83.33,① 尚未啟動,18.02,🔴 暫不考慮,站上MA20且乖離健康、MA5近期上穿MA20、MACD動能擴張,近期回撤偏大,偏多順風,偏多順風,33.84,79.53,48.39,92.26,29.46,66.14,S2_E_BALANCED,正常,297.0,200.0,157,157
182,5285,界霖,上市,1236954.0,2026-09-24,1221094.0,109776352.46324158,92.0999984741211,93.4000015258789,89.5,89.9000015258789,-2.2999954223632812,0,92.11999969482422,86.86000022888183,83.81333351135254,2.6360380748452883,2.082096351218518,0.5539417236267701,56.18976226049794,1567226.85,0.7791431087337484,96.0999984741211,86.56500015258788,-0.024945721241774188,1.352880066429929,7.023811340332031,-9.557343917672545,59.14232066497286,4.300000326974051,4.7830926073302,3.4998863561898075,7.26217149411188,-7.924105574814011,0.5998041908423695,70,股價高於20日均線、5日均線高於20日均線、20日均線高於60日均線、20日均線向上、RSI介於50至70、MACD多頭、MACD柱狀體為正,65,20日動能健康、ATR偏高但可接受、20日回撤小、MA20乖離健康、MA60位置健康、成交量穩定、短線未過熱,-460061.0,0.0,28230.0,-431831.0,1.0,0.0,5.0,5,自營商近5日買超,半導體業,207,一般業,2.01,45.169082125603865,13.31989108666162,60.38647342995169,18.111553066061067,14.009661835748794,9.768497357268876,40.09661835748793,19.926592779660574,35.43689320388349,-9.049576183584861,17.96116504854369,45.73256386261906,20.77294685990338,333.3173933305296,67.14975845410628,1.0498378041919536,88.40579710144928,,,29.09,48.75,2.98,61.458333333333336,55.10416666666667,1.67,64.58333333333334,549909.0,45.368665869330705,資產周轉同產業前20%,1236.954,-460.061,0.0,28.23,-431.831,7.6923076923076925,49.15,61.0,★★★ 一般觀察,趨勢健康,技術面偏多、風險動能健康,無明顯風險訊號,20.594,32.71,250.0,51.0,61.422413793103445,56.0,15.0,45.37,70.0,44.21,43.44,20.594,61.42,32.71,0.0,43.0,45.0,80.0,66.06,🟡 S2中等爆發潛力,10.0,86.75,80.53,83.33,② 蓄勢,46.48,🔴 暫不考慮,站上MA20且乖離健康、MA20向上、RSI位於起漲區、外資由賣轉買,無明顯風險訊號,偏多順風,偏多順風,44.05,61.42,58.06,89.89,69.46,66.06,S2_E_BALANCED,正常,178.0,144.0,158,158
89,2449,京元電子,上市,27018575.0,2026-09-24,26330399.0,8188754089.0,303.5,315.5,300.5,311.0,7.0,0,305.0,275.775,264.80039672851564,12.787220887247884,7.673096365019018,5.114124522228866,66.01374743950198,29074363.4,0.9056225458061105,330.0,272.6,0.023026315789473673,17.35849056603773,25.656565656565668,-6.028780279452128,69.99859934437369,14.0,4.501607717041801,12.773094007796226,17.446953948052467,-7.885304659498205,0.6566224249870499,70,股價高於20日均線、5日均線高於20日均線、20日均線高於60日均線、20日均線向上、RSI介於50至70、MACD多頭、MACD柱狀體為正,41,20日動能尚可、ATR偏高但可接受、20日回撤小、MA20乖離可接受、MA60乖離可接受、成交量穩定度普通、短線略熱,37142481.0,7051768.0,4182038.0,48376287.0,1.0,0.0,5.0,40,外資近5日買超、投信近5日買超、自營商近5日買超、三大法人合計買超,半導體業,207,一般業,3.91,62.80193236714976,15.248120447114871,65.70048309178745,39.61226535150558,57.00483091787439,26.248597339056275,83.57487922705315,31.577957840545338,53.398058252427184,2.2399818377819347,57.76699029126213,51.321831335707216,13.043478260869565,147.28238412970862,14.009661835748794,0.33139856612088747,19.806763285024154,,,40.76,43.75,6.07,19.791666666666664,31.770833333333332,0.48,33.33333333333333,4080093.0,51.57037076122133,營業利益率同產業前20%,27018.575,37142.481,7051.768,4182.038,48376.287,61.53846153846154,56.98,80.9,★★★ 一般觀察,風險偏高,技術面偏多、法人偏多、綜合表現前25%,波動率偏高,19.708,33.46,250.0,50.0,59.26724137931034,62.0,45.0,51.57,30.0,50.54,53.87,19.708,59.27,33.46,45.0,60.0,0.0,80.0,66.02,🟡 S2中等爆發潛力,40.0,86.75,80.53,83.33,⑤ 過熱,4.81,🟠 短線過熱,MA20向上、MACD動能擴張、近期突破20日高、外資5日買超、投信5日買超、外資由賣轉買,5日漲幅過大、MA20乖離過大、波動率偏高,偏多順風,偏多順風,36.06,59.27,82.37,56.67,68.39,66.02,S2_E_BALANCED,正常,115.0,58.0,159,159
279,6668,中揚光,上市,2272592.0,2026-09-24,2259466.0,107437606.57616425,46.95000076293945,48.849998474121094,46.650001525878906,47.54999923706055,0.5999984741210938,0,48.69000015258789,44.01499977111816,38.757500139872235,2.5406685860730036,2.0946839942917217,0.4459845917812819,62.56883369103989,4533834.35,0.4983565400884133,54.099998474121094,43.78499984741211,0.012779520007903944,6.138392961679062,10.710124312943714,22.393825237174013,62.55744122695129,2.9642851693289622,6.234038311021871,8.031351776268746,22.68592934388698,-11.883406767683734,0.9814586420000984,70,股價高於20日均線、5日均線高於20日均線、20日均線高於60日均線、20日均線向上、RSI介於50至70、MACD多頭、MACD柱狀體為正,58,20日動能健康、60日趨勢健康、20日回撤可接受、MA20乖離可接受、MA60乖離可接受、成交量穩定度普通、短線未過熱,-113194.0,0.0,64000.0,-49194.0,2.0,0.0,5.0,5,自營商近5日買超,光電業,116,一般業,-0.83,13.91304347826087,-7.950767853844952,17.391304347826086,14.196864322499536,32.17391304347826,-16.52738472350871,20.869565217391305,-1.1033445767464543,40.869565217391305,-9.616616681677638,27.192982456140353,40.01082329479843,40.869565217391305,160.95968989553094,22.608695652173914,0.31224619586754676,26.956521739130434,,,,,2.28,42.64705882352941,42.64705882352941,0.0,24.264705882352942,97342.0,27.222627540718804,,2272.592,-113.194,0.0,64.0,-49.194,7.6923076923076925,42.31,40.1,★★ 弱勢,等待回檔,技術面偏多,無明顯風險訊號,21.452,36.46,250.0,54.0,65.08620689655173,49.0,15.0,27.22,85.0,40.93,29.5,21.452,65.09,36.46,0.0,100.0,45.0,80.0,65.99,🟡 S2中等爆發潛力,27.0,86.75,80.53,100.0,④ 趨勢加速,24.54,🔴 暫不考慮,MA20向上、RSI位於起漲區、外資買盤加速,ATR偏高、波動率偏高,偏多順風,偏多順風,28.51,65.09,70.75,56.67,70.11,65.99,S2_E_BALANCED,正常,215.0,270.0,160,160
70,3017,奇鋐,上市,2261001.0,2026-09-24,2106810.0,7489709550.0,3460.0,3600.0,3455.0,3555.0,85.0,0,3452.0,3366.75,2863.0833333333335,117.63283843602176,122.39296541151464,-4.760126975492881,62.427994393647744,2884489.35,0.7303927123183865,3595.0,3356.0,0.02449567723342949,11.61695447409734,6.437125748502992,29.744525547445267,56.91916015747236,164.64285714285714,4.631303998392606,5.591445756293156,24.166836452542405,-12.745098039215685,0.2716716179144141,55,股價高於20日均線、5日均線高於20日均線、20日均線高於60日均線、20日均線向上、RSI介於50至70,65,20日動能健康、60日趨勢健康、ATR偏高但可接受、20日回撤可接受、MA20乖離健康、MA60乖離可接受、成交量穩定、短線略熱,-208489.0,317582.0,278375.0,387468.0,2.0,2.0,5.0,30,投信近5日買超、自營商近5日買超、三大法人合計買超,電腦及週邊設備業,109,一般業,44.54,98.1651376146789,61.014726319591276,97.24770642201835,31.169966129411993,64.22018348623854,25.974869729095403,97.24770642201835,54.340256925995845,77.98165137614679,4.792408367613121,71.55963302752293,68.07147020455572,11.926605504587156,126.07057560504325,17.431192660550458,1.008945673161001,76.14678899082568,,,47.39,12.962962962962962,25.29,1.5625,7.262731481481481,0.59,23.4375,19481068.0,69.09650016989467,EPS同產業前20%、ROE同產業前20%、營業利益率同產業前20%,2261.001,-208.489,317.582,278.375,387.468,46.15384615384615,59.46,85.0,★★★ 一般觀察,整理觀察,基本面優於產業平均、風險動能健康、綜合表現前25%,無明顯風險訊號,18.113,31.27,250.0,45.0,54.956896551724135,63.0,50.0,69.1,75.0,61.81,55.33,18.113,54.96,31.27,35.0,83.0,25.0,80.0,65.84,🟡 S2中等爆發潛力,15.0,86.75,80.53,82.5,③ 剛啟動,64.02,🔵 等待突破,站上MA20且乖離健康、MA20向上、MA5近期上穿MA20、RSI位於起漲區、接近20日突破、投信5日買超、外資買盤加速、投信買盤加速,無明顯風險訊號,偏多順風,偏多順風,57.07,54.96,67.53,89.03,72.47,65.84,S2_E_BALANCED,正常,33.0,48.0,161,161
183,3680,家登,上櫃,1421473.0,2026-09-24,1365682.0,740199644.0,531.0,546.0,528.0,542.0,14.0,0,537.8,523.425,486.0,13.987620883764976,13.711001429017765,0.2766194547472107,57.57218658755954,2005300.45,0.6810361010989651,573.0,520.85,0.026515151515151603,2.8462998102466885,10.499490316004078,-2.3423423423423406,65.04207320021492,24.857142857142858,4.586188719030047,3.5487414624826963,11.522633744855959,-13.692579505300351,0.7244272502137118,70,股價高於20日均線、5日均線高於20日均線、20日均線高於60日均線、20日均線向上、RSI介於50至70、MACD多頭、MACD柱狀體為正,58,20日動能健康、ATR偏高但可接受、20日回撤可接受、MA20乖離健康、MA60位置健康、成交量穩定度普通、短線未過熱,0.0,0.0,0.0,0.0,0.0,0.0,0.0,0,,半導體業,207,一般業,8.09,80.67632850241546,12.140865778086775,55.072463768115945,43.22894997556113,67.14975845410628,16.543355845483187,60.86956521739131,49.94063231494691,71.35922330097088,-3.58497628002884,32.038834951456316,47.05916919097272,18.84057971014493,233.81163877687663,40.57971014492754,0.30118498060208143,16.425120772946862,,,,,,,,,,839771.0,55.1323705608214,EPS同產業前20%,1421.473,0.0,0.0,0.0,0.0,0.0,49.14,60.8,★★★ 一般觀察,風險偏高,技術面偏多,波動率偏高,19.592,31.1,250.0,49.0,58.620689655172406,73.0,0.0,55.13,85.0,50.22,47.73,19.592,58.62,31.1,25.0,60.0,45.0,80.0,65.58,🟡 S2中等爆發潛力,15.0,86.75,80.53,83.33,③ 剛啟動,52.49,🟡 等待回檔,站上MA20且乖離健康、MA20向上、RSI位於起漲區、MACD近期黃金交叉、MACD動能擴張,波動率偏高,偏多順風,偏多順風,48.68,58.62,59.14,90.75,72.04,65.58,S2_E_BALANCED,正常,118.0,108.0,162,162
252,2061,風青,上櫃,1661724.0,2026-09-24,1656309.0,89440686.0,55.400001525878906,56.29999923706055,53.900001525878906,54.0,-1.7999992370605469,0,54.25999984741211,51.60500011444092,56.15749975840251,0.2800458567183952,-0.5423812133181218,0.822427070036517,54.097732213702265,2051027.7,0.8075507707672598,57.0,51.435000038146974,-0.03225805128443526,3.0534321136057585,6.719370807131164,-20.118341392163643,69.18207862190333,2.6464285169328963,4.900793549875734,4.641022924615545,-3.8418728890787124,-24.479998779296874,0.4756740601668175,55,股價高於20日均線、5日均線高於20日均線、20日均線向上、RSI介於50至70、MACD多頭、MACD柱狀體為正,45,20日動能健康、ATR偏高但可接受、MA20乖離健康、成交量穩定、短線未過熱,0.0,0.0,0.0,0.0,0.0,0.0,0.0,0,,電器電纜,17,一般業,1.03,47.05882352941176,17.339483340455946,70.58823529411765,10.816328047756047,29.411764705882355,5.8406000728532455,47.05882352941176,42.421351396474826,94.11764705882352,-5.278352804942854,88.23529411764706,48.226980656167456,35.294117647058826,177.09478917920057,47.05882352941176,1.0262973582095702,88.23529411764706,,,,,,,,,,119426.0,62.4331550802139,營收年增同產業前20%、營收月增同產業前20%、資產周轉同產業前20%,1661.724,0.0,0.0,0.0,0.0,0.0,44.23,46.0,★★ 弱勢,風險偏高,,波動率偏高、近期回撤偏大,24.625,34.7,250.0,61.0,76.07758620689656,56.0,0.0,62.43,70.0,42.26,50.78,24.625,76.08,34.7,0.0,58.0,45.0,80.0,65.57,🟡 S2中等爆發潛力,23.0,86.75,80.53,100.0,② 蓄勢,32.87,🔴 暫不考慮,站上MA20且乖離健康、MA20向上、RSI位於起漲區,波動率偏高、近期回撤偏大,偏多順風,偏多順風,47.2,76.08,52.69,91.61,29.46,65.57,S2_E_BALANCED,正常,200.0,80.0,163,163
176,8162,微矽電子-創,上市,1079258.0,2026-09-24,1073000.0,69852298.36273193,64.0,68.9000015258789,62.29999923706055,65.0999984741211,2.0999984741210938,0,61.85999984741211,61.15499992370606,61.83666648864746,0.4164371031783958,0.06157341111969625,0.3548636920586995,61.37876802289407,193887.4,5.534139918323728,66.4000015258789,61.03999996185303,0.03333330911303323,8.319467765299503,3.66241921178756,-17.594938640353043,36.74791325747823,2.642857687813895,4.059689323747831,6.450819320311707,5.277341374915068,-11.445786316520357,1.4422293583304853,70,股價高於20日均線、5日均線高於20日均線、20日均線向上、RSI介於50至70、MACD多頭、MACD柱狀體為正、量比達1.5以上,63,20日動能尚可、波動率合理、ATR偏高但可接受、20日回撤可接受、MA20乖離健康、MA60位置健康、短線未過熱,303492.0,0.0,-83659.0,219833.0,2.0,0.0,5.0,20,外資近5日買超、三大法人合計買超,半導體業,207,一般業,0.66,31.88405797101449,6.314105926630479,33.81642512077295,20.260248057541826,15.942028985507244,6.9403264529327755,33.81642512077295,5.257851363625001,20.87378640776699,0.15063703609738965,45.63106796116505,44.21117871824827,23.67149758454106,153.20525065058033,14.975845410628018,0.4782076158419311,43.47826086956522,,,48.58,31.25,3.11,58.333333333333336,44.79166666666667,2.3,72.91666666666666,126321.0,32.42106373997467,,1079.258,303.492,0.0,-83.659,219.833,30.76923076923077,49.48,62.3,★★★ 一般觀察,趨勢健康,技術面偏多、風險動能健康,成交量波動較大,21.748,29.78,250.0,55.0,65.94827586206897,81.0,25.0,32.42,75.0,56.01,32.19,21.748,65.95,29.78,60.0,58.0,25.0,80.0,65.49,🟡 S2中等爆發潛力,0.0,86.75,80.53,83.33,③ 剛啟動,73.28,🟢 可觀察進場,MA20向上、MA5近期上穿MA20、RSI位於起漲區、MACD近期黃金交叉、MACD動能擴張、接近20日突破、外資5日買超、外資買盤加速、法人買超占量提升,無明顯風險訊號,偏多順風,偏多順風,40.41,65.95,55.91,80.22,65.38,65.49,S2_E_BALANCED,正常,71.0,245.0,164,164
147,8028,昇陽半導體,上市,10321779.0,2026-09-24,10068769.0,2708498861.0,256.5,272.5,253.0,269.0,11.0,0,261.0,243.65,267.90833333333336,0.7634009121373424,-4.394162682573115,5.1575635947104574,60.22504264782853,5107116.45,1.9715174107690456,274.0,242.625,0.04263565891472876,10.245901639344268,8.249496981891348,-16.068642745709827,54.10711972094094,12.571428571428571,4.673393520977164,10.404268417812435,0.4074776820429671,-14.905660377358487,0.7426402940153005,70,股價高於20日均線、5日均線高於20日均線、20日均線向上、RSI介於50至70、MACD多頭、MACD柱狀體為正、量比達1.5以上,51,20日動能健康、波動率可接受、ATR偏高但可接受、20日回撤可接受、MA20乖離可接受、MA60乖離可接受、成交量穩定度普通、短線略熱,-8816000.0,8251000.0,164344.0,-400656.0,0.0,1.0,5.0,20,投信近5日買超、自營商近5日買超,半導體業,207,一般業,3.32,58.69565217391305,19.462533001606,73.91304347826086,37.737532464250414,51.20772946859904,25.729230113346063,83.09178743961353,25.566192675709186,42.71844660194174,-1.8062375039103462,37.37864077669903,56.215866211849196,6.763285024154589,135.91918528359935,11.594202898550725,0.39121452326662454,29.468599033816425,,,48.21,33.75,8.06,10.416666666666668,22.083333333333336,1.0,48.95833333333333,505365.0,49.1850159467192,營業利益率同產業前20%,10321.779,-8816.0,8251.0,164.344,-400.656,30.76923076923077,52.11,68.5,★★★ 一般觀察,等待回檔,技術面偏多,無明顯風險訊號,26.437,38.29,250.0,66.0,80.17241379310344,77.0,30.0,49.19,75.0,58.43,70.48,26.437,80.17,38.29,55.0,75.0,65.0,100.0,65.39,🟡 S2中等爆發潛力,22.0,86.75,80.53,83.33,② 蓄勢,48.7,🔴 暫不考慮,MA20向上、RSI位於起漲區、MACD動能擴張、成交量溫和放大、接近20日突破、投信5日買超、投信由賣轉買,無明顯風險訊號,偏多順風,偏多順風,66.12,80.17,65.59,56.67,29.46,65.39,S2_E_BALANCED,正常,48.0,10.0,165,165
313,2344,華邦電,上市,51225813.0,2026-09-24,49769170.0,8535412655.0,169.0,171.5,166.5,171.5,-1.0,0,173.7,174.55,169.56666666666666,-0.5193406831558605,-0.005710928406363502,-0.513629754749497,48.784939727761824,119538006.45,0.4163459930278936,192.0,175.275,-0.005797101449275366,0.8823529411764675,-7.795698924731187,-6.539509536784738,57.25683148546097,8.642857142857142,5.039566847147022,-1.7473503294185067,1.1401611952034596,-15.159574468085102,0.5503445186083477,15,20日均線高於60日均線,25,ATR偏高但可接受、MA60乖離可接受、成交量穩定、短線未過熱,19645741.0,-19992680.0,1998554.0,1651615.0,0.0,0.0,5.0,25,外資近5日買超、自營商近5日買超、三大法人合計買超,半導體業,207,一般業,7.65,79.22705314009661,39.54832232841247,92.27053140096618,61.225820183342435,92.7536231884058,42.33576365533516,95.65217391304348,289.42756449599915,98.05825242718447,2.0002779647497304,56.310679611650485,40.77740873757521,27.053140096618357,159.78037904284633,17.391304347826086,0.6695210945582111,66.18357487922705,,,18.91,75.0,4.68,31.25,53.125,0.29,27.083333333333332,27308717.0,74.18892172036958,ROE同產業前20%、毛利率同產業前20%、營業利益率同產業前20%、營收年增同產業前20%,51225.813,19645.741,-19992.68,1998.554,1651.615,38.46153846153847,39.45,32.8,★★ 弱勢,整理觀察,基本面優於產業平均,無明顯風險訊號,20.765,32.12,250.0,52.0,62.28448275862068,8.0,15.0,74.19,30.0,23.33,37.38,20.765,62.28,32.12,0.0,15.0,0.0,80.0,65.26,🟡 S2中等爆發潛力,18.0,86.75,80.53,83.33,⑥ 轉弱,0.0,🔴 暫不考慮,外資5日買超,近期回撤偏大,偏多順風,偏多順風,14.9,62.28,53.98,90.32,67.96,65.26,S2_E_BALANCED,正常,376.0,205.0,166,166
117,3717,聯嘉投控,上市,13381856.0,2026-09-24,13341999.0,338219679.7395687,25.549999237060547,26.5,24.5,25.350000381469727,-0.6999988555908203,0,25.329999923706055,22.799999904632568,23.165833314259846,0.6944362400548627,0.20532171755897877,0.48911452249588394,65.87126453623871,5447162.35,2.4493485126251104,27.75,22.682499885559082,-0.026871358007371948,10.698693466164766,10.217392962911864,-11.208402595811373,48.2811403583801,1.2535715103149414,4.9450551931008,11.18421266448797,9.428398441705976,-9.677419354838712,1.5276824696131426,70,股價高於20日均線、5日均線高於20日均線、20日均線向上、RSI介於50至70、MACD多頭、MACD柱狀體為正、量比達1.5以上,53,20日動能健康、波動率可接受、ATR偏高但可接受、20日回撤可接受、MA20乖離可接受、MA60位置健康、短線略熱,5438818.0,0.0,-592465.0,4846353.0,0.0,0.0,5.0,20,外資近5日買超、三大法人合計買超,汽車工業,44,一般業,1.15,56.81818181818182,13.625238112404098,88.63636363636364,19.51185679894737,41.86046511627907,7.720818867608326,58.139534883720934,10.007209773926757,59.09090909090909,-1.6086140826301998,56.81818181818182,61.40152918275703,27.27272727272727,141.30593142001823,30.23255813953488,0.7740438389680958,83.72093023255815,,,316.88,3.125,1.5,45.45454545454545,24.289772727272727,0.79,34.090909090909086,505042.0,56.53091966173361,ROE同產業前20%、資產周轉同產業前20%,13381.856,5438.818,0.0,-592.465,4846.353,30.76923076923077,54.71,75.0,★★★★ 觀察候選,等待回檔,技術面偏多、綜合表現前25%,成交量波動較大,26.547,36.24,250.0,65.0,80.60344827586206,52.0,15.0,56.53,60.0,42.78,63.77,26.547,80.6,36.24,25.0,75.0,65.0,100.0,65.21,🟡 S2中等爆發潛力,22.0,86.75,80.53,100.0,④ 趨勢加速,31.38,🔴 暫不考慮,MA20向上、成交量溫和放大、外資5日買超、法人買超占量提升,無明顯風險訊號,偏多順風,偏多順風,57.29,80.6,64.09,56.67,29.46,65.21,S2_E_BALANCED,正常,197.0,19.0,167,167
422,2049,上銀,上市,1357804.0,2026-09-24,1264461.0,411582055.5,321.0,327.5,320.0,325.5,2.0,0,329.7,344.9,341.95,-6.597034217175292,-3.6769037584476645,-2.9201304587276273,41.37582874693324,3789034.95,0.33371584498052725,381.5,346.6,0.0061823802163833985,-3.125,-9.457579972183582,-7.5284090909090935,52.61833198764816,16.0,4.915514592933948,-5.6248187880544975,-4.810644831115662,-12.685560053981105,0.6215092362269513,15,20日均線高於60日均線,21,波動率可接受、ATR偏高但可接受、20日回撤可接受、成交量穩定度普通,-1940116.0,-2419.0,-36421.0,-1978956.0,0.0,0.0,5.0,0,,電機機械,100,一般業,4.03,84.84848484848484,6.960131013223399,52.52525252525253,33.14405787684292,78.78787878787878,11.984867756321856,72.72727272727273,42.300945967107126,77.0,0.9836495943163159,64.0,31.189759026108444,75.75757575757575,225.93801570163436,63.63636363636363,0.48709224641107957,47.474747474747474,,,49.32,17.94871794871795,2.94,27.55102040816326,22.749869178440605,0.61,34.69387755102041,2708024.0,63.82774463631606,EPS同產業前20%,1357.804,-1940.116,-2.419,-36.421,-1978.956,0.0,27.85,9.3,★★ 弱勢,整理觀察,,無明顯風險訊號,26.615,35.16,250.0,66.0,81.25,0.0,15.0,63.83,0.0,14.07,45.91,26.615,81.25,35.16,0.0,0.0,45.0,80.0,65.1,🟡 S2中等爆發潛力,10.0,86.75,80.53,100.0,⑥ 轉弱,0.0,🔴 暫不考慮,投信買盤加速,無明顯風險訊號,偏多順風,偏多順風,21.73,81.25,44.09,87.31,29.46,65.1,S2_E_BALANCED,正常,439.0,123.0,168,168
270,8110,華東,上市,6592866.0,2026-09-24,6531300.0,320033700.0,48.849998474121094,49.25,48.25,49.0,-0.7000007629394531,0,49.43000030517578,44.91250019073486,45.07833334604899,1.0197947040873458,0.1648188165741759,0.8549758875131699,59.72610828332251,8490723.15,0.7692277659530096,53.099998474121094,44.770000267028806,-0.014084522176937897,13.689099152570726,6.17551111568857,-9.426984506405656,61.31014783557202,2.214285441807338,4.5189498812394655,9.10102931679666,8.69967091251107,-12.242689792134964,1.444931744470994,55,股價高於20日均線、5日均線高於20日均線、20日均線向上、RSI介於50至70、MACD多頭、MACD柱狀體為正,45,20日動能健康、ATR偏高但可接受、20日回撤可接受、MA20乖離可接受、MA60位置健康、短線略熱,-7950044.0,0.0,602166.0,-7347878.0,0.0,0.0,5.0,5,自營商近5日買超,半導體業,207,一般業,2.59,50.72463768115942,13.736683252417167,61.83574879227053,9.570843067694936,7.246376811594203,2.740707273031146,26.08695652173913,24.848656400375955,41.74757281553398,16.06144926524893,90.77669902912622,18.145271160946447,79.71014492753623,273.4398252019097,56.52173913043478,0.33257703230263236,21.256038647342994,,,8.99,93.75,1.31,93.75,93.75,3.04,82.29166666666666,798331.0,52.69162445476291,營收月增同產業前20%、估值同產業前20%、殖利率同產業前20%,6592.866,-7950.044,0.0,602.166,-7347.878,7.6923076923076925,42.85,42.0,★★ 弱勢,一般觀察,,成交量波動較大,22.238,37.8,250.0,56.0,67.02586206896551,49.0,5.0,52.69,40.0,35.0,44.96,22.238,67.03,37.8,0.0,43.0,45.0,80.0,64.91,🟡 S2中等爆發潛力,27.0,86.75,80.53,83.33,④ 趨勢加速,17.27,🔴 暫不考慮,MA20向上、RSI位於起漲區,波動率偏高,偏多順風,偏多順風,39.42,67.03,63.44,56.67,69.25,64.91,S2_E_BALANCED,正常,293.0,131.0,169,169
403,4174,浩鼎,上櫃,3332269.0,2026-09-24,3313778.0,107532098.62821198,33.0,34.150001525878906,32.04999923706055,32.45000076293945,-0.14999771118164062,0,30.35999984741211,26.877499961853026,27.140000025431316,1.2181030900271708,0.42391175704500705,0.7941913329821637,74.41338735555152,944678.75,3.50783586483765,32.599998474121094,26.57499990463257,-0.004601157000075129,16.936939686268303,22.91667133268691,12.673616745037952,59.002880433802375,1.4999998637608118,4.622495619395899,20.732958083882135,19.56522009039221,-8.550183158650215,1.1324746043043914,60,股價高於20日均線、5日均線高於20日均線、20日均線向上、MACD多頭、MACD柱狀體為正、量比達1.5以上,43,20日動能尚可、60日趨勢健康、ATR偏高但可接受、20日回撤可接受、MA60乖離可接受、短線略熱,0.0,0.0,0.0,0.0,0.0,0.0,0.0,0,,生技醫療業,159,一般業,-4.85,1.257861635220126,-70.39758802250475,1.8867924528301887,-199.34753406255996,2.5316455696202533,-3192.1320284014582,5.063291139240507,-23.430178069353328,11.03896103896104,-79.98039696152904,3.2467532467532463,18.42267172402666,73.58490566037736,370.39621088402436,62.264150943396224,0.01549773768272241,8.80503144654088,,,,,,,,,,817.0,13.447051352798582,,3332.269,0.0,0.0,0.0,0.0,0.0,30.63,13.4,★★ 弱勢,短線過熱,,MA20乖離過大、成交量波動較大,23.128,36.14,250.0,58.0,69.82758620689656,54.0,0.0,13.45,60.0,32.62,26.09,23.128,69.83,36.14,70.0,85.0,65.0,80.0,64.56,🟡 S2中等爆發潛力,40.0,86.75,80.53,100.0,⑤ 過熱,0.0,🟠 短線過熱,MA20向上、MACD動能擴張、近期突破20日高,5日漲幅過大、MA20乖離過大,偏多順風,偏多順風,12.87,69.83,80.86,56.67,29.46,64.56,S2_E_BALANCED,正常,319.0,301.0,170,170
333,8027,鈦昇,上櫃,3422000.0,2026-09-24,3348686.0,616158224.0,175.5,188.0,175.5,184.0,7.5,0,180.2,177.5,188.90833333333333,-0.9363761605762875,-2.493120195512241,1.5567440349359534,54.420423434066834,2754357.6,1.215777501076839,192.5,177.25,0.04249291784702547,6.358381502890165,2.7932960893854775,-23.49272349272349,47.731830225694765,8.607142857142858,4.677795031055901,3.6619718309859106,-2.5982619436234478,-11.590296495956876,0.4487515611854949,55,股價高於20日均線、5日均線高於20日均線、20日均線向上、RSI介於50至70、MACD多頭、MACD柱狀體為正,51,20日動能尚可、波動率可接受、ATR偏高但可接受、20日回撤可接受、MA20乖離健康、成交量穩定、短線未過熱,0.0,0.0,0.0,0.0,0.0,0.0,0.0,0,,電機機械,100,一般業,-0.46,11.11111111111111,-3.4103713106424154,13.131313131313133,29.733681793234357,70.70707070707071,-8.692938535398467,11.11111111111111,37.29177330567454,74.0,-19.283240412231795,15.0,35.15263342338882,67.67676767676768,292.55854285061605,81.81818181818183,0.45205871782326207,38.38383838383838,,,,,,,,,,152884.0,37.58884297520661,流動比率同產業前20%,3422.0,0.0,0.0,0.0,0.0,0.0,37.98,28.4,★★ 弱勢,一般觀察,,無明顯風險訊號,25.689,38.86,250.0,64.0,78.23275862068965,83.0,0.0,37.59,70.0,49.34,42.84,25.689,78.23,38.86,37.0,40.0,45.0,100.0,64.34,🟡 S2中等爆發潛力,10.0,86.75,80.53,100.0,③ 剛啟動,57.94,🟡 等待回檔,站上MA20且乖離健康、MA20向上、MA5近期上穿MA20、RSI位於起漲區、MACD動能擴張、成交量溫和放大,無明顯風險訊號,偏多順風,偏多順風,45.86,78.23,45.59,88.82,29.46,64.34,S2_E_BALANCED,正常,125.0,150.0,171,171
76,3714,富采,上市,8698127.0,2026-09-24,8638357.0,583952920.0189133,67.5999984741211,69.19999694824219,67.5,67.5999984741211,0.09999847412109375,0,68.04000091552734,64.40500030517578,59.28166675567627,2.193453494037854,1.8746351121160583,0.3188183819217958,61.25806897961237,16127741.3,0.5356210047838502,72.30000305175781,64.20000038146972,0.0014814588758680358,3.2061045406428956,6.456690510426921,8.85668298734663,48.461535110632326,2.9500010354178294,4.36390695562983,4.960792102796652,14.03187894957143,-10.565474399633612,0.8426218210094186,70,股價高於20日均線、5日均線高於20日均線、20日均線高於60日均線、20日均線向上、RSI介於50至70、MACD多頭、MACD柱狀體為正,74,20日動能健康、60日趨勢尚可、波動率可接受、ATR偏高但可接受、20日回撤可接受、MA20乖離健康、MA60位置健康、成交量穩定度普通、短線未過熱,-913289.0,2000.0,352452.0,-558837.0,0.0,0.0,5.0,20,投信近5日買超、自營商近5日買超,光電業,116,一般業,1.49,76.52173913043478,5.033704702009423,55.65217391304348,10.982191447386164,26.08695652173913,-5.921757779896842,32.17391304347826,14.23365151641082,56.52173913043478,-9.06363666057237,30.701754385964914,18.442393877830906,86.95652173913044,355.29988715869735,77.39130434782608,0.42514014610149314,43.47826086956522,,,,,1.15,77.20588235294117,77.20588235294117,1.33,61.76470588235294,2171584.0,56.11525104320906,負債比同產業前20%,8698.127,-913.289,2.0,352.452,-558.837,30.76923076923077,58.79,83.8,★★★★ 觀察候選,趨勢健康,技術面偏多、風險動能健康、綜合表現前25%,無明顯風險訊號,21.235,29.85,250.0,53.0,64.4396551724138,56.0,45.0,56.12,85.0,57.07,51.85,21.235,64.44,29.85,0.0,70.0,45.0,80.0,64.23,🟡 S2中等爆發潛力,5.0,86.75,80.53,100.0,② 蓄勢,65.67,🔵 等待突破,站上MA20且乖離健康、MA20向上、RSI位於起漲區、投信5日買超、外資買盤加速、投信買盤加速,無明顯風險訊號,偏多順風,偏多順風,54.61,64.44,53.33,83.87,62.15,64.23,S2_E_BALANCED,正常,61.0,73.0,172,172
443,7769,鴻勁,上市,1333263.0,2026-09-24,978560.0,5548435200.0,5905.0,5975.0,5650.0,5670.0,-305.0,0,6068.0,6193.0,6301.083333333333,-93.34110303526722,-40.54104102351995,-52.80006201174727,40.180807185646536,947092.75,1.0332250985977878,7160.0,6226.75,-0.051046025104602544,-7.579462102689483,-10.63829787234043,-19.345661450924613,76.47864860994986,382.85714285714283,6.752330561854371,-8.445018569352492,-10.01547352968405,-18.65136298421808,0.6830697461667814,0,,3,成交量穩定度普通,-308629.0,-1002692.0,9639.0,-1301682.0,0.0,0.0,5.0,5,自營商近5日買超,半導體業,207,一般業,56.14,98.55072463768117,35.514809691150894,91.30434782608695,56.153689352152945,87.43961352657004,49.130358922965996,96.61835748792271,91.58397305250298,85.43689320388349,-0.5134678562183304,42.23300970873786,33.36288001229259,42.51207729468599,287.37110971002477,59.42028985507246,0.5744923608799706,55.55555555555556,,,58.54,21.25,17.96,4.166666666666666,12.708333333333332,1.15,54.6875,5218962.0,73.82974708034332,EPS同產業前20%、ROE同產業前20%、毛利率同產業前20%、營業利益率同產業前20%、營收年增同產業前20%,1333.263,-308.629,-1002.692,9.639,-1301.682,7.6923076923076925,24.29,4.7,★★ 弱勢,風險偏高,基本面優於產業平均,波動率偏高,24.384,36.41,250.0,61.0,73.70689655172413,5.0,5.0,73.83,0.0,14.57,38.98,24.384,73.71,36.41,0.0,0.0,25.0,58.0,64.21,🟡 S2中等爆發潛力,28.0,86.75,80.53,83.33,⑥ 轉弱,0.0,🔴 暫不考慮,,ATR偏高、波動率偏高、近期回撤偏大,偏多順風,偏多順風,16.18,73.71,72.47,56.67,29.46,64.21,S2_E_BALANCED,正常,434.0,190.0,173,173
101,2327,國巨*,上市,35926454.0,2026-09-24,34995154.0,20297189320.0,568.0,589.0,560.0,580.0,7.0,0,566.2,556.9,626.5083333333333,-7.797952706997421,-14.961086273953097,7.1631335669556755,52.5134040594636,38336113.75,0.9128508494161071,610.0,555.65,0.01221640488656206,9.640831758034029,4.504504504504503,-45.023696682464454,72.24867006107823,27.928571428571427,4.815270935960591,4.147961932124256,-7.423418150862582,-22.809667673716017,0.41585890502586487,55,股價高於20日均線、5日均線高於20日均線、20日均線向上、RSI介於50至70、MACD多頭、MACD柱狀體為正,38,20日動能尚可、ATR偏高但可接受、MA20乖離健康、成交量穩定、短線未過熱,8376114.0,909159.0,3061049.0,12346322.0,1.0,0.0,5.0,40,外資近5日買超、投信近5日買超、自營商近5日買超、三大法人合計買超,電子零組件業,210,一般業,8.48,93.33333333333333,19.55186243066699,83.80952380952381,38.316784366386784,90.95238095238095,25.854651864712746,93.33333333333333,51.799610560411935,73.33333333333333,1.2460830535234058,63.8095238095238,64.72824963068913,10.952380952380953,131.1943260355854,15.238095238095239,0.3257050926861922,10.476190476190476,,,39.06,36.904761904761905,6.74,16.346153846153847,26.625457875457876,1.03,49.03846153846153,16332196.0,65.1058608058608,EPS同產業前20%、ROE同產業前20%、毛利率同產業前20%、營業利益率同產業前20%,35926.454,8376.114,909.159,3061.049,12346.322,61.53846153846154,55.94,78.4,★★★ 一般觀察,風險偏高,法人偏多、基本面優於產業平均、綜合表現前25%,波動率偏高、近期回撤偏大,22.045,32.52,250.0,56.0,66.59482758620689,73.0,45.0,65.11,75.0,63.72,53.27,22.045,66.59,32.52,25.0,58.0,0.0,80.0,63.88,🟡 S2中等爆發潛力,23.0,86.75,80.53,82.5,③ 剛啟動,57.92,🟡 等待回檔,站上MA20且乖離健康、MA20向上、MA5近期上穿MA20、RSI位於起漲區、MACD動能擴張、外資5日買超、投信5日買超、外資由賣轉買,波動率偏高、近期回撤偏大,偏多順風,偏多順風,54.2,66.59,62.37,92.69,29.46,63.88,S2_E_BALANCED,正常,19.0,62.0,174,174
38,2308,台達電,上市,8983854.0,2026-09-24,8183368.0,15630232880.0,1875.0,1935.0,1875.0,1910.0,10.0,0,1864.0,1780.0,1781.0,21.220073536158452,-2.955365044347741,24.175438580506192,61.1370548195429,10692253.65,0.7653548323743704,1965.0,1773.0,0.0052631578947368585,13.353115727002972,7.909604519774005,-3.0456852791878153,55.916716114997314,80.71428571428571,4.225878833208676,7.303370786516861,7.243121841661981,-14.058355437665782,0.32154690823218224,55,股價高於20日均線、5日均線高於20日均線、20日均線向上、RSI介於50至70、MACD多頭、MACD柱狀體為正,55,20日動能健康、ATR偏高但可接受、20日回撤可接受、MA20乖離健康、MA60位置健康、成交量穩定、短線略熱,3314976.0,5645474.0,1437579.0,10398029.0,0.0,4.0,5.0,55,外資近5日買超、投信近5日買超、自營商近5日買超、投信連買至少3日、三大法人合計買超,電子零組件業,210,一般業,17.59,97.14285714285714,29.126199287970657,94.28571428571428,36.27135253517123,85.71428571428571,17.217116637879503,83.33333333333334,34.94854905033159,57.14285714285714,-3.7081029332851845,44.285714285714285,53.57775470079575,24.285714285714285,159.94945612739627,31.428571428571427,0.9082544937184721,85.23809523809524,,,60.79,22.61904761904762,16.89,5.769230769230769,14.194139194139195,0.61,33.65384615384615,64586049.0,67.0102564102564,EPS同產業前20%、ROE同產業前20%、毛利率同產業前20%、營業利益率同產業前20%、資產周轉同產業前20%,8983.854,3314.976,5645.474,1437.579,10398.029,84.61538461538461,64.53,92.0,★★★ 一般觀察,整理觀察,法人籌碼強、基本面優於產業平均、綜合表現前10%,無明顯風險訊號,23.047,34.43,250.0,58.0,69.39655172413794,76.0,45.0,67.01,55.0,62.2,58.58,23.047,69.4,34.43,60.0,43.0,0.0,80.0,63.37,🟡 S2中等爆發潛力,10.0,86.75,80.53,82.5,③ 剛啟動,69.41,🟢 可觀察進場,MA20向上、MA5近期上穿MA20、RSI位於起漲區、MACD動能擴張、近期突破20日高、外資5日買超、投信5日買超、投信連買,無明顯風險訊號,偏多順風,偏多順風,60.74,69.4,57.85,88.39,29.46,63.37,S2_E_BALANCED,正常,32.0,36.0,175,175
264,8240,華宏,上櫃,1171675.0,2026-09-24,1156005.0,60112260.0,51.20000076293945,54.0,51.099998474121094,52.0,0.0,0,51.6,50.562499809265134,45.8758331934611,1.5942873694782236,1.6494489705219093,-0.055161601043685726,60.42749621113543,1218783.4,0.9484909295613971,56.599998474121094,50.24749984741211,0.0,2.7668015179781458,13.78555608727594,-0.952380952380949,61.851993678281815,2.4071426391601562,4.629120459923378,2.8430164571717986,13.349439956137532,-12.5,0.9715646166702745,55,股價高於20日均線、5日均線高於20日均線、20日均線高於60日均線、20日均線向上、RSI介於50至70,58,20日動能健康、ATR偏高但可接受、20日回撤可接受、MA20乖離健康、MA60位置健康、成交量穩定度普通、短線未過熱,0.0,0.0,0.0,0.0,0.0,0.0,0.0,0,,光電業,116,一般業,1.18,73.91304347826086,4.737888161782979,53.91304347826087,14.18873816354774,31.30434782608696,2.354545809533853,56.52173913043478,-12.590724454328527,24.347826086956523,-7.554746826575509,35.08771929824561,38.509168518338605,47.82608695652174,213.50454596326034,48.69565217391305,0.8154285588925696,86.08695652173914,,,,,,,,,,527855.0,50.36665279800292,資產周轉同產業前20%,1171.675,0.0,0.0,0.0,0.0,0.0,43.21,43.3,★★ 弱勢,一般觀察,,無明顯風險訊號,17.76,30.88,250.0,45.0,54.0948275862069,48.0,0.0,50.37,70.0,37.25,40.19,17.76,54.09,30.88,0.0,60.0,25.0,80.0,63.16,🟡 S2中等爆發潛力,15.0,86.75,80.53,100.0,② 蓄勢,35.86,🔴 暫不考慮,站上MA20且乖離健康、MA20向上、RSI位於起漲區,波動率偏高,偏多順風,偏多順風,39.33,54.09,63.01,91.18,62.58,63.16,S2_E_BALANCED,正常,273.0,176.0,176,176
206,4927,泰鼎-KY,上市,3046929.0,2026-09-24,3034595.0,132611803.81521225,43.75,44.45000076293945,42.650001525878906,43.70000076293945,-0.049999237060546875,0,43.45,42.34749984741211,37.84666639963786,1.5922232146899162,1.5961175604226019,-0.0038943457326856556,59.74510148944714,4459158.4,0.6805308822400209,46.0,42.18499984741211,-0.0011428397042411165,0.6912424574032849,8.034610478864735,-6.223171257810511,54.97415762437164,2.085714340209961,4.7728016105180195,3.193815267490918,15.465917926545835,-6.968641238482032,0.5436361384935046,55,股價高於20日均線、5日均線高於20日均線、20日均線高於60日均線、20日均線向上、RSI介於50至70,68,20日動能健康、波動率可接受、ATR偏高但可接受、20日回撤小、MA20乖離健康、MA60乖離可接受、成交量穩定、短線未過熱,284449.0,0.0,129949.0,414398.0,3.0,0.0,5.0,35,外資近5日買超、自營商近5日買超、外資連買至少3日、三大法人合計買超,電子零組件業,210,一般業,-5.46,0.4761904761904762,-68.76836850584534,1.9047619047619049,-9.094370103385067,1.9047619047619049,-22.811085051973244,8.095238095238095,35.519426974762084,58.57142857142858,16.108890898588225,91.9047619047619,77.85920577371108,2.857142857142857,62.26537397224822,1.9047619047619049,0.5980729288617823,43.80952380952381,,,,,2.75,46.63461538461539,46.63461538461539,0.0,11.057692307692307,1378879.0,22.334981684981685,營收月增同產業前20%,3046.929,284.449,0.0,129.949,414.398,53.84615384615385,47.57,55.8,★★★ 一般觀察,一般觀察,法人偏多、風險動能健康,無明顯風險訊號,18.891,29.2,250.0,47.0,57.327586206896555,48.0,40.0,22.33,70.0,45.05,25.66,18.891,57.33,29.2,0.0,60.0,45.0,80.0,63.11,🟡 S2中等爆發潛力,10.0,86.75,80.53,82.5,② 蓄勢,47.25,🔴 暫不考慮,站上MA20且乖離健康、MA20向上、RSI位於起漲區、外資5日買超、外資買盤加速、外資連買,無明顯風險訊號,偏多順風,偏多順風,29.98,57.33,60.86,78.49,68.82,63.11,S2_E_BALANCED,正常,165.0,314.0,177,177
186,3532,台勝科,上市,4617288.0,2026-09-24,4536724.0,2052867610.0,445.0,453.0,437.0,452.5,7.5,0,443.9,416.4,389.05833333333334,20.51405311437543,18.447235540518122,2.066817573857307,63.58161051880773,7178878.4,0.6319544289815523,474.0,413.475,0.016853932584269593,2.491506228765572,14.847715736040602,11.17936117936118,57.16089929528323,27.607142857142858,6.101026045777427,8.669548511047086,16.306466468181725,-5.223880597014929,0.3225795309757014,70,股價高於20日均線、5日均線高於20日均線、20日均線高於60日均線、20日均線向上、RSI介於50至70、MACD多頭、MACD柱狀體為正,65,20日動能健康、60日趨勢健康、20日回撤小、MA20乖離可接受、MA60乖離可接受、成交量穩定、短線未過熱,453936.0,75000.0,-611900.0,-82964.0,0.0,2.0,5.0,25,外資近5日買超、投信近5日買超,半導體業,207,一般業,-0.05,17.391304347826086,-0.16690149280271271,17.391304347826086,3.997178744324427,4.3478260869565215,-0.14051356392377118,21.256038647342994,29.27771748942473,48.05825242718447,2.2119027720539863,57.28155339805825,52.626966510484664,11.594202898550725,270.98449901766,55.55555555555556,0.2698294460661581,11.594202898550725,,,348.08,2.5,7.22,16.666666666666664,9.583333333333332,0.22,23.958333333333336,1331863.0,24.2910147272642,,4617.288,453.936,75.0,-611.9,-82.964,38.46153846153847,48.98,60.1,★★★ 一般觀察,等待回檔,技術面偏多、風險動能健康,無明顯風險訊號,18.02,36.1,250.0,45.0,54.310344827586206,59.0,50.0,24.29,100.0,57.24,27.44,18.02,54.31,36.1,10.0,72.0,45.0,80.0,62.78,🟡 S2中等爆發潛力,22.0,86.75,80.53,83.33,① 尚未啟動,36.51,🔴 暫不考慮,MA20向上、RSI位於起漲區、MACD動能擴張、外資5日買超、投信5日買超、外資買盤加速,ATR偏高,偏多順風,偏多順風,29.25,54.31,75.48,56.67,73.12,62.78,S2_E_BALANCED,正常,58.0,291.0,178,178
346,3317,尼克森,上櫃,16229717.0,2026-09-24,15986875.0,1091903611.2880707,64.0999984741211,73.0,64.0999984741211,68.30000305175781,1.8000030517578125,0,61.540000915527344,59.62999992370605,70.56499996185303,-1.3200563488199464,-2.994765785679086,1.6747094368591395,63.101294181117176,1853991.4,8.622949923068683,70.0999984741211,59.54999961853027,0.027067715064027276,23.95645180251027,2.3988098601521735,-29.804726711646378,66.0130534129638,2.900000435965402,4.245974094273142,14.539666508711457,-3.2098021842551727,-21.014492753623195,2.0911320964217617,70,股價高於20日均線、5日均線高於20日均線、20日均線向上、RSI介於50至70、MACD多頭、MACD柱狀體為正、量比達1.5以上,18,20日動能尚可、ATR偏高但可接受、MA20乖離可接受,0.0,0.0,0.0,0.0,0.0,0.0,0.0,0,,半導體業,207,一般業,1.56,40.57971014492754,8.451183502426245,40.57971014492754,29.10256883944562,32.850241545893724,12.800696568258044,49.75845410628019,-27.572966685034068,6.796116504854369,-29.628118838806174,4.854368932038835,19.48140783399104,74.8792270531401,489.4601233527816,81.64251207729468,0.6835370777125831,69.08212560386472,,,,,,,,,,165616.0,40.323027659456535,流動比率同產業前20%,16229.717,0.0,0.0,0.0,0.0,0.0,36.7,25.5,★★ 弱勢,短線過熱,技術面偏多,5日漲幅過大、波動率偏高、近期回撤偏大、成交量波動較大,24.273,38.66,250.0,61.0,73.49137931034483,74.0,0.0,40.32,40.0,41.65,29.89,24.273,73.49,38.66,45.0,10.0,45.0,80.0,62.66,🟡 S2中等爆發潛力,40.0,86.75,80.53,83.33,⑤ 過熱,0.0,🟠 短線過熱,MA20向上、MA5近期上穿MA20、RSI位於起漲區、MACD動能擴張、接近20日突破,5日漲幅過大、MA20乖離過大、波動率偏高、近期回撤偏大,偏多順風,偏多順風,15.91,73.49,66.67,56.67,29.46,62.66,S2_E_BALANCED,正常,208.0,267.0,179,179
339,4960,誠美材,上市,2974800.0,2026-09-24,2962601.0,66510394.71028519,22.600000381469727,22.899999618530273,22.100000381469727,22.450000762939453,-0.2999992370605469,0,22.99000015258789,21.35500011444092,21.525833479563396,0.3475521600631133,0.049386296801141365,0.2981658632619719,56.312644702055465,3814379.45,0.7766927855066962,24.950000762939453,21.340000057220458,-0.013186779651013003,2.0454580133611566,1.354406995827695,-17.005540125186947,47.81354923182295,1.0500000544956751,4.677060217427783,5.127607785672916,4.293293842737667,-12.16216518085359,1.2133122170634074,55,股價高於20日均線、5日均線高於20日均線、20日均線向上、RSI介於50至70、MACD多頭、MACD柱狀體為正,56,20日動能尚可、波動率可接受、ATR偏高但可接受、20日回撤可接受、MA20乖離健康、MA60位置健康、短線未過熱,-6807020.0,0.0,74792.0,-6732228.0,0.0,0.0,5.0,5,自營商近5日買超,光電業,116,一般業,-0.6,18.695652173913043,-9.562569219995995,15.65217391304348,-0.47250636066254736,10.434782608695652,-12.648450979434827,25.217391304347824,-13.901583847176884,20.869565217391305,-5.799102036369863,37.719298245614034,44.96190107354419,30.434782608695656,196.96245165956776,40.869565217391305,0.6025624781300083,69.56521739130434,,,,,1.8,52.94117647058824,52.94117647058824,0.0,24.264705882352942,605302.0,27.660344595504107,,2974.8,-6807.02,0.0,74.792,-6732.228,7.6923076923076925,37.54,27.2,★★ 弱勢,一般觀察,,成交量波動較大,24.552,39.64,250.0,61.0,74.78448275862068,56.0,15.0,27.66,55.0,39.3,25.16,24.552,74.78,39.64,0.0,25.0,25.0,80.0,62.6,🟡 S2中等爆發潛力,10.0,86.75,80.53,100.0,① 尚未啟動,31.9,🔴 暫不考慮,站上MA20且乖離健康、MA20向上、RSI位於起漲區、外資買盤加速,無明顯風險訊號,偏多順風,偏多順風,26.51,74.78,48.17,83.23,29.46,62.6,S2_E_BALANCED,正常,244.0,320.0,180,180
107,6530,創威,上櫃,1739291.0,2026-09-24,1715250.0,171525000.0,99.4000015258789,100.5,98.80000305175781,100.0,1.3000030517578125,0,99.93999938964843,95.96999969482422,84.13499997456869,3.771845650414832,3.735722976724496,0.03612267369033617,59.710736402781805,2851651.7,0.6014935133908534,105.0,95.41999969482421,0.01317125726396462,0.3009057782755509,12.35955056179776,18.343195266272193,63.40980504776098,4.757142748151507,4.757142748151507,4.199229257049919,18.856599548614472,-11.386138613861386,0.6961179429972599,70,股價高於20日均線、5日均線高於20日均線、20日均線高於60日均線、20日均線向上、RSI介於50至70、MACD多頭、MACD柱狀體為正,68,20日動能健康、60日趨勢健康、ATR偏高但可接受、20日回撤可接受、MA20乖離健康、MA60乖離可接受、成交量穩定度普通、短線未過熱,0.0,0.0,0.0,0.0,0.0,0.0,0.0,0,,通信網路業,92,一般業,1.29,57.608695652173914,18.826239645265076,83.69565217391305,47.26721677527831,84.78260869565217,27.20628001991957,92.3913043478261,10.679678372620439,37.362637362637365,-0.2662868466683177,46.15384615384615,27.47022197096397,80.43478260869566,364.2508578416822,84.78260869565217,0.5865341279375623,44.565217391304344,,,,,,,,,,32210.0,68.62648221343873,ROE同產業前20%、毛利率同產業前20%、營業利益率同產業前20%、負債比同產業前20%、流動比率同產業前20%,1739.291,0.0,0.0,0.0,0.0,0.0,55.19,77.2,★★★★ 觀察候選,趨勢健康,技術面偏多、基本面優於產業平均、風險動能健康、綜合表現前25%,無明顯風險訊號,14.677,29.7,250.0,37.0,45.258620689655174,56.0,0.0,68.63,85.0,45.44,40.97,14.677,45.26,29.7,0.0,85.0,45.0,80.0,62.53,🟡 S2中等爆發潛力,15.0,86.75,80.53,76.67,② 蓄勢,42.18,🔴 暫不考慮,站上MA20且乖離健康、MA20向上、RSI位於起漲區,波動率偏高,偏多順風,偏多順風,41.21,45.26,71.61,90.11,71.61,62.53,S2_E_BALANCED,正常,162.0,167.0,181,181
114,6271,同欣電,上市,1826003.0,2026-09-24,1781515.0,407966935.0,226.5,230.5,226.5,229.0,0.5,0,229.0,225.075,210.925,5.773810755557065,6.02166379945926,-0.24785304390219487,57.9442341868803,5022906.85,0.35467808844593646,246.0,224.125,0.002188183807439792,1.777777777777767,9.047619047619037,-13.257575757575758,58.16257417660863,8.464285714285714,3.696194635059263,1.7438631567255447,8.569396704989929,-7.1729957805907185,0.7055260523258235,55,股價高於20日均線、5日均線高於20日均線、20日均線高於60日均線、20日均線向上、RSI介於50至70,63,20日動能健康、ATR風險合理、20日回撤小、MA20乖離可接受、MA60位置健康、成交量穩定度普通、短線未過熱,1283957.0,-37000.0,21578.0,1268535.0,5.0,0.0,5.0,35,外資近5日買超、自營商近5日買超、外資連買至少3日、三大法人合計買超,半導體業,207,一般業,4.37,65.21739130434783,6.713791720701033,35.748792270531396,29.616936871347765,33.81642512077295,16.163169993776165,59.90338164251207,23.09255412735144,39.32038834951456,3.8657169222547916,67.47572815533981,24.15178406232816,66.18357487922705,259.5441793708204,50.72463768115942,0.33207276519200535,20.28985507246377,,,25.76,60.0,1.76,88.02083333333334,74.01041666666667,1.31,57.291666666666664,1173962.0,50.30696086018479,,1826.003,1283.957,-37.0,21.578,1268.535,53.84615384615385,54.96,75.6,★★★ 一般觀察,一般觀察,法人偏多、風險動能健康、綜合表現前25%,無明顯風險訊號,18.109,28.56,250.0,45.0,54.741379310344826,48.0,30.0,50.31,70.0,46.25,44.48,18.109,54.74,28.56,0.0,60.0,45.0,80.0,62.0,🟡 S2中等爆發潛力,5.0,86.75,80.53,83.33,② 蓄勢,53.52,🟡 等待回檔,站上MA20且乖離健康、MA20向上、RSI位於起漲區、外資5日買超、外資連買、法人買超占量提升,無明顯風險訊號,偏多順風,偏多順風,46.29,54.74,57.2,87.1,66.67,62.0,S2_E_BALANCED,正常,149.0,139.0,182,182
303,5202,力新,上櫃,1354250.0,2026-09-24,1349002.0,19695429.714603424,14.399999618530273,15.399999618530273,14.399999618530273,14.600000381469727,0.4500007629394531,0,14.759999847412109,12.949999904632568,12.817499939600626,0.6570810732769381,0.41768129539933696,0.23939977787760114,65.71283481547016,1033094.1,1.305788117461904,15.899999618530273,12.819999885559081,0.031802174916679915,4.285717010498047,21.666669845581055,-7.594935409993331,64.16209313856079,0.7821427753993443,5.3571421572840325,12.741316517283586,13.906771603422685,-8.1168833179445,1.4174517295488607,70,股價高於20日均線、5日均線高於20日均線、20日均線高於60日均線、20日均線向上、RSI介於50至70、MACD多頭、MACD柱狀體為正,43,20日動能尚可、ATR偏高但可接受、20日回撤可接受、MA20乖離可接受、MA60位置健康、短線未過熱,0.0,0.0,0.0,0.0,0.0,0.0,0.0,0,,資訊服務業,45,一般業,-1.05,4.444444444444445,-17.845012190437068,2.2222222222222223,72.2773137223678,93.33333333333333,-51.96809357673321,4.444444444444445,26.115638339154057,68.88888888888889,-22.600619195046434,11.11111111111111,6.992350803523813,100.0,724.4421156454198,95.55555555555556,0.12218373106383881,6.666666666666667,,,,,,,,,,9750.0,35.707070707070706,毛利率同產業前20%、負債比同產業前20%、流動比率同產業前20%,1354.25,0.0,0.0,0.0,0.0,0.0,40.31,34.9,★★ 弱勢,等待回檔,技術面偏多,成交量波動較大,21.211,36.28,250.0,53.0,64.22413793103449,52.0,0.0,35.71,60.0,35.16,37.73,21.211,64.22,36.28,12.0,75.0,20.0,100.0,61.82,🟡 S2中等爆發潛力,30.0,86.75,80.53,76.67,⑤ 過熱,0.0,🟠 短線過熱,MA20向上、成交量溫和放大,MA20乖離過大、波動率偏高,偏多順風,偏多順風,22.19,64.22,80.0,56.67,29.46,61.82,S2_E_BALANCED,正常,291.0,201.0,183,183
322,2301,光寶科,上市,9401877.0,2026-09-24,9161526.0,2629357962.0,280.0,288.0,278.0,287.0,3.5,0,285.1,291.375,255.43333333333334,3.357485064535922,5.7624318700190456,-2.4049468054831236,53.67029285938761,21523011.45,0.42566190243791374,328.0,292.075,0.012345679012345734,3.237410071942448,-4.651162790697672,29.57110609480813,45.829772494289436,11.392857142857142,3.9696366351418613,-1.501501501501501,12.358084301187521,-13.700787401574798,0.5192242668904262,25,20日均線高於60日均線、RSI介於50至70,63,60日趨勢健康、波動率可接受、ATR風險合理、20日回撤可接受、MA60位置健康、成交量穩定、短線未過熱,-2961794.0,-962448.0,267785.0,-3656457.0,1.0,0.0,5.0,5,自營商近5日買超,電腦及週邊設備業,109,一般業,4.8,76.14678899082568,22.553202157173782,79.81651376146789,24.712522780751282,54.12844036697248,12.799666543010705,77.98165137614679,25.200742370543818,50.45871559633027,3.087858190371473,65.13761467889908,59.604372244126466,27.522935779816514,138.6278068783617,29.357798165137616,0.8037211288620937,47.706422018348626,,,33.57,20.37037037037037,6.8,9.375,14.872685185185185,1.74,43.75,19592400.0,57.36183316343867,,9401.877,-2961.794,-962.448,267.785,-3656.457,7.6923076923076925,38.85,30.8,★★ 弱勢,一般觀察,風險動能健康,無明顯風險訊號,18.249,28.48,250.0,46.0,55.38793103448276,15.0,15.0,57.36,45.0,25.85,42.52,18.249,55.39,28.48,0.0,55.0,45.0,80.0,61.6,🟡 S2中等爆發潛力,5.0,86.75,80.53,82.5,⑥ 轉弱,10.06,🔴 暫不考慮,RSI位於起漲區、外資由賣轉買,無明顯風險訊號,偏多順風,偏多順風,21.03,55.39,61.94,78.28,63.01,61.6,S2_E_BALANCED,正常,361.0,154.0,184,184
130,2421,建準,上市,1839727.0,2026-09-24,1807089.0,301783863.0,163.0,168.0,161.5,167.0,4.0,0,166.1,167.05,149.26666666666668,3.325646065278363,4.195266236960201,-0.8696201716818379,56.37758831997059,4839690.2,0.37338939587496733,184.0,166.675,0.024539877300613577,3.0864197530864113,4.702194357366762,12.837837837837828,58.135907604935674,5.928571428571429,3.5500427715996583,-0.029931158335838592,11.880303707012052,-11.977715877437323,0.9654016131029522,35,20日均線高於60日均線、20日均線向上、RSI介於50至70,61,20日動能尚可、60日趨勢健康、ATR風險合理、20日回撤可接受、MA60位置健康、成交量穩定度普通、短線未過熱,1236188.0,-165000.0,55768.0,1126956.0,3.0,0.0,5.0,35,外資近5日買超、自營商近5日買超、外資連買至少3日、三大法人合計買超,電子零組件業,210,一般業,4.78,84.28571428571429,25.452741882387464,91.42857142857143,31.449666640065445,77.14285714285715,15.562481240629895,79.04761904761905,26.03114025371601,45.23809523809524,-6.855119140073929,33.33333333333333,50.2139241160336,31.428571428571427,164.2311742491487,36.666666666666664,0.987731654921201,90.95238095238095,,,17.96,80.95238095238095,4.54,28.846153846153843,54.899267399267394,3.14,77.88461538461539,1974148.0,67.55970695970696,EPS同產業前20%、ROE同產業前20%、資產周轉同產業前20%,1839.727,1236.188,-165.0,55.768,1126.956,53.84615384615385,53.74,72.2,★★★ 一般觀察,整理觀察,法人偏多、基本面優於產業平均、風險動能健康,無明顯風險訊號,20.177,26.55,250.0,50.0,60.129310344827594,25.0,30.0,67.56,85.0,41.88,50.36,20.177,60.13,26.55,0.0,83.0,45.0,80.0,61.54,🟡 S2中等爆發潛力,5.0,86.75,80.53,82.5,② 蓄勢,49.09,🔴 暫不考慮,MA20向上、RSI位於起漲區、外資5日買超、外資連買、法人買超占量提升,無明顯風險訊號,偏多順風,偏多順風,50.1,60.13,49.68,86.45,60.65,61.54,S2_E_BALANCED,正常,205.0,83.0,185,185
123,3035,智原,上市,4855474.0,2026-09-24,4724892.0,975690198.0,202.0,207.5,199.5,206.5,2.5,0,199.0,182.6,184.18333333333334,5.533507527257967,1.7898148619723837,3.7436926652855833,69.64840504131078,3885619.0,1.2159946716340433,210.0,181.1,0.01225490196078427,15.363128491620115,16.997167138810187,-7.8125,47.29196050832719,8.178571428571429,3.9605672777585608,13.08871851040525,12.116550538412806,-8.130081300813007,0.8473946647286005,55,股價高於20日均線、5日均線高於20日均線、20日均線向上、RSI介於50至70、MACD多頭、MACD柱狀體為正,61,20日動能健康、波動率可接受、ATR風險合理、20日回撤可接受、MA20乖離可接受、MA60位置健康、成交量穩定度普通、短線略熱,5712493.0,20000.0,1600794.0,7333287.0,1.0,1.0,5.0,40,外資近5日買超、投信近5日買超、自營商近5日買超、三大法人合計買超,半導體業,207,一般業,1.16,37.19806763285024,4.6925132899337,28.985507246376812,46.13628246252649,71.98067632850241,6.209823186439391,32.850241545893724,29.883694137526195,50.0,11.4529166137058,87.37864077669903,28.622667982670258,56.52173913043478,211.4501507992789,34.29951690821256,0.4699927729695124,42.51207729468599,,,81.3,17.5,3.14,56.770833333333336,37.13541666666667,0.87,43.22916666666667,1183747.0,44.54658318090145,營收月增同產業前20%,4855.474,5712.493,20.0,1600.794,7333.287,61.53846153846154,54.37,73.7,★★★ 一般觀察,一般觀察,法人偏多、風險動能健康,無明顯風險訊號,18.666,29.19,250.0,46.0,56.68103448275862,72.0,70.0,44.55,45.0,63.23,45.76,18.666,56.68,29.19,57.0,60.0,45.0,100.0,61.3,🟡 S2中等爆發潛力,32.0,86.75,80.53,83.33,⑤ 過熱,25.5,🟠 短線過熱,MA20向上、MACD動能擴張、成交量溫和放大、近期突破20日高、外資5日買超、投信5日買超、投信買盤加速,5日漲幅過大、MA20乖離過大,偏多順風,偏多順風,33.71,56.68,72.26,56.67,61.51,61.3,S2_E_BALANCED,正常,25.0,124.0,186,186
328,6885,全福生技,上市,1319077.0,2026-09-24,1315181.0,40967887.64829826,30.149999618530273,31.700000762939453,29.899999618530273,31.149999618530273,0.8999996185302734,0,30.84000015258789,26.832500171661376,23.000000095367433,2.29009489479278,1.9329178936201914,0.35717700117258877,72.01119618194426,1137720.15,1.1559793504580191,33.0,26.407500171661376,0.02975205350513299,5.593219045865339,37.5275944510217,45.56074847570311,59.70591427221271,1.7821429116385323,5.721165115451188,16.090559654328217,35.43478038856347,-6.012656948081673,0.6170978516494122,60,股價高於20日均線、5日均線高於20日均線、20日均線高於60日均線、20日均線向上、MACD多頭、MACD柱狀體為正,36,60日趨勢尚可、ATR偏高但可接受、20日回撤小、成交量穩定度普通、短線未過熱,-637616.0,0.0,20000.0,-617616.0,1.0,0.0,5.0,5,自營商近5日買超,生技醫療業,159,一般業,-1.39,11.320754716981133,-25.17161059054287,12.578616352201259,-17.172312223858615,6.329113924050633,-2494.1678939617086,5.69620253164557,157.1095571095571,93.5064935064935,31.46603098927294,87.01298701298701,2.580164146348796,98.74213836477988,2795.894874602708,94.33962264150944,0.008165228632414395,4.40251572327044,,,,,2.69,33.33333333333333,33.33333333333333,0.0,18.333333333333332,1103.0,38.417284999850075,營收年增同產業前20%、營收月增同產業前20%、負債比同產業前20%、流動比率同產業前20%,1319.077,-637.616,0.0,20.0,-617.616,7.6923076923076925,38.26,29.4,★★ 弱勢,短線過熱,,20日漲幅過大、MA20乖離過大、MA60乖離過大,12.924,30.13,250.0,32.0,39.439655172413794,44.0,25.0,38.42,45.0,37.61,21.81,12.924,39.44,30.13,12.0,83.0,25.0,90.0,61.16,🟡 S2中等爆發潛力,30.0,86.75,80.53,100.0,⑤ 過熱,3.22,🟠 短線過熱,MA20向上、成交量溫和放大、外資買盤加速、外資由賣轉買,MA20乖離過大,偏多順風,偏多順風,10.09,39.44,95.27,56.67,73.98,61.16,S2_E_BALANCED,正常,263.0,347.0,187,187
3,6505,台塑化,上市,10807153.0,2026-09-24,10727865.0,935469795.2611542,88.0,88.69999694824219,87.0,87.19999694824219,-0.100006103515625,0,87.33999938964844,82.02999916076661,74.88333295186361,3.764853910546023,3.51886995345925,0.24598395708677323,63.32272990143486,24895288.4,0.43091949077400526,90.5999984741211,81.3049991607666,-0.0011455452465028992,1.1600928484956086,19.944980204501373,51.38888760113418,53.062302291042116,4.214285714285714,4.832896630474788,6.302569596938734,16.447804218725093,-7.9999999999999964,0.5269229249459637,70,股價高於20日均線、5日均線高於20日均線、20日均線高於60日均線、20日均線向上、RSI介於50至70、MACD多頭、MACD柱狀體為正,68,20日動能健康、波動率可接受、ATR偏高但可接受、20日回撤小、MA20乖離健康、MA60乖離可接受、成交量穩定、短線未過熱,2157157.0,2146498.0,287858.0,4591513.0,2.0,4.0,5.0,55,外資近5日買超、投信近5日買超、自營商近5日買超、投信連買至少3日、三大法人合計買超,油電燃氣業,12,一般業,4.32,100.0,16.726322633419162,75.0,15.253742382368099,50.0,13.73942717487116,66.66666666666666,50.28664779657053,91.66666666666666,9.46914124279392,66.66666666666666,16.60363107941074,100.0,520.6052475052348,100.0,1.1684923583920024,91.66666666666666,,,15.14,58.610792192881746,1.71,48.19611470860315,53.40345345074245,1.38,37.92784458834413,81905673.0,77.62272339292649,EPS同產業前20%、營收年增同產業前20%、負債比同產業前20%、流動比率同產業前20%、資產周轉同產業前20%,10807.153,2157.157,2146.498,287.858,4591.513,84.61538461538461,74.81,99.6,★★★★★ 強勢候選,趨勢健康,技術面偏多、法人籌碼強、基本面優於產業平均、風險動能健康、綜合表現前10%,無明顯風險訊號,17.464,33.89,250.0,43.0,53.23275862068966,49.0,55.0,77.62,60.0,56.74,50.05,17.464,53.23,33.89,0.0,85.0,45.0,80.0,60.94,🟡 S2中等爆發潛力,10.0,86.75,80.53,100.0,① 尚未啟動,49.35,🔴 暫不考慮,MA20向上、RSI位於起漲區、外資5日買超、投信5日買超、外資買盤加速,無明顯風險訊號,偏多順風,偏多順風,49.91,53.23,74.19,56.67,66.24,60.94,S2_E_BALANCED,正常,66.0,84.0,188,188
34,2436,偉詮電,上市,8606455.0,2026-09-24,8512334.0,616292994.5887909,69.5999984741211,72.4000015258789,69.30000305175781,72.4000015258789,2.8000030517578125,0,70.18000030517578,68.0449993133545,64.79499969482421,1.4392031877292482,1.124407849384792,0.31479533834445617,61.49006330948034,5986525.2,1.4219156715484969,73.0,67.7949993133545,0.04022992978654916,7.100596390686853,7.418397458166526,-4.98687083274344,52.99078241264334,2.885713849748884,3.9857925261471223,6.400179670028594,11.737019626318745,-8.567413954463232,0.7375087827910957,70,股價高於20日均線、5日均線高於20日均線、20日均線高於60日均線、20日均線向上、RSI介於50至70、MACD多頭、MACD柱狀體為正,71,20日動能健康、波動率可接受、ATR風險合理、20日回撤可接受、MA20乖離健康、MA60位置健康、成交量穩定度普通、短線未過熱,271760.0,20000.0,407461.0,699221.0,1.0,1.0,5.0,40,外資近5日買超、投信近5日買超、自營商近5日買超、三大法人合計買超,半導體業,207,一般業,3.02,56.52173913043478,24.853498693192545,82.1256038647343,32.334792222659644,39.130434782608695,11.76653663358532,47.34299516908212,32.146686219899934,53.883495145631066,6.272639429151905,75.24271844660194,32.99818002056496,43.47826086956522,261.2469121131019,51.20772946859904,0.6149393762705103,59.42028985507246,,,13.31,87.5,3.04,60.416666666666664,73.95833333333333,2.71,79.16666666666666,428927.0,60.687479480324555,ROE同產業前20%,8606.455,271.76,20.0,407.461,699.221,61.53846153846154,65.71,92.9,★★★★★ 強勢候選,趨勢健康,技術面偏多、法人偏多、風險動能健康、綜合表現前10%,無明顯風險訊號,16.976,28.0,250.0,43.0,51.508620689655174,77.0,80.0,60.69,85.0,76.65,57.69,16.976,51.51,28.0,42.0,58.0,65.0,100.0,60.91,🟡 S2中等爆發潛力,5.0,86.75,80.53,83.33,② 蓄勢,83.92,🔵 等待突破,MA20向上、RSI位於起漲區、MACD動能擴張、成交量溫和放大、接近20日突破、外資5日買超、投信5日買超、外資買盤加速,無明顯風險訊號,偏多順風,偏多順風,62.94,51.51,60.22,86.67,64.52,60.91,S2_E_BALANCED,正常,2.0,38.0,189,189
140,3169,亞信,上櫃,1723456.0,2026-09-24,1701220.0,194789690.0,113.0,121.0,113.0,114.5,3.5,0,108.2,104.475,102.62500025431315,1.7365221190548255,0.5625848779841,1.1739372410707256,70.5966437057066,408423.3,4.16533532734298,121.0,103.8,0.03153153153153143,12.807881773399021,13.366336633663355,6.511627906976747,48.72903374353701,3.8857143947056363,3.3936370259437876,9.595597032782965,11.571254291117782,-9.502262443438914,1.5568520255967142,75,股價高於20日均線、5日均線高於20日均線、20日均線高於60日均線、20日均線向上、MACD多頭、MACD柱狀體為正、量比達1.5以上,66,20日動能健康、60日趨勢尚可、波動率可接受、ATR風險合理、20日回撤可接受、MA20乖離可接受、MA60位置健康、短線略熱,0.0,0.0,0.0,0.0,0.0,0.0,0.0,0,,半導體業,207,一般業,1.96,43.47826086956522,14.01266539809171,62.31884057971014,54.09349817570938,85.02415458937197,26.673814413006475,84.54106280193237,9.61507288302555,26.699029126213592,-3.6645772147459788,31.55339805825243,19.127707170461388,76.81159420289855,496.4581530625002,83.09178743961353,0.45285290996679456,39.61352657004831,,,,,,,,,,87908.0,57.864685265487296,毛利率同產業前20%、營業利益率同產業前20%、流動比率同產業前20%,1723.456,0.0,0.0,0.0,0.0,0.0,53.06,70.0,★★★ 一般觀察,等待回檔,技術面偏多、風險動能健康,成交量波動較大,23.997,33.79,250.0,61.0,73.27586206896551,51.0,0.0,57.86,70.0,39.58,56.12,23.997,73.28,33.79,25.0,72.0,45.0,80.0,60.73,🟡 S2中等爆發潛力,22.0,86.75,80.53,83.33,④ 趨勢加速,26.85,🔴 暫不考慮,MA20向上、MA5近期上穿MA20、MACD動能擴張,無明顯風險訊號,偏多順風,偏多順風,50.27,73.28,59.35,56.67,29.46,60.73,S2_E_BALANCED,正常,237.0,47.0,190,190
191,3645,達邁,上市,6118560.0,2026-09-24,6060121.0,444206887.7940216,73.5,74.80000305175781,72.5999984741211,73.30000305175781,0.7000045776367188,0,70.88000030517578,71.19000053405762,71.3916664759318,0.07434197274686483,-0.29556632635737706,0.3699082991042419,56.88554398881019,3305955.95,1.8330918777063558,77.80000305175781,71.01000022888184,0.009641936533734796,6.540697384293259,5.1650018093815975,-19.97816127424217,51.40188540998656,2.6285689217703685,3.586042035925035,2.9639029384341153,2.6730522903108955,-12.793727960287304,0.8659883878322966,60,股價高於20日均線、20日均線向上、RSI介於50至70、MACD多頭、MACD柱狀體為正、量比達1.5以上,66,20日動能健康、波動率可接受、ATR風險合理、20日回撤可接受、MA20乖離健康、MA60乖離可接受、成交量穩定度普通、短線未過熱,-2339388.0,0.0,-16105.0,-2355493.0,0.0,0.0,5.0,0,,電子零組件業,210,一般業,1.52,58.0952380952381,11.970142884558765,67.61904761904762,37.768809969317886,89.04761904761904,21.26024042760539,88.57142857142857,-10.96126130902746,13.80952380952381,31.380330573810134,98.09523809523809,36.129606204555586,64.76190476190476,149.97210085803022,23.333333333333332,0.47381491930065517,30.0,,,28.3,54.761904761904766,3.0,39.90384615384615,47.33287545787546,1.64,56.730769230769226,184726.0,58.27014652014652,毛利率同產業前20%、營業利益率同產業前20%、營收月增同產業前20%,6118.56,-2339.388,0.0,-16.105,-2355.493,0.0,48.68,59.1,★★★ 一般觀察,一般觀察,風險動能健康,無明顯風險訊號,23.754,32.78,250.0,59.0,72.19827586206897,75.0,0.0,58.27,85.0,51.49,60.44,23.754,72.2,32.78,50.0,58.0,65.0,100.0,60.26,🟡 S2中等爆發潛力,5.0,86.75,80.53,82.5,③ 剛啟動,63.69,🔵 等待突破,站上MA20且乖離健康、MA20向上、RSI位於起漲區、MACD近期黃金交叉、MACD動能擴張、成交量溫和放大,無明顯風險訊號,偏多順風,偏多順風,61.09,72.2,42.58,84.73,29.46,60.26,S2_E_BALANCED,正常,101.0,31.0,191,191
185,2340,台亞,上市,3550658.0,2026-09-24,3529951.0,121959804.35686111,34.349998474121094,35.79999923706055,34.150001525878906,34.54999923706055,0.20000076293945312,0,34.29999923706055,33.257499599456786,32.739999834696455,0.4495292920954128,0.2420895400934041,0.2074397520020087,58.485558761740904,2944986.85,1.198630479453584,37.29999923706055,33.23999967575073,0.005822438772162819,4.855837441802713,1.0233873284013706,-10.608026201688814,36.30404976922481,1.5500001907348633,4.486252460093352,3.886340383884046,5.528403822549599,-10.359713327970432,0.5031533050408573,70,股價高於20日均線、5日均線高於20日均線、20日均線高於60日均線、20日均線向上、RSI介於50至70、MACD多頭、MACD柱狀體為正,68,20日動能尚可、波動率合理、ATR偏高但可接受、20日回撤可接受、MA20乖離健康、MA60位置健康、成交量穩定、短線未過熱,1676733.0,0.0,276724.0,1953457.0,1.0,0.0,5.0,25,外資近5日買超、自營商近5日買超、三大法人合計買超,半導體業,207,一般業,-0.93,6.280193236714976,-13.69720910190731,5.797101449275362,-1.8937735930161668,2.898550724637681,-22.14488394096448,8.212560386473431,21.873683020341876,37.86407766990291,20.28400343908434,93.68932038834951,54.93421651690521,9.178743961352657,132.52216009069033,10.144927536231885,0.2886486927122479,13.526570048309178,,,,,2.38,75.52083333333334,75.52083333333334,0.0,9.895833333333332,474269.0,22.335675507715397,營收月增同產業前20%,3550.658,1676.733,0.0,276.724,1953.457,38.46153846153847,48.99,60.3,★★★ 一般觀察,趨勢健康,技術面偏多、風險動能健康,無明顯風險訊號,19.33,32.52,250.0,48.0,58.4051724137931,83.0,30.0,22.34,70.0,56.05,27.77,19.33,58.41,32.52,37.0,40.0,45.0,90.0,60.16,🟡 S2中等爆發潛力,0.0,86.75,80.53,83.33,③ 剛啟動,73.32,🟢 可觀察進場,站上MA20且乖離健康、MA20向上、MA5近期上穿MA20、RSI位於起漲區、MACD動能擴張、成交量溫和放大、外資5日買超、外資由賣轉買、法人買超占量提升,無明顯風險訊號,偏多順風,偏多順風,36.88,58.41,52.26,75.27,63.44,60.16,S2_E_BALANCED,正常,70.0,289.0,192,192
308,2493,揚博,上市,1360568.0,2026-09-24,1320308.0,252178828.0,197.0,198.0,190.0,191.0,-6.0,0,191.6,183.9,208.34166666666667,-1.0220599035681914,-4.005645581545717,2.9835856779775254,50.707419930014844,2124360.9,0.6215083322235878,206.5,183.6,-0.030456852791878153,-7.506053268765134,3.2432432432432323,-41.14021571648691,70.05393040985585,10.642857142857142,5.572176514584892,3.860793909733551,-8.323667053317873,-26.337448559670783,1.0360477901296656,55,股價高於20日均線、5日均線高於20日均線、20日均線向上、RSI介於50至70、MACD多頭、MACD柱狀體為正,23,20日動能尚可、ATR偏高但可接受、MA20乖離健康,-857005.0,-1962.0,-61133.0,-920100.0,0.0,0.0,5.0,0,,電子零組件業,210,一般業,2.67,70.95238095238095,21.938362560962954,87.61904761904762,28.900325968348405,71.42857142857143,17.427342221092527,84.76190476190476,29.353931680575485,49.523809523809526,1.0677981439214834,62.857142857142854,51.21237371552078,30.0,163.49420714752787,35.714285714285715,0.6373431069743188,53.80952380952381,,,36.52,39.285714285714285,7.85,14.423076923076922,26.854395604395602,2.09,66.34615384615384,402076.0,62.79267399267398,ROE同產業前20%、營業利益率同產業前20%,1360.568,-857.005,-1.962,-61.133,-920.1,0.0,39.94,33.9,★★ 弱勢,風險偏高,,波動率偏高、近期回撤偏大、成交量波動較大,20.328,38.03,250.0,51.0,60.560344827586206,56.0,15.0,62.79,40.0,42.32,40.8,20.328,60.56,38.03,0.0,28.0,45.0,80.0,59.83,🟡 S2中等爆發潛力,23.0,86.75,80.53,82.5,② 蓄勢,31.52,🔴 暫不考慮,站上MA20且乖離健康、MA20向上、RSI位於起漲區、投信買盤加速,波動率偏高、近期回撤偏大,偏多順風,偏多順風,38.95,60.56,54.84,96.34,29.46,59.83,S2_E_BALANCED,正常,199.0,171.0,193,193
281,3221,台嘉碩,上櫃,3202788.0,2026-09-24,3175574.0,155920678.55445862,50.0,50.900001525878906,49.04999923706055,49.099998474121094,-1.0,0,48.66999969482422,48.3774995803833,49.290833218892416,-0.0798544801175538,-0.31236168942680104,0.23250720930924723,52.329816666291585,1988614.1,1.5968779463044136,52.400001525878906,48.384999656677245,-0.019960080448236828,4.246284638626663,-0.30457162615006306,-23.28125238418579,50.8150752021188,2.085714885166713,4.247891955161712,1.4934605963611292,-0.3871607199737448,-11.111112763568254,0.579167949258667,60,股價高於20日均線、5日均線高於20日均線、RSI介於50至70、MACD多頭、MACD柱狀體為正、量比達1.5以上,38,波動率可接受、ATR偏高但可接受、20日回撤可接受、MA20乖離可接受、成交量穩定、短線未過熱,0.0,0.0,0.0,0.0,0.0,0.0,0.0,0,,通信網路業,92,一般業,0.82,51.08695652173913,6.86828040701857,54.347826086956516,24.01600375622062,50.0,6.4578292064403255,61.95652173913043,28.651953542286975,53.84615384615385,-9.683029766321216,24.175824175824175,30.32184904233982,70.65217391304348,242.17210115046802,64.13043478260869,0.7581701278452598,69.56521739130434,,,,,,,,,,226412.0,55.29877730964689,,3202.788,0.0,0.0,0.0,0.0,0.0,42.19,39.7,★★ 弱勢,一般觀察,,無明顯風險訊號,24.581,34.87,250.0,62.0,75.0,80.0,0.0,55.3,45.0,47.04,60.2,24.581,75.0,34.87,65.0,30.0,65.0,100.0,59.8,🟡 S2中等爆發潛力,5.0,86.75,80.53,76.67,① 尚未啟動,42.78,🔴 暫不考慮,站上MA20且乖離健康、MA5近期上穿MA20、RSI位於起漲區、MACD近期黃金交叉、MACD動能擴張、成交量溫和放大,無明顯風險訊號,偏多順風,偏多順風,56.72,75.0,40.86,76.13,29.46,59.8,S2_E_BALANCED,正常,141.0,32.0,194,194
143,6166,凌華,上市,2054478.0,2026-09-24,2020112.0,266654784.0,126.5,133.0,125.0,132.0,5.5,0,125.1,116.975,126.85833333333333,0.2670432792301938,-2.4278477345391276,2.6948910137693214,63.61720726273603,1885597.2,1.0713380355040834,135.0,116.225,0.04347826086956519,17.85714285714286,12.82051282051282,-2.2222222222222254,51.92129262400565,5.357142857142857,4.058441558441558,12.844624919854674,4.05307757997766,-20.344827586206893,0.8503199710511998,55,股價高於20日均線、5日均線高於20日均線、20日均線向上、RSI介於50至70、MACD多頭、MACD柱狀體為正,51,20日動能健康、波動率可接受、ATR偏高但可接受、MA20乖離可接受、MA60位置健康、成交量穩定度普通、短線略熱,871411.0,0.0,275535.0,1146946.0,1.0,0.0,5.0,25,外資近5日買超、自營商近5日買超、三大法人合計買超,電腦及週邊設備業,109,一般業,3.12,65.13761467889908,21.609887310642108,76.14678899082568,34.55069149059335,75.22935779816514,11.382526945427404,73.39449541284404,47.83425710381272,72.47706422018348,7.156241522099838,77.06422018348624,62.79421423004615,22.018348623853214,137.3328307724784,28.440366972477065,0.9526655367612328,69.72477064220183,,,25.19,25.925925925925924,4.66,17.1875,21.556712962962962,0.91,32.8125,1528587.0,61.30309208290859,,2054.478,871.411,0.0,275.535,1146.946,38.46153846153847,52.78,69.4,★★★ 一般觀察,風險偏高,,近期回撤偏大,22.452,32.92,250.0,55.0,67.45689655172413,81.0,30.0,61.3,55.0,58.85,61.71,22.452,67.46,32.92,60.0,60.0,45.0,90.0,59.73,🟡 S2中等爆發潛力,40.0,86.75,80.53,82.5,⑤ 過熱,13.05,🟠 短線過熱,MA20向上、MA5近期上穿MA20、RSI位於起漲區、MACD動能擴張、近期突破20日高、外資5日買超、外資由賣轉買、法人買超占量提升,5日漲幅過大、MA20乖離過大、近期回撤偏大,偏多順風,偏多順風,43.97,67.46,65.81,56.67,29.46,59.73,S2_E_BALANCED,正常,45.0,26.0,195,195
217,6209,今國光,上市,5832314.0,2026-09-24,5763370.0,460493271.7942047,78.69999694824219,80.30000305175781,78.30000305175781,79.9000015258789,1.9000015258789062,0,78.9,79.31499977111817,74.43833332061767,1.13637117133311,1.3830342899256733,-0.2466631185925634,54.76316801635932,11297432.2,0.5101486690046257,88.5,79.14499969482422,0.02435899392152452,2.435899392152452,4.444446439057392,-0.4981338862728113,45.36620190362779,3.5857151576450894,4.4877535534010065,0.737567618292756,7.337171537327358,-10.320289754076473,0.6703383481267898,45,股價高於20日均線、20日均線高於60日均線、20日均線向上、RSI介於50至70,54,20日動能尚可、波動率可接受、ATR偏高但可接受、20日回撤可接受、MA20乖離可接受、MA60位置健康、成交量穩定度普通、短線未過熱,-663118.0,0.0,-212335.0,-875453.0,1.0,0.0,5.0,0,,光電業,116,一般業,1.53,77.39130434782608,14.872800024263642,86.08695652173914,28.060537735856872,71.30434782608695,13.367024312340392,86.08695652173914,106.76387351719937,93.91304347826087,6.19664844964567,74.56140350877193,32.46572644322202,63.47826086956522,218.56300453031295,51.30434782608696,0.883137517965922,89.56521739130436,,,34.59,37.2093023255814,3.91,19.11764705882353,28.163474692202463,0.63,51.470588235294116,556720.0,75.13341180227081,ROE同產業前20%、營業利益率同產業前20%、營收年增同產業前20%、資產周轉同產業前20%,5832.314,-663.118,0.0,-212.335,-875.453,0.0,46.84,53.4,★★★ 一般觀察,整理觀察,基本面優於產業平均,無明顯風險訊號,19.184,32.99,250.0,48.0,57.974137931034484,40.0,10.0,75.13,70.0,40.77,41.39,19.184,57.97,32.99,0.0,43.0,45.0,80.0,59.66,🟡 S2中等爆發潛力,5.0,86.75,80.53,100.0,② 蓄勢,49.37,🔴 暫不考慮,站上MA20且乖離健康、MA20向上、RSI位於起漲區、外資由賣轉買,無明顯風險訊號,偏多順風,偏多順風,42.99,57.97,48.6,80.43,62.37,59.66,S2_E_BALANCED,正常,219.0,165.0,196,196
95,6257,矽格,上市,11563776.0,2026-09-24,11274894.0,2739799242.0,246.0,250.5,236.5,243.0,-4.0,0,246.8,221.675,216.475,9.426316442313578,5.585514274904019,3.8408021674095583,64.40548679246157,12275514.15,0.9184864977732928,263.0,219.725,-0.01619433198380571,9.213483146067425,19.11764705882353,-3.1872509960159334,60.97392632186984,11.357142857142858,4.673721340388007,9.619939100033825,12.25314701466682,-6.320541760722342,0.7118255096400414,70,股價高於20日均線、5日均線高於20日均線、20日均線高於60日均線、20日均線向上、RSI介於50至70、MACD多頭、MACD柱狀體為正,58,20日動能健康、ATR偏高但可接受、20日回撤小、MA20乖離可接受、MA60位置健康、成交量穩定度普通、短線未過熱,18832217.0,-60000.0,1909559.0,20681776.0,0.0,0.0,5.0,25,外資近5日買超、自營商近5日買超、三大法人合計買超,半導體業,207,一般業,4.65,66.90821256038647,17.546532561676365,71.49758454106279,33.01607154091293,41.06280193236715,24.09156118592796,78.26086956521739,28.584107151402755,46.116504854368934,2.7181700200477943,61.165048543689316,43.783776119274165,24.154589371980677,182.5810034964002,24.637681159420293,0.4444507242780457,37.68115942028986,,,28.42,51.87500000000001,4.6,32.29166666666667,42.08333333333334,1.75,67.70833333333334,2068935.0,54.9596676985132,,11563.776,18832.217,-60.0,1909.559,20681.776,38.46153846153847,56.78,79.7,★★★★ 觀察候選,等待回檔,技術面偏多、綜合表現前25%,無明顯風險訊號,17.328,33.68,250.0,44.0,52.80172413793104,49.0,20.0,54.96,50.0,41.34,44.86,17.328,52.8,33.68,0.0,75.0,45.0,80.0,59.49,🟡 S2中等爆發潛力,22.0,86.75,80.53,83.33,④ 趨勢加速,28.61,🔴 暫不考慮,MA20向上、RSI位於起漲區、外資5日買超、法人買超占量提升,波動率偏高,偏多順風,偏多順風,41.61,52.8,67.1,56.67,69.68,59.49,S2_E_BALANCED,正常,211.0,133.0,197,197
59,2303,聯電,上市,157009029.0,2026-09-24,153840764.0,23691477656.0,157.0,157.0,152.0,154.0,-6.0,0,157.4,141.725,135.125,7.8063511119462135,5.9284927026771275,1.877858409269086,62.40227689407323,196171081.55,0.7842173412332905,168.5,139.95,-0.03749999999999998,4.406779661016946,29.957805907172986,-6.9486404833836835,64.87576465194581,7.607142857142857,4.9397031539888685,8.661139530781448,13.96854764107307,-5.660377358490565,0.381944505596574,70,股價高於20日均線、5日均線高於20日均線、20日均線高於60日均線、20日均線向上、RSI介於50至70、MACD多頭、MACD柱狀體為正,53,20日動能尚可、ATR偏高但可接受、20日回撤小、MA20乖離可接受、MA60位置健康、成交量穩定、短線未過熱,27678008.0,21291872.0,8169999.0,57139879.0,0.0,0.0,5.0,40,外資近5日買超、投信近5日買超、自營商近5日買超、三大法人合計買超,半導體業,207,一般業,4.68,67.6328502415459,26.284120513339776,83.57487922705315,30.932500224010738,36.71497584541063,20.209822776142055,71.01449275362319,30.71441291503008,52.42718446601942,5.0352027099428875,70.3883495145631,33.341985637574375,42.99516908212561,216.6015412795073,35.748792270531396,0.38971726120566386,28.985507246376812,,,23.16,63.74999999999999,4.35,34.89583333333333,49.32291666666666,1.69,65.625,25044641.0,59.28852950143052,ROE同產業前20%,157009.029,27678.008,21291.872,8169.999,57139.879,61.53846153846154,61.69,87.5,★★★★ 觀察候選,等待回檔,技術面偏多、法人偏多、綜合表現前25%,無明顯風險訊號,15.701,34.49,250.0,39.0,47.8448275862069,49.0,35.0,59.29,45.0,45.74,41.88,15.701,47.84,34.49,0.0,75.0,0.0,80.0,59.42,🟡 S2中等爆發潛力,22.0,86.75,80.53,83.33,① 尚未啟動,25.01,🔴 暫不考慮,MA20向上、RSI位於起漲區、外資5日買超、投信5日買超、法人買超占量提升,波動率偏高,偏多順風,偏多順風,38.51,47.84,72.9,56.67,74.41,59.42,S2_E_BALANCED,正常,156.0,162.0,198,198
262,2484,希華,上市,13213876.0,2026-09-24,13151239.0,957410239.3343964,73.19999694824219,75.0,71.0999984741211,72.80000305175781,-0.09999847412109375,0,71.14000091552734,70.97999992370606,74.21666660308838,-0.402700605679982,-0.752584535296447,0.349883929616465,53.34806483870359,7442142.0,1.7671308878545988,79.4000015258789,71.16999969482421,-0.0013717211526476092,3.556187612338224,-4.960829631931507,-16.989731373967874,42.99329268833926,3.178570338657924,4.366167864578372,2.5641069738067124,-1.9088213149034416,-15.889036089055143,0.5779506475921257,60,股價高於20日均線、5日均線高於20日均線、RSI介於50至70、MACD多頭、MACD柱狀體為正、量比達1.5以上,38,波動率可接受、ATR偏高但可接受、MA20乖離健康、成交量穩定、短線未過熱,-1731632.0,0.0,57729.0,-1673903.0,1.0,0.0,5.0,5,自營商近5日買超,電子零組件業,210,一般業,0.86,45.23809523809524,6.713029280203021,50.0,24.640111073321734,61.42857142857143,10.255012422457431,66.19047619047619,25.08933578159188,43.80952380952381,-3.4178456366437904,45.714285714285715,19.246106275384616,94.76190476190476,453.9880593942917,94.76190476190476,0.4773808491864638,30.952380952380953,,,52.37,28.57142857142857,2.83,43.269230769230774,35.92032967032967,0.96,43.75,227535.0,54.014102564102565,負債比同產業前20%、流動比率同產業前20%,13213.876,-1731.632,0.0,57.729,-1673.903,7.6923076923076925,43.34,43.8,★★ 弱勢,一般觀察,,無明顯風險訊號,23.38,31.55,250.0,58.0,71.12068965517241,80.0,15.0,54.01,45.0,51.35,59.95,23.38,71.12,31.55,65.0,30.0,65.0,100.0,58.5,🟡 S2中等爆發潛力,8.0,86.75,80.53,82.5,① 尚未啟動,44.56,🔴 暫不考慮,站上MA20且乖離健康、MA5近期上穿MA20、RSI位於起漲區、MACD近期黃金交叉、MACD動能擴張、成交量溫和放大、外資由賣轉買,近期回撤偏大,偏多順風,偏多順風,56.87,71.12,40.43,79.78,29.46,58.5,S2_E_BALANCED,正常,103.0,33.0,199,199
368,4763,材料*-KY,上市,7023719.0,2026-09-24,6961239.0,320913107.27799225,46.29999923706055,46.29999923706055,45.400001525878906,46.099998474121094,-0.3000030517578125,0,48.14000015258789,48.44249973297119,48.74749984741211,-0.3869560044055973,-0.16200749379270157,-0.22494851061289572,43.58968735647382,9027702.4,0.771097527539233,53.5,48.427499771118164,-0.006465582799399017,-3.3543024386311626,0.6550201791658328,-6.868689951270513,59.3554747826339,2.1321427481515065,4.6250386523297085,-4.835632495768449,-5.431050580190044,-13.212922338128108,0.5189998697596001,10,20日均線向上,23,20日動能尚可、ATR偏高但可接受、20日回撤可接受、成交量穩定,-6928219.0,1004000.0,-431029.0,-6355248.0,0.0,2.0,5.0,15,投信近5日買超,化學工業,42,一般業,1.85,61.904761904761905,18.576600610142428,88.09523809523809,48.05761276122661,92.6829268292683,41.68168049222903,100.0,20.823040868540726,50.0,-1.7820154994828807,50.0,18.574393058430815,85.71428571428571,438.89415271912134,90.2439024390244,0.45847283166760766,24.390243902439025,,,11.06,92.3076923076923,2.33,37.5,64.90384615384616,6.62,96.42857142857143,1039878.0,73.72540873760387,ROE同產業前20%、毛利率同產業前20%、營業利益率同產業前20%、負債比同產業前20%、流動比率同產業前20%、殖利率同產業前20%,7023.719,-6928.219,1004.0,-431.029,-6355.248,23.076923076923077,34.33,20.9,★★ 弱勢,整理觀察,基本面優於產業平均,無明顯風險訊號,21.87,32.83,250.0,55.0,66.37931034482759,25.0,15.0,73.73,25.0,29.31,43.42,21.87,66.38,32.83,15.0,10.0,45.0,80.0,58.34,🟡 S2中等爆發潛力,10.0,86.75,80.53,100.0,③ 剛啟動,37.91,🔴 暫不考慮,MA20向上、MA5近期上穿MA20、投信5日買超,無明顯風險訊號,偏多順風,偏多順風,42.32,66.38,43.44,87.96,29.46,58.34,S2_E_BALANCED,正常,335.0,145.0,200,200
127,8299,群聯,上櫃,4315903.0,2026-09-24,3918454.0,8326714750.0,2195.0,2195.0,2095.0,2125.0,-90.0,0,2163.0,2073.25,2017.0833333333333,25.30349722645269,10.153584178748464,15.149913047704228,53.96766240990655,4094617.6,0.9569767882597876,2350.0,2074.75,-0.040632054176072185,7.868020304568524,-1.39211136890951,-5.133928571428569,47.27191315789691,97.14285714285714,4.571428571428571,2.4960810321958293,5.350134269778972,-12.28070175438597,0.8079831241864115,60,股價高於20日均線、5日均線高於20日均線、20日均線高於60日均線、RSI介於50至70、MACD多頭、MACD柱狀體為正,51,波動率可接受、ATR偏高但可接受、20日回撤可接受、MA20乖離健康、MA60位置健康、成交量穩定度普通、短線未過熱,0.0,0.0,0.0,0.0,0.0,0.0,0.0,0,,半導體業,207,一般業,187.43,100.0,81.10737597780772,97.10144927536231,63.80241573924129,93.71980676328504,37.85852269136703,94.20289855072464,376.5177219159828,98.54368932038835,4.1012695566368995,68.93203883495146,47.30856909462084,17.874396135265698,257.90828581231204,49.75845410628019,1.1238585676858641,89.85507246376811,,,,,,,,,,28275661.0,85.6166668798581,EPS同產業前20%、ROE同產業前20%、毛利率同產業前20%、營業利益率同產業前20%、營收年增同產業前20%、資產周轉同產業前20%,4315.903,0.0,0.0,0.0,0.0,0.0,53.89,72.8,★★★ 一般觀察,整理觀察,同產業基本面突出,無明顯風險訊號,17.555,30.21,250.0,43.0,53.66379310344828,53.0,0.0,85.62,30.0,38.54,36.95,17.555,53.66,30.21,15.0,30.0,0.0,80.0,58.07,🟡 S2中等爆發潛力,10.0,86.75,80.53,83.33,④ 趨勢加速,37.81,🔴 暫不考慮,站上MA20且乖離健康、MA5近期上穿MA20、RSI位於起漲區,無明顯風險訊號,偏多順風,偏多順風,37.12,53.66,47.96,83.01,63.23,58.07,S2_E_BALANCED,正常,253.0,206.0,201,201
449,2388,威盛,上市,2490248.0,2026-09-24,2420200.0,169656016.30706787,70.80000305175781,71.0,69.69999694824219,70.0999984741211,-0.7000045776367188,0,70.28000030517578,73.5400001525879,73.7016668955485,-1.2736849595463724,-0.8062389274145372,-0.4674460321318352,43.26835746008504,4319497.05,0.5602967132481316,83.0,73.66000022888184,-0.009887069879431887,0.573890306158753,-3.310346932246766,-2.094972111685389,49.51606662207798,2.921428680419922,4.1675160399588735,-4.67772868007772,-4.886820845628581,-14.742014465669174,0.72600585712124,0,,31,波動率可接受、ATR偏高但可接受、20日回撤可接受、成交量穩定度普通、短線未過熱,-3641678.0,40000.0,22287.0,-3579391.0,0.0,1.0,5.0,20,投信近5日買超、自營商近5日買超,半導體業,207,一般業,0.34,24.154589371980677,1.0238324318110958,20.77294685990338,22.566426523992302,21.256038647342994,-15.207171430553517,11.11111111111111,77.39127929312332,83.00970873786407,-18.700420187671508,8.25242718446602,38.79479521035295,29.951690821256037,190.1861460586785,28.019323671497588,0.2836079948230585,12.077294685990339,,,43.81,38.75,1.75,89.58333333333334,64.16666666666667,0.07,20.833333333333336,923499.0,31.976891327798885,營收年增同產業前20%,2490.248,-3641.678,40.0,22.287,-3579.391,30.76923076923077,21.95,3.4,★★ 弱勢,一般觀察,,無明顯風險訊號,24.423,33.96,250.0,61.0,74.13793103448276,0.0,45.0,31.98,30.0,22.8,26.38,24.423,74.14,33.96,0.0,15.0,45.0,80.0,58.03,🟡 S2中等爆發潛力,5.0,86.75,80.53,83.33,⑥ 轉弱,7.07,🔴 暫不考慮,投信5日買超、投信買盤加速、投信由賣轉買,無明顯風險訊號,偏多順風,偏多順風,7.52,74.14,30.54,84.09,29.46,58.03,S2_E_BALANCED,正常,381.0,299.0,202,202
41,6770,力積電,上市,95567951.0,2026-09-24,94551893.0,6807736296.0,72.0,72.0999984741211,70.5,72.0,-1.0999984741210938,0,72.71999969482422,71.23500022888183,68.5074997584025,0.8704878439070143,0.8264544717328677,0.0440333721741466,52.61190219838642,129125605.1,0.7322474340141544,75.30000305175781,71.1150001525879,-0.015047859057213508,1.1235998399541591,3.4482781300221976,-3.6144538936366377,48.65971099831861,3.0642847333635603,4.2559510185605,1.0739099721487788,5.097982343413632,-13.520405953847025,0.3409475040511934,70,股價高於20日均線、5日均線高於20日均線、20日均線高於60日均線、20日均線向上、RSI介於50至70、MACD多頭、MACD柱狀體為正,56,20日動能尚可、波動率可接受、ATR偏高但可接受、20日回撤可接受、MA20乖離可接受、MA60位置健康、成交量穩定、短線未過熱,43819326.0,3848574.0,7523919.0,55191819.0,0.0,0.0,5.0,40,外資近5日買超、投信近5日買超、自營商近5日買超、三大法人合計買超,半導體業,207,一般業,4.08,63.76811594202898,27.192384707666484,85.02415458937197,20.33894955085834,16.425120772946862,58.03194256253984,98.06763285024155,76.19282844889565,82.52427184466019,5.097735257913505,70.87378640776699,34.60001946112475,38.164251207729464,495.9433328125252,82.6086956521739,0.313231710063241,17.874396135265698,,,24.0,62.5,2.63,66.66666666666666,64.58333333333333,0.0,9.895833333333332,7008845.0,65.28136872097932,ROE同產業前20%、營業利益率同產業前20%、營收年增同產業前20%、流動比率同產業前20%,95567.951,43819.326,3848.574,7523.919,55191.819,61.53846153846154,64.09,91.4,★★★★★ 強勢候選,一般觀察,技術面偏多、法人偏多、基本面優於產業平均、綜合表現前10%,無明顯風險訊號,19.138,33.17,250.0,48.0,57.758620689655174,56.0,35.0,65.28,70.0,53.19,42.79,19.138,57.76,33.17,0.0,43.0,25.0,80.0,57.84,🟡 S2中等爆發潛力,5.0,86.75,80.53,83.33,② 蓄勢,60.46,🟡 等待回檔,站上MA20且乖離健康、MA20向上、RSI位於起漲區、外資5日買超、投信5日買超、法人買超占量提升,無明顯風險訊號,偏多順風,偏多順風,46.33,57.76,44.95,76.99,60.43,57.84,S2_E_BALANCED,正常,87.0,153.0,203,203
227,6116,彩晶,上市,41846990.0,2026-09-24,41731700.0,621802314.0806198,14.949999809265137,15.5,14.649999618530273,14.899999618530273,-0.10000038146972656,0,14.829999923706055,14.354999923706055,14.53083332379659,0.14635700220025782,0.030614114925168055,0.11574288727508977,55.66294519839285,41279202.75,1.0109618698970633,16.25,14.352499961853027,-0.006666692097981763,6.810034568130807,0.3366951904118398,-19.45946152145798,39.702304534452814,0.6535714013235909,4.386385356082706,3.7965844494655787,2.5405720821882527,-8.080813010865985,1.1984243549211362,55,股價高於20日均線、5日均線高於20日均線、20日均線向上、RSI介於50至70、MACD多頭、MACD柱狀體為正,58,20日動能尚可、波動率合理、ATR偏高但可接受、20日回撤可接受、MA20乖離健康、MA60乖離可接受、短線未過熱,-3547021.0,100.0,1360728.0,-2186193.0,0.0,0.0,5.0,20,投信近5日買超、自營商近5日買超,光電業,116,一般業,-0.02,28.695652173913043,-0.24577381598119438,28.695652173913043,-3.241254499140474,9.565217391304348,-15.241148013525645,21.73913043478261,8.002552973034222,46.95652173913044,7.123639574756013,76.31578947368422,20.771044070673742,80.8695652173913,179.80050167199303,29.565217391304348,0.2586740109394275,22.608695652173914,,,,,1.14,80.14705882352942,80.14705882352942,0.0,24.264705882352942,934086.0,39.013474222641,負債比同產業前20%、估值同產業前20%,41846.99,-3547.021,0.1,1360.728,-2186.193,30.76923076923077,45.96,51.3,★★★ 一般觀察,一般觀察,,成交量波動較大,22.464,36.19,250.0,56.0,67.67241379310344,78.0,35.0,39.01,55.0,55.8,43.13,22.464,67.67,36.19,50.0,40.0,45.0,90.0,57.55,🟡 S2中等爆發潛力,0.0,86.75,80.53,100.0,③ 剛啟動,74.41,🟢 可觀察進場,站上MA20且乖離健康、MA20向上、MA5近期上穿MA20、RSI位於起漲區、近期突破20日高、投信5日買超、投信買盤加速,無明顯風險訊號,偏多順風,偏多順風,49.38,67.67,40.0,84.52,29.46,57.55,S2_E_BALANCED,正常,73.0,147.0,204,204
208,3533,嘉澤,上市,1078035.0,2026-09-24,1023872.0,1730343680.0,1660.0,1735.0,1660.0,1690.0,0.0,0,1660.0,1640.0,1795.75,-28.301143295966085,-51.407750761263955,23.10660746529787,51.93120572718104,999701.5,1.0241777170485389,1770.0,1636.75,0.0,8.681672025723476,4.0000000000000036,-22.29885057471265,56.37208285766133,70.71428571428571,4.184277261200338,3.0487804878048808,-5.8889043575107936,-19.402985074626866,0.6316848377777269,55,股價高於20日均線、5日均線高於20日均線、20日均線向上、RSI介於50至70、MACD多頭、MACD柱狀體為正,36,20日動能尚可、ATR偏高但可接受、MA20乖離健康、成交量穩定度普通、短線未過熱,-823937.0,-4941.0,45380.0,-783498.0,0.0,0.0,5.0,5,自營商近5日買超,電子零組件業,210,一般業,39.04,99.04761904761905,20.436088963506975,85.23809523809524,47.48187062853427,94.28571428571428,25.460891826637106,92.38095238095238,19.58057828451359,37.142857142857146,-5.0630841086818705,39.523809523809526,25.84454117006502,89.52380952380953,276.9466978950187,80.47619047619048,0.6501063538783171,55.23809523809524,,,20.6,75.0,4.64,26.923076923076923,50.96153846153846,2.07,65.38461538461539,3198344.0,73.72564102564104,EPS同產業前20%、ROE同產業前20%、毛利率同產業前20%、營業利益率同產業前20%、負債比同產業前20%、流動比率同產業前20%,1078.035,-823.937,-4.941,45.38,-783.498,7.6923076923076925,47.36,55.4,★★★ 一般觀察,整理觀察,基本面優於產業平均,無明顯風險訊號,22.297,33.85,250.0,57.0,67.24137931034483,78.0,20.0,73.73,75.0,59.51,54.01,22.297,67.24,33.85,25.0,58.0,45.0,90.0,57.39,🟡 S2中等爆發潛力,13.0,86.75,80.53,82.5,③ 剛啟動,63.71,🔵 等待突破,站上MA20且乖離健康、MA20向上、MA5近期上穿MA20、RSI位於起漲區、MACD動能擴張、投信買盤加速,近期回撤偏大,偏多順風,偏多順風,55.95,67.24,38.71,86.88,29.46,57.39,S2_E_BALANCED,正常,43.0,56.0,205,205
68,3711,日月光投控,上市,10964118.0,2026-09-24,10529792.0,7360324608.0,685.0,699.0,680.0,699.0,6.0,0,677.2,626.85,618.9333333333333,19.952197695588893,10.15985825430541,9.792339441283483,67.13321090399475,17109006.4,0.6154531568823307,711.0,622.15,0.008658008658008587,13.843648208469062,15.537190082644624,-3.8514442916093516,51.98452640005415,27.428571428571427,3.9239730226854688,11.509930605407991,12.936234381732014,-8.923076923076923,0.3633959257445777,70,股價高於20日均線、5日均線高於20日均線、20日均線高於60日均線、20日均線向上、RSI介於50至70、MACD多頭、MACD柱狀體為正,63,20日動能健康、波動率可接受、ATR風險合理、20日回撤可接受、MA20乖離可接受、MA60位置健康、成交量穩定、短線略熱,26732575.0,-3299158.0,3324511.0,26757928.0,5.0,0.0,5.0,35,外資近5日買超、自營商近5日買超、外資連買至少3日、三大法人合計買超,半導體業,207,一般業,8.04,80.19323671497585,17.204019108126047,70.53140096618358,20.55467967961038,16.908212560386474,10.59057443814608,43.47826086956522,45.65918579706578,68.93203883495146,11.470924994667865,87.86407766990291,60.871435806104266,4.3478260869565215,107.00726621605365,4.830917874396135,0.6808810858833719,68.59903381642512,,,50.58,30.0,7.9,12.5,21.25,0.94,46.875,82247374.0,52.04805473476854,EPS同產業前20%、營收月增同產業前20%,10964.118,26732.575,-3299.158,3324.511,26757.928,53.84615384615385,59.98,85.5,★★★★ 觀察候選,等待回檔,技術面偏多、法人偏多、風險動能健康、綜合表現前25%,無明顯風險訊號,15.602,28.85,250.0,39.0,47.41379310344828,62.0,30.0,52.05,45.0,48.36,48.29,15.602,47.41,28.85,45.0,60.0,25.0,80.0,57.22,🟡 S2中等爆發潛力,17.0,86.75,80.53,83.33,③ 剛啟動,48.63,🔴 暫不考慮,MA20向上、MACD動能擴張、近期突破20日高、外資5日買超、外資連買、法人買超占量提升,無明顯風險訊號,偏多順風,偏多順風,48.35,47.41,70.97,56.67,64.3,57.22,S2_E_BALANCED,正常,131.0,101.0,206,206
212,2406,國碩,上市,10613029.0,2026-09-24,10573433.0,322489706.5,30.299999237060547,31.5,30.299999237060547,30.5,0.6000003814697266,0,29.70999984741211,27.802499866485597,30.913333225250245,-0.026472184934725362,-0.636107608815614,0.6096354238808886,61.31702967383952,5285412.1,2.0004935849751435,31.0,27.71249990463257,0.02006690264630917,14.66165249097935,6.271774178434519,-26.94610778443114,45.91780846402304,1.0892857142857142,3.571428571428571,9.702365422060822,-1.337071037401527,-15.336467633398886,1.3533207507456286,70,股價高於20日均線、5日均線高於20日均線、20日均線向上、RSI介於50至70、MACD多頭、MACD柱狀體為正、量比達1.5以上,43,20日動能健康、波動率可接受、ATR風險合理、MA20乖離可接受、短線略熱,-4722888.0,0.0,43201.0,-4679687.0,0.0,0.0,5.0,5,自營商近5日買超,光電業,116,一般業,0.33,45.21739130434783,8.186556407623028,65.21739130434783,15.110401102657962,35.65217391304348,4.924435816899604,66.08695652173913,86.10504037359958,92.17391304347827,-2.6907065723487666,47.368421052631575,49.586211511380775,18.26086956521739,194.96526669943952,37.391304347826086,0.6362057553116237,70.43478260869566,,,169.44,11.627906976744185,2.89,29.411764705882355,20.51983584131327,0.0,24.264705882352942,970776.0,53.68036732227881,營收年增同產業前20%,10613.029,-4722.888,0.0,43.201,-4679.687,7.6923076923076925,47.24,54.5,★★★ 一般觀察,等待回檔,技術面偏多,成交量波動較大,23.311,32.25,250.0,59.0,70.6896551724138,84.0,5.0,53.68,55.0,51.4,61.61,23.311,70.69,32.25,70.0,43.0,65.0,100.0,57.04,🟡 S2中等爆發潛力,25.0,86.75,80.53,100.0,③ 剛啟動,45.01,🔴 暫不考慮,MA20向上、MA5近期上穿MA20、RSI位於起漲區、MACD動能擴張、成交量溫和放大、接近20日突破,近期回撤偏大,偏多順風,偏多順風,58.29,70.69,49.25,56.67,29.46,57.04,S2_E_BALANCED,正常,102.0,27.0,207,207
180,3580,友威科,上櫃,1017059.0,2026-09-24,1004236.0,102432072.0,98.69999694824219,102.5,98.69999694824219,102.0,2.3000030517578125,0,100.1,89.625,84.83166669209798,4.842306144071472,3.2164808159702556,1.6258253281012163,69.94617301676512,735378.55,1.365604150406617,105.5,88.57000007629395,0.02306923893841062,7.822411887145275,26.08157982218513,7.9365079365079305,50.934166259945954,4.564285823277065,4.4747900228206525,13.807531380753147,20.238118591039346,-7.9775263754169545,0.8319108089803902,70,股價高於20日均線、5日均線高於20日均線、20日均線高於60日均線、20日均線向上、RSI介於50至70、MACD多頭、MACD柱狀體為正,62,20日動能尚可、60日趨勢尚可、波動率可接受、ATR偏高但可接受、20日回撤小、MA20乖離可接受、MA60乖離可接受、成交量穩定度普通、短線未過熱,0.0,0.0,0.0,0.0,0.0,0.0,0.0,0,,其他電子業,95,一般業,0.65,32.631578947368425,4.933249502860184,33.68421052631579,48.2502242625719,86.31578947368422,15.93266846076724,74.73684210526315,26.860035572581747,51.578947368421055,55.99259757738897,95.78947368421052,46.98436088747253,47.368421052631575,334.94824462540345,86.31578947368422,0.194065493391881,4.2105263157894735,,,,,,,,,,46361.0,53.07416267942584,毛利率同產業前20%、營收月增同產業前20%、流動比率同產業前20%,1017.059,0.0,0.0,0.0,0.0,0.0,49.32,61.4,★★★ 一般觀察,等待回檔,技術面偏多、風險動能健康,無明顯風險訊號,11.342,23.67,250.0,28.0,34.26724137931034,52.0,0.0,53.07,60.0,37.76,40.88,11.342,34.27,23.67,12.0,87.0,65.0,100.0,57.0,🟡 S2中等爆發潛力,20.0,86.75,80.53,82.5,⑤ 過熱,11.96,🟠 短線過熱,MA20向上、成交量溫和放大,MA20乖離過大,偏多順風,偏多順風,27.1,34.27,84.95,56.67,78.92,57.0,S2_E_BALANCED,正常,260.0,170.0,208,208
53,4566,時碩工業,上市,7828463.0,2026-09-24,7739345.0,575033357.1186066,67.0,74.30000305175781,66.9000015258789,74.30000305175781,6.700004577636719,0,67.46000061035156,64.97000007629394,67.28166675567627,0.24517915426702075,-0.7497864901357302,0.9949656444027509,68.84430637517656,1185182.65,6.530086312012752,68.4000015258789,64.58999977111816,0.0991124959892069,14.8377226527465,11.394312520603368,13.089812028896475,46.05923258335265,2.1571437290736606,2.9032888835428197,14.360478627840067,10.431275909925986,-17.56225555690878,1.3519493176175148,85,股價高於20日均線、5日均線高於20日均線、20日均線向上、RSI介於50至70、MACD多頭、MACD柱狀體為正、量比達1.5以上、突破20日高點,68,20日動能健康、60日趨勢健康、波動率可接受、ATR風險合理、MA20乖離可接受、MA60位置健康、短線略熱,3392252.0,0.0,4970.0,3397222.0,2.0,0.0,5.0,25,外資近5日買超、自營商近5日買超、三大法人合計買超,電機機械,100,一般業,0.99,56.56565656565656,4.246588831960825,41.41414141414141,23.207126317449237,49.494949494949495,4.2628573655798725,46.464646464646464,53.94780686006835,84.0,7.440537354115073,79.0,54.239903427996815,25.252525252525253,143.60410505255535,22.22222222222222,0.5016694079809842,52.52525252525253,,,29.48,35.8974358974359,1.62,53.06122448979592,44.47933019361591,0.92,38.775510204081634,595992.0,51.417447631733346,營收年增同產業前20%,7828.463,3392.252,0.0,4.97,3397.222,38.46153846153847,62.22,88.8,★★★★ 觀察候選,等待回檔,技術趨勢強、風險動能健康、綜合表現前25%,成交量波動較大,21.015,33.21,250.0,53.0,63.146551724137936,69.0,30.0,51.42,70.0,54.81,62.82,21.015,63.15,33.21,60.0,85.0,45.0,80.0,56.87,🟡 S2中等爆發潛力,33.0,86.75,80.53,100.0,⑤ 過熱,17.42,🟠 短線過熱,MA20向上、MA5近期上穿MA20、MACD動能擴張、近期突破20日高、外資5日買超、外資買盤加速、法人買超占量提升,MA20乖離過大、近期回撤偏大,偏多順風,偏多順風,45.74,63.15,62.15,56.67,29.46,56.87,S2_E_BALANCED,正常,80.0,24.0,209,209
118,3380,明泰,上市,1565415.0,2026-09-24,1556091.0,49172476.19360161,31.0,31.649999618530273,30.899999618530273,31.600000381469727,0.6000003814697266,0,31.770000457763672,30.22500009536743,29.901666673024497,0.7361250894052596,0.5232312716698124,0.21289381773544713,57.75935617051161,4087167.85,0.38072598364170435,33.70000076293945,30.03750009536743,0.01935485101515244,4.118616093208316,13.464990838905333,-7.195297828154434,52.74157081161557,1.1964288439069475,3.786167181847677,4.549215158854669,5.679729250601828,-6.485675495973908,0.8391155351866626,70,股價高於20日均線、5日均線高於20日均線、20日均線高於60日均線、20日均線向上、RSI介於50至70、MACD多頭、MACD柱狀體為正,76,20日動能健康、波動率可接受、ATR風險合理、20日回撤小、MA20乖離健康、MA60位置健康、成交量穩定度普通、短線未過熱,-1512673.0,2100.0,-59213.0,-1569786.0,0.0,0.0,5.0,15,投信近5日買超,通信網路業,92,一般業,0.11,33.69565217391305,0.46121708140483814,33.69565217391305,18.045818737051082,32.608695652173914,-0.5842202424532612,31.521739130434785,66.87986902351231,75.82417582417582,71.11300314748665,94.5054945054945,50.00579383468489,32.608695652173914,154.87194607967265,30.434782608695656,0.8131248763209293,77.17391304347827,,,225.71,11.76470588235294,1.87,55.319148936170215,33.541927409261575,1.58,58.51063829787234,2982462.0,46.24427661906576,營收月增同產業前20%,1565.415,-1512.673,2.1,-59.213,-1569.786,23.076923076923077,54.69,74.8,★★★ 一般觀察,趨勢健康,技術面偏多、風險動能結構佳,無明顯風險訊號,19.747,29.4,250.0,49.0,59.48275862068966,56.0,30.0,46.24,70.0,48.84,47.87,19.747,59.48,29.4,0.0,75.0,25.0,80.0,56.71,🟡 S2中等爆發潛力,5.0,86.75,80.53,76.67,② 蓄勢,55.57,🟡 等待回檔,站上MA20且乖離健康、MA20向上、RSI位於起漲區、投信5日買超、投信買盤加速,無明顯風險訊號,偏多順風,偏多順風,49.41,59.48,50.75,85.59,29.46,56.71,S2_E_BALANCED,正常,127.0,104.0,210,210
255,5347,世界,上櫃,11452074.0,2026-09-24,10757853.0,1834213936.5,172.5,173.5,168.0,170.5,-2.5,0,172.1,159.25,160.36666666666667,4.21705823093572,2.172284846859763,2.044773384075957,60.11191700790993,14592960.65,0.737194682972026,181.5,158.275,-0.014450867052023142,3.0211480362537735,12.913907284768221,-13.888888888888884,41.04614636036809,7.285714285714286,4.27314620863008,7.064364207221341,6.318852629390981,-9.815950920245397,0.5792851363646422,55,股價高於20日均線、5日均線高於20日均線、20日均線向上、RSI介於50至70、MACD多頭、MACD柱狀體為正,68,20日動能健康、波動率可接受、ATR偏高但可接受、20日回撤可接受、MA20乖離健康、MA60位置健康、成交量穩定、短線未過熱,0.0,0.0,0.0,0.0,0.0,0.0,0.0,0,,半導體業,207,一般業,2.84,52.65700483091788,10.886277031460276,46.85990338164252,30.905857881063802,36.231884057971016,18.626489059015015,67.6328502415459,40.47646040957919,60.19417475728155,8.221416394763658,81.55339805825243,57.610943456576415,5.797101449275362,134.59403294968897,11.11111111111111,0.24432556929947719,8.212560386473431,,,,,,,,,,5092599.0,46.07114837697362,營收月增同產業前20%,11452.074,0.0,0.0,0.0,0.0,0.0,43.92,45.3,★★ 弱勢,一般觀察,風險動能健康,無明顯風險訊號,18.829,30.69,250.0,47.0,57.11206896551724,49.0,0.0,46.07,70.0,37.01,44.8,18.829,57.11,30.69,0.0,75.0,45.0,80.0,56.18,🟡 S2中等爆發潛力,0.0,86.75,80.53,83.33,① 尚未啟動,38.28,🔴 暫不考慮,MA20向上、RSI位於起漲區,無明顯風險訊號,偏多順風,偏多順風,43.5,57.11,55.48,81.29,29.46,56.18,S2_E_BALANCED,正常,275.0,134.0,211,211
167,8215,明基材,上市,1084525.0,2026-09-24,1075241.0,29999223.48982811,27.850000381469727,28.25,27.649999618530273,27.899999618530273,0.049999237060546875,0,28.3,26.204999923706055,25.50333334604899,0.8231051798487705,0.512005707751023,0.31109947209774746,59.46383862552029,2281303.1,0.4713275495921607,31.0,26.052499961853027,0.0017953047172600822,3.333331920482485,12.273638592516424,-7.308972541720715,58.1813035135866,1.1857141767229353,4.249871659264907,6.468230107838524,9.397462833432236,-7.321127825113449,1.394495077248315,70,股價高於20日均線、5日均線高於20日均線、20日均線高於60日均線、20日均線向上、RSI介於50至70、MACD多頭、MACD柱狀體為正,60,20日動能健康、ATR偏高但可接受、20日回撤小、MA20乖離健康、MA60位置健康、短線未過熱,1367073.0,0.0,24717.0,1391790.0,0.0,0.0,5.0,25,外資近5日買超、自營商近5日買超、三大法人合計買超,光電業,116,一般業,-0.96,7.82608695652174,-7.716073051902965,18.26086956521739,13.492971792668278,30.434782608695656,-3.6191677826272155,37.391304347826086,4.878650572050095,46.08695652173913,-3.942256605787564,43.859649122807014,69.49907063443787,1.7391304347826086,105.85959193562458,5.217391304347826,0.8000701465225316,83.47826086956522,,,,,1.86,47.794117647058826,47.794117647058826,1.08,54.41176470588235,1598251.0,31.62288329519451,資產周轉同產業前20%,1084.525,1367.073,0.0,24.717,1391.79,38.46153846153847,50.18,64.2,★★★ 一般觀察,趨勢健康,技術面偏多、風險動能健康,成交量波動較大,16.5,27.63,250.0,41.0,50.21551724137932,49.0,20.0,31.62,70.0,40.84,22.8,16.5,50.22,27.63,0.0,75.0,0.0,80.0,55.74,🟡 S2中等爆發潛力,5.0,86.75,80.53,100.0,① 尚未啟動,38.45,🔴 暫不考慮,MA20向上、RSI位於起漲區、外資5日買超、法人買超占量提升,無明顯風險訊號,偏多順風,偏多順風,25.93,50.22,58.49,93.98,29.46,55.74,S2_E_BALANCED,正常,217.0,341.0,212,212
274,6237,驊訊,上櫃,2457994.0,2026-09-24,2445100.0,90468700.0,38.95000076293945,38.95000076293945,36.20000076293945,37.0,-0.40000152587890625,0,35.42000045776367,34.615000534057614,35.5,0.17342396927116965,-0.2360919034082349,0.4095158726794046,62.35977286074115,338700.65,7.219059071779165,38.29999923706055,34.50500049591064,-0.010695227528323081,9.144537860137225,6.321841411411722,-18.141594302057683,49.690996857136966,1.0535717010498047,2.847491083918391,6.890074907252397,4.225352112676051,-10.526309828585722,1.6064414021385467,70,股價高於20日均線、5日均線高於20日均線、20日均線向上、RSI介於50至70、MACD多頭、MACD柱狀體為正、量比達1.5以上,68,20日動能健康、波動率可接受、ATR風險合理、20日回撤可接受、MA20乖離健康、MA60位置健康、短線未過熱,0.0,0.0,0.0,0.0,0.0,0.0,0.0,0,,半導體業,207,一般業,-0.43,12.077294685990339,-4.679884874996657,10.628019323671497,40.160765721688556,59.90338164251207,-12.74204440524263,12.560386473429952,-31.67923235092529,5.339805825242718,-57.86198616818006,1.4563106796116505,11.530929329869576,93.71980676328504,618.286699107867,91.78743961352657,0.3521627658941968,25.60386473429952,,,,,,,,,,24920.0,26.344065390076366,負債比同產業前20%、流動比率同產業前20%,2457.994,0.0,0.0,0.0,0.0,0.0,42.5,41.2,★★ 弱勢,趨勢健康,技術面偏多、風險動能健康,成交量波動較大,20.747,31.63,250.0,54.0,61.853448275862064,66.0,0.0,26.34,75.0,41.6,26.89,20.747,61.85,31.63,25.0,58.0,45.0,80.0,55.64,🟡 S2中等爆發潛力,5.0,86.75,80.53,83.33,③ 剛啟動,53.87,🟡 等待回檔,MA20向上、MA5近期上穿MA20、RSI位於起漲區、MACD動能擴張,無明顯風險訊號,偏多順風,偏多順風,32.28,61.85,43.87,82.8,29.46,55.64,S2_E_BALANCED,正常,209.0,295.0,213,213
334,4931,新盛力,上櫃,1313994.0,2026-09-24,1277243.0,308454184.5,239.5,241.5,235.5,241.5,3.0,0,239.5,243.75,235.26666666666668,-1.6671805289318797,-0.9704982289802887,-0.696682299951591,50.02769097948068,4339753.95,0.2943123077288748,288.0,244.95,0.012578616352201255,3.648068669527893,-9.039548022598876,2.114164904862581,49.30050876079585,10.857142857142858,4.495711328009465,-0.9230769230769265,2.649475772173404,-19.64285714285714,0.7468664306639381,25,20日均線高於60日均線、RSI介於50至70,39,60日趨勢尚可、波動率可接受、ATR偏高但可接受、MA60乖離可接受、成交量穩定度普通、短線未過熱,0.0,0.0,0.0,0.0,0.0,0.0,0.0,0,,電腦及週邊設備業,109,一般業,3.69,70.64220183486239,30.00211696971616,85.3211009174312,22.811316376130268,49.54128440366973,13.963913352563583,80.73394495412845,125.86678832116789,91.74311926605505,10.160534893811125,83.4862385321101,57.07997047703044,30.275229357798167,228.55840590060228,77.98165137614679,1.0149922329010581,77.98165137614679,,,,,,,,,,495100.0,75.04170141784822,ROE同產業前20%、營業利益率同產業前20%、營收年增同產業前20%、營收月增同產業前20%,1313.994,0.0,0.0,0.0,0.0,0.0,37.81,28.2,★★ 弱勢,整理觀察,基本面優於產業平均,無明顯風險訊號,14.293,24.22,250.0,36.0,43.53448275862069,15.0,0.0,75.04,38.0,22.96,31.94,14.293,43.53,24.22,0.0,30.0,45.0,80.0,55.57,🟡 S2中等爆發潛力,13.0,86.75,80.53,82.5,⑥ 轉弱,0.0,🔴 暫不考慮,RSI位於起漲區,近期回撤偏大,偏多順風,偏多順風,10.55,43.53,48.82,88.17,70.32,55.57,S2_E_BALANCED,正常,380.0,247.0,214,214
318,3552,同致,上櫃,3305578.0,2026-09-24,3278960.0,148864789.0032959,43.5,46.54999923706055,42.75,45.400001525878906,2.3500022888183594,0,41.24000015258789,42.13500003814697,44.564999961853026,-0.7243105513745434,-1.0539474686325403,0.32963691725799693,61.55712124322912,579043.9,5.662714001477262,45.29999923706055,42.089999961853025,0.05458774286795598,10.328067660768392,2.022475339053731,-4.821801258434222,48.92629550179352,1.3535712105887276,2.981434284351654,7.74890586157817,1.8736711875701362,-13.24503333565471,1.823711787379637,75,股價高於20日均線、20日均線向上、RSI介於50至70、MACD多頭、MACD柱狀體為正、量比達1.5以上、突破20日高點,51,20日動能尚可、波動率可接受、ATR風險合理、20日回撤可接受、MA20乖離健康、MA60乖離可接受、短線略熱,0.0,0.0,0.0,0.0,0.0,0.0,0.0,0,,其他電子業,95,一般業,-1.53,3.1578947368421053,-6.809398073843566,11.578947368421053,14.508061633286722,21.052631578947366,-5.737445611376824,20.0,-2.1448269754061062,20.0,0.6709490528009177,53.68421052631579,62.682076304791735,16.842105263157894,144.22573239098173,27.368421052631582,0.6594848650759829,53.68421052631579,,,,,,,,,,640832.0,20.83732057416268,,3305.578,0.0,0.0,0.0,0.0,0.0,38.95,31.7,★★ 弱勢,一般觀察,技術面偏多,成交量波動較大,20.752,31.73,250.0,53.0,62.06896551724138,68.0,0.0,20.84,60.0,39.33,28.92,20.752,62.07,31.73,60.0,40.0,45.0,80.0,55.42,🟡 S2中等爆發潛力,10.0,86.75,80.53,82.5,③ 剛啟動,46.53,🔴 暫不考慮,MA20向上、RSI位於起漲區、MACD近期黃金交叉、MACD動能擴張、近期突破20日高,無明顯風險訊號,偏多順風,偏多順風,32.44,62.07,43.23,81.72,29.46,55.42,S2_E_BALANCED,正常,243.0,276.0,215,215
454,6269,台郡,上市,2254738.0,2026-09-24,2236788.0,144943869.22613525,64.0,64.9000015258789,63.29999923706055,64.80000305175781,0.8000030517578125,0,64.56000061035157,67.22999992370606,62.90333340962728,-0.27055051257677576,0.1886113713052449,-0.45916188388202067,48.528444560115055,8363770.3,0.2674377606950779,82.30000305175781,67.6349998474121,0.01250004768371582,1.7268481564262972,-11.111108785430767,-1.3698537873500727,52.72906020248339,2.7500013623918806,4.243829063087184,-3.614453182665267,3.015213247570525,-15.824465683651612,1.119458694428788,15,20日均線高於60日均線,33,波動率可接受、ATR偏高但可接受、MA60位置健康、短線未過熱,-2414867.0,0.0,82711.0,-2332156.0,2.0,0.0,5.0,5,自營商近5日買超,電子零組件業,210,一般業,-4.27,0.9523809523809524,-12.143001717777137,8.095238095238095,1.4250028533061383,5.714285714285714,-15.675741255746022,9.523809523809524,1.3293210163115807,21.428571428571427,-2.349282067379954,49.047619047619044,35.21547549556778,68.0952380952381,244.79605355532973,73.33333333333333,0.634691523189534,52.85714285714286,,,,,1.01,88.46153846153845,88.46153846153845,0.0,11.057692307692307,1997131.0,28.23827838827839,估值同產業前20%,2254.738,-2414.867,0.0,82.711,-2332.156,7.6923076923076925,21.11,2.4,★★ 弱勢,一般觀察,,成交量波動較大,14.118,23.08,250.0,36.0,42.887931034482754,8.0,15.0,28.24,30.0,16.44,16.99,14.118,42.89,23.08,0.0,15.0,45.0,80.0,55.37,🟡 S2中等爆發潛力,13.0,86.75,80.53,82.5,⑥ 轉弱,0.0,🔴 暫不考慮,外資買盤加速,近期回撤偏大,偏多順風,偏多順風,0.0,42.89,50.32,89.46,67.1,55.37,S2_E_BALANCED,正常,423.0,399.0,216,216
97,2104,國際中橡,上市,9828558.0,2026-09-24,9809135.0,109371851.50811195,11.5,11.600000381469727,11.050000190734863,11.149999618530273,-0.5,0,10.910000038146972,10.530000066757202,10.407499980926513,0.18475580840420314,0.0967050134672681,0.08805079493693503,59.46502192727807,4315607.5,2.272944191518807,11.649999618530273,10.495000076293945,-0.04291845634095204,3.7209266840025457,6.6985628903505345,4.694835848914347,51.43423959891463,0.3807142802647182,3.4144779667257215,5.8879349272787485,7.1342746957916425,-5.6337976458839645,1.0797230951379462,85,股價高於20日均線、5日均線高於20日均線、20日均線高於60日均線、20日均線向上、RSI介於50至70、MACD多頭、MACD柱狀體為正、量比達1.5以上,81,20日動能健康、60日趨勢尚可、波動率可接受、ATR風險合理、20日回撤小、MA20乖離健康、MA60位置健康、短線未過熱,4764346.0,0.0,150907.0,4915253.0,0.0,0.0,5.0,25,外資近5日買超、自營商近5日買超、三大法人合計買超,橡膠工業,11,一般業,-1.32,9.090909090909092,-12.987474243911453,9.090909090909092,-11.456941239680694,9.090909090909092,-20.421627414125236,18.181818181818183,0.27948472848104144,9.090909090909092,-21.660218479745108,18.181818181818183,49.93213734241842,36.36363636363637,125.87696440313654,27.27272727272727,0.2804664290716464,36.36363636363637,,,,,0.47,100.0,100.0,0.0,18.181818181818183,1211672.0,22.818181818181817,估值同產業前20%,9828.558,4764.346,0.0,150.907,4915.253,38.46153846153847,56.24,79.3,★★★★ 觀察候選,趨勢健康,技術趨勢強、風險動能結構佳、綜合表現前25%,成交量波動較大,20.865,31.59,250.0,52.0,62.5,86.0,30.0,22.82,93.0,60.77,34.47,20.865,62.5,31.59,70.0,58.0,65.0,100.0,55.09,🟡 S2中等爆發潛力,5.0,86.75,80.53,100.0,③ 剛啟動,74.38,🟢 可觀察進場,站上MA20且乖離健康、MA20向上、RSI位於起漲區、MACD動能擴張、成交量溫和放大、近期突破20日高、外資5日買超、外資買盤加速、法人買超占量提升,無明顯風險訊號,偏多順風,偏多順風,42.45,62.5,41.29,81.51,29.46,55.09,S2_E_BALANCED,正常,39.0,222.0,217,217
391,2345,智邦,上市,2611500.0,2026-09-24,2400745.0,4549411775.0,1880.0,1905.0,1855.0,1895.0,5.0,0,1879.0,1968.25,2152.5833333333335,-76.24697616272806,-79.90353153507053,3.656555372342467,42.55288910782506,3282717.6,0.7313285187857768,2235.0,1978.0,0.002645502645502562,5.277777777777781,-9.330143540669855,-31.09090909090909,53.750248774511725,82.85714285714286,4.372408594044478,-3.721580083830811,-11.966242112190784,-18.36734693877551,0.33325872103508575,15,MACD多頭、MACD柱狀體為正,28,波動率可接受、ATR偏高但可接受、成交量穩定、短線未過熱,-822095.0,-2645789.0,330167.0,-3137717.0,0.0,0.0,5.0,5,自營商近5日買超,通信網路業,92,一般業,34.7,100.0,56.07464932124716,100.0,19.632947154185054,36.95652173913043,14.717033273916899,79.34782608695652,59.42279854814421,74.72527472527473,3.5464415513967396,57.14285714285714,65.32427085715298,9.782608695652174,142.4456145293324,22.82608695652174,1.6620624329863134,98.91304347826086,,,29.77,44.11764705882353,15.34,6.382978723404255,25.250312891113893,0.79,42.5531914893617,40872511.0,67.85139301575607,EPS同產業前20%、ROE同產業前20%、資產周轉同產業前20%,2611.5,-822.095,-2645.789,330.167,-3137.717,7.6923076923076925,31.99,15.9,★★ 弱勢,整理觀察,基本面優於產業平均,無明顯風險訊號,21.17,33.27,250.0,53.0,64.00862068965517,25.0,5.0,67.85,45.0,28.43,45.15,21.17,64.01,33.27,25.0,30.0,25.0,80.0,55.06,🟡 S2中等爆發潛力,13.0,86.75,80.53,76.67,⑥ 轉弱,4.16,🔴 暫不考慮,MACD近期黃金交叉、MACD動能擴張,近期回撤偏大,偏多順風,偏多順風,21.96,64.01,34.84,87.53,29.46,55.06,S2_E_BALANCED,正常,343.0,129.0,218,218
19,2395,研華,上市,2762561.0,2026-09-24,2649633.0,1913035026.0,703.0,728.0,702.0,722.0,21.0,0,704.4,685.75,627.725,15.967684093762955,15.000639993776398,0.9670440999865573,63.140554635895874,2879852.45,0.9200585953631061,727.0,683.4,0.029957203994293913,5.247813411078717,6.962962962962971,41.5686274509804,41.48017923637877,26.142857142857142,3.6208943411159473,5.286183011301504,15.01851925604365,-8.157524613220811,0.3556375413989633,70,股價高於20日均線、5日均線高於20日均線、20日均線高於60日均線、20日均線向上、RSI介於50至70、MACD多頭、MACD柱狀體為正,76,20日動能健康、60日趨勢尚可、波動率可接受、ATR風險合理、20日回撤可接受、MA20乖離健康、MA60乖離可接受、成交量穩定、短線未過熱,2439047.0,-455970.0,119142.0,2102219.0,4.0,0.0,5.0,35,外資近5日買超、自營商近5日買超、外資連買至少3日、三大法人合計買超,電腦及週邊設備業,109,一般業,9.05,88.9908256880734,28.20880326050399,81.65137614678899,38.32394849675416,82.56880733944955,19.039946504474994,93.57798165137615,87.51710391930136,85.3211009174312,-7.566169775313036,33.02752293577982,40.50216509389477,69.72477064220183,171.11503877331162,50.45871559633027,0.9980612165961885,73.39449541284404,,,45.73,14.814814814814813,11.34,4.6875,9.751157407407407,1.55,37.5,10419341.0,71.22504672103295,EPS同產業前20%、ROE同產業前20%、毛利率同產業前20%、營業利益率同產業前20%、營收年增同產業前20%,2762.561,2439.047,-455.97,119.142,2102.219,53.84615384615385,68.34,96.1,★★★★★ 強勢候選,趨勢健康,技術面偏多、法人偏多、基本面優於產業平均、風險動能結構佳、綜合表現前10%,無明顯風險訊號,14.274,26.76,250.0,36.0,43.31896551724138,81.0,40.0,71.23,85.0,67.83,51.89,14.274,43.32,26.76,45.0,83.0,45.0,80.0,55.0,🟡 S2中等爆發潛力,0.0,86.75,80.53,82.5,③ 剛啟動,85.04,🟢 可觀察進場,站上MA20且乖離健康、MA20向上、RSI位於起漲區、MACD近期黃金交叉、MACD動能擴張、接近20日突破、外資5日買超、外資買盤加速、外資連買,無明顯風險訊號,偏多順風,偏多順風,58.52,43.32,58.92,74.84,63.66,55.0,S2_E_BALANCED,正常,11.0,72.0,219,219
149,6112,邁達特,上市,2136528.0,2026-09-24,2120659.0,101155435.91793442,48.20000076293945,49.150001525878906,47.70000076293945,47.70000076293945,-0.5,0,49.15999984741211,47.02000007629395,44.579166666666666,1.1648885502693886,1.1398263239686466,0.025062226300742063,52.654581471193076,3334095.05,0.6360523524966692,53.099998474121094,46.910000038146975,-0.010373443819205241,-2.1538445888421465,4.835166511954836,6.5921804758423574,57.30359887352932,2.171428680419922,4.552261311716823,1.4461945672950893,7.000655978179915,-8.445293359014572,1.5946864584597242,70,股價高於20日均線、5日均線高於20日均線、20日均線高於60日均線、20日均線向上、RSI介於50至70、MACD多頭、MACD柱狀體為正,51,20日動能尚可、60日趨勢尚可、ATR偏高但可接受、20日回撤可接受、MA20乖離可接受、MA60位置健康、短線未過熱,126195.0,0.0,68499.0,194694.0,0.0,0.0,5.0,25,外資近5日買超、自營商近5日買超、三大法人合計買超,資訊服務業,45,一般業,1.85,53.333333333333336,13.678926599901187,42.22222222222222,14.3629169165952,22.22222222222222,3.6312773164596432,26.666666666666668,18.78872114528698,48.888888888888886,-4.132637628554148,33.33333333333333,64.89842415802468,15.555555555555555,129.3559620490633,17.77777777777778,1.6347826697633692,91.11111111111111,,,14.72,81.81818181818183,2.07,81.81818181818183,81.81818181818183,3.46,36.36363636363637,2129820.0,43.266666666666666,資產周轉同產業前20%、估值同產業前20%,2136.528,126.195,0.0,68.499,194.694,38.46153846153847,51.87,68.1,★★★ 一般觀察,一般觀察,技術面偏多,成交量波動較大,18.632,28.27,250.0,47.0,56.46551724137932,56.0,20.0,43.27,65.0,44.64,30.94,18.632,56.47,28.27,0.0,40.0,45.0,80.0,54.91,⚪ S2爆發潛力不足,10.0,86.75,80.53,76.67,② 蓄勢,46.38,🔴 暫不考慮,站上MA20且乖離健康、MA20向上、RSI位於起漲區、外資5日買超、法人買超占量提升,無明顯風險訊號,偏多順風,偏多順風,34.03,56.47,50.11,83.66,29.46,54.91,S2_E_BALANCED,正常,173.0,255.0,220,220
60,6122,擎邦,上櫃,2734459.0,2026-09-24,2691086.0,156621207.25313568,54.20000076293945,58.5,53.599998474121094,58.20000076293945,3.0,0,53.84000091552734,51.18500022888183,49.87333348592122,1.5506555643439697,0.9282162438607005,0.6224393204832692,83.12731401371292,605711.95,4.442847792585238,55.400001525878906,50.71000022888184,0.054347825335795186,13.450295572117966,19.50718655271453,11.923078390268183,35.01886156011306,1.5,2.5773195538429765,13.705188048625438,16.6956300993371,-2.890173325432477,1.267078887899977,90,股價高於20日均線、5日均線高於20日均線、20日均線高於60日均線、20日均線向上、MACD多頭、MACD柱狀體為正、量比達1.5以上、突破20日高點,80,20日動能健康、60日趨勢健康、波動率合理、ATR風險合理、20日回撤小、MA20乖離可接受、MA60乖離可接受、短線略熱,0.0,0.0,0.0,0.0,0.0,0.0,0.0,0,,電機機械,100,一般業,2.19,75.75757575757575,19.15961846726486,89.8989898989899,14.288624432864125,16.161616161616163,10.869491022881679,68.68686868686868,13.592119902372534,55.00000000000001,12.179042830722153,82.0,63.75756894444,11.11111111111111,146.26916740503302,25.252525252525253,0.777879040417344,85.85858585858585,,,,,,,,,,390014.0,62.06818181818182,ROE同產業前20%、營收月增同產業前20%、資產周轉同產業前20%,2734.459,0.0,0.0,0.0,0.0,0.0,61.62,87.3,★★★★ 觀察候選,等待回檔,技術趨勢強、風險動能結構佳、綜合表現前25%,成交量波動較大、RSI偏熱,18.166,25.26,250.0,46.0,55.172413793103445,54.0,0.0,62.07,60.0,39.91,43.58,18.166,55.17,25.26,45.0,72.0,45.0,80.0,54.3,⚪ S2爆發潛力不足,32.0,86.75,80.53,100.0,⑤ 過熱,3.51,🟠 短線過熱,MA20向上、MACD動能擴張、近期突破20日高,RSI過熱、MA20乖離過大,偏多順風,偏多順風,27.56,55.17,66.24,56.67,29.46,54.3,S2_E_BALANCED,正常,232.0,143.0,221,221
165,2615,萬海,上市,6307120.0,2026-09-24,6246222.0,721438641.0,113.5,116.0,112.5,115.5,2.0,0,116.6,114.55,98.51166648864746,3.442576721556833,4.337061588247123,-0.8944848666902905,56.1360301023277,19169307.4,0.3258449494111613,125.0,114.45,0.017621145374449254,-4.149377593360992,1.7621145374449254,46.38782986856651,39.01965844947573,5.5,4.761904761904762,0.8293321693583655,17.24499657440095,-12.648221343873523,0.49537671818501544,55,股價高於20日均線、5日均線高於20日均線、20日均線高於60日均線、20日均線向上、RSI介於50至70,56,20日動能尚可、60日趨勢尚可、波動率合理、ATR偏高但可接受、20日回撤可接受、MA20乖離可接受、MA60乖離可接受、成交量穩定,-1542236.0,-1156186.0,-821734.0,-3520156.0,1.0,0.0,5.0,0,,航運業,34,一般業,6.84,97.05882352941177,13.299919629225077,70.58823529411765,27.02756452125845,61.76470588235294,22.155914863391114,70.58823529411765,65.59455773911166,97.05882352941177,3.0066159166342254,64.70588235294117,33.52980856654247,85.29411764705883,299.2659425908005,91.17647058823529,0.35209664473347696,44.11764705882353,,,7.93,96.0,1.12,55.55555555555556,75.77777777777777,2.6,29.629629629629626,19200015.0,75.65917211328976,EPS同產業前20%、營收年增同產業前20%、負債比同產業前20%、流動比率同產業前20%,6307.12,-1542.236,-1156.186,-821.734,-3520.156,0.0,50.4,64.7,★★★ 一般觀察,整理觀察,基本面優於產業平均,無明顯風險訊號,12.638,25.95,250.0,31.0,38.146551724137936,48.0,10.0,75.66,25.0,37.3,31.27,12.638,38.15,25.95,0.0,35.0,45.0,80.0,54.06,⚪ S2爆發潛力不足,5.0,86.75,80.53,100.0,② 蓄勢,45.9,🔴 暫不考慮,站上MA20且乖離健康、MA20向上、RSI位於起漲區、外資由賣轉買,無明顯風險訊號,偏多順風,偏多順風,34.19,38.15,62.8,77.42,63.87,54.06,S2_E_BALANCED,正常,270.0,254.0,222,222
453,4958,臻鼎-KY,上市,20619766.0,2026-09-24,19961547.0,9491715598.5,473.5,480.5,472.0,475.5,2.5,0,476.1,488.2,495.30833333333334,-1.81227873439326,-0.4233156363870119,-1.3889630980062482,47.90931975048466,30227632.6,0.6603741438884632,550.0,488.275,0.005285412262156397,-0.10504201680672232,-0.3144654088050314,-20.48494983277592,62.55923343821128,23.035714285714285,4.844524560612888,-2.6013928717738555,-3.9991924222285813,-13.45794392523364,0.43023958814217567,0,,25,ATR偏高但可接受、20日回撤可接受、成交量穩定、短線未過熱,-21109477.0,-4053983.0,-74120.0,-25237580.0,0.0,0.0,5.0,0,,電子零組件業,210,一般業,3.55,77.14285714285715,5.477565666680744,44.285714285714285,22.42939491711439,52.85714285714286,7.026263227754089,56.19047619047619,41.05228119001421,64.76190476190476,17.417476707824854,93.80952380952381,39.71107819593662,57.14285714285714,160.60011812587683,32.38095238095238,0.509906962875938,33.80952380952381,,,56.27,25.0,3.42,33.65384615384615,29.326923076923077,0.72,36.05769230769231,20666117.0,54.331318681318685,營收月增同產業前20%,20619.766,-21109.477,-4053.983,-74.12,-25237.58,0.0,21.3,2.6,★★ 弱勢,一般觀察,,無明顯風險訊號,17.17,29.35,250.0,43.0,52.1551724137931,8.0,0.0,54.33,10.0,12.85,29.07,17.17,52.16,29.35,0.0,0.0,0.0,80.0,54.05,⚪ S2爆發潛力不足,15.0,86.75,80.53,82.5,⑥ 轉弱,0.0,🔴 暫不考慮,,波動率偏高,偏多順風,偏多順風,8.26,52.16,52.9,86.24,29.46,54.05,S2_E_BALANCED,正常,445.0,274.0,223,223
420,2486,一詮,上市,1585886.0,2026-09-24,1527014.0,357321276.0,232.0,234.0,229.0,234.0,2.0,0,234.3,246.25,237.71666666666667,-3.311840567906984,-1.3752404204552142,-1.9366001474517696,45.554704152316404,5672143.6,0.2692128598436753,307.5,247.5,0.008620689655172376,2.183406113537112,-9.652509652509655,-7.874015748031493,50.799591482035545,8.714285714285714,3.724053724053724,-4.974619289340099,-1.5634859426488124,-20.833333333333336,1.2593265681828698,15,20日均線高於60日均線,28,波動率可接受、ATR風險合理、短線未過熱,-1223340.0,-150000.0,127986.0,-1245354.0,1.0,0.0,5.0,5,自營商近5日買超,光電業,116,一般業,0.91,65.21739130434783,6.455682535878599,59.130434782608695,21.004637624493608,49.56521739130435,8.046414258251605,75.65217391304347,46.069210459555194,82.6086956521739,5.069789698213278,73.68421052631578,57.59832102531561,12.173913043478262,181.3536722142785,30.434782608695656,0.4872911238053302,52.17391304347826,,,201.72,9.30232558139535,9.11,4.411764705882353,6.857045143638851,0.21,50.0,777300.0,55.552224938722226,營收年增同產業前20%,1585.886,-1223.34,-150.0,127.986,-1245.354,7.6923076923076925,28.3,9.7,★★ 弱勢,風險偏高,,近期回撤偏大、成交量波動較大,12.226,22.96,250.0,31.0,37.06896551724138,8.0,15.0,55.55,30.0,20.53,28.28,12.226,37.07,22.96,0.0,15.0,45.0,80.0,53.93,⚪ S2爆發潛力不足,13.0,86.75,80.53,100.0,⑥ 轉弱,0.0,🔴 暫不考慮,外資由賣轉買,近期回撤偏大,偏多順風,偏多順風,7.62,37.07,55.05,86.02,70.54,53.93,S2_E_BALANCED,正常,401.0,282.0,224,224
5,3044,健鼎,上市,1426110.0,2026-09-24,1362797.0,733184786.0,537.0,543.0,533.0,538.0,-5.0,0,532.4,506.65,457.6333333333333,18.410061689533734,15.999379843471706,2.410681846062028,65.76801444068921,2809176.8,0.485123257461047,547.0,503.8,-0.009208103130755041,7.17131474103585,11.850311850311845,6.324110671936767,33.664215482729745,20.535714285714285,3.817047265002655,6.187703542879697,17.561366450579065,-3.8235294117647034,0.3862401576927923,70,股價高於20日均線、5日均線高於20日均線、20日均線高於60日均線、20日均線向上、RSI介於50至70、MACD多頭、MACD柱狀體為正,88,20日動能健康、60日趨勢尚可、波動率合理、ATR風險合理、20日回撤小、MA20乖離健康、MA60乖離可接受、成交量穩定、短線未過熱,2137431.0,57678.0,28596.0,2223705.0,0.0,0.0,5.0,40,外資近5日買超、投信近5日買超、自營商近5日買超、三大法人合計買超,電子零組件業,210,一般業,13.02,95.71428571428572,24.560003905062473,90.95238095238095,28.453119192835345,70.47619047619048,20.580782481985036,88.09523809523809,65.47995924001005,82.85714285714286,4.097822462615341,72.85714285714285,48.80331080842944,35.714285714285715,162.20577583763034,33.80952380952381,0.8419988569656536,79.04761904761905,,,23.05,65.47619047619048,5.08,24.03846153846154,44.757326007326014,2.36,72.59615384615384,10224358.0,75.45586080586082,EPS同產業前20%、ROE同產業前20%、營業利益率同產業前20%、營收年增同產業前20%,1426.11,2137.431,57.678,28.596,2223.705,61.53846153846154,73.54,99.1,★★★★★ 強勢候選,趨勢健康,技術面偏多、法人偏多、基本面優於產業平均、風險動能結構佳、綜合表現前10%,無明顯風險訊號,11.896,20.89,250.0,30.0,35.991379310344826,52.0,50.0,75.46,85.0,59.87,47.21,11.896,35.99,20.89,35.0,87.0,45.0,63.0,52.6,⚪ S2爆發潛力不足,0.0,86.75,80.53,82.5,③ 剛啟動,77.07,🟢 可觀察進場,MA20向上、近期突破20日高、外資5日買超、投信5日買超、投信買盤加速,無明顯風險訊號,偏多順風,偏多順風,53.18,35.99,61.51,79.14,61.08,52.6,S2_E_BALANCED,正常,42.0,111.0,225,225
426,2313,華通,上市,7002467.0,2026-09-24,6824845.0,1518528012.5,222.0,223.5,220.0,222.5,-1.5,0,223.8,231.2,218.18333333333334,-0.13882249259779655,1.3080052555303103,-1.4468277481281069,48.45406391613891,30063624.1,0.22701338259481496,260.0,232.275,-0.006696428571428603,1.8306636155606348,-8.811475409836067,-2.6258205689277947,45.2588203359233,9.25,4.157303370786517,-3.7629757785467066,1.9784584829271923,-13.29365079365079,0.727307498526938,15,20日均線高於60日均線,36,波動率可接受、ATR偏高但可接受、20日回撤可接受、MA60乖離可接受、成交量穩定度普通、短線未過熱,-4471488.0,-693758.0,-188268.0,-5353514.0,0.0,1.0,5.0,0,,電子零組件業,210,一般業,2.5,69.52380952380952,12.280479722398592,69.04761904761905,18.24940446428594,40.95238095238095,9.837448277100446,63.8095238095238,6.865708582371952,27.61904761904762,0.8179232272483183,61.42857142857143,51.866031915835244,28.095238095238095,165.84782789557627,38.095238095238095,0.7835653068341022,72.85714285714285,,,35.83,40.476190476190474,5.46,21.153846153846153,30.815018315018314,1.26,51.92307692307693,7012064.0,52.04212454212455,,7002.467,-4471.488,-693.758,-188.268,-5353.514,0.0,27.31,8.4,★★ 弱勢,一般觀察,,無明顯風險訊號,13.19,22.58,250.0,33.0,40.08620689655172,8.0,20.0,52.04,30.0,21.51,30.14,13.19,40.09,22.58,0.0,15.0,45.0,80.0,52.58,⚪ S2爆發潛力不足,5.0,86.75,80.53,82.5,⑥ 轉弱,5.71,🔴 暫不考慮,外資買盤加速、投信由賣轉買,無明顯風險訊號,偏多順風,偏多順風,10.25,40.09,47.31,85.81,65.59,52.58,S2_E_BALANCED,正常,397.0,265.0,226,226
207,3693,營邦,上櫃,1968071.0,2026-09-24,1909642.0,1392129018.0,732.0,748.0,713.0,729.0,-3.0,0,713.4,673.6,558.75,42.58950552010401,42.063606267376215,0.5258992527277968,70.41908867466238,2047107.7,0.932848818848173,739.0,664.95,-0.004098360655737654,4.591104734576756,31.11510791366907,52.03336809176224,42.25354246575259,38.214285714285715,5.2420145012737605,8.22446555819476,30.46979865771813,-5.285714285714283,0.31249950037777197,60,股價高於20日均線、5日均線高於20日均線、20日均線高於60日均線、20日均線向上、MACD多頭、MACD柱狀體為正,43,波動率可接受、ATR偏高但可接受、20日回撤小、MA20乖離可接受、成交量穩定、短線未過熱,0.0,0.0,0.0,0.0,0.0,0.0,0.0,0,,電腦及週邊設備業,109,一般業,8.66,88.07339449541286,14.302674835989441,60.550458715596335,26.16590669426652,57.798165137614674,10.2659740665521,71.55963302752293,171.01452065990162,94.4954128440367,3.41733666864783,67.88990825688074,46.95238003207586,53.21100917431193,164.12377856510227,43.11926605504588,0.8162199161811737,52.293577981651374,,,,,,,,,,1266730.0,69.31818181818184,EPS同產業前20%、營收年增同產業前20%,1968.071,0.0,0.0,0.0,0.0,0.0,47.4,55.6,★★★ 一般觀察,整理觀察,基本面優於產業平均,MA60乖離過大,8.237,21.51,250.0,21.0,23.70689655172414,59.0,0.0,69.32,60.0,43.0,39.07,8.237,23.71,21.51,45.0,83.0,45.0,80.0,52.46,⚪ S2爆發潛力不足,17.0,86.75,80.53,82.5,① 尚未啟動,27.2,🔴 暫不考慮,MA20向上、MACD近期黃金交叉、MACD動能擴張、接近20日突破,無明顯風險訊號,偏多順風,偏多順風,36.69,23.71,86.45,56.67,77.85,52.46,S2_E_BALANCED,正常,193.0,189.0,227,227
417,3019,亞光,上市,6264184.0,2026-09-24,6204684.0,837632340.0,138.5,138.5,134.0,135.0,0.0,0,135.6,139.375,137.50833333333333,-0.9069621918976054,-0.33046931436116617,-0.5764928775364393,46.197632572678785,6316253.5,0.9823361269461398,163.0,139.525,0.0,-1.098901098901095,-2.1739130434782594,-9.6989966555184,56.91241883013928,4.321428571428571,3.201058201058201,-3.139013452914796,-1.8241318707957088,-16.19047619047619,1.275456973846762,15,20日均線高於60日均線,20,ATR風險合理、短線未過熱,-4674579.0,0.0,-193905.0,-4868484.0,0.0,0.0,5.0,0,,光電業,116,一般業,2.98,86.08695652173914,11.234668196652187,74.78260869565217,17.91412016770985,41.73913043478261,9.054449511981758,78.26086956521739,15.288008714183615,58.26086956521739,15.26543955941515,85.96491228070175,40.75263825158913,39.130434782608695,215.06831169016607,50.43478260869565,0.9697045090792961,94.78260869565217,,,22.77,58.139534883720934,2.54,35.294117647058826,46.716826265389884,3.41,89.70588235294117,2843905.0,68.10956308871269,EPS同產業前20%、營收月增同產業前20%、資產周轉同產業前20%、殖利率同產業前20%,6264.184,-4674.579,0.0,-193.905,-4868.484,0.0,28.93,10.3,★★ 弱勢,整理觀察,基本面優於產業平均,成交量波動較大,21.032,32.37,250.0,52.0,63.36206896551724,8.0,0.0,68.11,10.0,14.92,36.36,21.032,63.36,32.37,0.0,0.0,45.0,80.0,51.72,⚪ S2爆發潛力不足,13.0,86.75,80.53,100.0,⑥ 轉弱,0.0,🔴 暫不考慮,,近期回撤偏大,偏多順風,偏多順風,14.09,63.36,30.11,75.05,29.46,51.72,S2_E_BALANCED,正常,433.0,212.0,228,228
184,6108,競國,上市,1139657.0,2026-09-24,1135019.0,27694463.167024612,24.049999237060547,24.5,24.0,24.399999618530273,0.39999961853027344,0,23.979999923706053,23.454999923706055,20.6716667175293,0.6007111033456667,0.6244116762491466,-0.023700572903479933,60.25103381757924,2665504.6,0.42581768570198675,26.149999618530273,23.424999904632568,0.016666650772094727,0.4115242164996147,2.521010086989528,32.249314956900136,55.81559871532921,1.0428570338657923,4.274004303974692,4.028990398201215,18.03595690636497,-14.807693774883568,0.8737131379757844,55,股價高於20日均線、5日均線高於20日均線、20日均線高於60日均線、20日均線向上、RSI介於50至70,61,20日動能尚可、60日趨勢健康、ATR偏高但可接受、20日回撤可接受、MA20乖離健康、MA60乖離可接受、成交量穩定度普通、短線未過熱,167358.0,0.0,-15004.0,152354.0,3.0,0.0,5.0,30,外資近5日買超、外資連買至少3日、三大法人合計買超,電子零組件業,210,一般業,0.32,32.61904761904762,3.074424875144467,35.23809523809524,3.497196889023324,7.142857142857142,-8.041634381513141,15.238095238095239,45.69444140456857,68.57142857142857,-8.51399784073018,29.04761904761905,55.64119539525518,21.428571428571427,151.42454403877176,24.285714285714285,0.6602331918060055,57.14285714285714,,,122.0,8.333333333333332,1.16,80.76923076923077,44.55128205128205,4.1,87.5,599097.0,37.20695970695971,殖利率同產業前20%,1139.657,167.358,0.0,-15.004,152.354,46.15384615384615,49.09,60.6,★★★ 一般觀察,一般觀察,風險動能健康,無明顯風險訊號,10.657,25.71,250.0,27.0,32.112068965517246,48.0,35.0,37.21,55.0,43.53,23.29,10.657,32.11,25.71,0.0,50.0,0.0,80.0,51.72,⚪ S2爆發潛力不足,5.0,86.75,80.53,82.5,② 蓄勢,50.73,🟡 等待回檔,站上MA20且乖離健康、MA20向上、RSI位於起漲區、外資5日買超、外資買盤加速、外資連買,無明顯風險訊號,偏多順風,偏多順風,28.78,32.11,60.43,82.58,65.16,51.72,S2_E_BALANCED,正常,185.0,336.0,229,229
326,6603,富強鑫,上櫃,1086284.0,2026-09-24,1077961.0,29428334.477581024,27.600000381469727,27.799999237060547,27.200000762939453,27.299999237060547,0.09999847412109375,0,27.95,26.037499809265135,26.054166666666667,0.439534455942745,0.18412080046453222,0.25541365547821276,55.17523267530876,1940249.5,0.555578548016634,30.0,26.00999984741211,0.0036764143866254706,-2.150539031087395,2.056071914245039,8.5487063663658,51.507815639025,1.1214286259242467,4.107797279356237,4.848773642030579,4.7817018534228595,-18.697830513577962,1.1573099571215464,55,股價高於20日均線、5日均線高於20日均線、20日均線向上、RSI介於50至70、MACD多頭、MACD柱狀體為正,59,20日動能尚可、60日趨勢尚可、波動率可接受、ATR偏高但可接受、MA20乖離健康、MA60位置健康、短線未過熱,0.0,0.0,0.0,0.0,0.0,0.0,0.0,0,,電機機械,100,一般業,0.14,27.27272727272727,1.7794188638088844,31.313131313131315,25.00160727436861,56.56565656565656,2.063562934878563,37.37373737373738,-11.69701814659154,18.0,-7.000701988817837,45.0,66.57784054400742,8.080808080808081,179.65262575921315,48.484848484848484,0.530059164143718,55.55555555555556,,,,,,,,,,412012.0,33.480027548209364,,1086.284,0.0,0.0,0.0,0.0,0.0,38.34,30.0,★★ 弱勢,一般觀察,,成交量波動較大,17.29,28.21,250.0,43.0,52.370689655172406,56.0,0.0,33.48,50.0,34.92,17.86,17.29,52.37,28.21,0.0,22.0,0.0,80.0,51.68,⚪ S2爆發潛力不足,13.0,86.75,80.53,100.0,② 蓄勢,35.53,🔴 暫不考慮,站上MA20且乖離健康、MA20向上、RSI位於起漲區,近期回撤偏大,偏多順風,偏多順風,21.39,52.37,44.73,83.44,29.46,51.68,S2_E_BALANCED,正常,294.0,392.0,230,230
46,3576,聯合再生,上市,48864258.0,2026-09-24,48735522.0,889423276.5,18.299999237060547,18.799999237060547,18.200000762939453,18.25,0.5,0,17.68000030517578,17.129999828338622,17.209999910990398,0.10336240377005268,-0.06841030048145416,0.17177270425150684,62.64425055275623,12048535.65,4.044933211447982,18.5,17.069999790191652,0.028169014084507005,11.96319542460975,7.038127956810025,7.038127956810025,36.834991979259975,0.5892859867640904,3.2289643110361115,6.538238078721581,6.042998805278632,-11.813194701930673,1.0446230238777723,70,股價高於20日均線、5日均線高於20日均線、20日均線向上、RSI介於50至70、MACD多頭、MACD柱狀體為正、量比達1.5以上,78,20日動能健康、60日趨勢尚可、波動率合理、ATR風險合理、20日回撤可接受、MA20乖離健康、MA60位置健康、短線略熱,8701024.0,100.0,103000.0,8804124.0,5.0,0.0,5.0,50,外資近5日買超、投信近5日買超、自營商近5日買超、外資連買至少3日、三大法人合計買超,光電業,116,一般業,0.93,66.08695652173913,23.44997296111581,94.78260869565217,-22.625037653106332,5.217391304347826,-55.83754200521862,6.086956521739131,-13.032185165971418,23.47826086956522,-20.525184434746468,10.526315789473683,46.518050121797195,26.08695652173913,154.12043839457158,19.130434782608695,0.10570615926541325,7.82608695652174,,,33.8,39.53488372093023,2.3,41.17647058823529,40.355677154582764,0.0,24.264705882352942,244757.0,37.50888222459438,ROE同產業前20%,48864.258,8701.024,0.1,103.0,8804.124,76.92307692307693,63.24,90.3,★★★★ 觀察候選,趨勢健康,技術面偏多、法人籌碼強、風險動能結構佳、綜合表現前10%,成交量波動較大,17.323,27.4,250.0,43.0,52.58620689655172,74.0,60.0,37.51,90.0,66.73,42.09,17.323,52.59,27.4,45.0,70.0,45.0,80.0,51.58,⚪ S2爆發潛力不足,5.0,86.75,80.53,100.0,③ 剛啟動,80.33,🟢 可觀察進場,MA20向上、MA5近期上穿MA20、RSI位於起漲區、MACD動能擴張、接近20日突破、外資5日買超、投信5日買超、投信買盤加速,無明顯風險訊號,偏多順風,偏多順風,49.73,52.59,46.24,79.57,29.46,51.58,S2_E_BALANCED,正常,13.0,158.0,231,231
456,4764,雙鍵,上市,1145874.0,2026-09-24,1083202.0,198225966.0,189.0,189.5,181.5,183.0,-6.5,0,194.8,216.575,249.94204686482746,-13.070872597711144,-11.135949380312372,-1.9349232173987723,33.635565127983014,945911.45,1.1451410171639216,250.5,218.825,-0.03430079155672827,-10.073710073710075,-19.736842105263154,-39.70345963756178,66.92439198645405,9.964285714285714,5.444964871194379,-15.502712686136434,-26.78302738755707,-26.65330661322646,0.65282325947506,0,,8,ATR偏高但可接受、成交量穩定度普通,123307.0,-110000.0,-33232.0,-19925.0,2.0,0.0,5.0,10,外資近5日買超,化學工業,42,一般業,2.26,76.19047619047619,15.160071167946732,71.42857142857143,26.793594524954607,65.85365853658537,14.737422454703067,73.17073170731707,22.74541430489431,57.14285714285714,-8.958328376876512,19.047619047619047,52.67049878361263,14.285714285714285,140.17368957012062,19.51219512195122,0.6500288223274742,48.78048780487805,,,59.03,15.384615384615385,6.13,7.142857142857142,11.263736263736263,0.55,21.428571428571427,267871.0,51.85231841329402,,1145.874,123.307,-110.0,-33.232,-19.925,15.384615384615385,20.23,1.9,★★ 弱勢,風險偏高,,波動率偏高、近期回撤偏大,16.306,25.8,250.0,41.0,49.56896551724138,10.0,20.0,51.85,0.0,17.78,32.86,16.306,49.57,25.8,0.0,0.0,45.0,90.0,51.14,⚪ S2爆發潛力不足,23.0,86.75,80.53,100.0,⑥ 轉弱,0.0,🔴 暫不考慮,成交量溫和放大、外資5日買超、外資買盤加速,波動率偏高、近期回撤偏大,偏多順風,偏多順風,11.28,49.57,63.66,56.67,29.46,51.14,S2_E_BALANCED,正常,418.0,238.0,232,232
352,3294,英濟,上櫃,7952483.0,2026-09-24,7919114.0,266478198.183609,34.0,36.150001525878906,33.0,33.650001525878906,-0.049999237060546875,0,31.820000076293944,30.262500190734862,31.594166819254557,0.3168468371284838,-0.21714227718379064,0.5339891143122745,70.33452230005388,676308.45,11.70932286887736,33.70000076293945,30.142500114440917,-0.0014836568524808635,12.166671752929691,7.680004882812508,-8.435369997608422,41.51560509096478,1.0785715920584542,3.205264615601776,11.193725943969302,6.507007190236935,-8.320001220703121,2.5458740930031287,60,股價高於20日均線、5日均線高於20日均線、20日均線向上、MACD多頭、MACD柱狀體為正、量比達1.5以上,58,20日動能健康、波動率可接受、ATR風險合理、20日回撤可接受、MA20乖離可接受、MA60位置健康、短線略熱,0.0,0.0,0.0,0.0,0.0,0.0,0.0,0,,電子零組件業,210,一般業,-0.54,13.333333333333334,-6.733937612726317,12.857142857142856,8.063359055560557,11.428571428571429,-12.206124235902555,10.476190476190476,1.6777336843346038,22.380952380952383,-5.537506844314654,38.57142857142858,55.964727725968885,20.476190476190474,253.61638905105033,74.28571428571429,0.5410855539164644,38.095238095238095,,,,,,,,,,362292.0,21.5530303030303,,7952.483,0.0,0.0,0.0,0.0,0.0,36.07,24.4,★★ 弱勢,一般觀察,,成交量波動較大,16.268,28.76,250.0,42.0,49.353448275862064,61.0,0.0,21.55,55.0,35.88,26.02,16.268,49.35,28.76,60.0,43.0,45.0,80.0,50.93,⚪ S2爆發潛力不足,17.0,86.75,80.53,82.5,④ 趨勢加速,28.09,🔴 暫不考慮,MA20向上、MA5近期上穿MA20、MACD動能擴張、近期突破20日高,無明顯風險訊號,偏多順風,偏多順風,26.43,49.35,63.23,56.67,29.46,50.93,S2_E_BALANCED,正常,285.0,305.0,233,233
161,2254,巨鎧精密-創,上市,2388502.0,2026-09-24,2385010.0,211788895.2784729,86.80000305175781,89.4000015258789,86.19999694824219,88.80000305175781,2.2000045776367188,0,82.62000122070313,69.96499996185302,63.38166669209798,6.203695938790673,4.059824750253641,2.143871188537032,95.08003462340737,1492412.5,1.598090340304708,87.0999984741211,68.53999977111816,0.025404210351044565,18.085115233283954,47.26368851623648,48.743721803908336,32.383207511785564,2.8999998910086497,3.2657655307943636,26.920607589758006,40.10360990211832,-0.3241503411124502,0.5280681240376324,90,股價高於20日均線、5日均線高於20日均線、20日均線高於60日均線、20日均線向上、MACD多頭、MACD柱狀體為正、量比達1.5以上、突破20日高點,48,60日趨勢尚可、波動率合理、ATR風險合理、20日回撤小、成交量穩定,1063000.0,0.0,4759.0,1067759.0,5.0,0.0,5.0,35,外資近5日買超、自營商近5日買超、外資連買至少3日、三大法人合計買超,汽車工業,44,一般業,-2.12,6.8181818181818175,-27.89213851241652,4.545454545454546,-65.23462472829561,2.3255813953488373,-201.53752717043858,2.3255813953488373,-92.05668016194332,2.272727272727273,21.712158808933,86.36363636363636,55.884597715621986,36.36363636363637,30.94501702322742,2.3255813953488373,0.05708709641659128,2.3255813953488373,,,,,5.85,2.272727272727273,2.272727272727273,0.0,13.636363636363635,3924.0,11.130021141649047,營收月增同產業前20%,2388.502,1063.0,0.0,4.759,1067.759,53.84615384615385,50.71,65.6,★★★ 一般觀察,短線過熱,技術趨勢強、法人偏多,5日漲幅過大、20日漲幅過大、MA20乖離過大、MA60乖離過大、RSI偏熱,8.361,20.18,250.0,21.0,24.137931034482758,64.0,30.0,11.13,30.0,40.77,4.42,8.361,24.14,20.18,70.0,35.0,65.0,83.0,50.81,⚪ S2爆發潛力不足,39.0,86.75,80.53,100.0,⑤ 過熱,0.0,🟠 短線過熱,MA20向上、MACD動能擴張、成交量溫和放大、近期突破20日高、外資5日買超、外資連買、法人買超占量提升,RSI過熱、5日漲幅過大、MA20乖離過大,偏多順風,偏多順風,0.0,24.14,83.23,56.67,70.97,50.81,S2_E_BALANCED,正常,219.0,463.0,234,234
93,2441,超豐,上市,2830184.0,2026-09-24,2781198.0,344868552.0,124.5,125.5,123.0,124.0,-1.0,0,125.4,118.175,121.06166661580404,1.8118603150113728,0.45112145221180966,1.3607388627995631,56.92467583658019,4242475.8,0.6555601330713543,131.5,117.675,-0.008000000000000007,4.641350210970474,8.771929824561408,-12.676056338028175,38.41490772261486,4.75,3.8306451612903225,4.929130526761161,2.427137727684614,-12.015503875968992,0.4459177880316315,55,股價高於20日均線、5日均線高於20日均線、20日均線向上、RSI介於50至70、MACD多頭、MACD柱狀體為正,75,20日動能健康、波動率合理、ATR風險合理、20日回撤可接受、MA20乖離健康、MA60乖離可接受、成交量穩定、短線未過熱,6902286.0,-1869000.0,170301.0,5203587.0,1.0,0.0,5.0,25,外資近5日買超、自營商近5日買超、三大法人合計買超,半導體業,207,一般業,2.98,55.072463768115945,12.314638890127833,57.00483091787439,23.954249198851283,23.67149758454106,20.056616341584927,70.04830917874396,41.984305244372294,62.62135922330098,2.2500571785477153,58.252427184466015,18.34314386816842,79.22705314009661,230.57196915852245,38.64734299516908,0.5944899815618566,57.48792270531401,,,22.96,65.0,2.57,67.70833333333334,66.35416666666667,2.43,77.08333333333334,2043086.0,58.75042094648468,,2830.184,6902.286,-1869.0,170.301,5203.587,38.46153846153847,56.82,80.2,★★★ 一般觀察,一般觀察,風險動能結構佳、綜合表現前25%,無明顯風險訊號,17.51,28.33,250.0,43.0,53.44827586206896,56.0,30.0,58.75,70.0,50.71,46.15,17.51,53.45,28.33,0.0,75.0,45.0,80.0,50.74,⚪ S2爆發潛力不足,0.0,86.75,80.53,83.33,② 蓄勢,62.98,🔵 等待突破,站上MA20且乖離健康、MA20向上、RSI位於起漲區、外資5日買超、外資由賣轉買、法人買超占量提升,無明顯風險訊號,偏多順風,偏多順風,49.52,53.45,41.08,80.0,29.46,50.74,S2_E_BALANCED,正常,112.0,121.0,235,235
455,8043,蜜望實,上櫃,1174285.0,2026-09-24,1155176.0,153638408.0,131.5,135.5,130.5,133.0,1.5,0,132.2,137.05,143.5,-2.9251574239485194,-2.7513288360593204,-0.17382858788919897,45.8314932772189,2976105.85,0.38815017281727393,156.0,137.5,0.011406844106463865,2.3076923076922995,-6.338028169014088,-32.48730964467005,47.129646443471216,6.214285714285714,4.672395273899033,-2.955125866472097,-7.317073170731703,-13.17567567567568,1.1922965556276888,0,,28,波動率可接受、ATR偏高但可接受、20日回撤可接受、短線未過熱,0.0,0.0,0.0,0.0,0.0,0.0,0.0,0,,電子零組件業,210,一般業,1.7,61.66666666666667,9.572331119390896,59.523809523809526,6.8657387316888485,10.0,2.6005127272161923,36.19047619047619,54.47881138042136,76.19047619047619,-18.45452590389568,10.476190476190476,49.9677737757823,31.9047619047619,191.59405936602107,50.95238095238095,1.291965715103263,97.61904761904762,,,,,,,,,,621856.0,51.35281385281384,資產周轉同產業前20%,1174.285,0.0,0.0,0.0,0.0,0.0,21.01,2.2,★★ 弱勢,一般觀察,,成交量波動較大,18.522,29.57,250.0,47.0,56.03448275862068,8.0,0.0,51.35,30.0,15.4,35.32,18.522,56.03,29.57,0.0,15.0,45.0,80.0,50.56,⚪ S2爆發潛力不足,10.0,86.75,80.53,82.5,⑥ 轉弱,0.0,🔴 暫不考慮,,無明顯風險訊號,偏多順風,偏多順風,13.25,56.03,38.28,75.7,29.46,50.56,S2_E_BALANCED,正常,429.0,218.0,236,236
248,1312,國喬,上市,7756553.0,2026-09-24,7729447.0,112849929.14855003,14.550000190734863,14.699999809265137,14.199999809265137,14.600000381469727,0.0,0,14.640000152587891,14.690000009536742,13.266666682561238,0.4071738396977693,0.4823838923391047,-0.0752100526413354,56.5660196625142,40637016.5,0.1902070492798112,16.5,14.675,0.0,-2.341133326158984,2.0979034037302835,1.0380662573324928,50.72195297459833,0.5499999863760812,3.767123095929089,-0.612659142332117,10.050253999831993,-11.182108898762689,1.3060327138744616,35,20日均線高於60日均線、20日均線向上、RSI介於50至70,59,20日動能尚可、60日趨勢尚可、波動率可接受、ATR風險合理、20日回撤可接受、MA60位置健康、短線未過熱,4180842.0,0.0,102753.0,4283595.0,4.0,0.0,5.0,35,外資近5日買超、自營商近5日買超、外資連買至少3日、三大法人合計買超,塑膠工業,25,一般業,-1.68,4.0,-11.29549997935598,16.0,-0.17031549910533064,20.0,-11.154391406466088,16.0,89.22674829328686,96.0,67.44466336735312,100.0,50.80629367462232,20.0,108.05307861630537,16.0,0.38153191071227727,40.0,,,,,0.56,76.19047619047619,76.19047619047619,0.0,21.428571428571427,2381254.0,37.87238095238095,營收年增同產業前20%、營收月增同產業前20%,7756.553,4180.842,0.0,102.753,4283.595,53.84615384615385,44.43,46.8,★★ 弱勢,一般觀察,法人偏多,成交量波動較大,16.43,27.47,250.0,41.0,49.89224137931034,25.0,40.0,37.87,43.0,34.13,26.85,16.43,49.89,27.47,0.0,10.0,45.0,80.0,50.48,⚪ S2爆發潛力不足,5.0,86.75,80.53,100.0,② 蓄勢,42.73,🔴 暫不考慮,MA20向上、RSI位於起漲區、外資5日買超、外資買盤加速、外資連買,無明顯風險訊號,偏多順風,偏多順風,30.03,49.89,45.81,81.08,29.46,50.48,S2_E_BALANCED,正常,304.0,296.0,237,237
323,5483,中美晶,上櫃,18651980.0,2026-09-24,18432800.0,3474582800.0,184.0,188.5,181.5,188.5,4.0,0,188.4,182.15,192.05833333333334,1.157584429395996,-0.18416451032455072,1.3417489397205467,53.99888907933672,14635052.4,1.259496686188838,202.0,181.825,0.021680216802167918,3.571428571428581,3.571428571428581,-6.218905472636815,42.49633795894347,8.142857142857142,4.319818112921562,3.4861377985176967,-1.852735713975795,-6.382978723404253,0.6146073934294062,55,股價高於20日均線、5日均線高於20日均線、20日均線向上、RSI介於50至70、MACD多頭、MACD柱狀體為正,54,20日動能尚可、波動率可接受、ATR偏高但可接受、20日回撤小、MA20乖離健康、成交量穩定度普通、短線未過熱,0.0,0.0,0.0,0.0,0.0,0.0,0.0,0,,半導體業,207,一般業,5.02,69.56521739130434,11.509347731268422,52.17391304347826,22.93368856281414,22.22222222222222,11.234744658934687,45.410628019323674,11.679851232801411,29.61165048543689,-4.015464573856075,30.582524271844658,54.62834590630216,9.66183574879227,131.27832945152622,9.66183574879227,0.2994578612608886,15.942028985507244,,,,,,,,,,6716682.0,37.57125923651884,,18651.98,0.0,0.0,0.0,0.0,0.0,38.57,30.6,★★ 弱勢,一般觀察,,無明顯風險訊號,18.578,32.66,250.0,46.0,56.25,76.0,0.0,37.57,70.0,46.54,38.04,18.578,56.25,32.66,47.0,58.0,25.0,100.0,50.46,⚪ S2爆發潛力不足,0.0,86.75,80.53,83.33,③ 剛啟動,63.81,🔵 等待突破,站上MA20且乖離健康、MA20向上、RSI位於起漲區、成交量溫和放大、近期突破20日高,無明顯風險訊號,偏多順風,偏多順風,43.19,56.25,35.7,78.71,29.46,50.46,S2_E_BALANCED,正常,145.0,199.0,238,238
209,1326,台化,上市,18734584.0,2026-09-24,18615460.0,1247235820.0,65.0,67.19999694824219,63.79999923706055,67.0,1.5999984741210938,0,66.96000061035156,68.7700008392334,64.28000011444092,0.9138657949553846,1.546720824188173,-0.6328550292327884,51.62293191519362,36701300.25,0.5072152722981524,78.19999694824219,68.58000087738037,0.02446480790199934,-2.3323593436006873,6.012656948081663,8.23909264685383,59.80487645071315,2.814283915928432,4.200423755117062,-2.5737979026221214,4.231487057741945,-11.978467241352753,0.7569674650552947,35,20日均線高於60日均線、20日均線向上、RSI介於50至70,56,20日動能健康、60日趨勢尚可、ATR偏高但可接受、20日回撤可接受、MA60位置健康、成交量穩定度普通、短線未過熱,-6862010.0,442000.0,250659.0,-6169351.0,0.0,0.0,5.0,20,投信近5日買超、自營商近5日買超,塑膠工業,25,一般業,2.11,84.0,4.67553634902782,68.0,7.018936480124256,36.0,2.990981988814208,72.0,31.695431346947952,80.0,-2.2669863987020644,44.0,23.32958551031598,68.0,283.05664835259773,76.0,0.46396869420591463,52.0,,,28.39,28.93226176808266,0.76,50.0,39.466130884041334,0.9,61.904761904761905,30558197.0,64.99348094691378,EPS同產業前20%、營收年增同產業前20%,18734.584,-6862.01,442.0,250.659,-6169.351,30.76923076923077,47.35,55.2,★★★ 一般觀察,整理觀察,,無明顯風險訊號,14.369,26.52,250.0,36.0,43.75,25.0,20.0,64.99,65.0,35.5,35.54,14.369,43.75,26.52,0.0,40.0,45.0,80.0,50.45,⚪ S2爆發潛力不足,5.0,86.75,80.53,100.0,① 尚未啟動,33.1,🔴 暫不考慮,MA20向上、RSI位於起漲區、投信5日買超,無明顯風險訊號,偏多順風,偏多順風,35.05,43.75,50.54,91.4,29.46,50.45,S2_E_BALANCED,正常,287.0,216.0,239,239
112,3022,威強電,上市,1540683.0,2026-09-24,1527005.0,142164163.16997528,90.4000015258789,93.5999984741211,90.4000015258789,93.0999984741211,2.4000015258789062,0,91.81999969482422,89.15999984741211,90.99333343505859,-0.14503433157642576,-0.869913166067557,0.7248788344911312,54.89629994375352,1708459.1,0.893790784924263,98.5999984741211,89.07999992370605,0.026460877691632856,4.724405934930798,1.7486322121541997,7.011492498989758,54.91780285345946,3.349999564034598,3.5982810085284735,4.419020450260058,2.315186134560099,-22.831861107750274,0.7239209071066801,55,股價高於20日均線、5日均線高於20日均線、20日均線向上、RSI介於50至70、MACD多頭、MACD柱狀體為正,62,20日動能尚可、60日趨勢尚可、波動率可接受、ATR風險合理、MA20乖離健康、MA60乖離可接受、成交量穩定度普通、短線未過熱,1070133.0,0.0,19868.0,1090001.0,1.0,0.0,5.0,25,外資近5日買超、自營商近5日買超、三大法人合計買超,電腦及週邊設備業,109,一般業,3.29,66.97247706422019,10.040787003897035,52.293577981651374,27.870394780040204,59.63302752293578,6.4704363327391174,52.293577981651374,84.97614765538744,84.40366972477065,-20.852563315334727,17.431192660550458,32.039373776715834,81.65137614678899,248.50955263494745,84.40366972477065,0.4771913366373965,19.26605504587156,,,12.36,85.18518518518519,1.44,71.875,78.5300925925926,3.76,70.3125,799158.0,61.54444869181107,營收年增同產業前20%、負債比同產業前20%、流動比率同產業前20%,1540.683,1070.133,0.0,19.868,1090.001,38.46153846153847,55.06,76.2,★★★ 一般觀察,風險偏高,風險動能健康、綜合表現前25%,近期回撤偏大,17.149,28.73,250.0,43.0,51.939655172413794,73.0,30.0,61.54,85.0,60.18,46.52,17.149,51.94,28.73,25.0,52.0,45.0,80.0,50.38,⚪ S2爆發潛力不足,13.0,86.75,80.53,82.5,③ 剛啟動,64.39,🔵 等待突破,站上MA20且乖離健康、MA20向上、MA5近期上穿MA20、RSI位於起漲區、MACD動能擴張、外資5日買超、外資由賣轉買、法人買超占量提升,近期回撤偏大,偏多順風,偏多順風,50.1,51.94,43.01,78.92,29.46,50.38,S2_E_BALANCED,正常,40.0,117.0,240,240
215,8121,越峰,上櫃,1279798.0,2026-09-24,1265314.0,38781873.617321014,27.649999618530273,30.649999618530273,27.600000381469727,30.649999618530273,2.75,0,28.420000076293945,27.5375,31.239166673024496,-0.272044445121562,-0.7858892767894972,0.5138448316679352,63.821169308965395,455278.8,2.7792069386933895,29.5,27.410000038146972,0.0985663095914,12.47706282029457,9.074730257804987,-36.14583412806193,47.06582969663523,0.9214286804199219,3.006292632587335,11.302767566156223,-1.8859883833040159,-11.96721186403369,0.5321816466273663,85,股價高於20日均線、5日均線高於20日均線、20日均線向上、RSI介於50至70、MACD多頭、MACD柱狀體為正、量比達1.5以上、突破20日高點,53,20日動能健康、波動率可接受、ATR風險合理、20日回撤可接受、MA20乖離可接受、成交量穩定、短線略熱,0.0,0.0,0.0,0.0,0.0,0.0,0.0,0,,電子零組件業,210,一般業,0.0,24.285714285714285,-1.182384960542154,23.333333333333332,18.047799725202,39.523809523809526,1.0991346957110655,30.0,25.756797303684827,44.761904761904766,-2.36897863324228,48.57142857142857,51.71695654732975,29.04761904761905,279.7465754014008,81.42857142857143,0.6151170278118377,48.095238095238095,,,,,,,,,,305960.0,36.41774891774892,流動比率同產業前20%,1279.798,0.0,0.0,0.0,0.0,0.0,47.03,53.9,★★★ 一般觀察,等待回檔,技術趨勢強,無明顯風險訊號,16.886,29.5,250.0,43.0,51.077586206896555,76.0,0.0,36.42,55.0,44.11,42.4,16.886,51.08,29.5,85.0,60.0,45.0,100.0,50.31,⚪ S2爆發潛力不足,17.0,86.75,80.53,82.5,③ 剛啟動,44.32,🔴 暫不考慮,MA20向上、MA5近期上穿MA20、RSI位於起漲區、MACD動能擴張、近期突破20日高,無明顯風險訊號,偏多順風,偏多順風,42.78,51.08,57.63,56.67,29.46,50.31,S2_E_BALANCED,正常,179.0,155.0,241,241
174,2363,矽統,上市,7602462.0,2026-09-24,7524173.0,441668960.84048843,59.0,60.400001525878906,58.099998474121094,58.70000076293945,-0.5,0,58.18000030517578,53.214999771118165,55.04916655222575,1.402779884517102,0.33423072106370777,1.0685491634533943,64.13495617012902,8453374.2,0.8900792537966674,63.0,52.81499977111817,-0.0084459458370989,10.964081417319349,15.77909246472402,-17.440222190292985,45.69607949554369,2.7928575788225447,4.757849305831406,10.307246106196931,6.631951833912186,-12.10526583487528,1.130934261797482,55,股價高於20日均線、5日均線高於20日均線、20日均線向上、RSI介於50至70、MACD多頭、MACD柱狀體為正,53,20日動能健康、波動率可接受、ATR偏高但可接受、20日回撤可接受、MA20乖離可接受、MA60位置健康、短線略熱,-675537.0,20000.0,1321447.0,665910.0,0.0,1.0,5.0,30,投信近5日買超、自營商近5日買超、三大法人合計買超,半導體業,207,一般業,0.2,22.22222222222222,0.4340786502145787,18.357487922705314,28.417547796756427,30.917874396135264,5.516713318055738,30.917874396135264,81.06426064737752,83.98058252427184,26.642936596218014,95.14563106796116,5.931023658460374,99.03381642512076,176.1078674756224,21.256038647342994,0.08491174523169948,1.4492753623188406,,,108.7,8.75,0.62,100.0,54.375,1.04,52.083333333333336,512334.0,44.13606772665448,營收年增同產業前20%、營收月增同產業前20%、負債比同產業前20%,7602.462,-675.537,20.0,1321.447,665.91,46.15384615384615,49.57,62.7,★★★ 一般觀察,一般觀察,,成交量波動較大,16.078,27.33,250.0,40.0,48.491379310344826,59.0,50.0,44.14,50.0,52.72,39.17,16.078,48.49,27.33,35.0,75.0,45.0,80.0,49.69,⚪ S2爆發潛力不足,22.0,86.75,80.53,83.33,③ 剛啟動,47.99,🔴 暫不考慮,MA20向上、RSI位於起漲區、近期突破20日高、投信5日買超、投信買盤加速、投信由賣轉買,無明顯風險訊號,偏多順風,偏多順風,40.93,48.49,59.78,56.67,29.46,49.69,S2_E_BALANCED,正常,91.0,186.0,242,242
373,3591,艾笛森,上市,1125915.0,2026-09-24,1100855.0,27136075.330057144,24.200000762939453,25.25,24.200000762939453,24.649999618530273,0.049999237060546875,0,25.16415023803711,25.801489925384523,24.934007517496745,0.13168079518643694,0.3872548117019067,-0.25557401651546974,43.259120962997656,1695856.9,0.649143804527375,27.82030487060547,25.806686878204346,0.00203248927988664,-6.525225034695836,-0.4198889629704272,-16.10328598572204,46.85336637885859,0.8172246388026646,3.3153129876250707,-4.462882997006179,-1.1390383145075123,-12.298244743869835,1.7299768242855467,15,20日均線高於60日均線,23,波動率可接受、ATR風險合理、20日回撤可接受,260079.0,0.0,527000.0,787079.0,0.0,0.0,4.0,25,外資近5日買超、自營商近5日買超、三大法人合計買超,光電業,116,一般業,0.16,36.95652173913043,2.110150574292788,38.26086956521739,21.371565955124993,52.17391304347826,3.6305371430727873,60.86956521739131,44.13254324661866,81.73913043478261,0.6322749653992821,58.77192982456141,34.3268366149569,60.0,312.9482320909526,70.43478260869566,0.5424367139824052,60.86956521739131,,,,,1.21,70.58823529411765,70.58823529411765,0.0,24.264705882352942,271207.0,55.76135415264504,營收年增同產業前20%,1125.915,260.079,0.0,527.0,787.079,38.46153846153847,33.52,19.8,★★ 弱勢,一般觀察,,成交量波動較大,18.726,32.04,250.0,47.0,56.896551724137936,0.0,20.0,55.76,0.0,14.36,33.2,18.726,56.9,32.04,0.0,0.0,0.0,80.0,49.57,⚪ S2爆發潛力不足,5.0,86.75,80.53,100.0,⑥ 轉弱,0.0,🔴 暫不考慮,外資5日買超、法人買超占量提升,無明顯風險訊號,偏多順風,偏多順風,11.56,56.9,31.61,77.63,29.46,49.57,S2_E_BALANCED,正常,437.0,232.0,243,243
173,4540,全球傳動,上市,1301410.0,2026-09-24,1288510.0,77310600.0,59.900001525878906,60.5,59.099998474121094,60.0,0.40000152587890625,0,59.84000015258789,59.1,56.87666657765706,0.5512977309310187,0.4955671835162057,0.055730547414813036,54.71357884754389,2203285.5,0.5848129985877908,63.599998474121094,59.170000076293945,0.006711435169794333,1.6949152542372836,-2.280132721639805,-3.6918126247621808,32.544177396664345,2.2857140132359097,3.809523355393183,1.522842639593902,5.491414336102962,-8.75202829676861,0.674402615403638,60,股價高於20日均線、5日均線高於20日均線、20日均線高於60日均線、RSI介於50至70、MACD多頭、MACD柱狀體為正,58,波動率合理、ATR風險合理、20日回撤可接受、MA20乖離可接受、MA60位置健康、成交量穩定度普通、短線未過熱,506966.0,0.0,3467.0,510433.0,1.0,0.0,5.0,25,外資近5日買超、自營商近5日買超、三大法人合計買超,電機機械,100,一般業,0.25,35.35353535353536,1.6487511652116138,29.292929292929294,17.455406493439888,31.313131313131315,0.4534890977859425,30.303030303030305,45.043492645538386,79.0,3.1024007839294487,68.0,56.23862918455721,23.232323232323232,177.193268433194,47.474747474747474,0.40563437260043445,33.33333333333333,,,,,1.98,46.93877551020408,46.93877551020408,0.0,11.224489795918368,315648.0,41.000647289218705,,1301.41,506.966,0.0,3.467,510.433,38.46153846153847,49.59,62.9,★★★ 一般觀察,一般觀察,,無明顯風險訊號,20.575,29.35,250.0,51.0,61.206896551724135,56.0,30.0,41.0,45.0,44.3,30.19,20.575,61.21,29.35,10.0,15.0,25.0,63.0,49.3,⚪ S2爆發潛力不足,0.0,86.75,80.53,100.0,① 尚未啟動,46.9,🔴 暫不考慮,站上MA20且乖離健康、RSI位於起漲區、MACD動能擴張、外資5日買超、外資由賣轉買、法人買超占量提升,無明顯風險訊號,偏多順風,偏多順風,33.53,61.21,34.62,27.1,60.22,49.3,S2_E_BALANCED,正常,176.0,264.0,244,244
446,3504,揚明光,上市,1077317.0,2026-09-24,1066017.0,83682334.5,78.5,79.9000015258789,78.19999694824219,78.5,0.5,0,78.68000030517578,83.23999977111816,76.87833290100097,-0.6090227421201462,0.3425293516528918,-0.951552093773038,46.59629789320789,3291857.85,0.3238344571895776,95.5999984741211,84.01999969482422,0.0064102564102563875,-0.25412573824331597,-16.578107042596102,0.0,58.91812981570439,3.607142857142857,4.5950864422202,-5.694377443718834,2.1093942048500347,-18.345707838696967,0.9445900967557118,15,20日均線高於60日均線,31,60日趨勢尚可、ATR偏高但可接受、MA60乖離可接受、成交量穩定度普通、短線未過熱,-258508.0,0.0,-328618.0,-587126.0,0.0,0.0,5.0,0,,光電業,116,一般業,0.1,33.91304347826087,0.7815764145384035,31.30434782608696,17.30055254519291,40.0,-1.571493614533681,42.608695652173914,17.3297047506719,61.73913043478261,-8.957345616035528,32.45614035087719,36.12557583310065,56.52173913043478,201.02855489243373,44.34782608695652,0.6388961960674112,71.30434782608695,,,,,3.15,26.47058823529412,26.47058823529412,0.0,24.264705882352942,242727.0,42.148647193431145,,1077.317,-258.508,0.0,-328.618,-587.126,0.0,23.34,4.1,★★ 弱勢,一般觀察,,無明顯風險訊號,15.533,25.67,250.0,39.0,47.19827586206897,8.0,0.0,42.15,18.0,12.22,21.82,15.533,47.2,25.67,0.0,0.0,45.0,80.0,48.73,⚪ S2爆發潛力不足,18.0,86.75,80.53,100.0,⑥ 轉弱,0.0,🔴 暫不考慮,,近期回撤偏大,偏多順風,偏多順風,2.45,47.2,58.28,56.67,29.46,48.73,S2_E_BALANCED,正常,448.0,346.0,245,245
461,6831,邁科,上市,1166953.0,2026-09-24,1091005.0,542774987.5,507.0,511.0,493.0,497.5,-17.5,0,514.5,557.225,618.1166666666667,-28.55888331699032,-25.541895219056308,-3.0169880979340107,35.736869295525,859635.55,1.2691483036037772,638.0,562.0,-0.03398058252427183,-5.238095238095242,-16.10455311973018,-47.96025104602511,50.49436667383045,28.857142857142858,5.8004307250538405,-10.718291533940516,-19.513576185725455,-19.758064516129036,0.46001933399841133,0,,18,波動率可接受、ATR偏高但可接受、成交量穩定,-90185.0,-486000.0,-2267.0,-578452.0,0.0,0.0,5.0,0,,電腦及週邊設備業,109,一般業,1.66,48.62385321100918,8.17179308761972,45.87155963302752,19.996780897466852,44.95412844036697,8.857739337906352,65.13761467889908,29.10220228796049,54.12844036697248,-7.381229132282574,33.94495412844037,49.57772796040474,49.54128440366973,153.3066706207104,39.44954128440367,0.6984538979890094,37.61467889908257,,,89.8,3.7037037037037033,12.23,3.125,3.4143518518518516,0.6,25.0,512355.0,44.089661909616034,,1166.953,-90.185,-486.0,-2.267,-578.452,0.0,16.83,0.9,★★ 弱勢,一般觀察,,無明顯風險訊號,15.421,27.24,250.0,39.0,46.98275862068966,10.0,0.0,44.09,0.0,10.61,24.41,15.421,46.98,27.24,12.0,0.0,45.0,100.0,48.25,⚪ S2爆發潛力不足,18.0,86.75,80.53,82.5,⑥ 轉弱,0.0,🔴 暫不考慮,成交量溫和放大,近期回撤偏大,偏多順風,偏多順風,4.53,46.98,56.77,56.67,29.46,48.25,S2_E_BALANCED,正常,456.0,327.0,246,246
141,2399,映泰,上市,1726908.0,2026-09-24,1710682.0,80915257.29485321,47.04999923706055,47.29999923706055,46.45000076293945,47.29999923706055,0.20000076293945312,0,47.95999984741211,46.627499961853026,43.9450000445048,0.869616124422258,0.8877017574456976,-0.018085633023439573,53.91138406034411,5299987.15,0.3227709712466001,51.0,46.59249992370606,0.004246300836917127,-3.4693893121213293,1.5021476091425123,-8.155341287261075,40.642977617315786,1.789285387311663,3.7828444316542824,1.4422803619274172,7.634541333844602,-7.306889120053695,0.805541495422577,55,股價高於20日均線、5日均線高於20日均線、20日均線高於60日均線、20日均線向上、RSI介於50至70,54,20日動能尚可、波動率可接受、ATR風險合理、20日回撤小、MA20乖離可接受、MA60位置健康、成交量穩定度普通,200091.0,0.0,30960.0,231051.0,0.0,0.0,5.0,25,外資近5日買超、自營商近5日買超、三大法人合計買超,電腦及週邊設備業,109,一般業,3.54,69.72477064220183,44.59817992420295,95.41284403669725,13.067437975687572,24.770642201834864,-12.222867056127889,8.256880733944955,40.00112885928769,66.05504587155964,2.943587295987715,64.22018348623854,23.257831291334583,96.3302752293578,371.96091114059493,96.3302752293578,0.5222140386250725,22.93577981651376,,,11.91,88.88888888888889,2.97,29.6875,59.28819444444444,0.0,9.375,198432.0,59.668514271151885,ROE同產業前20%、負債比同產業前20%、流動比率同產業前20%,1726.908,200.091,0.0,30.96,231.051,38.46153846153847,52.89,69.8,★★★ 一般觀察,一般觀察,,無明顯風險訊號,14.601,25.08,250.0,37.0,44.612068965517246,48.0,25.0,59.67,25.0,39.4,31.93,14.601,44.61,25.08,0.0,10.0,45.0,80.0,48.11,⚪ S2爆發潛力不足,0.0,86.75,80.53,82.5,② 蓄勢,51.6,🟡 等待回檔,站上MA20且乖離健康、MA20向上、RSI位於起漲區、外資5日買超、外資買盤加速,無明顯風險訊號,偏多順風,偏多順風,35.86,44.61,50.97,37.85,64.09,48.11,S2_E_BALANCED,正常,242.0,248.0,247,247
343,1808,潤隆,上市,1505021.0,2026-09-24,1488552.0,47484808.232162476,31.899999618530273,31.899999618530273,31.450000762939453,31.899999618530273,0.0,0,34.12000045776367,34.367500114440915,33.14833329518636,-0.1251311452571784,0.1893839404626674,-0.31451508571984577,39.476370896176,2244529.55,0.6631910905338716,37.150001525878906,34.57000017166138,0.0,-6.5885850858412915,-11.265649675825017,7.5885329812747315,46.95699594003142,1.2821427753993444,4.019256397277714,-7.1797497277779065,-3.7659017892081037,-11.265649675825017,0.39640617271354067,15,20日均線高於60日均線,31,60日趨勢尚可、波動率可接受、ATR偏高但可接受、20日回撤可接受、成交量穩定,2099525.0,-329000.0,-380000.0,1390525.0,1.0,0.0,5.0,20,外資近5日買超、三大法人合計買超,建材營造,88,一般業,2.52,80.68181818181817,32.54947036370672,93.18181818181817,26.395536632625937,44.31818181818182,22.06678005015582,71.5909090909091,33032.925531914894,96.5909090909091,-43.44505427158947,13.953488372093023,73.55278579951067,23.863636363636363,166.0222785411021,56.81818181818182,0.47741951872821037,79.54545454545455,,,7.54,75.51020408163265,2.06,14.545454545454545,45.0278293135436,4.7,43.63636363636363,622899.0,67.5826174655909,EPS同產業前20%、ROE同產業前20%、營收年增同產業前20%,1505.021,2099.525,-329.0,-380.0,1390.525,30.76923076923077,37.13,26.3,★★ 弱勢,整理觀察,基本面優於產業平均,無明顯風險訊號,16.036,26.13,250.0,40.0,48.275862068965516,30.0,25.0,67.58,15.0,31.89,38.27,16.036,48.28,26.13,30.0,12.0,25.0,80.0,47.99,⚪ S2爆發潛力不足,5.0,86.75,80.53,100.0,⑥ 轉弱,17.49,🔴 暫不考慮,MA5近期上穿MA20、MACD近期黃金交叉、外資5日買超、外資由賣轉買、法人買超占量提升,無明顯風險訊號,偏多順風,偏多順風,19.12,48.28,39.78,79.35,29.46,47.99,S2_E_BALANCED,正常,325.0,197.0,248,248
80,6155,鈞寶,上市,3762326.0,2026-09-24,3731130.0,224614028.84662628,56.20000076293945,61.5,55.599998474121094,60.20000076293945,4.0,0,57.24000015258789,56.7,59.32416661580404,-0.2118223581906733,-0.6280186265057003,0.416196268315027,58.19916164937119,1251470.2,2.9813973996344463,62.5,56.579999923706055,0.07117437625797618,8.468469843134141,4.152251829685238,-29.590642382526955,46.678518587839626,2.371428898402623,3.9392506118746278,6.172840851745054,1.4763530566008765,-15.54160346515837,0.8324070129116218,70,股價高於20日均線、5日均線高於20日均線、20日均線向上、RSI介於50至70、MACD多頭、MACD柱狀體為正、量比達1.5以上,54,20日動能尚可、波動率可接受、ATR風險合理、MA20乖離健康、MA60乖離可接受、成交量穩定度普通、短線未過熱,1077912.0,0.0,-16545.0,1061367.0,5.0,0.0,5.0,30,外資近5日買超、外資連買至少3日、三大法人合計買超,電子零組件業,210,一般業,0.82,44.52380952380952,8.805685624465532,58.0952380952381,26.955649207304837,66.19047619047619,8.88300220750552,60.952380952380956,50.04599448066232,70.95238095238095,16.197172192712127,92.38095238095238,31.22874421014717,78.0952380952381,167.26500159153522,39.04761904761905,0.3148795268276346,9.523809523809524,,,33.44,47.61904761904761,3.25,35.57692307692308,41.59798534798534,1.33,52.88461538461539,75032.0,57.31941391941391,營收月增同產業前20%,3762.326,1077.912,0.0,-16.545,1061.367,46.15384615384615,58.23,83.0,★★★★ 觀察候選,一般觀察,技術面偏多、綜合表現前25%,無明顯風險訊號,12.818,26.84,250.0,32.0,39.008620689655174,66.0,35.0,57.32,75.0,56.75,49.0,12.818,39.01,26.84,50.0,58.0,65.0,100.0,47.9,⚪ S2爆發潛力不足,13.0,86.75,80.53,82.5,③ 剛啟動,60.95,🟡 等待回檔,MA20向上、MA5近期上穿MA20、RSI位於起漲區、MACD動能擴張、外資5日買超、外資買盤加速、外資連買,近期回撤偏大,偏多順風,偏多順風,51.39,39.01,54.41,82.15,29.46,47.9,S2_E_BALANCED,正常,65.0,99.0,249,249
464,3362,先進光,上櫃,1002942.0,2026-09-24,982359.0,169948107.0,170.5,175.5,168.5,173.0,3.0,0,173.7,185.275,177.95833333333334,-3.65814311355669,-1.6287196232538177,-2.0294234903028725,44.40928028047016,3200126.35,0.30697506678134756,213.0,186.85,0.01764705882352935,-1.1428571428571455,-15.403422982885084,-7.733333333333336,61.41953180664784,10.428571428571429,6.028075970272502,-6.625286735933078,-2.7862327323811775,-19.999999999999996,0.7695260585291094,15,20日均線高於60日均線,13,成交量穩定度普通、短線未過熱,0.0,0.0,0.0,0.0,0.0,0.0,0.0,0,,光電業,116,一般業,-1.88,3.4782608695652173,-13.750345207096181,11.304347826086957,10.900183562194933,25.217391304347824,-15.210008172356057,22.608695652173914,-32.9062012437647,9.565217391304348,-41.299557089334336,3.508771929824561,63.96314543253234,4.3478260869565215,149.49101060939947,16.52173913043478,0.3786151823886448,36.52173913043478,,,,,,,,,,244259.0,13.697732473476181,,1002.942,0.0,0.0,0.0,0.0,0.0,11.21,0.2,★★ 弱勢,一般觀察,,無明顯風險訊號,14.084,25.06,250.0,36.0,42.672413793103445,0.0,0.0,13.7,10.0,3.55,14.88,14.084,42.67,25.06,0.0,0.0,45.0,80.0,47.77,⚪ S2爆發潛力不足,28.0,86.75,80.53,100.0,⑥ 轉弱,0.0,🔴 暫不考慮,,ATR偏高、波動率偏高、近期回撤偏大,偏多順風,偏多順風,0.0,42.67,62.58,56.67,29.46,47.77,S2_E_BALANCED,正常,465.0,416.0,250,250
250,3430,奇鈦科,上櫃,1013638.0,2026-09-24,1000063.0,112507087.5,106.5,116.0,106.5,112.5,6.0,0,107.0,106.675,114.24833335876465,-1.8539960983612787,-2.89933284046939,1.0453367421081112,56.572654136327884,256200.8,3.9034343374415696,119.0,106.875,0.05633802816901401,9.756097560975618,-3.433476394849788,-20.21276595744681,43.12210533590291,4.5428570338657925,4.038095141214038,5.460510897586124,-1.5302922216593795,-15.899581589958157,0.798784186481341,60,股價高於20日均線、5日均線高於20日均線、RSI介於50至70、MACD多頭、MACD柱狀體為正、量比達1.5以上,36,波動率可接受、ATR偏高但可接受、MA20乖離健康、成交量穩定度普通、短線未過熱,0.0,0.0,0.0,0.0,0.0,0.0,0.0,0,,化學工業,42,一般業,2.68,83.33333333333334,15.256378895871114,76.19047619047619,24.21333821392841,58.536585365853654,11.565159543020012,60.97560975609756,-1.7461873638344227,19.047619047619047,18.483051237085647,85.71428571428571,35.9179828015552,47.61904761904761,291.81571749236446,75.60975609756098,1.0513861509763784,92.6829268292683,,,,,,,,,,180394.0,63.862052581564775,EPS同產業前20%、營收月增同產業前20%、資產周轉同產業前20%,1013.638,0.0,0.0,0.0,0.0,0.0,44.36,46.3,★★ 弱勢,整理觀察,,無明顯風險訊號,14.876,28.42,250.0,38.0,46.12068965517241,63.0,0.0,63.86,35.0,40.03,43.1,14.876,46.12,28.42,50.0,30.0,65.0,80.0,47.7,⚪ S2爆發潛力不足,8.0,86.75,80.53,100.0,④ 趨勢加速,42.63,🔴 暫不考慮,站上MA20且乖離健康、MA5近期上穿MA20、RSI位於起漲區、MACD動能擴張,近期回撤偏大,偏多順風,偏多順風,43.01,46.12,39.14,84.95,29.46,47.7,S2_E_BALANCED,正常,231.0,148.0,251,251
28,3029,零壹,上市,2034946.0,2026-09-24,2008668.0,241040160.0,119.0,122.0,118.5,120.0,1.5,0,121.1,115.375,109.31333338419596,2.9923643620048495,2.6753207003956687,0.31704366160918074,58.80612188645765,3690295.55,0.544310875046309,126.0,114.975,0.012658227848101333,3.4482758620689724,7.14285714285714,17.647058823529417,40.301796237807714,5.178571428571429,4.315476190476191,4.008667388949072,9.776178518172497,-5.200000000000005,1.2138964419787737,70,股價高於20日均線、5日均線高於20日均線、20日均線高於60日均線、20日均線向上、RSI介於50至70、MACD多頭、MACD柱狀體為正,83,20日動能健康、60日趨勢健康、波動率可接受、ATR偏高但可接受、20日回撤小、MA20乖離健康、MA60位置健康、短線未過熱,2578779.0,-2304.0,37974.0,2614449.0,3.0,0.0,5.0,35,外資近5日買超、自營商近5日買超、外資連買至少3日、三大法人合計買超,資訊服務業,45,一般業,3.63,85.55555555555556,23.43459204362068,82.22222222222221,12.33665772428307,15.555555555555555,6.322957873624984,44.44444444444444,44.443850807787626,77.77777777777779,7.575027575502591,66.66666666666666,63.776364730011025,17.77777777777778,142.47930056860721,22.22222222222222,1.567232205205142,86.66666666666667,,,17.12,54.54545454545454,3.79,36.36363636363637,45.45454545454545,4.58,63.63636363636363,3487591.0,60.270707070707076,EPS同產業前20%、ROE同產業前20%、資產周轉同產業前20%,2034.946,2578.779,-2.304,37.974,2614.449,53.84615384615385,66.45,94.2,★★★★★ 強勢候選,趨勢健康,技術面偏多、法人偏多、風險動能結構佳、綜合表現前10%,成交量波動較大,13.458,23.95,250.0,34.0,41.37931034482759,56.0,30.0,60.27,85.0,53.19,41.92,13.458,41.38,23.95,0.0,83.0,45.0,80.0,47.7,⚪ S2爆發潛力不足,0.0,86.75,80.53,76.67,② 蓄勢,64.93,🔵 等待突破,站上MA20且乖離健康、MA20向上、RSI位於起漲區、外資5日買超、外資連買、法人買超占量提升,無明顯風險訊號,偏多順風,偏多順風,46.52,41.38,49.46,81.94,29.46,47.7,S2_E_BALANCED,正常,87.0,161.0,252,252
199,3535,晶彩科,上市,1225076.0,2026-09-24,1213333.0,107258639.05139923,86.0999984741211,92.5999984741211,85.69999694824219,88.4000015258789,2.4000015258789062,0,87.7000015258789,87.025,89.67166659037272,-0.6051685796999493,-1.0047158594280163,0.39954727972806703,51.70317124011332,777187.8,1.5611837962459008,93.5,87.07999992370605,0.0279069944869641,2.1965335559293697,-1.229048574436975,-23.463202142096186,42.17566169832948,4.05714362008231,4.589528902773367,1.5800074988553847,-1.4181347496337815,-10.781081284105131,0.5722558263212704,60,股價高於20日均線、5日均線高於20日均線、RSI介於50至70、MACD多頭、MACD柱狀體為正、量比達1.5以上,38,波動率可接受、ATR偏高但可接受、20日回撤可接受、MA20乖離可接受、成交量穩定、短線未過熱,-232828.0,0.0,43662.0,-189166.0,0.0,0.0,5.0,5,自營商近5日買超,光電業,116,一般業,1.12,72.17391304347827,15.736621239155301,86.95652173913044,45.30942955869809,95.65217391304348,14.11776498824544,86.95652173913044,38.91140127069888,80.0,-46.930545468445395,2.631578947368421,31.12983670104002,66.95652173913044,348.6791132064747,76.52173913043478,0.6477696932125998,73.04347826086956,,,51.1,25.581395348837212,6.22,10.294117647058822,17.937756497948016,0.0,24.264705882352942,27767.0,69.05915566588511,ROE同產業前20%、毛利率同產業前20%、營業利益率同產業前20%、營收年增同產業前20%,1225.076,-232.828,0.0,43.662,-189.166,7.6923076923076925,47.86,57.4,★★★ 一般觀察,整理觀察,基本面優於產業平均,無明顯風險訊號,20.529,31.78,250.0,51.0,60.775862068965516,73.0,5.0,69.06,45.0,47.81,49.35,20.529,60.78,31.78,50.0,15.0,65.0,100.0,47.5,⚪ S2爆發潛力不足,5.0,86.75,80.53,100.0,① 尚未啟動,45.41,🔴 暫不考慮,站上MA20且乖離健康、MA5近期上穿MA20、RSI位於起漲區、MACD動能擴張、成交量溫和放大,無明顯風險訊號,偏多順風,偏多順風,48.56,60.78,42.15,34.62,29.46,47.5,S2_E_BALANCED,正常,135.0,95.0,253,253
465,3718,中光電投控,上櫃,1122465.0,2026-09-24,1105428.0,71963361.11325073,64.30000305175781,65.0999984741211,64.0,65.0999984741211,0.40000152587890625,0,66.03999786376953,,,-3.176429811279945,-3.273784407092085,0.09735459581213979,21.796415869946557,,,,,0.006182404091902738,1.56006243963287,,,,3.0285720825195312,4.652184567597902,,,,,15,MACD多頭、MACD柱狀體為正,15,ATR偏高但可接受、短線未過熱,0.0,0.0,0.0,0.0,0.0,0.0,0.0,0,,光電業,116,,,,,,,,,,,,,,,,,,,,,,,,,,,,,3428522.0,,,1122.465,0.0,0.0,0.0,0.0,0.0,,,★★ 弱勢,一般觀察,,無明顯風險訊號,,,,,,25.0,0.0,50.0,45.0,24.25,32.95,0.0,50.0,0.0,25.0,15.0,25.0,35.0,47.35,⚪ S2爆發潛力不足,5.0,86.75,80.53,100.0,① 尚未啟動,21.85,🔴 暫不考慮,MACD近期黃金交叉、MACD動能擴張,無明顯風險訊號,偏多順風,偏多順風,30.73,50.0,47.74,56.67,29.46,47.35,S2_E_BALANCED,正常,371.0,235.0,254,254
4,2032,新鋼,上市,3573551.0,2026-09-24,3556975.0,65981883.53624344,17.5,19.0,17.450000762939453,18.549999237060547,1.0,0,17.529999923706054,17.13999996185303,16.695833285649616,0.20159080452505052,0.08698358787798222,0.1146072166470683,70.72445194074729,475890.55,7.474355185241649,17.799999237060547,17.069999980926514,0.05698005945711304,10.089013751360753,8.163263263385723,11.411409381749827,28.89808322277953,0.4785714830671038,2.579900284367552,8.226366851491406,11.10556100847402,-5.322133011972696,1.5975609443232777,90,股價高於20日均線、5日均線高於20日均線、20日均線高於60日均線、20日均線向上、MACD多頭、MACD柱狀體為正、量比達1.5以上、突破20日高點,85,20日動能健康、60日趨勢健康、波動率合理、ATR風險合理、20日回撤小、MA20乖離可接受、MA60位置健康、短線略熱,910665.0,0.0,47.0,910712.0,3.0,0.0,5.0,35,外資近5日買超、自營商近5日買超、外資連買至少3日、三大法人合計買超,鋼鐵工業,48,一般業,1.02,59.375,14.79867953922228,83.33333333333334,11.543862872348537,39.58333333333333,7.602745771198942,54.166666666666664,-5.264105324462171,33.33333333333333,1.7989213299046458,83.33333333333334,23.54616944918564,87.5,348.22065035247545,93.75,1.4094191278328339,95.83333333333334,,,12.71,56.52173913043478,1.34,46.774193548387096,51.64796633941094,2.7,51.61290322580645,268401.0,64.21718676951848,ROE同產業前20%、營收月增同產業前20%、負債比同產業前20%、流動比率同產業前20%、資產周轉同產業前20%,3573.551,910.665,0.0,0.047,910.712,53.84615384615385,74.03,99.4,★★★★★ 強勢候選,等待回檔,技術趨勢強、法人偏多、風險動能結構佳、綜合表現前10%,成交量波動較大,14.69,25.94,250.0,39.0,45.474137931034484,68.0,40.0,64.22,90.0,62.33,56.67,14.69,45.47,25.94,75.0,87.0,25.0,63.0,47.04,⚪ S2爆發潛力不足,17.0,86.75,80.53,100.0,④ 趨勢加速,55.94,🟡 等待回檔,MA20向上、MA5近期上穿MA20、MACD近期黃金交叉、MACD動能擴張、近期突破20日高、外資5日買超、外資買盤加速、外資連買,無明顯風險訊號,偏多順風,偏多順風,56.53,45.47,54.62,56.67,29.46,47.04,S2_E_BALANCED,正常,31.0,45.0,255,255
293,6139,亞翔,上市,3399157.0,2026-09-24,3205964.0,2414090892.0,733.0,755.0,725.0,753.0,17.0,0,731.0,731.8,782.15,-11.86984493379407,-16.16656249557684,4.296717561782771,52.489304548713555,2196942.4,1.4592845037721518,814.0,733.35,0.02309782608695654,8.18965517241379,-3.9540816326530615,-19.808306709265178,45.05633104813517,24.857142857142858,3.3010813887307915,2.896966384258004,-3.7269066035926612,-13.755980861244021,0.39929096618782073,35,股價高於20日均線、RSI介於50至70、MACD多頭、MACD柱狀體為正,48,波動率可接受、ATR風險合理、20日回撤可接受、MA20乖離健康、成交量穩定、短線未過熱,-45118.0,-748500.0,79738.0,-713880.0,2.0,0.0,5.0,5,自營商近5日買超,其他電子業,95,一般業,25.91,97.89473684210527,54.81078751224287,96.84210526315789,20.163868050453686,31.57894736842105,18.18600929229631,84.21052631578947,41.68738766970338,62.10526315789474,0.8238097120440546,54.736842105263165,75.95255232567435,3.1578947368421053,125.12036668363722,15.789473684210526,0.7630650199678799,63.1578947368421,,,15.17,73.68421052631578,8.57,17.391304347826086,45.53775743707094,3.05,58.69565217391305,11018647.0,64.58032036613272,EPS同產業前20%、ROE同產業前20%、營業利益率同產業前20%,3399.157,-45.118,-748.5,79.738,-713.88,7.6923076923076925,41.01,37.1,★★ 弱勢,整理觀察,,無明顯風險訊號,16.671,28.66,250.0,42.0,50.646551724137936,65.0,15.0,64.58,35.0,45.44,45.7,16.671,50.65,28.66,37.0,30.0,65.0,100.0,46.55,⚪ S2爆發潛力不足,5.0,86.75,80.53,82.5,④ 趨勢加速,49.64,🔴 暫不考慮,站上MA20且乖離健康、RSI位於起漲區、MACD近期黃金交叉、MACD動能擴張、成交量溫和放大、外資買盤加速,無明顯風險訊號,偏多順風,偏多順風,46.49,50.65,31.4,76.56,29.46,46.55,S2_E_BALANCED,正常,162.0,125.0,256,256
448,6919,康霈*,上市,3951337.0,2026-09-24,3872368.0,310176670.89123535,80.9000015258789,82.0,79.80000305175781,80.0999984741211,-0.5,0,82.43999938964843,84.73999977111816,98.76333325703939,-4.960615403833302,-5.311802972011413,0.35118756817811114,35.82688561341979,10787782.1,0.3589586778917235,108.0,85.8849998474121,-0.006203474062850489,-3.377566948395938,-22.23301119017369,-17.08074561141977,48.297475874776744,4.02142824445452,5.0205097641216225,-5.475573884269136,-18.89702804414822,-30.13215590153496,1.46584836766309,15,MACD多頭、MACD柱狀體為正,13,波動率可接受、ATR偏高但可接受,-3471124.0,3000.0,64120.0,-3404004.0,0.0,0.0,5.0,20,投信近5日買超、自營商近5日買超,生技醫療業,159,一般業,-0.21,32.38993710691824,-7.17433868930543,25.157232704402517,65.24663677130044,81.0126582278481,-14263.340807174887,1.2658227848101267,-100.0,0.6493506493506493,,,2.373877329082889,100.0,6003.390436423954,99.37106918238993,0.0007566649821256985,1.8867924528301887,,,,,13.53,5.0,5.0,0.0,18.333333333333332,0.0,30.1638395346377,毛利率同產業前20%、負債比同產業前20%、流動比率同產業前20%,3951.337,-3471.124,3.0,64.12,-3404.004,30.76923076923077,22.3,3.7,★★ 弱勢,風險偏高,,近期回撤偏大、成交量波動較大,15.291,28.32,250.0,38.0,46.76724137931034,8.0,20.0,30.16,0.0,13.72,16.99,15.291,46.77,28.32,0.0,0.0,45.0,80.0,46.22,⚪ S2爆發潛力不足,18.0,86.75,80.53,100.0,⑥ 轉弱,0.0,🔴 暫不考慮,投信5日買超,近期回撤偏大,偏多順風,偏多順風,0.0,46.77,49.03,56.67,29.46,46.22,S2_E_BALANCED,正常,441.0,399.0,257,257
315,2392,正崴,上市,1407640.0,2026-09-24,1393650.0,58324250.37345886,41.849998474121094,42.099998474121094,41.599998474121094,41.849998474121094,-0.3000030517578125,0,42.79000015258789,43.40499973297119,39.90916639963786,0.2512973785862087,0.5590432119388906,-0.3077458333526819,47.66795816867098,3586137.5,0.3886214625066663,48.599998474121094,43.64499988555908,-0.007117509867078375,-0.593824249551167,-10.289395272784784,10.422155116656251,38.80447892831523,1.6464296068464006,3.934121067804837,-3.5825394964094204,4.863123561761107,-11.897112261998465,0.827553693122866,15,20日均線高於60日均線,68,60日趨勢健康、波動率合理、ATR風險合理、20日回撤可接受、MA60位置健康、成交量穩定度普通、短線未過熱,-2301068.0,87.0,195093.0,-2105888.0,1.0,0.0,5.0,20,投信近5日買超、自營商近5日買超,電子零組件業,210,一般業,12.56,95.23809523809523,38.31498592946402,98.09523809523809,12.30034736024068,18.095238095238095,1.7770936940287771,32.38095238095238,-24.697637910930144,6.666666666666667,-41.97419686607689,1.9047619047619049,73.79173668198268,5.238095238095238,109.77174820193613,5.238095238095238,0.6141445519342972,47.61904761904761,,,5.39,100.0,0.68,95.1923076923077,97.59615384615384,2.39,74.03846153846155,5188271.0,49.7216117216117,EPS同產業前20%、ROE同產業前20%、估值同產業前20%,1407.64,-2301.068,0.087,195.093,-2105.888,30.76923076923077,39.17,32.3,★★ 弱勢,一般觀察,風險動能健康,無明顯風險訊號,14.513,25.82,250.0,36.0,44.396551724137936,8.0,45.0,49.72,25.0,27.91,33.13,14.513,44.4,25.82,0.0,12.0,25.0,80.0,45.82,⚪ S2爆發潛力不足,0.0,86.75,80.53,82.5,⑥ 轉弱,17.11,🔴 暫不考慮,投信5日買超、投信買盤加速、外資由賣轉買,無明顯風險訊號,偏多順風,偏多順風,14.93,44.4,39.35,77.2,29.46,45.82,S2_E_BALANCED,正常,345.0,234.0,258,258
18,6196,帆宣,上市,1521343.0,2026-09-24,1418129.0,801242885.0,547.0,566.0,541.0,565.0,16.0,0,544.8,519.425,517.8583333333333,11.28186182685397,6.621033208777163,4.660828618076806,65.5613894168273,1497719.5,0.9468588744421101,558.0,516.05,0.02914389799635697,9.496124031007746,13.567839195979904,-3.911564625850339,43.35005371384742,20.785714285714285,3.678887484197219,8.774125234634456,9.103197463913881,-5.088062622309197,0.48632946315336684,85,股價高於20日均線、5日均線高於20日均線、20日均線高於60日均線、20日均線向上、RSI介於50至70、MACD多頭、MACD柱狀體為正、突破20日高點,73,20日動能健康、波動率可接受、ATR風險合理、20日回撤小、MA20乖離可接受、MA60位置健康、成交量穩定、短線未過熱,810296.0,-62000.0,77901.0,826197.0,3.0,0.0,5.0,35,外資近5日買超、自營商近5日買超、外資連買至少3日、三大法人合計買超,其他電子業,95,一般業,13.26,90.52631578947368,32.12616887765761,90.52631578947368,13.498246204164433,18.947368421052634,8.649654372052998,53.68421052631579,83.88589994276812,82.10526315789474,-3.976329003076118,34.73684210526316,72.75425197494026,6.315789473684211,122.80935013450134,13.684210526315791,1.0714216766725118,92.63157894736842,,,25.59,42.10526315789473,6.97,21.73913043478261,31.92219679633867,1.14,41.30434782608695,7219605.0,59.5848970251716,EPS同產業前20%、ROE同產業前20%、營收年增同產業前20%、資產周轉同產業前20%,1521.343,810.296,-62.0,77.901,826.197,53.84615384615385,68.74,96.3,★★★★ 觀察候選,等待回檔,技術趨勢強、法人偏多、風險動能健康、綜合表現前10%,無明顯風險訊號,13.615,25.71,250.0,34.0,41.5948275862069,62.0,40.0,59.58,75.0,56.99,49.92,13.615,41.59,25.71,45.0,75.0,45.0,80.0,45.77,⚪ S2爆發潛力不足,7.0,86.75,80.53,82.5,③ 剛啟動,67.19,🟡 等待回檔,MA20向上、MACD動能擴張、近期突破20日高、外資5日買超、外資買盤加速、外資連買,無明顯風險訊號,偏多順風,偏多順風,53.37,41.59,56.56,56.67,29.46,45.77,S2_E_BALANCED,正常,62.0,87.0,259,259
462,6127,九豪,上櫃,1327857.0,2026-09-24,1310213.0,62628180.40038681,47.54999923706055,48.900001525878906,47.400001525878906,47.79999923706055,-0.15000152587890625,0,48.33000030517578,48.64250011444092,53.991666603088376,-0.9673733934491793,-1.2040660235749283,0.23669263012574904,44.576797446596174,2756083.4,0.47538946027540385,54.29999923706055,48.79750022888184,-0.0031282903752285485,-1.2396741113686605,-6.090377595062025,-47.240618055071934,53.22668861777864,2.103572028023856,4.400778371546298,-1.7320262638602646,-11.4678204167042,-11.26894100173229,0.643071993609864,15,MACD多頭、MACD柱狀體為正,31,波動率可接受、ATR偏高但可接受、20日回撤可接受、成交量穩定度普通、短線未過熱,0.0,0.0,0.0,0.0,0.0,0.0,0.0,0,,電子零組件業,210,一般業,-1.1,8.095238095238095,-20.731381592947322,5.238095238095238,5.052407532259835,8.571428571428571,-23.264514965741075,7.6190476190476195,29.684085998140972,50.0,14.750053407391572,89.52380952380953,68.11601769990574,8.095238095238095,110.51451512265606,5.714285714285714,0.28492738213837376,8.095238095238095,,,,,,,,,,107429.0,19.572510822510818,營收月增同產業前20%,1327.857,0.0,0.0,0.0,0.0,0.0,16.57,0.6,★★ 弱勢,一般觀察,,無明顯風險訊號,13.785,25.92,250.0,35.0,41.810344827586206,8.0,0.0,19.57,10.0,7.64,14.12,13.785,41.81,25.92,0.0,0.0,25.0,80.0,45.09,⚪ S2爆發潛力不足,5.0,86.75,80.53,82.5,⑥ 轉弱,0.0,🔴 暫不考慮,,無明顯風險訊號,偏多順風,偏多順風,0.0,41.81,38.92,80.86,29.46,45.09,S2_E_BALANCED,正常,464.0,427.0,260,260
13,2855,統一證,上市,5306238.0,2026-09-24,5263385.0,304223648.9843559,57.400001525878906,59.20000076293945,56.5,57.79999923706055,0.09999847412109375,0,56.6,52.51999988555908,48.3525000890096,2.422490210966565,1.883432031685265,0.5390581792812998,77.41536108600421,5303776.9,0.9923843139027962,59.70000076293945,52.01999988555908,0.001733075785075533,10.095236642020101,20.92050242596395,16.180902989066425,31.702776079762927,1.942856924874442,3.3613442050509743,10.053311810751264,19.53880177996905,-2.646505643660557,0.4050181243683938,60,股價高於20日均線、5日均線高於20日均線、20日均線高於60日均線、20日均線向上、MACD多頭、MACD柱狀體為正,78,20日動能尚可、60日趨勢健康、波動率合理、ATR風險合理、20日回撤小、MA20乖離可接受、MA60乖離可接受、成交量穩定、短線略熱,12929500.0,339729.0,0.0,13269229.0,5.0,0.0,5.0,45,外資近5日買超、投信近5日買超、外資連買至少3日、三大法人合計買超,金融保險,40,證券期貨業,6.96,85.0,46.23671226829048,90.0,,,,,109.8769286098819,90.0,122.47776672091173,95.0,87.34093007684218,56.666666666666664,112.56021465800585,41.66666666666667,,,,,6.0,90.32258064516128,1.93,22.58064516129032,56.4516129032258,3.65,43.54838709677419,3758199.0,77.037925021796,EPS同產業前20%、ROE同產業前20%、營收年增同產業前20%、營收月增同產業前20%,5306.238,12929.5,339.729,0.0,13269.229,69.23076923076923,70.56,97.4,★★★★ 觀察候選,整理觀察,法人偏多、基本面優於產業平均、風險動能結構佳、綜合表現前10%,RSI偏熱,7.431,17.51,250.0,19.0,20.905172413793103,44.0,40.0,77.04,80.0,53.16,36.87,7.431,20.91,17.51,10.0,100.0,45.0,63.0,44.96,⚪ S2爆發潛力不足,24.0,86.75,80.53,70.0,⑤ 過熱,22.36,🟠 短線過熱,MA20向上、MACD動能擴張、外資5日買超、投信5日買超、外資連買,RSI過熱,偏多順風,偏多順風,25.97,20.91,71.18,56.67,61.72,44.96,S2_E_BALANCED,正常,89.0,208.0,261,261
73,2605,新興,上市,6256782.0,2026-09-24,6229584.0,227379816.0,37.150001525878906,37.20000076293945,36.20000076293945,36.5,-0.5499992370605469,0,36.80999908447266,36.1274995803833,33.60416650772095,0.6990585816600685,0.7639070500404211,-0.06484846838035263,54.66665924091773,10551529.75,0.5903962882727976,38.650001525878906,36.02249965667725,-0.014844784032016722,-1.7496675617256985,6.104646456312746,25.645442198274182,29.46664511251189,1.4785717555454798,4.050881522042411,1.0310716876153814,8.617483464777198,-8.06878121328165,0.44286870122514016,55,股價高於20日均線、5日均線高於20日均線、20日均線高於60日均線、20日均線向上、RSI介於50至70,85,20日動能健康、60日趨勢健康、波動率合理、ATR偏高但可接受、20日回撤可接受、MA20乖離可接受、MA60位置健康、成交量穩定、短線未過熱,-2480553.0,0.0,1337409.0,-1143144.0,0.0,0.0,5.0,5,自營商近5日買超,航運業,34,一般業,3.67,79.41176470588235,22.22761014771336,91.17647058823529,43.96703260441164,91.17647058823529,33.48847590865559,82.35294117647058,58.75071504262123,94.11764705882352,6.044078803127895,79.41176470588235,26.876661005061404,97.05882352941177,212.22627523739595,70.58823529411765,0.20404240280333058,32.35294117647059,,,7.45,100.0,1.11,59.25925925925925,79.62962962962962,2.74,33.33333333333333,507861.0,81.02723311546839,ROE同產業前20%、毛利率同產業前20%、營業利益率同產業前20%、營收年增同產業前20%、負債比同產業前20%,6256.782,-2480.553,0.0,1337.409,-1143.144,7.6923076923076925,59.35,84.5,★★★ 一般觀察,整理觀察,同產業基本面突出、風險動能結構佳、綜合表現前25%,無明顯風險訊號,17.045,24.21,250.0,43.0,51.724137931034484,48.0,5.0,81.03,65.0,42.6,38.39,17.045,51.72,24.21,0.0,53.0,45.0,63.0,44.4,⚪ S2爆發潛力不足,0.0,86.75,80.53,100.0,② 蓄勢,56.21,🟡 等待回檔,站上MA20且乖離健康、MA20向上、RSI位於起漲區,無明顯風險訊號,偏多順風,偏多順風,41.95,51.72,46.45,33.98,29.46,44.4,S2_E_BALANCED,正常,198.0,196.0,262,262
335,5425,台半,上櫃,10095120.0,2026-09-24,9974174.0,942559443.0,95.30000305175781,96.80000305175781,94.19999694824219,94.5,-1.1999969482421875,0,93.91999969482421,92.34000015258789,94.14333356221518,0.794826382821455,0.3209468456347503,0.4738795371867047,54.68932636128122,12951177.75,0.7701364456989249,104.5,92.375,-0.01253915346404022,2.051837534759682,-0.7352909355897941,-29.21348314606742,38.59890930137878,3.421428680419922,3.6205594501798117,2.3391811174386046,0.37885469346496947,-10.8695653890853,0.808254676336178,45,股價高於20日均線、5日均線高於20日均線、RSI介於50至70、MACD多頭、MACD柱狀體為正,58,波動率合理、ATR風險合理、20日回撤可接受、MA20乖離健康、MA60乖離可接受、成交量穩定度普通、短線未過熱,0.0,0.0,0.0,0.0,0.0,0.0,0.0,0,,半導體業,207,一般業,1.52,40.09661835748793,12.256929344411944,56.52173913043478,30.39600089076522,35.26570048309179,8.986665869806998,38.164251207729464,22.43337099822437,38.349514563106794,-0.9470470726716584,40.29126213592233,50.57838532540543,14.009661835748794,181.79246188534017,23.67149758454106,0.858477796715044,81.64251207729468,,,,,,,,,,1714148.0,42.313276283305825,資產周轉同產業前20%,10095.12,0.0,0.0,0.0,0.0,0.0,37.79,28.0,★★ 弱勢,一般觀察,,無明顯風險訊號,14.897,26.36,250.0,37.0,46.33620689655172,46.0,0.0,42.31,30.0,29.25,23.21,14.897,46.34,26.36,0.0,15.0,45.0,80.0,44.12,⚪ S2爆發潛力不足,0.0,86.75,80.53,83.33,① 尚未啟動,30.52,🔴 暫不考慮,站上MA20且乖離健康、RSI位於起漲區,無明顯風險訊號,偏多順風,偏多順風,24.67,46.34,37.2,31.83,61.29,44.12,S2_E_BALANCED,正常,337.0,338.0,263,263
407,1714,和桐,上市,4047440.0,2026-09-24,4034063.0,63536492.25,15.800000190734863,16.0,15.550000190734863,15.75,-0.05000019073486328,0,15.860000038146973,16.254999923706055,16.25666659673055,-0.16841566241687822,-0.12433570946731065,-0.04407995294956757,46.60229677168511,12311033.6,0.32767866054723466,18.549999237060547,16.294999885559083,-0.0031645689956499856,-1.8691542138383865,-4.833832470935118,-23.913046282596085,59.1737072846016,0.5357142857142857,3.401360544217687,-3.1067359340283374,-3.1166696672763616,-19.407005799779586,1.0060002662612988,0,,20,ATR風險合理、短線未過熱,1045641.0,0.0,-151661.0,893980.0,1.0,0.0,5.0,20,外資近5日買超、三大法人合計買超,化學工業,42,一般業,0.89,45.23809523809524,16.072612123581003,83.33333333333334,15.57739622187434,19.51219512195122,11.488200547119062,58.536585365853654,56.10735951141534,90.47619047619048,-8.522145731496234,21.428571428571427,29.6020569067739,69.04761904761905,335.98657424125776,80.48780487804879,1.2499675438048365,97.5609756097561,,,13.35,80.76923076923077,1.16,89.28571428571429,85.02747252747253,1.14,28.57142857142857,3046841.0,65.62275529348699,ROE同產業前20%、營收年增同產業前20%、流動比率同產業前20%、資產周轉同產業前20%、估值同產業前20%,4047.44,1045.641,0.0,-151.661,893.98,30.76923076923077,29.84,12.5,★★ 弱勢,整理觀察,基本面優於產業平均,成交量波動較大,10.971,20.8,250.0,28.0,32.974137931034484,8.0,25.0,65.62,10.0,22.04,24.19,10.971,32.97,20.8,0.0,0.0,25.0,80.0,44.08,⚪ S2爆發潛力不足,13.0,86.75,80.53,100.0,⑥ 轉弱,0.0,🔴 暫不考慮,外資5日買超、外資由賣轉買、法人買超占量提升,近期回撤偏大,偏多順風,偏多順風,4.35,32.97,46.67,87.74,29.46,44.08,S2_E_BALANCED,正常,389.0,330.0,264,264
61,6199,天品,上櫃,5880560.0,2026-09-24,5872506.0,728190744.0,122.0,125.0,118.5,124.0,2.0,0,118.0,102.5849998474121,100.32999979654947,6.008837364552534,3.1802755824422793,2.8285617821102544,87.62776360352952,3028856.7,1.9388523729102138,122.0,101.00499992370605,0.016393442622950838,18.0952380952381,34.19913198299107,19.23076923076923,29.716186435155507,5.185713631766183,4.182027122392083,20.875371822821265,23.592146169090867,-10.338161302649452,0.725921330558242,90,股價高於20日均線、5日均線高於20日均線、20日均線高於60日均線、20日均線向上、MACD多頭、MACD柱狀體為正、量比達1.5以上、突破20日高點,48,60日趨勢健康、波動率合理、ATR偏高但可接受、20日回撤可接受、MA60乖離可接受、成交量穩定度普通,0.0,0.0,0.0,0.0,0.0,0.0,0.0,0,,其他,94,一般業,2.07,71.27659574468085,25.12044904845944,93.61702127659575,44.35293387660552,80.85106382978722,35.675401766324015,95.74468085106383,171.69669177857844,94.68085106382979,6.9467902683049365,79.7872340425532,44.000738504311556,55.319148936170215,677.5074235617868,92.5531914893617,0.5000832627410094,55.319148936170215,,,,,,,,,,82949.0,83.20841392649903,ROE同產業前20%、毛利率同產業前20%、營業利益率同產業前20%、營收年增同產業前20%、流動比率同產業前20%,5880.56,0.0,0.0,0.0,0.0,0.0,61.56,87.1,★★★★ 觀察候選,短線過熱,技術趨勢強、同產業基本面突出、綜合表現前25%,5日漲幅過大、MA20乖離過大、RSI偏熱,8.766,21.71,250.0,22.0,25.21551724137931,64.0,0.0,83.21,45.0,44.83,22.96,8.766,25.22,21.71,70.0,53.0,65.0,83.0,43.95,⚪ S2爆發潛力不足,39.0,86.75,80.53,100.0,⑤ 過熱,1.43,🟠 短線過熱,MA20向上、MACD動能擴張、成交量溫和放大、近期突破20日高,RSI過熱、5日漲幅過大、MA20乖離過大,偏多順風,偏多順風,10.65,25.22,78.71,56.67,29.46,43.95,S2_E_BALANCED,正常,170.0,340.0,265,265
45,2034,允強,上市,8643926.0,2026-09-24,8594797.0,195961365.04269028,22.100000381469727,23.299999237060547,21.950000762939453,22.799999237060547,0.7999992370605469,0,21.93000030517578,20.96500015258789,20.211666742960613,0.49545062162770037,0.31721833150453826,0.1782322901231621,80.0297842415406,1973587.35,4.354910868272438,22.399999618530273,20.84250020980835,0.03636360168457031,8.31353949371627,12.0393061899976,13.715711245100115,20.464389417361964,0.6035714830671038,2.6472434353682828,8.752678612531017,12.806130869941267,-4.028437754040071,1.1050386599640225,90,股價高於20日均線、5日均線高於20日均線、20日均線高於60日均線、20日均線向上、MACD多頭、MACD柱狀體為正、量比達1.5以上、突破20日高點,90,20日動能健康、60日趨勢健康、波動率合理、ATR風險合理、20日回撤小、MA20乖離可接受、MA60位置健康、短線未過熱,4413965.0,0.0,30441.0,4444406.0,2.0,0.0,5.0,25,外資近5日買超、自營商近5日買超、三大法人合計買超,鋼鐵工業,48,一般業,0.14,25.0,1.6192534846864195,22.916666666666664,9.716954373442256,37.5,3.167091864096785,37.5,26.75100905606621,72.91666666666666,-6.173616249514469,43.75,62.3955590351225,14.583333333333334,109.21205751724352,16.666666666666664,0.5257632255685902,27.083333333333332,,,54.29,8.695652173913043,1.34,46.774193548387096,27.734922861150068,4.39,70.96774193548387,1270580.0,35.995003506311356,,8643.926,4413.965,0.0,30.441,4444.406,38.46153846153847,63.49,90.5,★★★★ 觀察候選,等待回檔,技術趨勢強、風險動能結構佳、綜合表現前10%,成交量波動較大、RSI偏熱,12.633,20.16,250.0,32.0,37.93103448275862,54.0,30.0,36.0,90.0,49.5,28.69,12.633,37.93,20.16,45.0,100.0,45.0,50.0,43.91,⚪ S2爆發潛力不足,19.0,86.75,80.53,100.0,⑤ 過熱,26.1,🟠 短線過熱,MA20向上、MACD動能擴張、近期突破20日高、外資5日買超、外資買盤加速、法人買超占量提升,RSI過熱,偏多順風,偏多順風,20.17,37.93,55.7,56.67,29.46,43.91,S2_E_BALANCED,正常,123.0,278.0,266,266
126,6239,力成,上市,5364014.0,2026-09-24,5142625.0,1475933375.0,285.5,289.5,283.5,287.0,0.5,0,288.4,280.05,281.075,2.5977460933029874,1.0617573585508628,1.5359887347521246,55.0045604632244,12813917.6,0.4013312056884149,302.0,279.55,0.0017452006980802626,4.553734061930781,3.6101083032491044,-13.943028485757125,34.884060219467884,11.214285714285714,3.9074166251866598,2.4816996964827753,2.1079782976074046,-6.620209059233451,0.47908789163818144,55,股價高於20日均線、5日均線高於20日均線、20日均線向上、RSI介於50至70、MACD多頭、MACD柱狀體為正,73,20日動能尚可、波動率合理、ATR風險合理、20日回撤小、MA20乖離健康、MA60乖離可接受、成交量穩定、短線未過熱,6885887.0,-5999950.0,1044400.0,1930337.0,0.0,0.0,5.0,25,外資近5日買超、自營商近5日買超、三大法人合計買超,半導體業,207,一般業,5.5,71.98067632850241,14.505671603720655,64.25120772946859,20.650486622788357,17.391304347826086,14.160007070898201,53.14009661835749,24.459768182447533,41.262135922330096,3.475300820434213,64.56310679611651,44.86918657947203,22.705314009661837,169.03971220428292,19.806763285024154,0.6785276033144585,67.14975845410628,,,28.42,51.87500000000001,3.71,40.625,46.25,1.57,60.416666666666664,8557545.0,50.3468622484874,,5364.014,6885.887,-5999.95,1044.4,1930.337,38.46153846153847,53.9,73.1,★★★ 一般觀察,一般觀察,風險動能健康,無明顯風險訊號,17.34,27.94,250.0,43.0,53.01724137931034,56.0,20.0,50.35,70.0,46.45,41.22,17.34,53.02,27.94,0.0,58.0,45.0,63.0,43.7,⚪ S2爆發潛力不足,0.0,86.75,80.53,83.33,② 蓄勢,58.72,🟡 等待回檔,站上MA20且乖離健康、MA20向上、RSI位於起漲區、外資5日買超、法人買超占量提升,無明顯風險訊號,偏多順風,偏多順風,44.72,53.02,41.51,33.66,29.46,43.7,S2_E_BALANCED,正常,147.0,166.0,267,267
256,1710,東聯,上市,3365755.0,2026-09-24,3354806.0,55018817.12024307,16.549999237060547,16.799999237060547,16.200000762939453,16.399999618530273,-0.3000011444091797,0,16.64000015258789,16.19000005722046,15.701666609446209,0.31160079181491795,0.2828460870629357,0.028754704751982274,54.65864830725653,5337776.1,0.6285025705742885,17.149999618530273,16.16000008583069,-0.017964139563091508,-1.5015015359025496,3.7974646870400086,-10.869565442739681,35.314430055952535,0.6178570474897113,3.767421108910258,1.2970942592193335,4.447508831094038,-4.281350132155337,0.4390996508034761,70,股價高於20日均線、5日均線高於20日均線、20日均線高於60日均線、20日均線向上、RSI介於50至70、MACD多頭、MACD柱狀體為正,73,20日動能尚可、波動率合理、ATR風險合理、20日回撤小、MA20乖離可接受、MA60位置健康、成交量穩定、短線未過熱,-131498.0,0.0,-182612.0,-314110.0,0.0,0.0,5.0,0,,化學工業,42,一般業,-0.12,9.523809523809524,-4.68691446711196,7.142857142857142,3.7055164865314842,4.878048780487805,-1.5997883739748773,19.51219512195122,23.96862268267556,61.904761904761905,6.224372551154889,66.66666666666666,62.64850411187464,4.761904761904762,54.308842503921575,4.878048780487805,0.5968547546172641,43.90243902439025,,,,,1.3,78.57142857142857,78.57142857142857,0.0,8.928571428571429,2389820.0,27.68118466898955,,3365.755,-131.498,0.0,-182.612,-314.11,0.0,43.9,45.0,★★ 弱勢,趨勢健康,技術面偏多、風險動能健康,無明顯風險訊號,20.061,28.75,250.0,50.0,59.91379310344828,56.0,0.0,27.68,50.0,34.05,20.91,20.061,59.91,28.75,0.0,28.0,25.0,80.0,43.68,⚪ S2爆發潛力不足,0.0,86.75,80.53,100.0,② 蓄勢,47.66,🔴 暫不考慮,站上MA20且乖離健康、MA20向上、RSI位於起漲區,無明顯風險訊號,偏多順風,偏多順風,26.26,59.91,32.04,28.6,29.46,43.68,S2_E_BALANCED,正常,306.0,355.0,268,268
371,1802,台玻,上市,8054096.0,2026-09-24,7965339.0,465175809.75414276,57.5,58.400001525878906,56.599998474121094,58.400001525878906,0.8000030517578125,0,58.73999938964844,59.224999618530276,57.61749979654948,0.12716859027840144,0.2942843064132622,-0.16711571613486076,49.73073494374987,22969886.75,0.34677310718565035,64.0,59.264999580383304,0.01388894223872672,-0.1709375626001597,-1.351350045186761,-17.04545417600427,33.43290726077835,2.1642862047467912,3.705969431846208,-1.3929896124359686,1.358097335171582,-8.646002125651398,0.6104283524652856,15,20日均線高於60日均線,48,波動率合理、ATR風險合理、20日回撤可接受、MA60乖離可接受、成交量穩定度普通、短線未過熱,-7977721.0,131000.0,357792.0,-7488929.0,1.0,0.0,5.0,20,投信近5日買超、自營商近5日買超,玻璃陶瓷,5,一般業,0.64,41.06781376518219,6.90401494510346,46.33774160732452,21.44244103170685,40.30005173305742,10.454046846108863,63.37299534402483,32.59146823861491,67.88432267884322,0.23571613482291642,54.0650406504065,41.77007443715944,50.50864699898271,135.2283719953159,23.25102880658436,0.47610591205416114,40.072388831437436,,,67.91,9.873708381171067,3.29,19.8427382053654,14.858223293268233,0.0,10.823311748381128,4592157.0,45.56949272867124,,8054.096,-7977.721,131.0,357.792,-7488.929,30.76923076923077,33.92,20.3,★★ 弱勢,一般觀察,,無明顯風險訊號,16.117,27.47,250.0,40.0,48.706896551724135,8.0,30.0,45.57,10.0,20.54,31.58,16.117,48.71,27.47,0.0,0.0,45.0,63.0,43.23,⚪ S2爆發潛力不足,0.0,86.75,80.53,100.0,⑥ 轉弱,11.14,🔴 暫不考慮,投信5日買超、外資由賣轉買,無明顯風險訊號,偏多順風,偏多順風,12.49,48.71,32.47,26.02,61.94,43.23,S2_E_BALANCED,正常,400.0,250.0,269,269
221,3231,緯創,上市,31269892.0,2026-09-24,27226763.0,5023337773.5,180.0,184.5,178.0,184.5,4.5,0,183.6,185.2,175.45,0.6397434923313199,1.5053717959285406,-0.8656283035972208,51.44723967453918,51667478.95,0.526961321769697,200.5,184.95,0.02499999999999991,-1.072386058981234,2.785515320334264,16.403785488959,36.222978466870224,6.25,3.387533875338753,-0.3779697624189948,5.158164719293246,-9.644670050761416,0.5762017925341477,35,20日均線高於60日均線、20日均線向上、RSI介於50至70,78,20日動能尚可、60日趨勢健康、波動率合理、ATR風險合理、20日回撤可接受、MA60位置健康、成交量穩定、短線未過熱,-28100187.0,-10188252.0,1312765.0,-36975674.0,1.0,0.0,5.0,5,自營商近5日買超,電腦及週邊設備業,109,一般業,7.78,87.1559633027523,30.12604947320343,86.23853211009175,5.440379680881096,6.422018348623854,3.593208301536833,38.53211009174312,166.4840985505344,93.57798165137615,49.26554412746218,96.3302752293578,82.37451820891994,4.587155963302752,118.14496900893224,14.678899082568808,2.2143992095103293,97.24770642201835,,,14.65,64.81481481481481,3.02,28.125,46.469907407407405,2.98,54.6875,460065063.0,62.79500084947334,EPS同產業前20%、ROE同產業前20%、營收年增同產業前20%、營收月增同產業前20%、資產周轉同產業前20%,31269.892,-28100.187,-10188.252,1312.765,-36975.674,7.6923076923076925,46.48,52.7,★★★ 一般觀察,整理觀察,風險動能結構佳,無明顯風險訊號,18.052,29.57,250.0,45.0,54.525862068965516,25.0,25.0,62.8,50.0,34.42,39.14,18.052,54.53,29.57,0.0,35.0,25.0,80.0,42.84,⚪ S2爆發潛力不足,0.0,86.75,80.53,82.5,② 蓄勢,46.62,🔴 暫不考慮,MA20向上、RSI位於起漲區、外資買盤加速、外資由賣轉買,無明顯風險訊號,偏多順風,偏多順風,40.63,54.53,35.91,32.69,29.46,42.84,S2_E_BALANCED,正常,301.0,187.0,270,270
278,6118,建達,上櫃,1254156.0,2026-09-24,1119000.0,17904000.0,16.5,16.5,15.75,16.0,-0.7999992370605469,0,15.749999809265137,15.30499997138977,15.747499958674114,0.08441871747166019,-0.0701785129118365,0.15459723038349668,58.08656430545891,182338.35,6.1369426672995555,16.799999237060547,15.269999980926514,-0.04761900436850974,5.610563715328909,4.575162095024243,-3.9039017022371003,41.693625250901405,0.36428540093558176,2.276783755847386,4.54099986873191,1.6034293823687484,-4.761900436850974,1.6166441601605652,70,股價高於20日均線、5日均線高於20日均線、20日均線向上、RSI介於50至70、MACD多頭、MACD柱狀體為正、量比達1.5以上,61,20日動能尚可、波動率可接受、ATR風險合理、20日回撤小、MA20乖離健康、MA60乖離可接受、短線未過熱,0.0,0.0,0.0,0.0,0.0,0.0,0.0,0,,電子通路業,38,一般業,-0.12,5.263157894736842,-1.9796156111994545,13.157894736842104,4.917395154670548,21.052631578947366,0.02825373848613482,15.789473684210526,29.63824843568012,31.57894736842105,8.965594854664992,89.47368421052632,69.75954011558191,42.10526315789473,135.81091120166099,47.368421052631575,2.582858707381447,86.8421052631579,,,,,,,,,,1094117.0,30.562200956937797,營收月增同產業前20%、資產周轉同產業前20%,1254.156,0.0,0.0,0.0,0.0,0.0,42.37,40.3,★★ 弱勢,趨勢健康,技術面偏多、風險動能健康,成交量波動較大,19.688,27.82,250.0,49.0,59.05172413793104,76.0,0.0,30.56,85.0,47.73,26.94,19.688,59.05,27.82,45.0,58.0,0.0,80.0,42.7,⚪ S2爆發潛力不足,0.0,86.75,80.53,76.67,③ 剛啟動,64.47,🔵 等待突破,站上MA20且乖離健康、MA20向上、RSI位於起漲區、MACD動能擴張、近期突破20日高,無明顯風險訊號,偏多順風,偏多順風,34.44,59.05,24.52,37.2,29.46,42.7,S2_E_BALANCED,正常,136.0,294.0,271,271
437,2375,凱美,上市,1160416.0,2026-09-24,1134203.0,133268852.5,117.5,120.0,117.0,117.5,-0.5,0,118.4,121.775,135.3,-3.2318442546223736,-3.476092732170559,0.24424847754818524,41.93361102806432,3476971.85,0.3262042515529713,143.0,122.425,-0.004237288135593209,0.0,-9.961685823754785,-45.85253456221198,41.490281309355154,4.964285714285714,4.224924012158056,-3.510572777663734,-13.155949741315599,-15.412186379928317,1.1454261742963159,15,MACD多頭、MACD柱狀體為正,23,波動率可接受、ATR偏高但可接受、短線未過熱,-132295.0,0.0,-10275.0,-142570.0,0.0,0.0,5.0,0,,電子零組件業,210,一般業,1.85,63.095238095238095,3.773675396094952,38.57142857142858,18.07259582044203,40.0,7.440445236466246,57.61904761904761,37.591888359720436,60.0,5.277616304815158,77.14285714285715,28.89129249294271,85.23809523809524,190.6156429080658,50.0,0.40248462074192903,20.0,,,28.25,55.952380952380956,1.2,78.84615384615384,67.3992673992674,1.02,48.07692307692308,653794.0,54.638827838827844,負債比同產業前20%,1160.416,-132.295,0.0,-10.275,-142.57,0.0,25.49,6.0,★★ 弱勢,一般觀察,,成交量波動較大,13.111,25.98,250.0,33.0,39.87068965517241,8.0,0.0,54.64,30.0,15.9,25.79,13.111,39.87,25.98,0.0,0.0,45.0,80.0,42.59,⚪ S2爆發潛力不足,8.0,86.75,80.53,82.5,⑥ 轉弱,0.0,🔴 暫不考慮,,近期回撤偏大,偏多順風,偏多順風,5.63,39.87,30.32,84.3,29.46,42.59,S2_E_BALANCED,正常,424.0,311.0,272,272
309,6415,矽力*-KY,上市,1518168.0,2026-09-24,1490303.0,634123926.5,426.5,429.5,421.0,425.5,-0.5,0,429.3,420.075,452.06666666666666,-5.701314768677378,-8.973574788515949,3.272260019838571,48.483126774305795,2961039.0,0.5033040767109113,488.5,422.325,-0.0011737089201877549,3.5279805352798066,-9.564293304994687,-31.810897435897434,55.76894961529355,17.892857142857142,4.205136813832466,1.2914360530857705,-5.8767143489160905,-15.625,0.46938065940879425,35,股價高於20日均線、5日均線高於20日均線、MACD多頭、MACD柱狀體為正,25,ATR偏高但可接受、MA20乖離可接受、成交量穩定、短線未過熱,1042514.0,-126000.0,-100997.0,815517.0,0.0,1.0,5.0,20,外資近5日買超、三大法人合計買超,半導體業,207,一般業,6.03,74.39613526570048,11.266176912669135,50.72463768115942,47.559551760811445,74.8792270531401,10.434645163921365,42.99516908212561,52.53892158873933,72.33009708737865,2.5369954638471803,59.70873786407766,14.569228119432125,87.92270531400966,718.1818652611228,94.20289855072464,0.4545088382974893,40.09661835748793,,,43.2,40.0,4.09,38.54166666666667,39.270833333333336,0.6,34.375,2416636.0,60.70366540030956,負債比同產業前20%、流動比率同產業前20%,1518.168,1042.514,-126.0,-100.997,815.517,30.76923076923077,39.86,33.6,★★ 弱勢,整理觀察,,無明顯風險訊號,11.89,25.91,250.0,30.0,35.775862068965516,46.0,25.0,60.7,30.0,39.51,33.65,11.89,35.78,25.91,15.0,30.0,45.0,80.0,42.54,⚪ S2爆發潛力不足,13.0,86.75,80.53,83.33,① 尚未啟動,27.78,🔴 暫不考慮,站上MA20且乖離健康、MA5近期上穿MA20、外資5日買超、投信由賣轉買、法人買超占量提升,近期回撤偏大,偏多順風,偏多順風,32.47,35.78,36.99,85.16,29.46,42.54,S2_E_BALANCED,正常,239.0,229.0,273,273
79,2103,台橡,上市,1545422.0,2026-09-24,1536196.0,42706247.627975464,27.899999618530273,27.899999618530273,27.399999618530273,27.799999237060547,-0.10000038146972656,0,27.689999771118163,27.292500019073486,25.61083329518636,0.3419115022740371,0.32630105088979583,0.015610451384241275,55.66166691409119,4525291.2,0.3394689826811587,29.450000762939453,27.29000005722046,-0.0035842431124375462,-1.418445088854714,0.18017743084881577,29.906540806610614,41.341798367859674,0.9785714830671038,3.5200414026003184,1.8594823399556315,8.547812234932817,-11.631939454394956,0.6678086554201316,70,股價高於20日均線、5日均線高於20日均線、20日均線高於60日均線、20日均線向上、RSI介於50至70、MACD多頭、MACD柱狀體為正,74,20日動能尚可、60日趨勢健康、波動率可接受、ATR風險合理、20日回撤可接受、MA20乖離可接受、MA60位置健康、成交量穩定度普通、短線未過熱,4436.0,0.0,-154265.0,-149829.0,0.0,0.0,5.0,10,外資近5日買超,橡膠工業,11,一般業,2.26,81.81818181818183,17.18494051715551,90.9090909090909,17.01303246622804,27.27272727272727,11.085546927512281,63.63636363636363,21.785505046328982,72.72727272727273,-5.363845698033365,36.36363636363637,50.26169059957636,27.27272727272727,181.93183208162037,45.45454545454545,0.9251454511172331,100.0,,,11.16,70.0,1.04,45.45454545454545,57.72727272727273,0.97,36.36363636363637,3446503.0,64.61818181818181,EPS同產業前20%、ROE同產業前20%、資產周轉同產業前20%,1545.422,4.436,0.0,-154.265,-149.829,15.384615384615385,58.26,83.2,★★★★ 觀察候選,趨勢健康,技術面偏多、風險動能健康、綜合表現前25%,無明顯風險訊號,11.662,23.6,250.0,29.0,34.69827586206897,80.0,20.0,64.62,65.0,57.44,36.91,11.662,34.7,23.6,40.0,35.0,25.0,80.0,42.26,⚪ S2爆發潛力不足,0.0,86.75,80.53,100.0,③ 剛啟動,76.05,🟢 可觀察進場,站上MA20且乖離健康、MA20向上、MA5近期上穿MA20、RSI位於起漲區、MACD近期黃金交叉、MACD動能擴張、外資5日買超、外資買盤加速,無明顯風險訊號,偏多順風,偏多順風,44.74,34.7,51.61,30.75,60.86,42.26,S2_E_BALANCED,正常,56.0,207.0,274,274
247,2357,華碩,上市,1296816.0,2026-09-24,1260367.0,1201129751.0,948.0,961.0,947.0,953.0,-5.0,0,954.0,967.9,856.7166666666667,12.805464705096824,20.113838005000463,-7.308373299903639,53.06363280656798,3208340.5,0.39284078482318197,1030.0,968.65,-0.005219206680584509,0.527426160337563,-1.5495867768595017,42.87856071964018,41.498764814835646,29.0,3.04302203567681,-1.5394152288459528,11.238643658930414,-9.853658536585364,0.463406204267986,25,20日均線高於60日均線、RSI介於50至70,56,60日趨勢尚可、波動率可接受、ATR風險合理、20日回撤可接受、MA60位置健康、成交量穩定、短線未過熱,-335701.0,-908341.0,90099.0,-1153943.0,0.0,3.0,5.0,20,自營商近5日買超、投信連買至少3日,電腦及週邊設備業,109,一般業,38.83,96.3302752293578,19.088258818934776,71.55963302752293,16.136389312089914,33.02752293577982,7.052036515471892,58.71559633027523,51.16688342643828,77.06422018348624,12.86644318887722,87.1559633027523,62.0069376798109,23.853211009174313,128.0019021596601,21.100917431192663,1.0732969414855797,79.81651376146789,,,13.93,68.51851851851852,2.35,42.1875,55.35300925925926,4.41,79.6875,94955954.0,65.27629119945635,EPS同產業前20%、營收月增同產業前20%,1296.816,-335.701,-908.341,90.099,-1153.943,30.76923076923077,44.44,47.0,★★ 弱勢,整理觀察,基本面優於產業平均,無明顯風險訊號,9.937,26.18,250.0,25.0,29.95689655172414,15.0,30.0,65.28,30.0,29.29,30.33,9.937,29.96,26.18,0.0,40.0,45.0,80.0,41.68,⚪ S2爆發潛力不足,0.0,86.75,80.53,82.5,⑥ 轉弱,18.5,🔴 暫不考慮,RSI位於起漲區、投信買盤加速、投信連買,無明顯風險訊號,偏多順風,偏多順風,12.96,29.96,57.42,33.12,59.14,41.68,S2_E_BALANCED,正常,336.0,263.0,275,275
402,2337,旺宏,上市,18598874.0,2026-09-24,18013559.0,2107586403.0,117.5,117.5,115.0,117.0,-2.0,0,119.0,120.8,125.08833338419596,-2.019595790978599,-1.9811714904897557,-0.038424300488843155,44.265973421747425,29803383.3,0.6044132244542854,131.0,121.325,-0.01680672268907568,0.42918454935623185,-8.235294117647063,-19.58762886597938,39.85106654427046,5.0,4.273504273504273,-3.14569536423841,-6.466097329279686,-14.598540145985407,0.3873693976804357,0,,40,波動率合理、ATR偏高但可接受、20日回撤可接受、成交量穩定、短線未過熱,-2127603.0,-545000.0,1020814.0,-1651789.0,0.0,1.0,5.0,5,自營商近5日買超,半導體業,207,一般業,4.82,68.59903381642512,30.72158164859887,87.92270531400966,56.0644551999987,86.95652173913044,36.83291188789713,93.23671497584542,218.53271706735816,94.1747572815534,5.444034937143427,72.81553398058253,35.77321276616327,35.748792270531396,235.8946714431293,41.54589371980676,0.6136748557777952,58.93719806763285,,,27.73,53.75,3.74,39.58333333333333,46.666666666666664,0.0,9.895833333333332,8145267.0,72.00140530462923,ROE同產業前20%、毛利率同產業前20%、營業利益率同產業前20%、營收年增同產業前20%,18598.874,-2127.603,-545.0,1020.814,-1651.789,7.6923076923076925,31.14,13.7,★★ 弱勢,整理觀察,基本面優於產業平均,無明顯風險訊號,15.942,27.64,250.0,40.0,48.060344827586206,15.0,15.0,72.0,30.0,25.8,35.93,15.942,48.06,27.64,15.0,15.0,45.0,80.0,41.29,⚪ S2爆發潛力不足,0.0,86.75,80.53,83.33,⑥ 轉弱,15.07,🔴 暫不考慮,MACD近期黃金交叉、投信由賣轉買,無明顯風險訊號,偏多順風,偏多順風,16.76,48.06,39.57,35.7,29.46,41.29,S2_E_BALANCED,正常,362.0,215.0,276,276
84,3147,大綜,上櫃,1269278.0,2026-09-24,1236430.0,300452490.0,235.0,249.5,234.0,243.0,8.5,0,238.0,226.7,227.775,3.2130528840369266,1.0847287794071272,2.128324104629799,60.03971215206253,528524.55,2.339399371325324,244.5,225.4,0.036247334754797356,4.516129032258065,11.981566820276491,1.673640167364021,35.13357987782313,9.0,3.7037037037037033,7.190119100132342,6.684227856437275,-19.705340699815842,0.6236730258973029,70,股價高於20日均線、5日均線高於20日均線、20日均線向上、RSI介於50至70、MACD多頭、MACD柱狀體為正、量比達1.5以上,81,20日動能健康、60日趨勢尚可、波動率合理、ATR風險合理、MA20乖離健康、MA60位置健康、成交量穩定度普通、短線未過熱,0.0,0.0,0.0,0.0,0.0,0.0,0.0,0,,資訊服務業,45,一般業,11.26,100.0,50.8163764058151,100.0,11.957550746796391,8.88888888888889,7.058335143026763,51.11111111111111,233.47826842384174,100.0,-1.927152461699022,46.666666666666664,77.28863225897753,4.444444444444445,119.8870994419761,15.555555555555555,2.0781932413532034,100.0,,,,,,,,,,1535454.0,69.01515151515152,EPS同產業前20%、ROE同產業前20%、營收年增同產業前20%、資產周轉同產業前20%,1269.278,0.0,0.0,0.0,0.0,0.0,57.9,82.1,★★★★ 觀察候選,趨勢健康,技術面偏多、基本面優於產業平均、風險動能結構佳、綜合表現前25%,無明顯風險訊號,13.005,23.04,250.0,33.0,39.6551724137931,77.0,0.0,69.02,93.0,55.1,49.24,13.005,39.66,23.04,55.0,75.0,65.0,100.0,41.19,⚪ S2爆發潛力不足,8.0,86.75,80.53,76.67,② 蓄勢,58.84,🟡 等待回檔,MA20向上、RSI位於起漲區、MACD動能擴張、成交量溫和放大、接近20日突破,近期回撤偏大,偏多順風,偏多順風,51.16,39.66,53.12,37.63,29.46,41.19,S2_E_BALANCED,正常,79.0,96.0,277,277
393,6548,長科*,上櫃,1378263.0,2026-09-24,1355752.0,96665121.73742676,72.19999694824219,72.19999694824219,70.5999984741211,71.30000305175781,-0.6999969482421875,0,73.0000015258789,72.40000038146972,73.57666664123535,-0.07128797374883789,-0.11547732423086556,0.04418935048202767,46.91709628552489,2631743.15,0.515153615959825,78.0,72.58500022888184,-0.009722179836697098,-1.7906273411654072,-4.933329264322916,-21.302423562265417,39.64632348810176,2.892858232770647,4.057304500633296,-1.5193333203261217,-3.0942738960691107,-6.914889839451965,0.49125648898333313,25,5日均線高於20日均線、MACD多頭、MACD柱狀體為正,45,波動率合理、ATR偏高但可接受、20日回撤小、成交量穩定、短線未過熱,0.0,0.0,0.0,0.0,0.0,0.0,0.0,0,,半導體業,207,一般業,1.22,38.164251207729464,17.168538607020476,70.04830917874396,22.255995450567934,19.806763285024154,14.324125249110079,54.589371980676326,43.657297439383484,65.53398058252428,6.099515363535213,74.75728155339806,49.3661621280789,14.492753623188406,200.50043669830762,30.917874396135264,0.5988920289271773,57.971014492753625,,,,,,,,,,1650483.0,51.161946608337495,,1378.263,0.0,0.0,0.0,0.0,0.0,31.85,15.5,★★ 弱勢,一般觀察,,無明顯風險訊號,16.832,29.45,250.0,42.0,50.86206896551724,24.0,0.0,51.16,10.0,18.77,30.74,16.832,50.86,29.45,0.0,0.0,45.0,80.0,40.82,⚪ S2爆發潛力不足,0.0,86.75,80.53,83.33,⑥ 轉弱,8.04,🔴 暫不考慮,,無明顯風險訊號,偏多順風,偏多順風,11.2,50.86,32.9,35.27,29.46,40.82,S2_E_BALANCED,正常,410.0,257.0,278,278
277,3090,日電貿,上市,1725546.0,2026-09-24,1689063.0,278695395.0,164.5,167.5,164.0,165.0,0.0,0,164.8,166.925,182.075,-2.501534554215283,-3.091143905309316,0.5896093510940332,47.48744972441335,5495443.9,0.30735697256412714,184.0,167.1,0.0,3.125,-2.077151335311578,-46.945337620578776,49.04036566123796,6.714285714285714,4.069264069264069,-1.1532125205930832,-9.378003569957427,-10.422535211267602,0.8722070088518982,15,MACD多頭、MACD柱狀體為正,31,波動率可接受、ATR偏高但可接受、20日回撤可接受、成交量穩定度普通、短線未過熱,984369.0,216000.0,21887.0,1222256.0,0.0,0.0,5.0,40,外資近5日買超、投信近5日買超、自營商近5日買超、三大法人合計買超,電子零組件業,210,一般業,4.91,84.76190476190476,15.147956401602952,76.19047619047619,18.908708166272106,42.38095238095238,12.11611164811214,71.9047619047619,38.4488218327368,60.952380952380956,-8.70691169283402,28.095238095238095,30.89560032444338,79.52380952380952,156.34087923935812,28.095238095238095,0.7153776207787338,63.8095238095238,,,21.85,70.23809523809523,2.55,48.07692307692308,59.15750915750915,2.91,76.92307692307693,1912802.0,64.73333333333332,EPS同產業前20%,1725.546,984.369,216.0,21.887,1222.256,61.53846153846154,42.43,40.5,★★ 弱勢,整理觀察,法人偏多,無明顯風險訊號,6.587,22.64,250.0,17.0,18.75,26.0,35.0,64.73,45.0,37.36,26.09,6.587,18.75,22.64,10.0,30.0,45.0,80.0,40.68,⚪ S2爆發潛力不足,5.0,86.75,80.53,82.5,⑥ 轉弱,21.56,🔴 暫不考慮,MACD動能擴張、外資5日買超、投信5日買超、法人買超占量提升,無明顯風險訊號,偏多順風,偏多順風,10.18,18.75,42.8,77.85,65.81,40.68,S2_E_BALANCED,正常,267.0,301.0,279,279
251,1314,中石化,上市,42262966.0,2026-09-24,42191175.0,373813796.0148096,9.029999732971191,9.039999961853027,8.779999732971191,8.859999656677246,-0.15000057220458984,0,8.95,8.390500020980834,8.308333333333334,0.23691256582818454,0.16138921806285472,0.07552334776532982,60.72160526817536,41227960.9,1.023363127328473,9.5,8.355500030517579,-0.016648231786249967,-1.1160756812943928,8.578429195524272,-1.4460524777605066,44.49630556886761,0.31785706111363005,3.5875516188545267,5.59560973151072,6.639915627007964,-4.7930339807237266,1.0379227509015738,70,股價高於20日均線、5日均線高於20日均線、20日均線高於60日均線、20日均線向上、RSI介於50至70、MACD多頭、MACD柱狀體為正,73,20日動能健康、波動率可接受、ATR風險合理、20日回撤小、MA20乖離健康、MA60位置健康、短線未過熱,-9773775.0,0.0,-90538.0,-9864313.0,0.0,0.0,5.0,0,,塑膠工業,25,一般業,-0.52,24.0,-5.28845229449197,28.000000000000004,-1.123364300697859,16.0,-9.50850101839783,20.0,-24.409608589644968,12.0,-12.482781654395259,20.0,39.619917607394186,52.0,167.63607746604592,32.0,0.1277802140049175,16.0,,,,,0.45,90.47619047619048,90.47619047619048,0.0,21.428571428571427,927609.0,28.775238095238098,估值同產業前20%,42262.966,-9773.775,0.0,-90.538,-9864.313,0.0,44.23,46.0,★★ 弱勢,趨勢健康,技術面偏多、風險動能健康,成交量波動較大,14.778,27.49,250.0,37.0,45.689655172413794,61.0,0.0,28.78,50.0,36.22,19.72,14.778,45.69,27.49,0.0,45.0,45.0,90.0,40.63,⚪ S2爆發潛力不足,0.0,86.75,80.53,100.0,① 尚未啟動,38.82,🔴 暫不考慮,站上MA20且乖離健康、MA20向上、RSI位於起漲區,無明顯風險訊號,偏多順風,偏多順風,23.54,45.69,41.94,34.41,29.46,40.63,S2_E_BALANCED,正常,283.0,372.0,280,280
257,1301,台塑,上市,16415790.0,2026-09-24,16324024.0,1046369913.4915161,62.70000076293945,64.69999694824219,62.0,64.0999984741211,1.0,0,64.39999847412109,64.88499927520752,60.90499941507975,0.9199276060768256,1.272217873605097,-0.35229026752827153,53.23173746332302,29733635.8,0.5490086752189249,71.19999694824219,64.83499927520752,0.01584786092205892,-0.7739938263315871,1.584786092205892,7.370180326552145,34.612144237889275,2.1642862047467912,3.376421616641024,-1.2098340292135523,5.245873228348286,-8.554576387452595,0.552858283613213,35,20日均線高於60日均線、20日均線向上、RSI介於50至70,71,20日動能尚可、60日趨勢尚可、波動率合理、ATR風險合理、20日回撤可接受、MA60位置健康、成交量穩定、短線未過熱,-5141929.0,-2000.0,322616.0,-4821313.0,1.0,0.0,5.0,5,自營商近5日買超,塑膠工業,25,一般業,2.19,88.0,4.848180183491284,72.0,8.44388484911713,44.0,1.7681354661953634,64.0,6.786144497398495,48.0,-8.510176426260752,28.000000000000004,26.46727286433923,64.0,301.25846041696065,80.0,0.22853651760508834,28.000000000000004,,,39.09,19.97703788748565,0.71,66.66666666666666,43.321852277076154,0.78,47.61904761904761,13992385.0,58.650510086928,EPS同產業前20%、流動比率同產業前20%,16415.79,-5141.929,-2.0,322.616,-4821.313,7.6923076923076925,43.83,44.8,★★ 弱勢,一般觀察,風險動能健康,無明顯風險訊號,18.514,30.26,250.0,46.0,55.81896551724138,25.0,15.0,58.65,50.0,30.8,36.58,18.514,55.82,30.26,0.0,22.0,45.0,63.0,40.5,⚪ S2爆發潛力不足,0.0,86.75,80.53,100.0,② 蓄勢,44.4,🔴 暫不考慮,MA20向上、RSI位於起漲區、外資由賣轉買,無明顯風險訊號,偏多順風,偏多順風,38.14,55.82,27.96,26.45,29.46,40.5,S2_E_BALANCED,正常,332.0,210.0,281,281
83,3479,安勤,上櫃,1308051.0,2026-09-24,1280412.0,174136032.0,130.0,136.5,130.0,136.0,5.5,0,131.8,128.7,135.15833333333333,0.08693771946866491,-0.8439837589905175,0.9309214784591824,58.823233272738165,561958.85,2.2784799990248397,135.0,128.35,0.04214559386973171,4.615384615384621,5.4263565891472965,-7.167235494880542,38.77914320782589,4.25,3.125,5.672105672105676,0.6227264319625059,-14.685314685314687,0.6313870467304422,85,股價高於20日均線、5日均線高於20日均線、20日均線向上、RSI介於50至70、MACD多頭、MACD柱狀體為正、量比達1.5以上、突破20日高點,73,20日動能健康、波動率合理、ATR風險合理、20日回撤可接受、MA20乖離健康、MA60乖離可接受、成交量穩定度普通、短線未過熱,0.0,0.0,0.0,0.0,0.0,0.0,0.0,0,,電腦及週邊設備業,109,一般業,3.95,71.55963302752293,15.867680606031783,65.13761467889908,26.011753884517624,56.88073394495413,8.245730768457307,62.38532110091744,35.43316627661718,60.550458715596335,0.48968258448698343,55.04587155963303,57.38988850896608,28.440366972477065,155.71832743689896,40.36697247706422,0.9968286583216805,72.47706422018348,,,,,,,,,,961222.0,59.64345287739783,,1308.051,0.0,0.0,0.0,0.0,0.0,57.99,82.3,★★★★ 觀察候選,趨勢健康,技術趨勢強、風險動能健康、綜合表現前25%,無明顯風險訊號,14.954,24.26,250.0,37.0,46.55172413793103,86.0,0.0,59.64,85.0,56.1,52.5,14.954,46.55,24.26,70.0,58.0,65.0,100.0,39.69,⚪ S2爆發潛力不足,0.0,86.75,80.53,82.5,③ 剛啟動,73.3,🟢 可觀察進場,站上MA20且乖離健康、MA20向上、RSI位於起漲區、MACD動能擴張、成交量溫和放大、近期突破20日高,無明顯風險訊號,偏多順風,偏多順風,56.66,46.55,34.19,38.49,29.46,39.69,S2_E_BALANCED,正常,69.0,66.0,282,282
395,4303,信立,上櫃,1207046.0,2026-09-24,1107480.0,37709693.155059814,34.25,34.45000076293945,33.650001525878906,34.04999923706055,-0.6000022888183594,0,34.85000076293945,35.82749996185303,33.85547552108765,-0.12368052252142547,0.2132180970930255,-0.336898619614451,42.77136374942264,1147669.4,0.9649817273162464,44.900001525878906,36.22999992370605,-0.017316082608834438,-2.2955502785878434,-19.121139023339605,4.654227286018764,36.38792996479335,1.0642855507986886,3.12565513845975,-4.961274793622383,0.5745709164585167,-17.69595538779344,1.1424204978538786,15,20日均線高於60日均線,48,60日趨勢尚可、波動率合理、ATR風險合理、MA60乖離可接受、短線未過熱,0.0,0.0,0.0,0.0,0.0,0.0,0.0,0,,塑膠工業,25,一般業,-0.26,40.0,-1.1565888373042243,48.0,20.111369558210786,80.0,0.8750742657880329,52.0,52.26860440089781,92.0,37.71783463107157,96.0,21.104452903254018,76.0,88.307544577599,8.0,0.21047710451256763,24.0,,,,,,,,,,148570.0,58.95454545454546,毛利率同產業前20%、營收年增同產業前20%、營收月增同產業前20%,1207.046,0.0,0.0,0.0,0.0,0.0,31.79,15.1,★★ 弱勢,一般觀察,,成交量波動較大,12.762,26.45,250.0,32.0,38.793103448275865,0.0,0.0,58.95,18.0,11.54,24.31,12.762,38.79,26.45,0.0,0.0,25.0,80.0,39.46,⚪ S2爆發潛力不足,8.0,86.75,80.53,100.0,⑥ 轉弱,0.0,🔴 暫不考慮,,近期回撤偏大,偏多順風,偏多順風,4.45,38.79,36.34,56.67,29.46,39.46,S2_E_BALANCED,正常,454.0,329.0,283,283
72,2637,慧洋-KY,上市,1912163.0,2026-09-24,1894522.0,190399461.0,100.0,101.0,98.5999984741211,100.5,0.0,0,101.2,99.27000007629394,89.83166681925455,2.69975145012026,3.164684526381662,-0.4649330762614019,57.89491033565694,3794672.95,0.4992583089406954,105.0,98.975,0.0,-1.4705882352941124,6.23678818292257,40.16736998266202,34.137268557110886,3.6499998910086497,3.6318406875707954,1.2390449509023238,11.875915875200915,-9.705883848900887,0.5173714761282215,55,股價高於20日均線、5日均線高於20日均線、20日均線高於60日均線、20日均線向上、RSI介於50至70,83,20日動能健康、60日趨勢尚可、波動率合理、ATR風險合理、20日回撤可接受、MA20乖離可接受、MA60位置健康、成交量穩定、短線未過熱,1096466.0,-311560.0,64890.0,849796.0,0.0,0.0,5.0,25,外資近5日買超、自營商近5日買超、三大法人合計買超,航運業,34,一般業,4.1,88.23529411764706,12.333729245020196,67.64705882352942,34.46999593383725,76.47058823529412,33.36492116437711,79.41176470588235,34.96367119988952,67.64705882352942,-4.030388923688277,11.76470588235294,41.178110180860315,58.82352941176471,92.13232497234218,20.588235294117645,0.22971200935584174,35.294117647058826,,,11.18,60.0,1.51,44.44444444444444,52.22222222222222,3.48,48.148148148148145,2013191.0,61.95664488017428,EPS同產業前20%,1912.163,1096.466,-311.56,64.89,849.796,38.46153846153847,59.38,84.7,★★★ 一般觀察,整理觀察,風險動能結構佳、綜合表現前25%,無明顯風險訊號,9.599,22.55,250.0,24.0,28.01724137931034,48.0,20.0,61.96,50.0,41.99,29.22,9.599,28.02,22.55,0.0,53.0,45.0,63.0,39.26,⚪ S2爆發潛力不足,0.0,86.75,80.53,100.0,② 蓄勢,55.6,🟡 等待回檔,站上MA20且乖離健康、MA20向上、RSI位於起漲區、外資5日買超、法人買超占量提升,無明顯風險訊號,偏多順風,偏多順風,34.49,28.02,51.4,32.47,59.57,39.26,S2_E_BALANCED,正常,204.0,273.0,284,284
442,1711,永光,上市,1949606.0,2026-09-24,1929510.0,74479083.05580139,39.04999923706055,39.5,38.150001525878906,38.599998474121094,-0.3000030517578125,0,39.00000076293945,40.30750007629395,39.32583344777425,-0.35167361307173906,-0.14332092172260946,-0.2083526913491296,44.390104468607106,3369801.2,0.5725886737769575,48.400001525878906,40.55250015258789,-0.0077121604110537145,-2.5252526225563066,-11.264371323859557,-14.601774728795702,29.837436642088704,1.3321429661342077,3.4511477170843072,-4.23618829979755,-1.8456950813695694,-14.140271249136404,0.40201236493907405,15,20日均線高於60日均線,45,波動率合理、ATR風險合理、20日回撤可接受、成交量穩定、短線未過熱,-209703.0,0.0,-79370.0,-289073.0,0.0,0.0,5.0,0,,化學工業,42,一般業,0.28,19.047619047619047,3.3417516806346104,21.428571428571427,23.237160917900166,51.21951219512195,3.5483259325086927,26.82926829268293,33.157168626164825,71.42857142857143,-4.396573347461752,45.23809523809524,34.612087416614926,52.38095238095239,180.04513342797893,39.02439024390244,0.5956144536119343,41.46341463414634,,,296.92,3.8461538461538463,2.37,32.142857142857146,17.994505494505496,0.0,8.928571428571429,747049.0,36.07661038148842,,1949.606,-209.703,0.0,-79.37,-289.073,0.0,24.32,5.0,★★ 弱勢,一般觀察,,無明顯風險訊號,14.795,24.98,250.0,37.0,45.9051724137931,0.0,10.0,36.08,10.0,9.91,20.49,14.795,45.91,24.98,0.0,0.0,25.0,63.0,38.8,⚪ S2爆發潛力不足,0.0,86.75,80.53,100.0,⑥ 轉弱,0.52,🔴 暫不考慮,外資買盤加速,無明顯風險訊號,偏多順風,偏多順風,1.49,45.91,32.69,36.99,29.46,38.8,S2_E_BALANCED,正常,457.0,361.0,285,285
205,3673,TPK-KY,上市,2491440.0,2026-09-24,2470931.0,162093069.8296585,64.5999984741211,65.9000015258789,64.19999694824219,65.5999984741211,0.7999954223632812,0,65.23999938964843,64.89499969482422,65.30999984741212,0.05750672617558905,-0.14275203369553258,0.20025875987112163,53.165402277986324,3572180.15,0.6917151140879612,69.69999694824219,64.98999977111816,0.012345607788387003,2.8213154523283324,-2.8148170753761526,-21.718381759957406,31.220538055873032,2.4071434565952847,3.6694260862595787,1.0863684145345553,0.44403403366486405,-9.824042885701145,0.3398751376196342,45,股價高於20日均線、5日均線高於20日均線、RSI介於50至70、MACD多頭、MACD柱狀體為正,55,波動率合理、ATR風險合理、20日回撤可接受、MA20乖離可接受、MA60乖離可接受、成交量穩定、短線未過熱,-660867.0,76.0,34530.0,-626261.0,1.0,0.0,5.0,20,投信近5日買超、自營商近5日買超,光電業,116,一般業,3.33,87.82608695652175,4.438432590760839,51.30434782608696,7.716423022289276,19.130434782608695,-1.4075467871144374,44.34782608695652,16.136045573102717,60.86956521739131,-0.46823020742478016,55.26315789473685,48.00042021577745,20.869565217391305,197.98239997423386,41.73913043478261,0.7032922547878399,76.52173913043478,,,14.32,76.74418604651163,0.66,95.58823529411765,86.16621067031464,2.74,82.35294117647058,6364138.0,56.790160496107355,EPS同產業前20%、估值同產業前20%、殖利率同產業前20%,2491.44,-660.867,0.076,34.53,-626.261,30.76923076923077,47.69,56.0,★★★ 一般觀察,一般觀察,,無明顯風險訊號,16.126,26.89,250.0,40.0,48.922413793103445,63.0,45.0,56.79,45.0,53.97,39.93,16.126,48.92,26.89,25.0,15.0,45.0,63.0,38.61,⚪ S2爆發潛力不足,0.0,86.75,80.53,100.0,① 尚未啟動,56.57,🟡 等待回檔,站上MA20且乖離健康、MA5近期上穿MA20、RSI位於起漲區、MACD動能擴張、投信5日買超、投信買盤加速、外資由賣轉買,無明顯風險訊號,偏多順風,偏多順風,43.25,48.92,30.75,29.89,29.46,38.61,S2_E_BALANCED,正常,82.0,179.0,286,286
439,3376,新日興,上市,1686649.0,2026-09-24,1621868.0,282205032.0,175.5,176.0,174.0,174.0,-2.5,0,177.4,192.425,189.8,-5.31005042848841,-3.193564227683704,-2.1164862008047054,38.21794131394227,5768149.75,0.2811764725768432,222.0,194.225,-0.014164305949008527,-0.8547008547008517,-17.14285714285714,-10.309278350515461,43.60109557763288,7.75,4.454022988505748,-9.575159152916724,-8.324552160168608,-20.276497695852534,0.8329663524118239,15,20日均線高於60日均線,26,波動率可接受、ATR偏高但可接受、成交量穩定度普通、短線未過熱,-2131439.0,44000.0,-119184.0,-2206623.0,0.0,0.0,5.0,15,投信近5日買超,電子零組件業,210,一般業,0.47,38.095238095238095,1.1079775775999918,27.61904761904762,11.907178652622989,17.142857142857142,-1.8447978950532185,21.904761904761905,-10.00744640377718,14.285714285714285,2.339498449989841,67.61904761904762,27.54147435986727,88.09523809523809,220.84238317741347,63.8095238095238,0.4366358896941953,24.285714285714285,,,120.0,9.523809523809524,2.06,59.61538461538461,34.569597069597066,2.3,70.1923076923077,830265.0,35.987545787545784,負債比同產業前20%,1686.649,-2131.439,44.0,-119.184,-2206.623,23.076923076923077,25.11,5.6,★★ 弱勢,風險偏高,,近期回撤偏大,9.358,22.18,250.0,24.0,26.72413793103448,0.0,15.0,35.99,10.0,11.4,16.03,9.358,26.72,22.18,0.0,0.0,45.0,80.0,38.38,⚪ S2爆發潛力不足,8.0,86.75,80.53,82.5,⑥ 轉弱,0.0,🔴 暫不考慮,投信5日買超,近期回撤偏大,偏多順風,偏多順風,0.0,26.72,53.76,56.67,29.46,38.38,S2_E_BALANCED,正常,455.0,407.0,287,287
169,2377,微星,上市,2626362.0,2026-09-24,2574679.0,390063868.5,150.5,152.5,150.0,151.5,0.5,0,152.8,152.775,149.05833333333334,0.738712197154598,1.0119223079131037,-0.27321011075850565,50.14984792101003,9141097.8,0.2816597148758216,164.0,152.45,0.0033112582781456013,-0.9803921568627416,4.482758620689653,5.944055944055937,48.917251223462536,4.964285714285714,3.2767562470532767,-0.8345606283750695,1.6380611617375695,-14.201183431952657,0.5575877315951755,45,5日均線高於20日均線、20日均線高於60日均線、20日均線向上、RSI介於50至70,59,20日動能尚可、60日趨勢尚可、波動率可接受、ATR風險合理、20日回撤可接受、MA60乖離可接受、成交量穩定、短線未過熱,1549882.0,-32000.0,95324.0,1613206.0,1.0,0.0,5.0,25,外資近5日買超、自營商近5日買超、三大法人合計買超,電腦及週邊設備業,109,一般業,7.59,86.23853211009175,22.101416842947792,78.89908256880734,15.455832598039379,32.11009174311927,6.741332640203066,55.04587155963303,-6.0566534030848755,22.018348623853214,-8.524469677684055,27.522935779816514,54.85791810800668,40.36697247706422,182.79881749614913,55.96330275229357,1.6510006058670341,88.9908256880734,,,13.14,77.77777777777779,2.2,45.3125,61.54513888888889,2.77,53.125,17693552.0,56.47062945973498,EPS同產業前20%、資產周轉同產業前20%,2626.362,1549.882,-32.0,95.324,1613.206,38.46153846153847,49.93,63.8,★★★ 一般觀察,一般觀察,,無明顯風險訊號,16.54,26.74,250.0,42.0,50.43103448275862,33.0,30.0,56.47,65.0,40.42,39.54,16.54,50.43,26.74,0.0,40.0,45.0,80.0,38.24,⚪ S2爆發潛力不足,5.0,86.75,80.53,82.5,② 蓄勢,47.62,🔴 暫不考慮,MA20向上、RSI位於起漲區、外資5日買超、外資由賣轉買、法人買超占量提升,無明顯風險訊號,偏多順風,偏多順風,41.16,50.43,23.23,35.48,29.46,38.24,S2_E_BALANCED,正常,224.0,183.0,288,288
164,6285,啟碁,上市,5064342.0,2026-09-24,4958022.0,1180009236.0,229.0,240.5,229.0,238.0,8.0,0,232.6,233.675,240.93333333333334,-2.643986563176867,-3.7576696152733993,1.1136830520965324,53.00123537919394,3381921.05,1.4660371802588354,255.0,234.025,0.034782608695652195,5.077262693156737,-2.857142857142858,-7.751937984496127,37.1856564387171,7.571428571428571,3.1812725090036014,1.85086123890017,-1.217487548422802,-12.048192771084343,0.33531826671083503,35,股價高於20日均線、RSI介於50至70、MACD多頭、MACD柱狀體為正,50,波動率合理、ATR風險合理、20日回撤可接受、MA20乖離可接受、成交量穩定、短線未過熱,1150106.0,7000.0,507704.0,1664810.0,1.0,2.0,5.0,40,外資近5日買超、投信近5日買超、自營商近5日買超、三大法人合計買超,通信網路業,92,一般業,5.75,92.3913043478261,15.427945197030816,75.0,13.322115324549427,20.652173913043477,5.0013465371776995,53.2608695652174,81.21065327804487,82.41758241758241,-7.148302718672683,27.472527472527474,65.98122243220106,8.695652173913043,133.18897399680478,17.391304347826086,1.3036115013313065,96.73913043478261,,,26.07,50.0,3.21,27.659574468085108,38.829787234042556,1.81,61.702127659574465,15703833.0,58.67432475018044,EPS同產業前20%、營收年增同產業前20%、資產周轉同產業前20%,5064.342,1150.106,7.0,507.704,1664.81,61.53846153846154,50.41,64.9,★★★ 一般觀察,一般觀察,法人偏多,無明顯風險訊號,16.43,27.54,250.0,41.0,49.89224137931034,65.0,70.0,58.67,45.0,62.55,50.86,16.43,49.89,27.54,37.0,30.0,65.0,100.0,38.1,⚪ S2爆發潛力不足,0.0,86.75,80.53,76.67,④ 趨勢加速,71.29,🟡 等待回檔,站上MA20且乖離健康、RSI位於起漲區、MACD近期黃金交叉、MACD動能擴張、成交量溫和放大、外資5日買超、投信5日買超、外資買盤加速,無明顯風險訊號,偏多順風,偏多順風,54.95,49.89,25.16,32.9,29.46,38.1,S2_E_BALANCED,正常,28.0,77.0,289,289
259,2883,凱基金,上市,20805805.0,2026-09-24,20574865.0,801391007.4473763,38.900001525878906,39.25,38.650001525878906,38.95000076293945,-0.3999977111816406,0,39.46999969482422,37.44000015258789,32.83083340326945,1.8957199081039775,1.933749117418013,-0.03802920931403553,65.75311178277812,48326242.55,0.4257493219902734,40.79999923706055,37.10000019073486,-0.010165126472487795,-1.7654495233312306,21.150851988566586,39.60573941036949,27.985648682628135,1.1785711560930525,3.0258565674136046,4.033121271895057,18.638477081914793,-3.7082817594760287,0.3766825839195684,55,股價高於20日均線、5日均線高於20日均線、20日均線高於60日均線、20日均線向上、RSI介於50至70,81,20日動能尚可、60日趨勢尚可、波動率合理、ATR風險合理、20日回撤小、MA20乖離健康、MA60乖離可接受、成交量穩定、短線未過熱,-14638491.0,-1257353.0,1649725.0,-14246119.0,0.0,0.0,5.0,5,自營商近5日買超,金融保險,40,金控業,1.64,45.0,12.122517159750315,16.666666666666664,,,,,-51.734690174233705,5.0,60.64216709067565,87.5,89.77714788289087,46.666666666666664,,,,,,,13.62,51.61290322580645,1.54,41.935483870967744,46.774193548387096,2.57,3.225806451612903,13671344.0,31.14149914290166,營收月增同產業前20%,20805.805,-14638.491,-1257.353,1649.725,-14246.119,7.6923076923076925,43.58,44.4,★★ 弱勢,一般觀察,風險動能結構佳,無明顯風險訊號,3.921,15.52,250.0,10.0,9.051724137931034,41.0,5.0,31.14,40.0,28.57,11.95,3.921,9.05,15.52,0.0,70.0,45.0,63.0,37.86,⚪ S2爆發潛力不足,0.0,86.75,80.53,70.0,① 尚未啟動,28.77,🔴 暫不考慮,站上MA20且乖離健康、MA20向上,無明顯風險訊號,偏多順風,偏多順風,15.32,9.05,65.16,56.67,60.0,37.86,S2_E_BALANCED,正常,341.0,439.0,290,290
345,2478,大毅,上市,1175569.0,2026-09-24,1163530.0,139623600.0,119.0,121.5,119.0,120.0,0.5,0,120.0,121.225,133.09000002543132,-2.2985228885440705,-2.8245205520998744,0.5259976635558039,46.43672987241941,3078826.2,0.37791350482856095,136.0,121.475,0.004184100418409997,1.6949152542372836,-4.0000000000000036,-47.36842105263158,54.39130967024911,5.035714285714286,4.196428571428571,-1.0105176325015397,-9.835449712923616,-14.869888475836435,0.8659013741106155,15,MACD多頭、MACD柱狀體為正,31,波動率可接受、ATR偏高但可接受、20日回撤可接受、成交量穩定度普通、短線未過熱,847840.0,-29000.0,-13166.0,805674.0,1.0,0.0,5.0,20,外資近5日買超、三大法人合計買超,電子零組件業,210,一般業,2.91,73.33333333333333,11.3145604518167,65.23809523809524,27.019641550490643,66.66666666666666,15.931479842407473,80.95238095238095,43.63220372254852,66.66666666666666,-3.6796225655675863,44.761904761904766,29.928721696704773,80.47619047619048,259.0673725943712,76.66666666666667,0.5929293105355933,43.333333333333336,,,24.69,58.333333333333336,2.36,51.92307692307693,55.12820512820513,1.67,58.65384615384615,636565.0,66.43260073260073,營業利益率同產業前20%、負債比同產業前20%,1175.569,847.84,-29.0,-13.166,805.674,30.76923076923077,36.78,25.9,★★ 弱勢,整理觀察,基本面優於產業平均,無明顯風險訊號,8.956,22.57,250.0,23.0,25.862068965517242,26.0,25.0,66.43,45.0,34.61,26.04,8.956,25.86,22.57,10.0,15.0,45.0,80.0,37.28,⚪ S2爆發潛力不足,5.0,86.75,80.53,82.5,⑥ 轉弱,18.82,🔴 暫不考慮,MACD動能擴張、外資5日買超、外資由賣轉買、法人買超占量提升,無明顯風險訊號,偏多順風,偏多順風,9.59,25.86,38.06,78.06,29.46,37.28,S2_E_BALANCED,正常,298.0,303.0,291,291
385,2324,仁寶,上市,18026289.0,2026-09-24,17719255.0,646752807.5,36.599998474121094,36.79999923706055,36.29999923706055,36.5,-0.2999992370605469,0,37.12999954223633,38.48500003814697,37.715000025431316,-0.5296213475808074,-0.24069185483769667,-0.2889294927431107,40.17544670313016,50462007.75,0.3511405072858997,42.099998474121094,38.64750003814697,-0.008152153350003966,-2.406421094010247,-8.176100628930815,4.88505977071696,36.01855012152133,1.000000272478376,2.7397267739133593,-5.1578538032464705,-3.2215299605250935,-12.259612166317135,0.6430967580638879,15,20日均線高於60日均線,51,60日趨勢尚可、波動率合理、ATR風險合理、20日回撤可接受、成交量穩定度普通、短線未過熱,-50583917.0,765812.0,1068854.0,-48749251.0,0.0,2.0,5.0,20,投信近5日買超、自營商近5日買超,電腦及週邊設備業,109,一般業,1.18,46.788990825688074,7.813728055997789,43.11926605504588,4.917798209788897,4.587155963302752,1.250878154163193,26.605504587155966,14.502633489514402,43.11926605504588,-16.873234485137424,20.18348623853211,70.56973118735203,10.091743119266056,122.77981435023149,16.51376146788991,1.68498563980863,89.90825688073394,,,18.34,50.0,1.13,87.5,68.75,3.01,56.25,67337469.0,38.86009174311927,資產周轉同產業前20%,18026.289,-50583.917,765.812,1068.854,-48749.251,30.76923076923077,32.51,17.2,★★ 弱勢,一般觀察,,無明顯風險訊號,11.746,23.16,250.0,29.0,35.3448275862069,0.0,20.0,38.86,18.0,14.53,19.32,11.746,35.34,23.16,0.0,0.0,45.0,80.0,37.27,⚪ S2爆發潛力不足,0.0,86.75,80.53,82.5,⑥ 轉弱,3.73,🔴 暫不考慮,投信5日買超,無明顯風險訊號,偏多順風,偏多順風,1.2,35.34,23.01,74.62,29.46,37.27,S2_E_BALANCED,正常,435.0,374.0,292,292
242,8261,富鼎,上市,2571057.0,2026-09-24,2521013.0,443698288.0,179.5,184.5,175.5,176.0,-4.5,0,176.7,174.4,208.19166666666666,-3.7763237382154387,-5.945625318665753,2.1693015804503144,48.016673142409,3085886.6,0.8169493331349247,200.0,174.85,-0.024930747922437657,4.142011834319526,-4.86486486486486,-46.177370030581045,50.25710656943539,7.714285714285714,4.383116883116883,0.917431192660545,-15.46251450986671,-17.13554987212276,0.666014529053009,35,股價高於20日均線、5日均線高於20日均線、MACD多頭、MACD柱狀體為正,31,波動率可接受、ATR偏高但可接受、MA20乖離可接受、成交量穩定度普通、短線未過熱,1196580.0,20021.0,156836.0,1373437.0,0.0,2.0,5.0,40,外資近5日買超、投信近5日買超、自營商近5日買超、三大法人合計買超,半導體業,207,一般業,3.07,57.00483091787439,12.818110932968871,58.93719806763285,36.04339687723877,47.34299516908212,23.89143906080773,77.77777777777779,-3.0047398521601347,13.106796116504855,-2.560450333206954,33.00970873786408,19.47124949837533,75.36231884057972,421.8290863281406,76.32850241545893,0.4679787079728832,41.54589371980676,,,26.39,58.75,3.67,42.70833333333333,50.729166666666664,2.84,80.20833333333334,285265.0,53.236790019229865,殖利率同產業前20%,2571.057,1196.58,20.021,156.836,1373.437,61.53846153846154,44.98,48.1,★★ 弱勢,一般觀察,法人偏多,無明顯風險訊號,9.721,24.31,250.0,24.0,29.094827586206897,46.0,50.0,53.24,30.0,45.89,33.14,9.721,29.09,24.31,15.0,30.0,45.0,80.0,36.92,⚪ S2爆發潛力不足,13.0,86.75,80.53,83.33,① 尚未啟動,34.16,🔴 暫不考慮,站上MA20且乖離健康、MA5近期上穿MA20、外資5日買超、投信5日買超、投信買盤加速,近期回撤偏大,偏多順風,偏多順風,33.35,29.09,29.25,80.65,29.46,36.92,S2_E_BALANCED,正常,153.0,233.0,293,293
272,3211,順達,上櫃,1233533.0,2026-09-24,1166157.0,441390424.5,383.5,383.5,374.5,378.5,-1.5,0,379.8,378.05,377.4,1.016968177874901,-0.06835116838123578,1.0853193462561368,51.55744446490144,4076933.8,0.28603775710069174,414.5,379.0,-0.003947368421052588,4.993065187239942,-4.779874213836477,-6.888068880688802,44.24036630087144,15.642857142857142,4.132855255708624,0.1190318740907248,0.2914679385267682,-11.206896551724132,0.7011566682379771,60,股價高於20日均線、5日均線高於20日均線、20日均線高於60日均線、RSI介於50至70、MACD多頭、MACD柱狀體為正,41,波動率可接受、ATR偏高但可接受、20日回撤可接受、MA20乖離可接受、MA60乖離可接受、成交量穩定度普通、短線未過熱,0.0,0.0,0.0,0.0,0.0,0.0,0.0,0,,電腦及週邊設備業,109,一般業,3.4,67.88990825688074,11.607778325773559,55.96330275229357,16.871687391097446,36.69724770642202,9.452657642916797,67.88990825688074,17.340478611401327,46.788990825688074,36.4663734646774,94.4954128440367,52.50192432473696,43.11926605504588,143.34248250965885,33.02752293577982,0.7247561461765841,41.284403669724774,,,,,,,,,,1676806.0,55.306505421184326,營收月增同產業前20%,1233.533,0.0,0.0,0.0,0.0,0.0,42.79,41.6,★★ 弱勢,一般觀察,,無明顯風險訊號,12.857,27.69,250.0,32.0,39.224137931034484,53.0,0.0,55.31,30.0,34.0,32.7,12.857,39.22,27.69,15.0,30.0,45.0,80.0,36.91,⚪ S2爆發潛力不足,0.0,86.75,80.53,82.5,① 尚未啟動,35.2,🔴 暫不考慮,站上MA20且乖離健康、MA5近期上穿MA20、RSI位於起漲區,無明顯風險訊號,偏多順風,偏多順風,33.2,39.22,36.13,38.71,29.46,36.91,S2_E_BALANCED,正常,307.0,240.0,294,294
337,1590,亞德客-KY,上市,1242221.0,2026-09-24,899053.0,1087854130.0,1215.0,1215.0,1195.0,1210.0,-20.0,0,1232.0,1313.5,1382.1666666666667,-53.33150259345598,-45.6975007790648,-7.634001814391183,31.941169839088502,717824.85,1.2524684816915994,1505.0,1327.0,-0.016260162601625994,-2.8112449799196804,-18.243243243243246,-12.949640287769782,29.08147525969508,48.92857142857143,4.043683589138134,-7.879710696612108,-12.456288436030395,-17.567567567567565,0.4729045577186441,0,,35,波動率合理、ATR偏高但可接受、成交量穩定、短線未過熱,-899782.0,8000.0,11696.0,-880086.0,0.0,2.0,5.0,20,投信近5日買超、自營商近5日買超,電機機械,100,一般業,29.91,98.98989898989899,21.822256897165865,92.92929292929293,48.9305631325473,96.96969696969697,34.22157394886177,97.97979797979798,43.32524872352335,78.0,-7.178563551237382,44.0,16.973578111321675,91.91919191919192,305.4194769687514,82.82828282828282,0.6717461836910779,74.74747474747475,,,23.25,51.28205128205128,4.41,16.3265306122449,33.80429094714809,2.41,57.14285714285714,3707549.0,81.73187574330433,EPS同產業前20%、ROE同產業前20%、毛利率同產業前20%、營業利益率同產業前20%、負債比同產業前20%、流動比率同產業前20%,1242.221,-899.782,8.0,11.696,-880.086,30.76923076923077,37.67,27.7,★★ 弱勢,整理觀察,同產業基本面突出,無明顯風險訊號,9.032,20.54,250.0,23.0,26.07758620689655,10.0,35.0,81.73,10.0,28.26,25.45,9.032,26.08,20.54,12.0,0.0,45.0,83.0,36.43,⚪ S2爆發潛力不足,8.0,86.75,80.53,100.0,⑥ 轉弱,10.86,🔴 暫不考慮,成交量溫和放大、投信5日買超、投信買盤加速,近期回撤偏大,偏多順風,偏多順風,7.54,26.08,47.1,56.67,29.46,36.43,S2_E_BALANCED,正常,344.0,317.0,295,295
108,2884,玉山金,上市,18254771.0,2026-09-24,18064457.0,823739211.6358261,45.099998474121094,45.95000076293945,45.099998474121094,45.599998474121094,0.0,0,45.96999969482422,44.29249992370605,39.21166674296061,1.9135237146339534,2.081412478083183,-0.16788876344922965,64.93371399449285,47902653.7,0.37710764654359846,47.349998474121094,43.939999961853026,0.0,-3.5940820092180137,18.287936126034833,35.31156510912694,35.26436566742569,1.4642857142857142,3.2111529896579394,2.951963769638666,16.291915804133318,-3.5940820092180137,0.46818054609184967,55,股價高於20日均線、5日均線高於20日均線、20日均線高於60日均線、20日均線向上、RSI介於50至70,78,20日動能健康、60日趨勢尚可、波動率合理、ATR風險合理、20日回撤小、MA20乖離健康、MA60乖離可接受、成交量穩定,-17785123.0,8604118.0,2569992.0,-6611013.0,0.0,5.0,5.0,35,投信近5日買超、自營商近5日買超、投信連買至少3日,金融保險,40,金控業,1.32,40.0,15.214509004318758,46.666666666666664,,,,,19.28818447821957,62.5,12.30392926176036,67.5,94.20721231388903,13.333333333333334,,,,,,,18.92,9.67741935483871,2.62,6.451612903225806,8.064516129032258,3.07,16.129032258064516,9839301.0,40.90384915069347,,18254.771,-17785.123,8604.118,2569.992,-6611.013,53.84615384615385,55.14,76.9,★★★ 一般觀察,一般觀察,法人偏多、風險動能結構佳、綜合表現前25%,無明顯風險訊號,3.63,17.67,250.0,9.0,8.836206896551724,48.0,45.0,40.9,30.0,43.34,20.12,3.63,8.84,17.67,0.0,70.0,45.0,80.0,36.12,⚪ S2爆發潛力不足,0.0,86.75,80.53,70.0,② 蓄勢,54.54,🟡 等待回檔,站上MA20且乖離健康、MA20向上、RSI位於起漲區、投信5日買超、投信買盤加速、投信連買,無明顯風險訊號,偏多順風,偏多順風,27.0,8.84,58.71,56.67,59.78,36.12,S2_E_BALANCED,正常,190.0,367.0,296,296
390,6243,迅杰,上市,1765177.0,2026-09-24,1751013.0,69165013.5,41.25,41.400001525878906,39.25,39.5,-1.75,0,38.95,38.525000190734865,42.91999994913737,-0.980237042430474,-1.4605406774080674,0.4803036349775933,49.261216406761086,483190.25,3.6238583042600716,44.5,38.67000026702881,-0.042424242424242475,6.1827935212085405,-6.839625994137966,-1.496255603371921,49.06801630093814,1.2821434565952845,3.2459328015070494,2.5308236325450206,-7.9683130316641755,-20.990095988358604,0.9163140914573535,50,股價高於20日均線、5日均線高於20日均線、MACD多頭、MACD柱狀體為正、量比達1.5以上,41,波動率可接受、ATR風險合理、MA20乖離健康、成交量穩定度普通、短線未過熱,-107484.0,0.0,694.0,-106790.0,0.0,0.0,5.0,5,自營商近5日買超,半導體業,207,一般業,-1.02,4.830917874396135,-12.526105104787044,6.763285024154589,50.799401339858406,81.15942028985508,-33.46201358863496,6.280193236714976,-32.53518435967649,4.368932038834951,-0.24482109227872417,43.203883495145625,33.64299204198143,40.57971014492754,235.0145170220524,41.06280193236715,0.3034282913326798,16.908212560386474,,,,,2.43,70.83333333333334,70.83333333333334,0.0,9.895833333333332,31782.0,24.21807431640167,毛利率同產業前20%,1765.177,-107.484,0.0,0.694,-106.79,7.6923076923076925,32.0,16.2,★★ 弱勢,風險偏高,,近期回撤偏大,9.671,25.49,250.0,24.0,28.663793103448278,56.0,5.0,24.22,45.0,34.28,19.11,9.671,28.66,25.49,50.0,30.0,45.0,80.0,36.07,⚪ S2爆發潛力不足,13.0,86.75,80.53,83.33,④ 趨勢加速,30.55,🔴 暫不考慮,站上MA20且乖離健康、MA5近期上穿MA20、MACD動能擴張,近期回撤偏大,偏多順風,偏多順風,21.4,28.66,25.59,82.37,29.46,36.07,S2_E_BALANCED,正常,302.0,376.0,297,297
116,4906,正文,上市,2374151.0,2026-09-24,2354165.0,88634315.84217072,37.75,38.0,37.29999923706055,37.650001525878906,-0.4499969482421875,0,37.99000015258789,36.704999923706055,36.17416658401489,0.48790844944387857,0.26374251664192183,0.22416593280195674,55.300008521741326,6134531.3,0.38375629447028825,40.599998474121094,36.68249988555908,-0.011810943996437229,4.293637443970977,1.2096794454578896,-10.992902588772646,39.53186152526777,1.1178575243268694,2.9690769695148744,2.574585490088821,4.079803575947971,-8.115189075665919,0.7928469386607894,70,股價高於20日均線、5日均線高於20日均線、20日均線高於60日均線、20日均線向上、RSI介於50至70、MACD多頭、MACD柱狀體為正,71,20日動能尚可、波動率合理、ATR風險合理、20日回撤可接受、MA20乖離健康、MA60位置健康、成交量穩定度普通、短線未過熱,3002391.0,0.0,170693.0,3173084.0,1.0,0.0,5.0,25,外資近5日買超、自營商近5日買超、三大法人合計買超,通信網路業,92,一般業,-0.42,21.73913043478261,-2.796369498168092,25.0,11.321321736606434,16.304347826086957,-4.769858026786911,27.173913043478258,56.09452372021568,73.62637362637363,6.5921601721881995,63.73626373626373,39.642211965073585,46.73913043478261,161.8289039727613,34.78260869565217,0.6984620387496295,66.30434782608695,,,313.75,8.823529411764707,1.51,65.95744680851064,37.390488110137674,1.25,48.93617021276596,1652106.0,39.743597467450655,,2374.151,3002.391,0.0,170.693,3173.084,38.46153846153847,54.82,75.2,★★★★ 觀察候選,趨勢健康,技術面偏多、風險動能健康、綜合表現前25%,無明顯風險訊號,12.677,23.95,250.0,32.0,38.577586206896555,56.0,30.0,39.74,55.0,45.61,25.66,12.677,38.58,23.95,0.0,40.0,45.0,80.0,35.73,⚪ S2爆發潛力不足,0.0,86.75,80.53,76.67,② 蓄勢,57.35,🟡 等待回檔,站上MA20且乖離健康、MA20向上、RSI位於起漲區、外資5日買超、外資由賣轉買、法人買超占量提升,無明顯風險訊號,偏多順風,偏多順風,32.0,38.58,33.98,36.34,29.46,35.73,S2_E_BALANCED,正常,159.0,314.0,298,298
249,3481,群創,上市,101964433.0,2026-09-24,101383885.0,5023571424.400234,49.150001525878906,50.79999923706055,48.900001525878906,49.54999923706055,-0.049999237060546875,0,49.65999984741211,48.96249961853027,50.879166475931804,0.10549484713504853,-0.15100206521599882,0.2564969123510473,52.02919449463396,202649020.3,0.5002929935210745,52.400001525878906,48.797499656677246,-0.0010080491652965096,2.1649468805372107,7.135133485536316,-26.701182906047727,38.80075992363489,1.9607140677315849,3.957041569972586,1.1998971112739731,-2.6123997913763297,-8.030594310149187,0.536009542831689,55,股價高於20日均線、5日均線高於20日均線、20日均線向上、RSI介於50至70、MACD多頭、MACD柱狀體為正,65,20日動能健康、波動率合理、ATR風險合理、20日回撤可接受、MA20乖離可接受、成交量穩定、短線未過熱,-14607591.0,-10509597.0,-2128795.0,-27245983.0,0.0,0.0,5.0,0,,光電業,116,一般業,0.77,62.17391304347826,5.668496385513202,56.52173913043478,14.49565963029148,33.91304347826087,2.4027621452358336,57.391304347826086,0.022929206689571976,42.608695652173914,-1.0251108918680751,51.75438596491229,43.524546671814946,32.17391304347826,150.56798479588355,17.391304347826086,0.6473427951450963,72.17391304347827,,,63.53,23.25581395348837,1.76,54.41176470588235,38.83378932968536,2.02,72.05882352941177,18696603.0,49.746493158489514,,101964.433,-14607.591,-10509.597,-2128.795,-27245.983,0.0,44.42,46.6,★★ 弱勢,一般觀察,風險動能健康,無明顯風險訊號,12.667,26.68,250.0,32.0,38.362068965517246,56.0,0.0,49.75,70.0,40.36,30.56,12.667,38.36,26.68,0.0,43.0,25.0,80.0,35.54,⚪ S2爆發潛力不足,0.0,86.75,80.53,100.0,② 蓄勢,53.97,🟡 等待回檔,站上MA20且乖離健康、MA20向上、RSI位於起漲區,無明顯風險訊號,偏多順風,偏多順風,35.24,38.36,33.76,36.13,29.46,35.54,S2_E_BALANCED,正常,226.0,259.0,299,299
66,6016,康和證,上櫃,3119672.0,2026-09-24,3092586.0,72985030.77972794,23.649999618530273,23.850000381469727,23.549999237060547,23.600000381469727,-0.1999988555908203,0,23.539999771118165,22.44749984741211,21.56629606882731,0.7140994505674172,0.5744417980485359,0.1396576525188813,63.36027182374121,5580533.25,0.5541739223576887,24.25,22.28499984741211,-0.008403313529497414,3.0567719414852146,15.970515671141605,-5.1785642440825725,38.654639880335104,0.749999863760812,3.1779654730416764,5.134204440992485,9.430012025022716,-5.399568123532261,0.43155193335156683,70,股價高於20日均線、5日均線高於20日均線、20日均線高於60日均線、20日均線向上、RSI介於50至70、MACD多頭、MACD柱狀體為正,85,20日動能健康、波動率合理、ATR風險合理、20日回撤小、MA20乖離健康、MA60位置健康、成交量穩定、短線未過熱,0.0,0.0,0.0,0.0,0.0,0.0,0.0,0,,金融保險,40,證券期貨業,4.63,77.5,48.508462700575144,96.66666666666667,,,,,215.39039794418443,97.5,-235.2786173527371,5.0,86.16895618554285,60.0,111.69053127310464,33.33333333333333,,,,,,,,,,,,2727083.0,75.02688172043011,ROE同產業前20%、營收年增同產業前20%,3119.672,0.0,0.0,0.0,0.0,0.0,60.51,86.0,★★★★ 觀察候選,趨勢健康,技術面偏多、基本面優於產業平均、風險動能結構佳、綜合表現前25%,無明顯風險訊號,8.666,20.24,250.0,22.0,25.0,64.0,0.0,75.03,60.0,45.85,32.95,8.666,25.0,20.24,20.0,75.0,25.0,80.0,35.3,⚪ S2爆發潛力不足,0.0,86.75,80.53,70.0,② 蓄勢,57.06,🟡 等待回檔,站上MA20且乖離健康、MA20向上、RSI位於起漲區、接近20日突破,無明顯風險訊號,偏多順風,偏多順風,37.77,25.0,44.52,56.67,29.46,35.3,S2_E_BALANCED,正常,154.0,235.0,300,300
452,5328,華容,上櫃,2496890.0,2026-09-24,2478696.0,130131540.0,52.20000076293945,53.29999923706055,51.79999923706055,52.5,0.2999992370605469,0,52.41999969482422,56.734999656677246,62.539999898274736,-2.8058274517730624,-2.485588161524887,-0.3202392902481752,35.3954797711845,3957412.25,0.6263426308441836,67.4000015258789,57.2149995803833,0.005747111737085309,0.38241064217401366,-15.458935120782169,-35.89743709173076,34.46432000285094,2.450000490461077,4.666667600878242,-7.4645275091295815,-16.053725479062088,-18.38351625139666,0.8066991157921942,0,,33,波動率合理、ATR偏高但可接受、成交量穩定度普通、短線未過熱,0.0,0.0,0.0,0.0,0.0,0.0,0.0,0,,電子零組件業,210,一般業,0.4,34.523809523809526,6.213171417196822,47.14285714285714,23.76805011955491,58.57142857142858,2.5368921830363704,35.23809523809524,28.28088038671192,48.095238095238095,0.5674316411171221,60.476190476190474,22.05374986941861,93.33333333333333,300.51780775251643,83.80952380952381,0.3589674736739353,15.238095238095239,,,,,,,,,,99782.0,49.480519480519476,負債比同產業前20%、流動比率同產業前20%,2496.89,0.0,0.0,0.0,0.0,0.0,21.44,2.8,★★ 弱勢,一般觀察,,無明顯風險訊號,7.66,22.68,250.0,19.0,21.982758620689655,0.0,0.0,49.48,30.0,11.92,18.8,7.66,21.98,22.68,0.0,15.0,45.0,63.0,35.28,⚪ S2爆發潛力不足,13.0,86.75,80.53,82.5,⑥ 轉弱,0.0,🔴 暫不考慮,,近期回撤偏大,偏多順風,偏多順風,0.04,21.98,49.89,56.67,29.46,35.28,S2_E_BALANCED,正常,452.0,380.0,301,301
110,4916,事欣科,上市,2855025.0,2026-09-24,2814750.0,288511875.0,104.5,104.5,100.5,102.5,-2.0,0,104.2,98.90500030517578,102.1533332824707,0.6947637453688174,-0.36286489966652896,1.0576286450353463,54.580796941181795,2416077.55,1.1650081347761376,107.5,98.95500030517579,-0.019138755980861233,-0.4854368932038833,-0.9661835748792313,-10.869565217391308,43.324307782322165,2.885713849748884,2.8153305851208623,3.6348007519657166,0.3393591832884235,-10.821253090089067,1.3357615160801333,45,股價高於20日均線、5日均線高於20日均線、RSI介於50至70、MACD多頭、MACD柱狀體為正,48,波動率可接受、ATR風險合理、20日回撤可接受、MA20乖離健康、MA60乖離可接受、短線未過熱,924067.0,0.0,127993.0,1052060.0,5.0,0.0,5.0,35,外資近5日買超、自營商近5日買超、外資連買至少3日、三大法人合計買超,電腦及週邊設備業,109,一般業,5.45,77.06422018348624,36.93679484581719,88.07339449541286,20.516218451114607,46.788990825688074,9.138593887420784,66.05504587155964,82.95982513400992,83.4862385321101,6.285995305001979,73.39449541284404,32.64488330957865,79.81651376146789,257.1828537667163,86.23853211009175,0.9089971169525505,65.13761467889908,,,15.7,55.55555555555556,3.52,25.0,40.27777777777778,0.49,21.875,553276.0,70.76694699286445,ROE同產業前20%、營收年增同產業前20%、流動比率同產業前20%,2855.025,924.067,0.0,127.993,1052.06,53.84615384615385,55.1,76.6,★★★ 一般觀察,整理觀察,法人偏多、基本面優於產業平均、綜合表現前25%,成交量波動較大,13.978,26.12,250.0,35.0,42.241379310344826,56.0,30.0,70.77,10.0,43.52,32.72,13.978,42.24,26.12,12.0,0.0,45.0,90.0,34.96,⚪ S2爆發潛力不足,0.0,86.75,80.53,82.5,① 尚未啟動,44.72,🔴 暫不考慮,站上MA20且乖離健康、RSI位於起漲區、成交量溫和放大、外資5日買超、外資連買、法人買超占量提升,無明顯風險訊號,偏多順風,偏多順風,35.12,42.24,27.31,31.4,29.46,34.96,S2_E_BALANCED,正常,186.0,239.0,302,302
458,9914,美利達,上市,1734779.0,2026-09-24,1726001.0,115124261.43266296,66.4000015258789,67.0999984741211,65.9000015258789,66.69999694824219,0.29999542236328125,0,66.97999877929688,73.76499938964844,78.4150001525879,-4.088886129559299,-3.367169968158028,-0.7217161614012708,27.902068548112695,1620286.6,1.065244259873531,86.19999694824219,74.64999961853027,0.0045180032450204965,-1.3313632340146375,-20.97156902563504,-10.828884723321242,37.356862196815285,2.1714275905064175,3.2555137778962724,-9.577716396480707,-14.939747728813945,-23.137697915409994,0.699583192151868,0,,38,波動率合理、ATR風險合理、成交量穩定度普通、短線未過熱,-1219212.0,0.0,-13280.0,-1232492.0,0.0,0.0,5.0,0,,運動休閒,27,一般業,2.15,51.85185185185185,6.665274822306924,44.44444444444444,17.876474748469874,40.74074074074074,8.504690031245127,70.37037037037037,-20.71462400673578,18.51851851851852,-20.26920254059592,14.814814814814813,44.18944735640451,40.74074074074074,142.9128769143204,40.74074074074074,0.6855719959365815,44.44444444444444,,,19.33,17.647058823529413,1.02,72.22222222222221,44.93464052287581,4.2,22.22222222222222,1958658.0,41.446623093681914,,1734.779,-1219.212,0.0,-13.28,-1232.492,0.0,20.03,1.5,★★ 弱勢,風險偏高,,近期回撤偏大,8.438,20.65,250.0,21.0,24.568965517241377,5.0,0.0,41.45,10.0,9.72,14.7,8.438,24.57,20.65,0.0,0.0,45.0,90.0,34.89,⚪ S2爆發潛力不足,8.0,86.75,80.53,100.0,⑥ 轉弱,0.0,🔴 暫不考慮,,近期回撤偏大,偏多順風,偏多順風,0.0,24.57,43.66,56.67,29.46,34.89,S2_E_BALANCED,正常,458.0,418.0,303,303
42,6438,迅得,上市,1118497.0,2026-09-24,1097764.0,172897830.0,156.0,162.0,154.5,157.5,4.5,0,152.4,151.125,147.89166666666668,1.1339252572362568,0.5291399373413659,0.6047853198948909,62.12638553105461,472643.35,2.3226054063809425,167.0,150.675,0.02941176470588225,8.247422680412363,6.060606060606055,-7.079646017699115,33.46545978133692,4.392857142857143,2.789115646258504,4.218362282878418,6.496872710880708,-10.658307210031348,1.0324027890176015,85,股價高於20日均線、5日均線高於20日均線、20日均線高於60日均線、20日均線向上、RSI介於50至70、MACD多頭、MACD柱狀體為正、量比達1.5以上,75,20日動能健康、波動率合理、ATR風險合理、20日回撤可接受、MA20乖離健康、MA60位置健康、短線未過熱,296350.0,0.0,155065.0,451415.0,1.0,0.0,5.0,25,外資近5日買超、自營商近5日買超、三大法人合計買超,其他電子業,95,一般業,3.79,71.57894736842105,9.383968641884204,51.578947368421055,26.13306102112036,54.736842105263165,11.237866941220748,61.05263157894737,15.539377169954319,40.0,-4.193080750695454,33.68421052631579,42.35675710694803,60.0,182.25609415676936,49.473684210526315,0.6351198022408269,50.526315789473685,,,27.3,34.21052631578947,2.04,51.08695652173913,42.6487414187643,3.17,65.21739130434783,611320.0,52.9258581235698,,1118.497,296.35,0.0,155.065,451.415,38.46153846153847,64.07,91.2,★★★★ 觀察候選,趨勢健康,技術趨勢強、風險動能結構佳、綜合表現前10%,成交量波動較大,12.162,20.67,250.0,31.0,36.853448275862064,90.0,40.0,52.93,75.0,67.19,50.04,12.162,36.85,20.67,65.0,58.0,65.0,83.0,34.86,⚪ S2爆發潛力不足,0.0,86.75,80.53,82.5,③ 剛啟動,84.39,🟢 可觀察進場,站上MA20且乖離健康、MA20向上、MA5近期上穿MA20、RSI位於起漲區、MACD近期黃金交叉、MACD動能擴張、成交量溫和放大、外資5日買超、外資買盤加速、外資由賣轉買,無明顯風險訊號,偏多順風,偏多順風,56.91,36.85,34.41,35.05,29.46,34.86,S2_E_BALANCED,正常,12.0,85.0,304,304
195,4551,智伸科,上市,1013120.0,2026-09-24,997100.0,163025850.0,162.0,167.0,159.0,163.5,0.0,0,160.3,161.325,176.63333333333333,-2.1865409498597614,-3.115053775498165,0.9285128256384034,50.78439716200265,896430.55,1.1123003338072313,173.0,161.65,0.0,3.4810126582278444,-3.8235294117647034,-32.15767634854772,48.938442423478726,6.0,3.669724770642202,1.3482101348210263,-7.435365163238339,-10.495626822157433,0.5946896543946406,35,股價高於20日均線、RSI介於50至70、MACD多頭、MACD柱狀體為正,43,波動率可接受、ATR風險合理、20日回撤可接受、MA20乖離可接受、成交量穩定、短線未過熱,-33310.0,92000.0,-2907.0,55783.0,0.0,0.0,5.0,25,投信近5日買超、三大法人合計買超,汽車工業,44,一般業,4.77,90.9090909090909,11.882920797348065,77.27272727272727,24.034092218925267,58.139534883720934,14.401371768314302,81.3953488372093,33.50029974022514,88.63636363636364,-2.8078806387046518,45.45454545454545,37.60572670681997,72.72727272727273,221.94231872110112,62.7906976744186,0.6141388642400925,62.7906976744186,,,17.16,43.75,2.04,22.727272727272727,33.23863636363636,2.57,47.72727272727273,801696.0,70.9392177589852,EPS同產業前20%、營業利益率同產業前20%、營收年增同產業前20%,1013.12,-33.31,92.0,-2.907,55.783,38.46153846153847,48.07,58.2,★★★ 一般觀察,整理觀察,基本面優於產業平均,無明顯風險訊號,13.247,24.91,250.0,33.0,40.94827586206897,58.0,20.0,70.94,45.0,46.59,35.28,13.247,40.95,24.91,10.0,30.0,45.0,90.0,34.78,⚪ S2爆發潛力不足,5.0,86.75,80.53,100.0,① 尚未啟動,44.19,🔴 暫不考慮,站上MA20且乖離健康、RSI位於起漲區、MACD動能擴張、成交量溫和放大、投信5日買超、法人買超占量提升,無明顯風險訊號,偏多順風,偏多順風,37.06,40.95,25.81,36.56,29.46,34.78,S2_E_BALANCED,正常,143.0,220.0,305,305
67,2379,瑞昱,上市,2829985.0,2026-09-24,2740590.0,2052701910.0,745.0,753.0,725.0,749.0,-12.0,0,746.4,723.0,736.9833333333333,4.925493471709842,-1.0056140946926595,5.931107566402502,56.14757556318918,2737299.9,1.0012019508713679,794.0,722.05,-0.015768725361366642,4.7552447552447585,2.602739726027403,-7.644882860665847,35.83639540503281,28.214285714285715,3.7669273316803356,3.596127247579539,1.6305208168434282,-9.660574412532641,0.3210407225037789,55,股價高於20日均線、5日均線高於20日均線、20日均線向上、RSI介於50至70、MACD多頭、MACD柱狀體為正,68,20日動能尚可、波動率合理、ATR風險合理、20日回撤可接受、MA20乖離健康、MA60乖離可接受、成交量穩定、短線未過熱,4778830.0,544533.0,334322.0,5657685.0,0.0,2.0,5.0,40,外資近5日買超、投信近5日買超、自營商近5日買超、三大法人合計買超,半導體業,207,一般業,15.86,89.3719806763285,32.25525094526095,89.3719806763285,48.31096787922542,76.32850241545893,10.891577213614365,44.927536231884055,28.083000681580568,45.63106796116505,-3.38124049594154,32.5242718446602,65.7483585683942,1.4492753623188406,118.89112829517518,6.763285024154589,1.0046325198372967,86.47342995169082,,,27.16,57.49999999999999,7.66,14.0625,35.78125,3.34,87.5,12459133.0,58.63950389287557,EPS同產業前20%、ROE同產業前20%、資產周轉同產業前20%、殖利率同產業前20%,2829.985,4778.83,544.533,334.322,5657.685,61.53846153846154,60.0,85.8,★★★ 一般觀察,一般觀察,法人偏多、風險動能健康、綜合表現前25%,無明顯風險訊號,14.209,26.34,250.0,36.0,43.103448275862064,61.0,50.0,58.64,55.0,56.45,38.95,14.209,43.1,26.34,0.0,40.0,45.0,90.0,34.74,⚪ S2爆發潛力不足,0.0,86.75,80.53,83.33,② 蓄勢,68.72,🔵 等待突破,站上MA20且乖離健康、MA20向上、RSI位於起漲區、外資5日買超、投信5日買超、投信買盤加速,無明顯風險訊號,偏多順風,偏多順風,44.9,43.1,22.8,34.84,29.46,34.74,S2_E_BALANCED,正常,67.0,191.0,306,306
450,3236,千如,上櫃,2024389.0,2026-09-24,2010886.0,88177348.03163147,43.20000076293945,44.95000076293945,43.150001525878906,43.849998474121094,0.14999771118164062,0,43.529999542236325,43.86000003814697,46.433333524068196,-0.4780103432482008,-0.617197501423077,0.13918715817487626,49.072518920009955,2265390.75,0.8876552532934991,47.900001525878906,43.875000190734866,0.0034324418435445203,2.5730958458972886,-0.6795085875183071,-37.44650580797194,47.755100296107535,1.9785714830671037,4.512135808248193,-0.02280338353209954,-5.563535619530868,-11.205072563527407,0.6696522125344829,15,MACD多頭、MACD柱狀體為正,31,波動率可接受、ATR偏高但可接受、20日回撤可接受、成交量穩定度普通、短線未過熱,0.0,0.0,0.0,0.0,0.0,0.0,0.0,0,,電子零組件業,210,一般業,0.2,30.476190476190478,2.3948121713753245,30.476190476190478,24.46025132713787,60.476190476190474,4.528677634055352,44.285714285714285,19.392006004878965,36.19047619047619,-10.065547419903309,23.333333333333332,48.707938848484865,36.666666666666664,146.7181768060207,21.428571428571427,0.665326031859466,57.61904761904761,,,,,,,,,,222684.0,37.33766233766234,,2024.389,0.0,0.0,0.0,0.0,0.0,21.9,3.2,★★ 弱勢,一般觀察,,無明顯風險訊號,11.213,25.18,250.0,28.0,33.62068965517241,26.0,0.0,37.34,45.0,22.75,20.27,11.213,33.62,25.18,10.0,15.0,45.0,80.0,34.4,⚪ S2爆發潛力不足,10.0,86.75,80.53,82.5,⑥ 轉弱,1.95,🔴 暫不考慮,MACD動能擴張,無明顯風險訊號,偏多順風,偏多順風,1.61,33.62,36.56,38.06,29.46,34.4,S2_E_BALANCED,正常,382.0,366.0,307,307
372,4147,中裕,上櫃,1620344.0,2026-09-24,1609170.0,99929454.54460144,64.5999984741211,65.5,62.099998474121094,62.099998474121094,-2.8000030517578125,0,63.83999938964844,62.66499996185303,62.69999987284343,0.2365736439171826,0.09990032237004008,0.1366733215471425,48.305827015514524,1000409.7,1.608510993046149,69.0999984741211,62.964999961853025,-0.043143343388694855,-0.6400024414062511,-8.81057288463829,-2.5117775033830725,40.70828143911845,2.0500000544956754,3.3011273830384567,-0.9016220985811452,-0.9569400318008681,-12.481644919904245,0.5338996762834138,40,5日均線高於20日均線、MACD多頭、MACD柱狀體為正、量比達1.5以上,38,波動率可接受、ATR風險合理、20日回撤可接受、成交量穩定、短線未過熱,0.0,0.0,0.0,0.0,0.0,0.0,0.0,0,,生技醫療業,159,一般業,-0.21,32.38993710691824,-3.0670072457835382,32.70440251572327,56.787174293915186,74.0506329113924,-22.49127101479889,26.582278481012654,19.512243324966896,64.28571428571429,-5.054089274779794,33.76623376623377,18.31794849463493,74.21383647798741,1547.6156018176482,92.45283018867924,0.14304300763746822,22.0125786163522,,,,,,,,,,60472.0,46.649827002433554,流動比率同產業前20%,1620.344,0.0,0.0,0.0,0.0,0.0,33.59,20.0,★★ 弱勢,一般觀察,,無明顯風險訊號,14.615,26.81,250.0,36.0,44.827586206896555,48.0,0.0,46.65,10.0,27.7,40.32,14.615,44.83,26.81,55.0,0.0,65.0,100.0,34.39,⚪ S2爆發潛力不足,0.0,86.75,80.53,100.0,⑥ 轉弱,18.3,🔴 暫不考慮,MA5近期上穿MA20、MACD近期黃金交叉、成交量溫和放大,無明顯風險訊號,偏多順風,偏多順風,20.92,44.83,21.51,29.46,29.46,34.39,S2_E_BALANCED,正常,346.0,175.0,308,308
131,2801,彰銀,上市,12370808.0,2026-09-24,12141735.0,336933146.25,27.799999237060547,28.0,27.600000381469727,27.75,-0.10000038146972656,0,28.270000457763672,27.29250020980835,24.87022345860799,1.016217793258562,1.0973651981075028,-0.08114740484894067,58.82853420838402,31899813.5,0.3806208772976055,29.75,27.14000024795532,-0.003590677921005092,-6.250001208202239,12.34817466741478,21.814779140783756,31.09983112113632,0.7928573063441685,2.857143446285292,1.6762839119709438,11.579214582389575,-6.250001208202239,0.3679816086598552,55,股價高於20日均線、5日均線高於20日均線、20日均線高於60日均線、20日均線向上、RSI介於50至70,85,20日動能健康、60日趨勢健康、波動率合理、ATR風險合理、20日回撤小、MA20乖離可接受、MA60位置健康、成交量穩定,-18915789.0,644184.0,1392256.0,-16879349.0,0.0,0.0,5.0,20,投信近5日買超、自營商近5日買超,金融保險,40,金融業,0.94,25.0,,,,,,,21.134188454548564,67.5,-3.7911181427636165,45.0,,,,,,,,,16.32,25.806451612903224,1.42,51.61290322580645,38.70967741935483,3.78,58.06451612903226,4605752.0,46.748533724340184,,12370.808,-18915.789,644.184,1392.256,-16879.349,30.76923076923077,53.68,72.0,★★★ 一般觀察,一般觀察,風險動能結構佳,無明顯風險訊號,5.918,17.91,250.0,15.0,15.948275862068966,48.0,35.0,46.75,55.0,44.96,27.84,5.918,15.95,17.91,0.0,70.0,45.0,63.0,34.39,⚪ S2爆發潛力不足,0.0,86.75,80.53,70.0,② 蓄勢,56.17,🟡 等待回檔,站上MA20且乖離健康、MA20向上、RSI位於起漲區、投信5日買超、投信買盤加速,無明顯風險訊號,偏多順風,偏多順風,33.5,15.95,45.38,76.34,29.46,34.39,S2_E_BALANCED,正常,166.0,288.0,309,309
43,5864,致和證,上櫃,1952590.0,2026-09-24,1940012.0,71392440.1198883,36.599998474121094,36.79999923706055,36.400001525878906,36.79999923706055,-0.2999992370605469,0,36.5,36.00499992370605,34.67666673660278,0.5460039305676858,0.460803688453412,0.0852002421142738,58.20961524811854,2884479.05,0.6725692807510597,38.20000076293945,35.89750003814697,-0.00808623313744361,5.595411329465283,6.204899326125224,-11.488625155403454,33.47578514400067,1.125,3.057065280770536,2.20802476055848,6.123231268409346,-8.456379935245383,0.4109343649843536,70,股價高於20日均線、5日均線高於20日均線、20日均線高於60日均線、20日均線向上、RSI介於50至70、MACD多頭、MACD柱狀體為正,80,20日動能健康、波動率合理、ATR風險合理、20日回撤可接受、MA20乖離健康、MA60位置健康、成交量穩定、短線未過熱,0.0,0.0,0.0,0.0,0.0,0.0,0.0,0,,金融保險,40,證券期貨業,9.8,100.0,76.65120775898775,100.0,,,,,112.91695834947213,92.5,-161.49784872072783,7.5,33.52896278368813,96.66666666666667,274.67835012900633,100.0,,,,,,,,,,,,599176.0,88.97849462365592,EPS同產業前20%、ROE同產業前20%、營收年增同產業前20%、負債比同產業前20%、流動比率同產業前20%,1952.59,0.0,0.0,0.0,0.0,0.0,63.69,90.9,★★★★★ 強勢候選,趨勢健康,技術面偏多、同產業基本面突出、風險動能結構佳、綜合表現前10%,無明顯風險訊號,12.57,22.59,250.0,31.0,37.71551724137931,80.0,0.0,88.98,85.0,58.1,38.53,12.57,37.72,22.59,40.0,58.0,25.0,63.0,34.32,⚪ S2爆發潛力不足,0.0,86.75,80.53,70.0,③ 剛啟動,74.3,🟢 可觀察進場,站上MA20且乖離健康、MA20向上、MA5近期上穿MA20、RSI位於起漲區、MACD近期黃金交叉、MACD動能擴張,無明顯風險訊號,偏多順風,偏多順風,45.69,37.72,31.18,34.19,29.46,34.32,S2_E_BALANCED,正常,52.0,193.0,310,310
399,1409,新纖,上市,4672108.0,2026-09-24,4639417.0,112737829.56040573,24.100000381469727,24.399999618530273,23.850000381469727,24.299999237060547,0.1999988555908203,0,24.29000015258789,24.637500095367432,24.628333314259848,-0.052927943277861544,0.03081317737576683,-0.08374112065362838,48.63945813536684,20634844.0,0.22483412038394862,27.049999237060547,24.672500133514404,0.008298707569506902,-2.016129094281627,-2.8000030517578156,-13.829792270801288,51.89609199051257,0.8642857415335519,3.5567315583097128,-1.3698664921379167,-1.3331558941067079,-10.986967303640593,1.1397350144532223,15,20日均線高於60日均線,33,波動率可接受、ATR風險合理、20日回撤可接受、短線未過熱,-2406781.0,4000.0,-327973.0,-2730754.0,1.0,0.0,5.0,15,投信近5日買超,紡織纖維,52,異業,1.18,80.76923076923077,8.406510069964915,73.07692307692307,,,,,-8.564680561334695,30.76923076923077,-26.185861152276747,15.384615384615385,76.60522704459432,3.8461538461538463,,,,,,,11.05,70.0,0.81,48.78048780487805,59.390243902439025,3.7,68.29268292682927,3425819.0,51.92620387742339,EPS同產業前20%,4672.108,-2406.781,4.0,-327.973,-2730.754,23.076923076923077,31.29,14.2,★★ 弱勢,一般觀察,,成交量波動較大,11.219,20.84,250.0,28.0,33.83620689655172,8.0,50.0,51.93,10.0,27.49,28.08,11.219,33.84,20.84,0.0,0.0,45.0,80.0,34.15,⚪ S2爆發潛力不足,5.0,86.75,80.53,100.0,⑥ 轉弱,13.09,🔴 暫不考慮,投信5日買超、外資買盤加速、投信買盤加速,無明顯風險訊號,偏多順風,偏多順風,10.08,33.84,35.05,38.28,29.46,34.15,S2_E_BALANCED,正常,348.0,286.0,311,311
304,2332,友訊,上市,7152630.0,2026-09-24,7132378.0,143360800.5207863,19.899999618530273,20.100000381469727,19.75,20.100000381469727,-0.2999992370605469,0,20.14000015258789,19.499999904632567,21.246666622161865,-0.16912692770105764,-0.39168492558425494,0.2225579978831973,51.108610670307364,10355002.3,0.6887857475415529,21.149999618530273,19.50999984741211,-0.01470584522894025,3.608251426308451,-0.9852160744208027,10.439557905949282,39.34936302460316,0.6571429116385323,3.2693676575466886,3.076925537289976,-5.396923014248644,-20.97457916494824,0.47066969720644947,45,股價高於20日均線、5日均線高於20日均線、RSI介於50至70、MACD多頭、MACD柱狀體為正,65,60日趨勢健康、波動率合理、ATR風險合理、MA20乖離健康、成交量穩定、短線未過熱,-6847557.0,0.0,-216769.0,-7064326.0,0.0,0.0,5.0,0,,通信網路業,92,一般業,-0.07,28.26086956521739,-0.11746819053748862,31.521739130434785,24.661357829356476,53.2608695652174,1.3736360484616956,43.47826086956522,5.241936205831536,32.967032967032964,1.695525197580583,51.64835164835166,32.75112545102126,64.13043478260869,246.3650171537585,66.30434782608695,0.8978364962190615,81.52173913043478,,,,,1.46,68.08510638297872,68.08510638297872,0.0,18.085106382978726,1175584.0,45.12362891502576,資產周轉同產業前20%,7152.63,-6847.557,0.0,-216.769,-7064.326,0.0,40.04,34.7,★★ 弱勢,風險偏高,風險動能健康,近期回撤偏大,13.227,25.29,250.0,33.0,40.73275862068966,46.0,0.0,45.12,45.0,31.92,32.48,13.227,40.73,25.29,0.0,42.0,45.0,80.0,34.09,⚪ S2爆發潛力不足,8.0,86.75,80.53,76.67,① 尚未啟動,24.66,🔴 暫不考慮,站上MA20且乖離健康、RSI位於起漲區,近期回撤偏大,偏多順風,偏多順風,30.91,40.73,25.38,33.33,29.46,34.09,S2_E_BALANCED,正常,324.0,243.0,312,312
213,2458,義隆,上市,2731471.0,2026-09-24,2684538.0,369123975.0,129.0,138.0,128.5,137.5,8.5,0,131.7,131.425,149.76666666666668,-3.418254592357272,-4.885149454060642,1.46689486170337,54.168014323646275,1342767.25,1.9992578758530193,141.5,131.525,0.06589147286821695,6.589147286821695,-1.4336917562724039,-25.876010781671155,33.4081062671231,3.642857142857143,2.6493506493506493,4.622408217614593,-8.190518584464733,-15.576323987538942,0.41133168360707806,60,股價高於20日均線、5日均線高於20日均線、RSI介於50至70、MACD多頭、MACD柱狀體為正、量比達1.5以上,50,波動率合理、ATR風險合理、MA20乖離健康、成交量穩定、短線未過熱,-988354.0,-192390.0,57273.0,-1123471.0,0.0,1.0,5.0,5,自營商近5日買超,半導體業,207,一般業,5.53,72.46376811594203,26.437663204232862,84.05797101449275,47.52553998094757,74.39613526570048,22.95107412951766,75.84541062801932,-36.72388444133861,2.912621359223301,-15.665395602931687,11.650485436893204,31.647768355259952,46.85990338164252,227.9036887217287,38.164251207729464,0.7635635892883238,74.39613526570048,,,12.78,91.25,3.51,44.79166666666667,68.02083333333334,5.14,94.79166666666666,740683.0,58.87153041602178,ROE同產業前20%、殖利率同產業前20%,2731.471,-988.354,-192.39,57.273,-1123.471,7.6923076923076925,47.2,54.3,★★★ 一般觀察,一般觀察,,無明顯風險訊號,13.828,25.89,250.0,35.0,42.025862068965516,81.0,30.0,58.87,45.0,56.98,48.07,13.828,42.03,25.89,70.0,30.0,65.0,83.0,33.94,⚪ S2爆發潛力不足,8.0,86.75,80.53,83.33,④ 趨勢加速,58.25,🟡 等待回檔,站上MA20且乖離健康、MA5近期上穿MA20、RSI位於起漲區、MACD動能擴張、成交量溫和放大、接近20日突破、投信買盤加速、投信由賣轉買,近期回撤偏大,偏多順風,偏多順風,50.11,42.03,20.86,35.91,29.46,33.94,S2_E_BALANCED,正常,63.0,103.0,313,313
62,2851,中再保,上市,1710253.0,2026-09-24,1690887.0,80317132.5,47.45000076293945,48.25,47.150001525878906,47.5,-0.4500007629394531,0,47.60000076293945,46.57500038146973,40.79583346048991,1.6150037428681472,1.8117459473520217,-0.19674220448387447,61.486818491295786,3035668.8,0.5570064165102596,48.5,46.485000419616696,-0.009384791569956752,1.0638297872340496,3.938729118184736,27.005342411904465,28.28403645008002,1.4178578513009208,2.9849638974756227,1.986043179718977,16.43345893644499,-4.968284380604848,0.37242138661514557,55,股價高於20日均線、5日均線高於20日均線、20日均線高於60日均線、20日均線向上、RSI介於50至70,83,20日動能尚可、60日趨勢健康、波動率合理、ATR風險合理、20日回撤小、MA20乖離可接受、MA60乖離可接受、成交量穩定、短線未過熱,2761116.0,0.0,-468876.0,2292240.0,2.0,0.0,5.0,20,外資近5日買超、三大法人合計買超,金融保險,40,保險業,7.91,95.0,48.12615116466126,93.33333333333333,,,,,-31.48146235090942,20.0,66.11046322338842,90.0,59.79975506676512,80.0,,,,,,,4.5,96.7741935483871,1.45,45.16129032258064,70.96774193548387,4.63,67.74193548387096,1525507.0,73.02477793361383,EPS同產業前20%、ROE同產業前20%、營收月增同產業前20%、負債比同產業前20%,1710.253,2761.116,0.0,-468.876,2292.24,30.76923076923077,61.16,86.9,★★★ 一般觀察,整理觀察,基本面優於產業平均、風險動能結構佳、綜合表現前25%,無明顯風險訊號,8.09,17.08,250.0,20.0,23.49137931034483,56.0,15.0,73.02,85.0,50.6,32.53,8.09,23.49,17.08,20.0,68.0,45.0,63.0,33.94,⚪ S2爆發潛力不足,0.0,86.75,80.53,70.0,② 蓄勢,61.81,🟡 等待回檔,站上MA20且乖離健康、MA20向上、RSI位於起漲區、接近20日突破、外資5日買超、法人買超占量提升,無明顯風險訊號,偏多順風,偏多順風,38.39,23.49,47.53,17.63,58.92,33.94,S2_E_BALANCED,正常,113.0,242.0,314,314
27,2609,陽明,上市,12099033.0,2026-09-24,11991818.0,714712334.5019379,59.900001525878906,60.20000076293945,59.0,59.599998474121094,-0.3000030517578125,0,60.47999954223633,59.03999977111816,54.93166650136312,1.197712450456926,1.3386188136543868,-0.14090636319746075,54.29051257297865,42897870.25,0.2795434349098018,63.099998474121094,58.954999923706055,-0.005008398065369013,-3.8709702030304993,2.936091370364391,16.8627421061198,33.97940978185136,1.8071433476039342,3.032119788373172,0.9485072919612092,8.49843500131593,-12.868215871411703,1.029947815734191,55,股價高於20日均線、5日均線高於20日均線、20日均線高於60日均線、20日均線向上、RSI介於50至70,68,20日動能尚可、60日趨勢健康、波動率合理、ATR風險合理、20日回撤可接受、MA20乖離可接受、MA60位置健康,7099024.0,133428.0,253026.0,7485478.0,4.0,4.0,5.0,65,外資近5日買超、投信近5日買超、自營商近5日買超、外資連買至少3日、投信連買至少3日、三大法人合計買超,航運業,34,一般業,2.05,55.88235294117647,4.4619573980395755,23.52941176470588,12.86254647774093,23.52941176470588,7.6047420596215565,32.35294117647059,56.170783181394626,91.17647058823529,3.7214686547250464,70.58823529411765,28.366397951266485,91.17647058823529,420.88120532815435,97.05882352941177,0.36955369916367165,50.0,,,13.42,40.0,0.64,100.0,70.0,3.36,40.74074074074074,21611483.0,55.17080610021786,營收年增同產業前20%、負債比同產業前20%、流動比率同產業前20%,12099.033,7099.024,133.428,253.026,7485.478,100.0,66.65,94.4,★★★ 一般觀察,一般觀察,法人籌碼強、風險動能健康、綜合表現前10%,成交量波動較大,12.32,22.7,250.0,31.0,37.5,48.0,80.0,55.17,40.0,57.48,36.78,12.32,37.5,22.7,0.0,35.0,45.0,63.0,33.93,⚪ S2爆發潛力不足,0.0,86.75,80.53,100.0,② 蓄勢,71.08,🔵 等待突破,站上MA20且乖離健康、MA20向上、RSI位於起漲區、外資5日買超、投信5日買超、外資買盤加速,無明顯風險訊號,偏多順風,偏多順風,43.64,37.5,33.12,29.03,29.46,33.93,S2_E_BALANCED,正常,55.0,209.0,315,315
341,2472,立隆電,上市,2041796.0,2026-09-24,1998595.0,436693007.5,216.0,221.0,214.0,218.5,2.0,0,216.3,216.775,253.04166666666666,-6.403161904608453,-8.81786537350583,2.414703468897377,46.7461081614861,2612968.2,0.7648753628153606,245.5,217.3,0.009237875288683695,4.796163069544357,-4.585152838427953,-48.94859813084113,47.90317035447087,9.071428571428571,4.151683556717881,0.7957559681697646,-13.650584554585866,-18.181818181818176,0.5675934228834328,25,股價高於20日均線、MACD多頭、MACD柱狀體為正,33,波動率可接受、ATR偏高但可接受、MA20乖離可接受、成交量穩定、短線未過熱,-343523.0,-1324000.0,27521.0,-1640002.0,1.0,0.0,5.0,5,自營商近5日買超,電子零組件業,210,一般業,3.98,78.57142857142857,13.166367470806648,72.38095238095238,30.86539201731599,75.71428571428571,20.36847801312888,87.61904761904762,51.18935687397397,71.9047619047619,-1.3015406560120346,53.333333333333336,26.283503142970954,89.04761904761904,287.97370128953975,82.85714285714286,0.6693066794282774,58.57142857142858,,,22.25,66.66666666666666,3.77,30.76923076923077,48.717948717948715,1.6,55.769230769230774,1310529.0,72.31391941391941,營業利益率同產業前20%、負債比同產業前20%、流動比率同產業前20%,2041.796,-343.523,-1324.0,27.521,-1640.002,7.6923076923076925,37.33,26.7,★★ 弱勢,整理觀察,基本面優於產業平均,無明顯風險訊號,8.012,22.71,250.0,20.0,23.060344827586206,41.0,15.0,72.31,45.0,38.5,26.03,8.012,23.06,22.71,10.0,30.0,45.0,80.0,33.44,⚪ S2爆發潛力不足,13.0,86.75,80.53,82.5,① 尚未啟動,26.7,🔴 暫不考慮,站上MA20且乖離健康、MACD動能擴張、外資由賣轉買,近期回撤偏大,偏多順風,偏多順風,26.16,23.06,29.03,75.91,29.46,33.44,S2_E_BALANCED,正常,255.0,304.0,316,316
216,2880,華南金,上市,5910247.0,2026-09-24,5781557.0,264506232.75,45.29999923706055,46.20000076293945,45.29999923706055,45.75,-0.049999237060546875,0,46.48000030517578,44.96749992370606,41.88394368489583,1.4251574251375771,1.5054312975565793,-0.08027387241900219,59.48112777079133,17328521.0,0.33364399650726106,48.29999923706055,44.64749984741211,-0.001091686416887283,-4.488520787869554,16.264299298735494,26.250008553104244,22.400115545168514,1.1642864772251673,2.544888474809109,1.740145833372031,9.230401855636018,-8.440314843325481,0.599056711265189,55,股價高於20日均線、5日均線高於20日均線、20日均線高於60日均線、20日均線向上、RSI介於50至70,80,20日動能健康、60日趨勢健康、波動率合理、ATR風險合理、20日回撤可接受、MA20乖離可接受、MA60位置健康、成交量穩定,1312104.0,-5618465.0,3331790.0,-974571.0,0.0,2.0,5.0,15,外資近5日買超、自營商近5日買超,金融保險,40,金控業,1.24,33.75,14.365127918039388,43.333333333333336,,,,,11.949803192383932,52.5,-8.332331884197753,37.5,94.68289093064608,3.3333333333333335,,,,,,,19.81,3.225806451612903,2.63,3.225806451612903,3.225806451612903,3.17,20.967741935483872,7109220.0,33.01464858968366,,5910.247,1312.104,-5618.465,3331.79,-974.571,23.076923076923077,47.02,53.7,★★★ 一般觀察,一般觀察,風險動能結構佳,無明顯風險訊號,7.134,16.33,250.0,18.0,20.04310344827586,48.0,30.0,33.01,45.0,39.9,15.55,7.134,20.04,16.33,0.0,70.0,45.0,50.0,33.44,⚪ S2爆發潛力不足,0.0,86.75,80.53,70.0,② 蓄勢,51.11,🟡 等待回檔,站上MA20且乖離健康、MA20向上、RSI位於起漲區、外資5日買超、投信買盤加速,無明顯風險訊號,偏多順風,偏多順風,22.66,20.04,46.02,56.67,29.46,33.44,S2_E_BALANCED,正常,233.0,411.0,317,317
419,1717,長興,上市,4319467.0,2026-09-24,4271185.0,304962615.5173111,72.0,72.0,70.30000305175781,71.4000015258789,0.3000030517578125,0,71.31999969482422,73.7599998474121,70.52833309173585,-0.349394924331321,-0.006516493434898754,-0.3428784308964223,48.37359808120268,14675327.4,0.2910452955209708,85.5,73.97999992370606,0.00421945229530496,0.14025030833237917,-5.804751119699159,-3.7735788915414736,42.76545942148996,1.9785723005022322,2.7711096053479767,-3.1995638915609304,1.2359124282850686,-19.598582139577747,1.0268662027147994,15,20日均線高於60日均線,33,波動率可接受、ATR風險合理、MA60乖離可接受、短線未過熱,-3746882.0,92000.0,-117890.0,-3772772.0,0.0,0.0,5.0,15,投信近5日買超,化學工業,42,一般業,1.09,50.0,8.046660698475215,42.857142857142854,23.5840966040187,56.09756097560976,7.03416731134001,34.146341463414636,20.948469417322087,52.38095238095239,-0.5660941143070364,52.38095238095239,51.77380178041457,16.666666666666664,173.88900578344766,34.146341463414636,0.6616933518724535,53.65853658536586,,,37.58,23.076923076923077,2.69,25.0,24.03846153846154,1.4,35.714285714285715,4069789.0,42.22098633074243,,4319.467,-3746.882,92.0,-117.89,-3772.772,23.076923076923077,28.38,9.9,★★ 弱勢,一般觀察,,成交量波動較大,10.438,22.09,250.0,26.0,30.81896551724138,8.0,15.0,42.22,30.0,18.53,19.1,10.438,30.82,22.09,0.0,15.0,45.0,80.0,33.43,⚪ S2爆發潛力不足,8.0,86.75,80.53,100.0,⑥ 轉弱,1.14,🔴 暫不考慮,投信5日買超,近期回撤偏大,偏多順風,偏多順風,0.51,30.82,38.49,36.77,29.46,33.43,S2_E_BALANCED,正常,411.0,377.0,318,318
294,3062,建漢,上市,1420020.0,2026-09-24,1413005.0,31015460.828037262,22.200000762939453,22.200000762939453,21.700000762939453,21.950000762939453,-0.25,0,22.14000015258789,21.0125,21.273333231608074,0.29800622290010637,0.07460969402090964,0.22339652887919673,56.94893060654011,1634131.1,0.8646827662725469,23.200000762939453,20.975,-0.011261260874249501,3.537735721741586,3.537735721741586,-10.953342382858033,44.51394965436688,0.624999863760812,2.847379690373708,4.461633613037264,3.180825138986587,-5.183580455138703,1.2415626149018775,55,股價高於20日均線、5日均線高於20日均線、20日均線向上、RSI介於50至70、MACD多頭、MACD柱狀體為正,66,20日動能尚可、波動率可接受、ATR風險合理、20日回撤小、MA20乖離健康、MA60位置健康、短線未過熱,-1437574.0,0.0,21145.0,-1416429.0,0.0,0.0,5.0,5,自營商近5日買超,通信網路業,92,一般業,-0.88,11.956521739130435,-14.22417599379041,16.304347826086957,2.5809517575047685,4.3478260869565215,-14.496434819587229,18.478260869565215,34.73919399773812,59.34065934065934,-5.616957143409207,32.967032967032964,35.214937755346504,60.86956521739131,171.25314563584416,41.30434782608695,0.6413674353536171,55.434782608695656,,,,,1.78,57.446808510638306,57.446808510638306,0.0,18.085106382978726,341929.0,32.191819743623626,,1420.02,-1437.574,0.0,21.145,-1416.429,7.6923076923076925,40.9,36.9,★★ 弱勢,一般觀察,風險動能健康,成交量波動較大,10.789,21.37,250.0,27.0,32.327586206896555,56.0,5.0,32.19,70.0,39.23,16.83,10.789,32.33,21.37,0.0,58.0,25.0,80.0,33.4,⚪ S2爆發潛力不足,0.0,86.75,80.53,76.67,② 蓄勢,50.97,🟡 等待回檔,站上MA20且乖離健康、MA20向上、RSI位於起漲區,無明顯風險訊號,偏多順風,偏多順風,23.66,32.33,35.27,37.42,29.46,33.4,S2_E_BALANCED,正常,245.0,402.0,319,319
295,6244,茂迪,上櫃,3851837.0,2026-09-24,3843995.0,90526079.31726456,24.200000762939453,24.600000381469727,23.5,23.549999237060547,-0.05000114440917969,0,23.55,23.130000019073485,24.32666670481364,-0.24669941733784384,-0.4326840849296537,0.18598466759180987,50.73634484608017,2263175.5,1.698496205884166,25.100000381469727,23.16500005722046,-0.002118692525464483,5.369122304739338,-2.8866010842864,-12.453533193220023,29.116453653309154,0.7535712378365653,3.199877971336292,1.815820223262965,-3.1926588100925857,-16.47940599307497,1.0061778501555434,60,股價高於20日均線、5日均線高於20日均線、RSI介於50至70、MACD多頭、MACD柱狀體為正、量比達1.5以上,40,波動率合理、ATR風險合理、MA20乖離可接受、短線未過熱,0.0,0.0,0.0,0.0,0.0,0.0,0.0,0,,光電業,116,一般業,0.46,52.17391304347826,7.669020581927153,64.34782608695652,19.644769709085754,46.08695652173913,8.59442976992736,77.39130434782608,-0.4085137079479831,41.73913043478261,-19.14616640620276,12.280701754385964,52.73796387155326,15.65217391304348,270.43527108350725,63.47826086956522,0.3405776380336486,33.04347826086956,,,,,,,,,,254029.0,49.602142708550026,,3851.837,0.0,0.0,0.0,0.0,0.0,40.88,36.6,★★ 弱勢,一般觀察,,成交量波動較大,14.618,26.71,250.0,36.0,45.043103448275865,73.0,0.0,49.6,45.0,43.39,42.83,14.618,45.04,26.71,50.0,30.0,65.0,83.0,33.1,⚪ S2爆發潛力不足,8.0,86.75,80.53,100.0,④ 趨勢加速,45.99,🔴 暫不考慮,站上MA20且乖離健康、MA5近期上穿MA20、RSI位於起漲區、MACD動能擴張、成交量溫和放大,近期回撤偏大,偏多順風,偏多順風,43.46,45.04,20.22,22.37,29.46,33.1,S2_E_BALANCED,正常,188.0,151.0,320,320
267,8383,千附,上櫃,1070441.0,2026-09-24,1055044.0,71637489.20986938,66.30000305175781,68.5999984741211,66.0999984741211,67.9000015258789,1.8000030517578125,0,67.18000030517578,65.89499950408936,70.62166608174643,-0.42094963065477486,-0.864130115009906,0.44318048435513113,52.5346887037436,1123750.55,0.9388596072322278,71.80000305175781,65.90499935150146,0.027231514270950052,2.567982864056395,-0.29368128153216544,7.949125403348134,37.58628204756985,2.2428586142403737,3.3031790336345535,3.042722569054912,-3.8538662522024314,-14.513983684879793,0.5738256123817204,45,股價高於20日均線、5日均線高於20日均線、RSI介於50至70、MACD多頭、MACD柱狀體為正,63,60日趨勢尚可、波動率合理、ATR風險合理、20日回撤可接受、MA20乖離健康、成交量穩定、短線未過熱,0.0,0.0,0.0,0.0,0.0,0.0,0.0,0,,半導體業,207,一般業,2.66,51.20772946859904,16.171826290880237,67.6328502415459,24.025785479161655,24.154589371980677,14.966074027007403,56.52173913043478,73.60021446411119,81.06796116504854,3.0715203874810193,62.13592233009708,37.34996914388106,31.88405797101449,183.71297647017204,25.120772946859905,0.6697565785814286,66.66666666666666,,,,,,,,,,511579.0,56.36296481062205,營收年增同產業前20%,1070.441,0.0,0.0,0.0,0.0,0.0,43.01,42.6,★★ 弱勢,一般觀察,風險動能健康,無明顯風險訊號,13.219,25.73,250.0,33.0,40.51724137931034,56.0,0.0,56.36,60.0,39.85,30.93,13.219,40.52,25.73,10.0,27.0,25.0,80.0,32.87,⚪ S2爆發潛力不足,0.0,86.75,80.53,83.33,① 尚未啟動,41.12,🔴 暫不考慮,站上MA20且乖離健康、RSI位於起漲區、MACD動能擴張,無明顯風險訊號,偏多順風,偏多順風,32.97,40.52,24.09,27.96,29.46,32.87,S2_E_BALANCED,正常,234.0,256.0,321,321
65,8050,廣積,上櫃,2317963.0,2026-09-24,2283720.0,139763665.7423401,59.5,61.5,59.400001525878906,61.20000076293945,1.9000015258789062,0,59.63999938964844,57.15499973297119,58.563333129882814,0.5526057573630752,-0.009016462774987744,0.561622220138063,63.81823723991785,1021647.6,2.2353304603270248,60.5,56.95999965667725,0.032040498319120925,3.904922202845773,6.806285476102514,12.915128969493338,28.820858300512015,1.3857149396623885,2.2642400692607967,7.077247920333396,4.50224994402042,-21.449274256609485,0.5000001505043076,85,股價高於20日均線、5日均線高於20日均線、20日均線向上、RSI介於50至70、MACD多頭、MACD柱狀體為正、量比達1.5以上、突破20日高點,90,20日動能健康、60日趨勢健康、波動率合理、ATR風險合理、MA20乖離健康、MA60位置健康、成交量穩定、短線未過熱,0.0,0.0,0.0,0.0,0.0,0.0,0.0,0,,電腦及週邊設備業,109,一般業,2.69,60.550458715596335,7.626258114447887,42.201834862385326,24.92578140231009,55.04587155963303,5.830111545348478,49.54128440366973,94.47744867048132,86.23853211009175,34.543482310570184,93.57798165137615,44.75394525653375,55.96330275229357,217.78608157439515,73.39449541284404,0.4501995439901142,17.431192660550458,,,,,,,,,,693351.0,58.559216013344454,營收年增同產業前20%、營收月增同產業前20%,2317.963,0.0,0.0,0.0,0.0,0.0,61.07,86.2,★★★★ 觀察候選,風險偏高,技術趨勢強、風險動能結構佳、綜合表現前25%,近期回撤偏大,10.493,18.7,250.0,26.0,31.46551724137931,79.0,0.0,58.56,100.0,55.38,48.27,10.493,31.47,18.7,70.0,83.0,65.0,83.0,32.61,⚪ S2爆發潛力不足,8.0,86.75,80.53,82.5,③ 剛啟動,64.59,🟡 等待回檔,MA20向上、RSI位於起漲區、MACD動能擴張、成交量溫和放大、近期突破20日高,近期回撤偏大,偏多順風,偏多順風,51.53,31.47,40.65,25.81,29.46,32.61,S2_E_BALANCED,正常,76.0,102.0,322,322
416,8033,雷虎,上市,1182926.0,2026-09-24,1139403.0,191989405.5,169.0,170.0,167.0,168.5,0.0,0,170.0,174.475,189.98333333333332,-4.125004718360515,-3.911071146868636,-0.21393357149187864,42.636364773001276,3879487.6,0.29369935349194054,211.5,176.0,0.0,0.29761904761904656,-15.32663316582915,-9.408602150537638,31.9818843017815,5.178571428571429,3.073336159389572,-3.4245593924631,-11.308009474515302,-16.331658291457284,1.3720518166789324,0,,35,波動率合理、ATR風險合理、短線未過熱,133502.0,0.0,-20060.0,113442.0,0.0,0.0,5.0,20,外資近5日買超、三大法人合計買超,其他,94,一般業,0.62,40.95744680851064,5.610338627936855,42.5531914893617,36.73163346803514,70.2127659574468,-0.2596287951936488,23.404255319148938,74.95555092026977,89.36170212765957,49.00222479761109,96.80851063829788,23.39390614530567,86.17021276595744,337.66031566860636,85.1063829787234,0.37385630760242233,40.42553191489361,,,351.04,4.444444444444445,8.52,1.9230769230769231,3.183760683760684,0.0,13.461538461538462,176140.0,52.82507728677942,營收年增同產業前20%、營收月增同產業前20%、負債比同產業前20%、流動比率同產業前20%,1182.926,133.502,0.0,-20.06,113.442,30.76923076923077,29.0,10.6,★★ 弱勢,一般觀察,,成交量波動較大,9.644,19.92,250.0,24.0,28.23275862068966,0.0,10.0,52.83,30.0,15.42,22.61,9.644,28.23,19.92,0.0,15.0,45.0,63.0,32.5,⚪ S2爆發潛力不足,8.0,86.75,80.53,100.0,⑥ 轉弱,0.0,🔴 暫不考慮,外資5日買超,近期回撤偏大,偏多順風,偏多順風,3.09,28.23,27.53,56.67,29.46,32.5,S2_E_BALANCED,正常,428.0,343.0,323,323
457,8096,擎亞,上櫃,2687683.0,2026-09-24,2622746.0,221884307.5980072,83.9000015258789,84.5999984741211,81.4000015258789,84.5999984741211,0.6999969482421875,0,85.47999877929688,95.68999977111817,118.97999992370606,-8.258671294180672,-8.122663425758002,-0.13600786842267,27.48062547246252,3327042.2,0.7883116120378635,116.0,96.9599998474121,0.008343229267120833,-4.081631064265978,-23.090910478071734,-44.70588335024765,44.08428819242174,4.4500002179827005,5.2600476338589335,-11.589509168694068,-28.895613944890375,-24.753361860198286,0.5020137440746357,0,,18,波動率可接受、ATR偏高但可接受、成交量穩定,0.0,0.0,0.0,0.0,0.0,0.0,0.0,0,,電子通路業,38,一般業,3.31,71.05263157894737,31.834245193709066,86.8421052631579,3.81317033564254,13.157894736842104,2.1965328432635043,34.21052631578947,269.5574579229668,97.36842105263158,-30.204073436151536,5.263157894736842,88.25156228721158,2.631578947368421,114.29758603903213,13.157894736842104,2.0827309043736086,71.05263157894737,,,,,,,,,,7264099.0,54.96411483253589,ROE同產業前20%、營收年增同產業前20%,2687.683,0.0,0.0,0.0,0.0,0.0,20.09,1.7,★★ 弱勢,風險偏高,,近期回撤偏大,4.622,18.63,250.0,12.0,11.85344827586207,0.0,0.0,54.96,0.0,8.24,13.18,4.622,11.85,18.63,0.0,0.0,45.0,80.0,32.34,⚪ S2爆發潛力不足,13.0,86.75,80.53,76.67,⑥ 轉弱,0.0,🔴 暫不考慮,,近期回撤偏大,偏多順風,偏多順風,0.0,11.85,56.34,56.67,29.46,32.34,S2_E_BALANCED,正常,462.0,432.0,324,324
291,2886,兆豐金,上市,8333068.0,2026-09-24,8115190.0,402513411.61720276,49.400001525878906,49.849998474121094,49.349998474121094,49.599998474121094,-0.40000152587890625,0,50.459999084472656,50.314999961853026,48.8625,0.5541123152065595,0.7287051749181066,-0.17459285971154714,48.368918675127176,27193148.6,0.29842774440617736,52.900001525878906,50.14250011444092,-0.008000030517578138,-4.431604979069148,7.475616108717964,7.826083639393677,28.74124316500672,1.3464295523507255,2.714575793894889,-1.421050359284548,1.5093343036502338,-6.589143045976709,0.455649078039416,35,5日均線高於20日均線、20日均線高於60日均線、20日均線向上,68,20日動能健康、60日趨勢尚可、波動率合理、ATR風險合理、20日回撤小、MA60乖離可接受、成交量穩定,21731254.0,-12156040.0,2780097.0,12355311.0,0.0,1.0,5.0,25,外資近5日買超、自營商近5日買超、三大法人合計買超,金融保險,40,金控業,1.44,42.5,10.591227010953794,6.666666666666667,,,,,15.550439685057762,57.49999999999999,-9.811604078190383,32.5,92.31051259928775,33.33333333333333,,,,,,,19.3,6.451612903225806,1.83,32.25806451612903,19.35483870967742,3.53,35.483870967741936,7795912.0,31.30590618669159,,8333.068,21731.254,-12156.04,2780.097,12355.311,38.46153846153847,41.18,37.5,★★ 弱勢,一般觀察,風險動能健康,無明顯風險訊號,13.249,19.69,250.0,33.0,41.16379310344828,26.0,30.0,31.31,55.0,32.35,18.8,13.249,41.16,19.69,0.0,40.0,45.0,63.0,32.22,⚪ S2爆發潛力不足,0.0,86.75,80.53,70.0,② 蓄勢,43.55,🔴 暫不考慮,MA20向上、外資5日買超、投信由賣轉買、法人買超占量提升,無明顯風險訊號,偏多順風,偏多順風,23.75,41.16,19.57,29.25,29.46,32.22,S2_E_BALANCED,正常,321.0,380.0,325,325
423,1316,上曜,上市,1273099.0,2026-09-24,1270246.0,13274070.457719803,10.649999618530273,10.649999618530273,10.399999618530273,10.449999809265137,-0.15000057220458984,0,10.610000038146973,10.75999994277954,10.50466669400533,-0.02761597637050528,0.02696089863529759,-0.05457687500580287,44.621151276810494,2299644.75,0.5523661861250526,12.5,10.824999952316285,-0.014150996868529497,-1.8779325486279919,-11.063831410509472,-0.9478708972683103,31.830699968510963,0.30000005449567524,2.8708139710174003,-2.881042148354551,-0.5204057047463517,-11.489364948678526,0.8293711358146137,15,20日均線高於60日均線,43,波動率合理、ATR風險合理、20日回撤可接受、成交量穩定度普通、短線未過熱,-907897.0,0.0,9378.0,-898519.0,0.0,0.0,5.0,5,自營商近5日買超,建材營造,88,一般業,-0.36,7.954545454545454,2.0079023847811244,30.681818181818183,33.43562654129852,60.22727272727273,4.346800572908878,26.136363636363637,93.04522686147229,75.0,-0.7555780495590136,45.348837209302324,47.39784078873011,82.95454545454545,151.21066198821185,42.04545454545455,0.2809574649282209,64.77272727272727,,,,,0.87,50.90909090909091,50.90909090909091,0.0,8.181818181818182,690239.0,43.84820295983086,負債比同產業前20%,1273.099,-907.897,0.0,9.378,-898.519,7.6923076923076925,27.79,9.1,★★ 弱勢,一般觀察,,無明顯風險訊號,13.988,24.1,250.0,35.0,42.456896551724135,0.0,15.0,43.85,10.0,12.58,18.76,13.988,42.46,24.1,0.0,0.0,0.0,63.0,31.93,⚪ S2爆發潛力不足,0.0,86.75,80.53,100.0,⑥ 轉弱,3.18,🔴 暫不考慮,外資買盤加速,無明顯風險訊號,偏多順風,偏多順風,0.65,42.46,18.28,25.59,29.46,31.93,S2_E_BALANCED,正常,447.0,382.0,326,326
21,3702,大聯大,上市,8052382.0,2026-09-24,7962757.0,935623947.5,113.5,117.5,113.5,117.5,3.5,0,114.6,107.05499992370605,111.44333330790202,1.3756999527810478,-0.1549115377759498,1.5306114905569976,64.09818083176158,8866264.4,0.8980960459514381,116.0,106.25499992370605,0.030701754385964897,5.855855855855863,15.763546798029559,8.796296296296301,26.755791460302337,3.5,2.9787234042553195,9.756667211935643,5.434750121269505,-23.384616558368386,0.34157561876074105,70,股價高於20日均線、5日均線高於20日均線、20日均線向上、RSI介於50至70、MACD多頭、MACD柱狀體為正、突破20日高點,78,20日動能健康、60日趨勢尚可、波動率合理、ATR風險合理、MA20乖離可接受、MA60位置健康、成交量穩定、短線未過熱,4177545.0,1272526.0,-223533.0,5226538.0,3.0,1.0,5.0,45,外資近5日買超、投信近5日買超、外資連買至少3日、三大法人合計買超,電子通路業,38,一般業,8.42,92.10526315789474,29.364364000600645,81.57894736842105,4.451856972082909,18.421052631578945,2.643228314115098,44.73684210526316,80.45926827221638,73.68421052631578,-2.6406394711539494,60.526315789473685,83.98694483598211,13.157894736842104,119.78716658722223,21.052631578947366,2.501191319735278,84.21052631578947,,,10.06,76.19047619047619,2.11,38.63636363636363,57.413419913419915,3.1,31.818181818181817,142237739.0,59.418432444748234,EPS同產業前20%、ROE同產業前20%、資產周轉同產業前20%,8052.382,4177.545,1272.526,-223.533,5226.538,69.23076923076923,68.27,95.7,★★★★ 觀察候選,風險偏高,技術面偏多、法人偏多、風險動能結構佳、綜合表現前10%,近期回撤偏大,4.854,16.28,250.0,12.0,13.14655172413793,69.0,60.0,59.42,90.0,68.01,39.73,4.854,13.15,16.28,45.0,87.0,45.0,63.0,31.85,⚪ S2爆發潛力不足,15.0,86.75,80.53,76.67,③ 剛啟動,69.75,🟢 可觀察進場,MA20向上、RSI位於起漲區、MACD動能擴張、近期突破20日高、外資5日買超、投信5日買超、外資買盤加速,近期回撤偏大,偏多順風,偏多順風,45.73,13.15,52.04,56.67,29.46,31.85,S2_E_BALANCED,正常,10.0,181.0,327,327
170,1310,台苯,上市,2181415.0,2026-09-24,2175680.0,19363551.170043945,8.869999885559082,8.90999984741211,8.739999771118164,8.899999618530273,0.05999946594238281,0,8.803999900817871,8.72849998474121,8.91500001748403,0.0749597911096167,0.04999765350928318,0.02496213760033352,55.485153135996306,2939329.1,0.7401961216251695,9.289999961853027,8.717999982833863,0.006787269785828887,-1.439646935605643,2.4165713266663946,-14.423077452112254,37.6819289777667,0.24285731996808732,2.7287340491840633,1.9648236706063082,-0.1682602234922892,-5.79710637997467,0.5214400319427042,55,股價高於20日均線、5日均線高於20日均線、20日均線向上、RSI介於50至70、MACD多頭、MACD柱狀體為正,63,20日動能尚可、波動率合理、ATR風險合理、20日回撤小、MA20乖離可接受、成交量穩定、短線未過熱,772666.0,0.0,24000.0,796666.0,2.0,0.0,5.0,25,外資近5日買超、自營商近5日買超、三大法人合計買超,塑膠工業,25,一般業,-1.13,12.0,-18.74725952567382,4.0,1.898207764751105,24.0,-0.17304920238324042,44.0,15.383177361480811,68.0,23.676891052864548,88.0,20.315106868774187,80.0,229.79335551555016,60.0,1.0369615611224117,88.0,,,,,0.75,57.14285714285714,57.14285714285714,0.0,21.428571428571427,827062.0,43.46857142857143,營收月增同產業前20%、負債比同產業前20%、資產周轉同產業前20%,2181.415,772.666,0.0,24.0,796.666,38.46153846153847,49.83,63.6,★★★ 一般觀察,一般觀察,風險動能健康,無明顯風險訊號,11.878,24.0,250.0,30.0,35.560344827586206,66.0,30.0,43.47,50.0,49.42,20.93,11.878,35.56,24.0,10.0,10.0,0.0,80.0,31.78,⚪ S2爆發潛力不足,0.0,86.75,80.53,100.0,② 蓄勢,63.02,🔵 等待突破,站上MA20且乖離健康、MA20向上、RSI位於起漲區、MACD動能擴張、外資5日買超、外資買盤加速、法人買超占量提升,無明顯風險訊號,偏多順風,偏多順風,29.35,35.56,28.39,28.39,29.46,31.78,S2_E_BALANCED,正常,124.0,354.0,328,328
24,2025,千興,上市,1899021.0,2026-09-24,1890704.0,24768223.121246338,12.649999618530273,13.449999809265137,12.5,13.100000381469727,0.4500007629394531,0,12.619999885559082,12.545000028610229,12.385833326975504,0.00670941380043466,-0.044200003335019576,0.05090941713545424,62.29729019196596,445860.05,4.240577284284609,13.5,12.55,0.035573183913798045,6.072874306346754,-0.7575714336391148,-0.7575714336391148,28.070296867805634,0.32499987738473074,2.4809150222961143,4.424076138650923,5.765999231870933,-11.895906695056146,0.8535329708386993,75,股價高於20日均線、5日均線高於20日均線、20日均線高於60日均線、RSI介於50至70、MACD多頭、MACD柱狀體為正、量比達1.5以上,63,波動率合理、ATR風險合理、20日回撤可接受、MA20乖離健康、MA60位置健康、成交量穩定度普通、短線未過熱,551963.0,0.0,3000.0,554963.0,5.0,0.0,5.0,35,外資近5日買超、自營商近5日買超、外資連買至少3日、三大法人合計買超,鋼鐵工業,48,一般業,0.76,50.0,12.50252836320237,64.58333333333334,16.568601171026074,64.58333333333334,13.625085567314061,85.41666666666666,102.5304395876603,97.91666666666666,88.52262750419028,100.0,22.555789245494953,89.58333333333334,230.47125101484477,81.25,0.6702341296031371,47.91666666666667,,,10.16,78.26086956521739,1.08,67.74193548387096,73.00140252454418,0.0,16.129032258064516,212580.0,72.44360682561945,營業利益率同產業前20%、營收年增同產業前20%、營收月增同產業前20%、負債比同產業前20%、流動比率同產業前20%,1899.021,551.963,0.0,3.0,554.963,53.84615384615385,67.6,95.0,★★★★★ 強勢候選,趨勢健康,技術面偏多、法人偏多、基本面優於產業平均、風險動能健康、綜合表現前10%,無明顯風險訊號,12.242,22.86,250.0,31.0,37.28448275862069,78.0,40.0,72.44,45.0,60.82,40.49,12.242,37.28,22.86,60.0,30.0,0.0,63.0,31.74,⚪ S2爆發潛力不足,0.0,86.75,80.53,100.0,④ 趨勢加速,71.42,🟡 等待回檔,站上MA20且乖離健康、MA5近期上穿MA20、RSI位於起漲區、MACD近期黃金交叉、MACD動能擴張、接近20日突破、外資5日買超、外資買盤加速、外資連買,無明顯風險訊號,偏多順風,偏多順風,46.67,37.28,23.87,30.54,29.46,31.74,S2_E_BALANCED,正常,37.0,174.0,329,329
355,3260,威剛,上櫃,4449380.0,2026-09-24,4135904.0,1563371712.0,381.0,381.0,373.5,378.0,-5.0,0,386.1,400.35,399.9,-5.991130339323206,-3.0348281331166995,-2.9563022062065065,37.436252660476924,5507688.05,0.7509328710074639,428.0,402.225,-0.01305483028720622,-4.303797468354431,-9.025270758122739,-7.352941176470584,26.536136382705372,10.928571428571429,2.891156462585034,-5.582615211689779,-5.476369092273059,-11.402508551881418,0.4314911212642313,15,20日均線高於60日均線,35,波動率合理、ATR風險合理、20日回撤可接受、成交量穩定,0.0,0.0,0.0,0.0,0.0,0.0,0.0,0,,半導體業,207,一般業,62.46,99.03381642512076,101.06309561570323,99.51690821256038,47.62958000184519,75.36231884057972,38.98466139811369,94.68599033816425,279.80697041038457,97.57281553398059,2.97175935747378,61.6504854368932,62.905260373373096,3.3816425120772946,181.4402938209745,23.18840579710145,1.161115705997774,92.27053140096618,,,,,,,,,,18925261.0,81.22726846344406,EPS同產業前20%、ROE同產業前20%、營業利益率同產業前20%、營收年增同產業前20%、資產周轉同產業前20%,4449.38,0.0,0.0,0.0,0.0,0.0,35.87,23.7,★★ 弱勢,整理觀察,同產業基本面突出,無明顯風險訊號,13.196,24.81,250.0,33.0,40.30172413793103,0.0,0.0,81.23,0.0,12.18,24.8,13.196,40.3,24.81,0.0,0.0,45.0,63.0,31.63,⚪ S2爆發潛力不足,0.0,86.75,80.53,83.33,⑥ 轉弱,1.45,🔴 暫不考慮,,無明顯風險訊號,偏多順風,偏多順風,5.13,40.3,21.08,25.38,29.46,31.63,S2_E_BALANCED,正常,450.0,324.0,330,330
411,4989,榮科,上市,1972543.0,2026-09-24,1926859.0,114455427.5401535,60.400001525878906,60.400001525878906,58.900001525878906,59.400001525878906,-0.5,0,60.380001068115234,61.514999580383304,68.14833348592123,-1.5444708829337372,-1.7364413496742832,0.19197046674054596,41.89449547149217,3487449.7,0.552512341611694,71.69999694824219,61.859999656677246,-0.008347245196379194,-0.8347245196379194,-10.407241641440567,-40.89552086977223,41.27582949055736,2.0714288439069475,3.4872538563900277,-3.438182669156442,-12.837191333298914,-14.516126325775158,0.874015676749899,15,MACD多頭、MACD柱狀體為正,36,波動率可接受、ATR風險合理、20日回撤可接受、成交量穩定度普通、短線未過熱,1038071.0,0.0,-82078.0,955993.0,0.0,0.0,5.0,20,外資近5日買超、三大法人合計買超,電子零組件業,210,一般業,-0.67,10.952380952380953,-12.343059594237776,7.6190476190476195,0.33527974125945764,4.285714285714286,-5.108515900542946,19.047619047619047,101.82935261463086,93.80952380952381,20.38378488250492,94.28571428571428,40.99168057445099,53.333333333333336,205.81251430557558,56.19047619047619,1.6172054445672073,100.0,,,,,5.47,20.192307692307693,20.192307692307693,0.0,11.057692307692307,408656.0,38.70531135531136,營收年增同產業前20%、營收月增同產業前20%、資產周轉同產業前20%,1972.543,1038.071,0.0,-82.078,955.993,30.76923076923077,29.47,11.6,★★ 弱勢,一般觀察,,無明顯風險訊號,6.822,21.0,250.0,17.0,19.396551724137932,8.0,15.0,38.71,10.0,15.01,13.56,6.822,19.4,21.0,0.0,0.0,45.0,80.0,31.62,⚪ S2爆發潛力不足,0.0,86.75,80.53,82.5,⑥ 轉弱,4.21,🔴 暫不考慮,外資5日買超、法人買超占量提升,無明顯風險訊號,偏多順風,偏多順風,0.0,19.4,28.6,75.48,29.46,31.62,S2_E_BALANCED,正常,430.0,428.0,331,331
113,2353,宏碁,上市,8866691.0,2026-09-24,8817000.0,279939750.0,31.299999237060547,31.850000381469727,31.25,31.75,0.20000076293945312,0,31.760000228881836,31.672500133514404,31.040833314259846,0.15552170349171135,0.17903708061480098,-0.023515377123089626,51.75257942951892,16265560.3,0.5420655567579802,33.04999923706055,31.645000171661376,0.006339168550740348,-2.006177454527991,1.7628180243952407,-0.78125,34.15324805217056,0.8607139587402344,2.7109101062684546,0.24469134472775433,2.284625153456732,-5.504590527255315,0.4938908076044056,55,股價高於20日均線、5日均線高於20日均線、20日均線高於60日均線、20日均線向上、RSI介於50至70,68,20日動能尚可、波動率合理、ATR風險合理、20日回撤小、MA20乖離可接受、MA60乖離可接受、成交量穩定、短線未過熱,-7799847.0,391275.0,863194.0,-6545378.0,1.0,5.0,5.0,35,投信近5日買超、自營商近5日買超、投信連買至少3日,電腦及週邊設備業,109,一般業,0.96,41.284403669724774,8.287283489124855,46.788990825688074,11.276750781557627,19.26605504587156,1.6395533294866296,31.19266055045872,38.41493141468421,63.30275229357798,12.17783029043873,86.23853211009175,67.67077971851492,13.761467889908257,121.94926537750817,15.59633027522936,1.0219333562256938,78.89908256880734,,,18.9,42.592592592592595,1.24,81.25,61.9212962962963,4.09,75.0,30180310.0,47.12801563030921,營收月增同產業前20%,8866.691,-7799.847,391.275,863.194,-6545.378,53.84615384615385,55.01,75.9,★★★ 一般觀察,一般觀察,法人偏多、風險動能健康、綜合表現前25%,無明顯風險訊號,14.401,24.56,250.0,36.0,43.96551724137931,48.0,65.0,47.13,35.0,51.02,34.44,14.401,43.97,24.56,0.0,10.0,45.0,63.0,31.61,⚪ S2爆發潛力不足,0.0,86.75,80.53,82.5,② 蓄勢,63.22,🔵 等待突破,站上MA20且乖離健康、MA20向上、RSI位於起漲區、投信5日買超、外資買盤加速、投信買盤加速,無明顯風險訊號,偏多順風,偏多順風,40.2,43.97,17.63,20.0,29.46,31.61,S2_E_BALANCED,正常,108.0,223.0,332,332
47,1708,東鹼,上市,7343032.0,2026-09-24,7268445.0,380139667.95461655,50.099998474121094,53.099998474121094,50.099998474121094,52.29999923706055,2.200000762939453,0,50.75999908447265,50.187499618530275,51.61249974568685,0.10229045767344758,-0.1345874203974893,0.23687787807093688,60.563055423031514,2398965.3,3.029824983295924,52.29999923706055,50.10749969482422,0.04391219221445386,2.3483381580670315,3.1558154833217555,-8.245615373577985,28.19859851365967,1.3214285714285714,2.526632104598938,4.209214713996823,1.332040677667723,-6.712063541870606,0.6277731507682508,70,股價高於20日均線、5日均線高於20日均線、20日均線向上、RSI介於50至70、MACD多頭、MACD柱狀體為正、量比達1.5以上,71,20日動能尚可、波動率合理、ATR風險合理、20日回撤小、MA20乖離健康、MA60乖離可接受、成交量穩定度普通、短線未過熱,2355752.0,0.0,-49280.0,2306472.0,3.0,0.0,5.0,30,外資近5日買超、外資連買至少3日、三大法人合計買超,化學工業,42,一般業,1.98,64.28571428571429,12.938821333796074,64.28571428571429,29.736378614679698,70.73170731707317,16.49077701464053,78.04878048780488,33.17216667449029,73.80952380952381,6.4206704355940225,69.04761904761905,39.418146649863445,40.476190476190474,104.33194979483258,12.195121951219512,0.5261745024081999,34.146341463414636,,,12.66,84.61538461538461,1.71,55.35714285714286,69.98626373626374,3.06,60.71428571428571,680872.0,62.305637451978924,,7343.032,2355.752,0.0,-49.28,2306.472,46.15384615384615,63.12,90.1,★★★★★ 強勢候選,趨勢健康,技術面偏多、風險動能健康、綜合表現前10%,無明顯風險訊號,11.247,22.2,250.0,28.0,34.05172413793103,81.0,35.0,62.31,85.0,65.0,46.93,11.247,34.05,22.2,70.0,43.0,65.0,83.0,30.86,⚪ S2爆發潛力不足,0.0,86.75,80.53,100.0,③ 剛啟動,83.6,🟢 可觀察進場,站上MA20且乖離健康、MA20向上、MA5近期上穿MA20、RSI位於起漲區、MACD動能擴張、接近20日突破、外資5日買超、外資買盤加速、外資連買,無明顯風險訊號,偏多順風,偏多順風,54.27,34.05,29.89,24.3,29.46,30.86,S2_E_BALANCED,正常,15.0,113.0,333,333
6,2006,東和鋼鐵,上市,1650426.0,2026-09-24,1579767.0,138703547.42106628,85.80000305175781,88.19999694824219,85.80000305175781,87.80000305175781,2.0,0,86.56000061035157,82.86499977111816,78.67333335876465,1.6541635912740844,1.2408416332664802,0.4133219580076042,65.61235559969022,1687404.6,0.9362111493591992,89.0,82.51499977111817,0.023310022480926174,6.424246123342803,8.663366009424568,27.246381234431617,28.974668127311865,2.0857151576450894,2.375529709737672,5.955473715405346,11.600715647033667,-8.926555396473345,0.625856210130455,70,股價高於20日均線、5日均線高於20日均線、20日均線高於60日均線、20日均線向上、RSI介於50至70、MACD多頭、MACD柱狀體為正,93,20日動能健康、60日趨勢健康、波動率合理、ATR風險合理、20日回撤可接受、MA20乖離健康、MA60位置健康、成交量穩定度普通、短線未過熱,2177085.0,346485.0,-1035.0,2522535.0,1.0,2.0,5.0,35,外資近5日買超、投信近5日買超、三大法人合計買超,鋼鐵工業,48,一般業,4.07,95.83333333333334,17.464318734420072,95.83333333333334,16.526436269046958,62.5,12.09741358749933,81.25,15.124090050648597,58.333333333333336,0.7229677931817946,79.16666666666666,35.77454832201521,75.0,165.6215443974287,58.333333333333336,1.119491710350858,87.5,,,11.66,65.21739130434783,1.88,19.35483870967742,42.286115007012626,4.9,77.41935483870968,5234484.0,76.31299672744274,EPS同產業前20%、ROE同產業前20%、營業利益率同產業前20%、資產周轉同產業前20%,1650.426,2177.085,346.485,-1.035,2522.535,53.84615384615385,73.26,98.9,★★★★★ 強勢候選,趨勢健康,技術面偏多、法人偏多、基本面優於產業平均、風險動能結構佳、綜合表現前10%,無明顯風險訊號,6.374,17.29,250.0,16.0,18.103448275862068,67.0,55.0,76.31,100.0,69.75,40.71,6.374,18.1,17.29,30.0,100.0,45.0,63.0,30.85,⚪ S2爆發潛力不足,0.0,86.75,80.53,100.0,④ 趨勢加速,80.35,🟡 等待回檔,站上MA20且乖離健康、MA20向上、MACD動能擴張、接近20日突破、外資5日買超、投信5日買超、投信買盤加速,無明顯風險訊號,偏多順風,偏多順風,48.64,18.1,54.19,31.61,29.46,30.85,S2_E_BALANCED,正常,5.0,173.0,334,334
365,2542,興富發,上市,12468559.0,2026-09-24,12346629.0,487691845.5,38.900001525878906,39.5,38.79999923706055,39.5,-0.049999237060546875,0,43.75,46.302500343322755,45.39416662851969,-1.0237453985872804,-0.15247830485156835,-0.8712670937357121,25.826808362921284,12265793.4,1.0065903278625254,48.900001525878906,46.71500034332276,-0.0012642032370431266,-15.68836438315162,-17.277486910994767,-8.352664968846046,52.440231477584554,1.5250001634870256,3.8607599075620906,-14.691431980743431,-12.984414223867645,-18.80781344068746,0.8028815126011788,15,20日均線高於60日均線,21,波動率可接受、ATR風險合理、成交量穩定度普通,-9647171.0,9953389.0,-2595298.0,-2289080.0,0.0,5.0,5.0,30,投信近5日買超、投信連買至少3日,建材營造,88,一般業,2.45,79.54545454545455,23.193047807818505,84.0909090909091,30.998768144505135,55.68181818181818,24.763908905575384,78.4090909090909,-20.877100359415035,22.727272727272727,-37.099398454237665,16.27906976744186,77.72302864032422,13.636363636363635,140.20266307816377,29.545454545454547,0.2449714869197107,59.09090909090909,,,9.14,61.224489795918366,1.69,23.636363636363637,42.430426716141,10.13,87.27272727272727,3024332.0,55.56663286879232,ROE同產業前20%、殖利率同產業前20%,12468.559,-9647.171,9953.389,-2595.298,-2289.08,46.15384615384615,34.6,21.6,★★ 弱勢,一般觀察,,無明顯風險訊號,4.419,17.92,250.0,11.0,11.422413793103448,5.0,25.0,55.57,0.0,17.83,16.19,4.419,11.42,17.92,0.0,0.0,45.0,90.0,30.85,⚪ S2爆發潛力不足,13.0,86.75,80.53,100.0,⑥ 轉弱,0.0,🔴 暫不考慮,投信5日買超、投信連買,近期回撤偏大,偏多順風,偏多順風,0.0,11.42,51.18,56.67,29.46,30.85,S2_E_BALANCED,正常,417.0,406.0,335,335
302,1440,南紡,上市,5143466.0,2026-09-24,5137846.0,69360921.0,13.199999809265137,13.600000381469727,13.100000381469727,13.5,0.25,0,13.369999885559082,13.549999904632568,13.329166666666667,-0.035802990769274956,-0.004746351283067765,-0.03105663948620719,51.57496406284781,3197089.45,1.6070385518928787,14.850000381469727,13.567499923706055,0.018867924528301883,0.3717486352707633,-2.5270784969652516,-3.2258051284435263,27.23023354352079,0.37857164655412945,2.8042344189194774,-0.36900298881532567,1.2816505157861702,-9.154931043637383,0.6118075304921625,40,20日均線高於60日均線、RSI介於50至70、量比達1.5以上,48,波動率合理、ATR風險合理、20日回撤可接受、MA60乖離可接受、成交量穩定度普通、短線未過熱,723562.0,0.0,141000.0,864562.0,0.0,0.0,5.0,25,外資近5日買超、自營商近5日買超、三大法人合計買超,紡織纖維,52,一般業,0.14,39.42307692307692,1.6033808443388082,36.53846153846153,10.717317707143009,33.33333333333333,-1.6918367782257204,31.372549019607842,-4.228913103138908,46.15384615384615,-19.221174121884854,21.153846153846153,37.308076851027046,53.84615384615385,136.80937940712835,31.372549019607842,0.2839511246919119,33.33333333333333,,,450.0,3.3333333333333335,0.78,52.4390243902439,27.88617886178862,2.22,46.34146341463415,1050401.0,36.89224515322076,,5143.466,723.562,0.0,141.0,864.562,38.46153846153847,40.36,35.1,★★ 弱勢,一般觀察,,無明顯風險訊號,14.422,25.33,250.0,36.0,44.18103448275862,25.0,30.0,36.89,30.0,29.03,28.27,14.422,44.18,25.33,25.0,15.0,45.0,83.0,30.58,⚪ S2爆發潛力不足,0.0,86.75,80.53,100.0,⑥ 轉弱,19.64,🔴 暫不考慮,RSI位於起漲區、成交量溫和放大、外資5日買超、外資買盤加速、法人買超占量提升,無明顯風險訊號,偏多順風,偏多順風,11.54,44.18,13.76,18.92,29.46,30.58,S2_E_BALANCED,正常,338.0,283.0,336,336
406,1718,中纖,上市,5447791.0,2026-09-24,5421723.0,56928091.5,10.600000381469727,10.600000381469727,10.399999618530273,10.5,-0.10000038146972656,0,10.630000114440918,10.65499997138977,11.30816658337911,-0.03718950026557266,-0.04582366143373345,0.008634161168160785,46.9141379678016,14864020.25,0.3647548179302299,11.949999809265137,10.664999961853027,-0.009433997912352998,-3.669721399350001,-1.8691571292548725,-22.794119812625446,32.5367429375733,0.32500008174351286,3.095238873747742,-1.4547158311212338,-7.146751663235696,-7.142858967489152,0.7984844342681677,15,MACD多頭、MACD柱狀體為正,38,波動率合理、ATR風險合理、20日回撤小、成交量穩定度普通,1042188.0,0.0,808674.0,1850862.0,0.0,0.0,5.0,25,外資近5日買超、自營商近5日買超、三大法人合計買超,化學工業,42,異業,0.46,26.190476190476193,9.47762259833178,50.0,,,,,4.427837589825293,30.952380952380953,-14.735970540910149,7.142857142857142,90.71815536768865,2.380952380952381,,,,,,,17.8,57.692307692307686,0.59,100.0,78.84615384615384,0.0,8.928571428571429,4179861.0,34.400382226469176,,5447.791,1042.188,0.0,808.674,1850.862,38.46153846153847,30.11,12.7,★★ 弱勢,一般觀察,,無明顯風險訊號,11.667,23.69,250.0,29.0,35.12931034482759,31.0,20.0,34.4,0.0,23.56,14.39,11.667,35.13,23.69,15.0,0.0,25.0,63.0,30.5,⚪ S2爆發潛力不足,0.0,86.75,80.53,100.0,⑥ 轉弱,14.16,🔴 暫不考慮,MA5近期上穿MA20、外資5日買超、法人買超占量提升,無明顯風險訊號,偏多順風,偏多順風,0.0,35.13,24.95,26.88,29.46,30.5,S2_E_BALANCED,正常,374.0,423.0,337,337
289,5309,系統電,上櫃,1826140.0,2026-09-24,1800374.0,96860119.82642365,51.5,54.29999923706055,51.29999923706055,53.79999923706055,2.299999237060547,0,52.13999938964844,51.5,53.90583318074544,-0.37683799101729676,-0.796255853701336,0.41941786268403924,58.104289019268414,928123.2,1.9398006643945547,56.099998474121094,51.545000076293945,0.0446601793603989,6.324112370430335,-1.6453409750017411,-16.329709667735727,29.20704774580208,1.371429170880999,2.549124889087878,4.46601793603989,-0.1963311527530487,-10.054844466704981,0.38397153179249865,60,股價高於20日均線、5日均線高於20日均線、RSI介於50至70、MACD多頭、MACD柱狀體為正、量比達1.5以上,55,波動率合理、ATR風險合理、20日回撤可接受、MA20乖離健康、成交量穩定、短線未過熱,0.0,0.0,0.0,0.0,0.0,0.0,0.0,0,,電子零組件業,210,一般業,0.06,25.952380952380956,-0.5932462365566721,24.285714285714285,23.52044644931574,56.19047619047619,-5.407869555362794,17.61904761904762,27.55214093238423,47.14285714285714,2.677600253278034,68.57142857142857,32.971159536376206,73.33333333333333,447.0061157100842,94.28571428571428,0.4166217100035488,22.380952380952383,,,,,,,,,,327559.0,40.9090909090909,流動比率同產業前20%,1826.14,0.0,0.0,0.0,0.0,0.0,41.27,37.9,★★ 弱勢,一般觀察,,無明顯風險訊號,10.816,23.38,250.0,27.0,32.543103448275865,73.0,0.0,40.91,45.0,42.09,27.9,10.816,32.54,23.38,50.0,30.0,65.0,83.0,30.28,⚪ S2爆發潛力不足,0.0,86.75,80.53,82.5,④ 趨勢加速,51.29,🟡 等待回檔,站上MA20且乖離健康、MA5近期上穿MA20、RSI位於起漲區、MACD動能擴張、成交量溫和放大,無明顯風險訊號,偏多順風,偏多順風,32.58,32.54,26.67,30.32,29.46,30.28,S2_E_BALANCED,正常,203.0,287.0,338,338
64,6015,宏遠證,上櫃,1972646.0,2026-09-24,1963674.0,34560663.149082184,17.799999237060547,17.850000381469727,17.549999237060547,17.600000381469727,-0.25,0,17.74000015258789,17.110000133514404,16.50916665395101,0.39597099596979035,0.34137938697066555,0.0545916089991248,58.25574964351411,2647115.25,0.7418165869430884,18.25,17.032500076293946,-0.014005601941584733,1.4409221585205634,9.657328461612135,2.0289877186650873,33.9728553857676,0.5357146944318499,3.043833425116744,2.8638237529614585,6.60744270370337,-5.602240776633883,0.560014881057777,70,股價高於20日均線、5日均線高於20日均線、20日均線高於60日均線、20日均線向上、RSI介於50至70、MACD多頭、MACD柱狀體為正,93,20日動能健康、60日趨勢尚可、波動率合理、ATR風險合理、20日回撤小、MA20乖離健康、MA60位置健康、成交量穩定、短線未過熱,0.0,0.0,0.0,0.0,0.0,0.0,0.0,0,,金融保險,40,證券期貨業,3.33,68.75,38.367774052922776,86.66666666666667,,,,,140.4952387188123,95.0,-404.544135479391,2.5,67.01997961957798,66.66666666666666,137.1522942945006,50.0,,,,,,,,,,,,587691.0,71.72043010752688,ROE同產業前20%、營收年增同產業前20%,1972.646,0.0,0.0,0.0,0.0,0.0,61.12,86.4,★★★★ 觀察候選,趨勢健康,技術面偏多、基本面優於產業平均、風險動能結構佳、綜合表現前25%,無明顯風險訊號,10.431,19.9,250.0,26.0,30.603448275862068,56.0,0.0,71.72,78.0,44.86,28.43,10.431,30.6,19.9,0.0,60.0,25.0,63.0,30.06,⚪ S2爆發潛力不足,0.0,86.75,80.53,70.0,② 蓄勢,56.06,🟡 等待回檔,站上MA20且乖離健康、MA20向上、RSI位於起漲區,無明顯風險訊號,偏多順風,偏多順風,33.96,30.6,30.97,27.53,29.46,30.06,S2_E_BALANCED,正常,168.0,280.0,339,339
94,2606,裕民,上市,2953322.0,2026-09-24,2932516.0,224923968.2506714,76.30000305175781,77.69999694824219,75.19999694824219,76.69999694824219,0.0,0,76.95999908447266,76.71999893188476,69.19333305358887,1.6311525364879174,2.1026851403989437,-0.47153260391102636,56.64310877939753,5074400.1,0.5779039772602874,81.69999694824219,76.59999923706054,0.0,-0.3896143529322216,3.230139701087942,27.83332824707032,33.01255279675822,2.2928575788225447,2.989384185203794,-0.026071407613459385,10.848825404666584,-7.435901348407448,0.6028744103102713,45,5日均線高於20日均線、20日均線高於60日均線、20日均線向上、RSI介於50至70,81,20日動能尚可、60日趨勢健康、波動率合理、ATR風險合理、20日回撤小、MA60位置健康、成交量穩定度普通、短線未過熱,-149061.0,450000.0,142356.0,443295.0,0.0,2.0,5.0,30,投信近5日買超、自營商近5日買超、三大法人合計買超,航運業,34,一般業,3.51,73.52941176470588,14.701890592676744,82.35294117647058,33.877029568641255,73.52941176470588,28.582821492734816,76.47058823529412,18.15606619816204,38.23529411764706,-1.819294760437895,32.35294117647059,55.86687795912165,35.294117647058826,161.85990578096164,64.70588235294117,0.19497153192828107,29.411764705882355,,,11.31,56.00000000000001,1.61,40.74074074074074,48.370370370370374,3.65,55.55555555555556,1732266.0,59.562440087145966,ROE同產業前20%,2953.322,-149.061,450.0,142.356,443.295,46.15384615384615,56.8,80.0,★★★ 一般觀察,一般觀察,風險動能結構佳、綜合表現前25%,無明顯風險訊號,9.347,19.79,250.0,24.0,26.50862068965517,33.0,40.0,59.56,65.0,43.88,30.54,9.347,26.51,19.79,0.0,53.0,45.0,63.0,30.02,⚪ S2爆發潛力不足,0.0,86.75,80.53,100.0,② 蓄勢,57.49,🟡 等待回檔,MA20向上、RSI位於起漲區、投信5日買超、投信買盤加速、法人買超占量提升,無明顯風險訊號,偏多順風,偏多順風,35.93,26.51,40.22,24.09,29.46,30.02,S2_E_BALANCED,正常,182.0,260.0,340,340
367,3149,正達,上市,2594500.0,2026-09-24,2571507.0,162776391.13809586,62.79999923706055,64.19999694824219,62.5,63.29999923706055,0.09999847412109375,0,63.89999923706055,62.42499980926514,68.71933180491129,-0.8765191830243069,-1.47939941153079,0.6028802285064832,48.16635733416423,4884022.5,0.5265141591792422,68.69999694824219,62.619999694824216,0.0015822543182584248,2.0967729630008813,-5.803568286149541,-30.05524946181155,39.107746028707446,2.578571319580078,4.073572433900425,1.4016811060775458,-7.886183444326555,-13.768115942028981,0.5210289373076472,35,股價高於20日均線、5日均線高於20日均線、MACD多頭、MACD柱狀體為正,45,波動率合理、ATR偏高但可接受、20日回撤可接受、MA20乖離可接受、成交量穩定、短線未過熱,694093.0,0.0,4106.0,698199.0,1.0,0.0,5.0,25,外資近5日買超、自營商近5日買超、三大法人合計買超,光電業,116,一般業,-0.85,13.043478260869565,-16.230816130410624,8.695652173913043,-3.697716463257454,8.695652173913043,-17.482910393050037,17.391304347826086,19.271287907657133,66.95652173913044,-9.298608059977752,28.947368421052634,57.19568746365044,13.043478260869565,183.00885346793797,32.17391304347826,0.41366089543650025,41.73913043478261,,,,,6.05,11.76470588235294,11.76470588235294,0.0,24.264705882352942,194052.0,23.961650289406382,,2594.5,694.093,0.0,4.106,698.199,38.46153846153847,34.38,21.1,★★ 弱勢,一般觀察,,無明顯風險訊號,10.536,24.74,250.0,27.0,31.896551724137932,46.0,30.0,23.96,30.0,35.49,16.58,10.536,31.9,24.74,15.0,15.0,45.0,80.0,29.92,⚪ S2爆發潛力不足,0.0,86.75,80.53,100.0,① 尚未啟動,38.1,🔴 暫不考慮,站上MA20且乖離健康、MA5近期上穿MA20、外資5日買超、外資由賣轉買、法人買超占量提升,無明顯風險訊號,偏多順風,偏多順風,20.89,31.9,26.02,30.97,29.46,29.92,S2_E_BALANCED,正常,288.0,405.0,341,341
397,3049,精金,上市,2304349.0,2026-09-24,2293505.0,28095436.25,12.300000190734863,12.649999618530273,12.25,12.25,-0.14999961853027344,0,12.430000114440919,12.557500123977661,11.794333362579346,0.09157192171514161,0.131929214684302,-0.04035729296916038,49.986678732720144,9622580.1,0.23834615832400294,14.300000190734863,12.580000114440917,-0.012096743802001209,2.083333333333326,-3.5433056379799655,-6.4885523413577335,36.64217892898631,0.37857137407575336,3.090378563883701,-2.448736778353766,3.8634369863274953,-12.915128969493328,1.3092535079875356,15,20日均線高於60日均線,50,波動率合理、ATR風險合理、20日回撤可接受、MA60位置健康、短線未過熱,-4293699.0,0.0,28919.0,-4264780.0,0.0,0.0,5.0,5,自營商近5日買超,光電業,116,一般業,0.51,53.04347826086957,14.060877355041622,84.34782608695653,44.64099059258664,93.04347826086956,7.271649111522072,73.04347826086956,-72.22465114584472,2.608695652173913,-0.7130531045485666,54.385964912280706,39.37118357414848,45.21739130434783,160.68654501403873,21.73913043478261,0.026935507373350143,3.4782608695652173,,,37.12,32.55813953488372,1.2,72.05882352941177,52.308481532147745,0.0,24.264705882352942,30494.0,51.00103334825496,ROE同產業前20%、毛利率同產業前20%,2304.349,-4293.699,0.0,28.919,-4264.78,7.6923076923076925,31.34,14.7,★★ 弱勢,一般觀察,,成交量波動較大,9.936,22.63,250.0,25.0,29.74137931034483,8.0,5.0,51.0,30.0,16.85,21.73,9.936,29.74,22.63,0.0,15.0,0.0,80.0,29.85,⚪ S2爆發潛力不足,0.0,86.75,80.53,100.0,⑥ 轉弱,7.45,🔴 暫不考慮,,無明顯風險訊號,偏多順風,偏多順風,3.88,29.74,29.46,31.18,29.46,29.85,S2_E_BALANCED,正常,420.0,348.0,342,342
54,2027,大成鋼,上市,10270252.0,2026-09-24,10193747.0,485222341.6455765,46.5,47.95000076293945,46.349998474121094,47.599998474121094,1.0,0,46.939999389648435,47.889999580383304,45.809166526794435,-0.22472206671431394,-0.017472069320251592,-0.20724999739406236,51.07245198496905,12611532.85,0.8082877094515913,50.79999923706055,47.94249973297119,0.021459228170475964,1.0615711596566602,-2.1582795864852566,17.097162822534283,26.56165672830784,1.2714285169328963,2.671068398508751,-0.605556710802313,3.9093309988060376,-11.764705882352944,0.3439876181406521,25,20日均線高於60日均線、RSI介於50至70,70,60日趨勢健康、波動率合理、ATR風險合理、20日回撤可接受、MA60位置健康、成交量穩定、短線未過熱,3272278.0,1501755.0,707121.0,5481154.0,3.0,2.0,5.0,50,外資近5日買超、投信近5日買超、自營商近5日買超、外資連買至少3日、三大法人合計買超,鋼鐵工業,48,一般業,3.1,89.58333333333334,19.160791401145683,97.91666666666666,29.02006199810839,97.91666666666666,19.69685393869968,91.66666666666666,46.090820444159995,87.5,-1.8443251430425467,75.0,43.67518873081567,64.58333333333334,295.5303719168183,89.58333333333334,0.8116513248495424,60.416666666666664,,,9.39,86.95652173913044,1.4,38.70967741935484,62.83309957924264,3.15,58.06451612903226,12385552.0,83.93256194483403,EPS同產業前20%、ROE同產業前20%、毛利率同產業前20%、營業利益率同產業前20%、營收年增同產業前20%、流動比率同產業前20%,10270.252,3272.278,1501.755,707.121,5481.154,76.92307692307693,62.06,88.6,★★★ 一般觀察,整理觀察,法人籌碼強、同產業基本面突出、風險動能健康、綜合表現前25%,無明顯風險訊號,11.666,19.6,250.0,29.0,34.91379310344828,15.0,70.0,83.93,45.0,46.34,35.37,11.666,34.91,19.6,0.0,40.0,45.0,63.0,29.84,⚪ S2爆發潛力不足,0.0,86.75,80.53,100.0,⑥ 轉弱,36.94,🔴 暫不考慮,RSI位於起漲區、外資5日買超、投信5日買超、外資買盤加速,無明顯風險訊號,偏多順風,偏多順風,20.69,34.91,27.1,19.57,29.46,29.84,S2_E_BALANCED,正常,148.0,217.0,343,343
232,6120,達運,上市,1718317.0,2026-09-24,1709635.0,21797846.25,12.649999618530273,12.949999809265137,12.649999618530273,12.75,-0.05000019073486328,0,12.739999961853027,12.40499997138977,12.9149999777476,-0.01867002279970542,-0.1333808305570649,0.11471080775735948,54.08978490730334,2282353.7,0.7490666323979495,13.800000190734863,12.40499997138977,-0.003906264842953311,3.658534977943373,0.0,-10.211266399588602,27.193616070325106,0.4214288166591099,3.305324052228313,2.7811368755011667,-1.2775840343158595,-8.20312636788001,1.335111014774721,45,股價高於20日均線、5日均線高於20日均線、RSI介於50至70、MACD多頭、MACD柱狀體為正,58,20日動能尚可、波動率合理、ATR風險合理、20日回撤可接受、MA20乖離健康、短線未過熱,-2688981.0,0.0,44970.0,-2644011.0,0.0,0.0,5.0,5,自營商近5日買超,光電業,116,一般業,1.42,74.78260869565217,17.20614789190532,89.56521739130436,3.804416596887889,13.91304347826087,-3.5746719712241912,38.26086956521739,-3.0908291445455935,39.130434782608695,33.67603269449828,95.6140350877193,42.99716097275839,33.91304347826087,214.37858626844482,49.56521739130435,1.0065478388591242,95.65217391304348,,,9.38,90.69767441860465,0.77,92.64705882352942,91.67236662106703,1.96,70.58823529411765,1337803.0,62.76372606410453,ROE同產業前20%、營收月增同產業前20%、資產周轉同產業前20%、估值同產業前20%,1718.317,-2688.981,0.0,44.97,-2644.011,7.6923076923076925,45.47,50.2,★★★ 一般觀察,整理觀察,,成交量波動較大,11.353,22.49,250.0,28.0,34.48275862068966,63.0,5.0,62.76,40.0,42.11,33.93,11.353,34.48,22.49,50.0,30.0,0.0,63.0,29.16,⚪ S2爆發潛力不足,0.0,86.75,80.53,100.0,① 尚未啟動,44.72,🔴 暫不考慮,站上MA20且乖離健康、MA5近期上穿MA20、RSI位於起漲區、近期突破20日高,無明顯風險訊號,偏多順風,偏多順風,36.09,34.48,20.0,28.17,29.46,29.16,S2_E_BALANCED,正常,202.0,226.0,344,344
271,2887,台新新光金,上市,22156657.0,2026-09-24,21835633.0,928014402.5,42.54999923706055,43.0,42.29999923706055,42.5,-0.4500007629394531,0,43.310000610351565,42.177500343322755,37.738688405354814,1.5674377437918494,1.8051911299433494,-0.2377533861515,59.124416272881476,64002140.75,0.34117035374320664,44.79999923706055,41.91750030517578,-0.01047731676241892,-3.5187270463253206,13.941021097321716,30.075757425394055,29.15153822329073,1.3428568158830916,3.15966309619551,0.7646248688331747,12.616526423768338,-4.279282568878906,0.5707890167082664,55,股價高於20日均線、5日均線高於20日均線、20日均線高於60日均線、20日均線向上、RSI介於50至70,85,20日動能健康、60日趨勢健康、波動率合理、ATR風險合理、20日回撤小、MA20乖離可接受、MA60位置健康、成交量穩定,-43620167.0,-1200583.0,3841978.0,-40978772.0,0.0,0.0,5.0,5,自營商近5日買超,金融保險,40,金控業,1.69,50.0,12.28492842104718,20.0,,,,,-44.54199215009353,10.0,-12.579733025338912,25.0,92.40419860135447,30.0,,,,,,,15.74,38.70967741935484,1.56,38.70967741935484,38.70967741935484,2.59,6.451612903225806,15781347.0,26.021505376344084,,22156.657,-43620.167,-1200.583,3841.978,-40978.772,7.6923076923076925,42.84,41.8,★★ 弱勢,一般觀察,風險動能結構佳,無明顯風險訊號,5.932,18.33,250.0,15.0,16.163793103448278,48.0,20.0,26.02,40.0,35.1,14.54,5.932,16.16,18.33,0.0,70.0,45.0,63.0,29.16,⚪ S2爆發潛力不足,0.0,86.75,80.53,70.0,② 蓄勢,46.31,🔴 暫不考慮,站上MA20且乖離健康、MA20向上、RSI位於起漲區、投信買盤加速,無明顯風險訊號,偏多順風,偏多順風,20.89,16.16,51.83,30.11,29.46,29.16,S2_E_BALANCED,正常,292.0,419.0,345,345
39,3293,鈊象,上櫃,5755067.0,2026-09-24,5225722.0,3976774442.0,734.0,774.0,734.0,761.0,32.0,0,734.0,714.45,733.8333333333334,0.9662691884135484,-5.503570656985043,6.4698398453985915,65.37428697893506,2888023.55,1.8094457713130492,730.0,711.6,0.04389574759945125,4.9655172413793025,8.096590909090917,-4.8749999999999964,25.371523673580164,13.857142857142858,1.8209123333959076,6.515501434670012,3.7020213490801757,-12.56218905472637,1.7049017686723702,85,股價高於20日均線、5日均線高於20日均線、20日均線向上、RSI介於50至70、MACD多頭、MACD柱狀體為正、量比達1.5以上、突破20日高點,75,20日動能健康、波動率合理、ATR風險合理、20日回撤可接受、MA20乖離健康、MA60位置健康、短線未過熱,0.0,0.0,0.0,0.0,0.0,0.0,0.0,0,,未分類,34,一般業,22.77,97.8744939271255,84.89284796795957,99.64394710071211,97.82109669323648,99.53440248318675,59.04611447380367,99.37920331091567,24.804093366160956,60.83206494165398,1.775592877528287,59.45121951219512,55.02379793257924,27.212614445574772,152.62025420678182,32.56172839506173,0.7543089808915966,69.59669079627714,,,,,,,,,,2268408.0,78.81981759844464,EPS同產業前20%、ROE同產業前20%、毛利率同產業前20%、營業利益率同產業前20%,5755.067,0.0,0.0,0.0,0.0,0.0,64.15,91.8,★★★★★ 強勢候選,趨勢健康,技術趨勢強、基本面優於產業平均、風險動能結構佳、綜合表現前10%,成交量波動較大,9.497,17.13,250.0,24.0,27.155172413793103,72.0,0.0,78.82,85.0,53.37,43.08,9.497,27.16,17.13,70.0,75.0,45.0,68.0,28.93,⚪ S2爆發潛力不足,0.0,86.75,80.53,100.0,③ 剛啟動,71.98,🟢 可觀察進場,MA20向上、MACD動能擴張、成交量溫和放大、近期突破20日高,無明顯風險訊號,偏多順風,偏多順風,48.86,27.16,36.77,20.65,29.46,28.93,S2_E_BALANCED,正常,85.0,149.0,346,346
37,2892,第一金,上市,11353509.0,2026-09-24,11248860.0,444329970.0,39.349998474121094,39.849998474121094,39.349998474121094,39.5,-0.34999847412109375,0,39.75999984741211,38.239999771118164,35.4724999109904,1.3815280371636192,1.3683946487172889,0.013133388446330274,66.40241295684574,34543913.05,0.3256394254964118,40.95000076293945,37.932499694824216,-0.008782898055777477,-3.0674846625766916,18.44078502927422,23.05296535090107,21.815285449438708,1.0392859322684151,2.6311036259959875,3.2949796977600476,11.353865950005293,-4.311541597124046,0.510349632523942,70,股價高於20日均線、5日均線高於20日均線、20日均線高於60日均線、20日均線向上、RSI介於50至70、MACD多頭、MACD柱狀體為正,90,20日動能健康、60日趨勢健康、波動率合理、ATR風險合理、20日回撤小、MA20乖離健康、MA60位置健康、成交量穩定,20749562.0,3242507.0,1541853.0,25533922.0,1.0,4.0,5.0,55,外資近5日買超、投信近5日買超、自營商近5日買超、投信連買至少3日、三大法人合計買超,金融保險,40,金控業,1.24,33.75,11.806245046642522,13.333333333333334,,,,,13.898753138784288,55.00000000000001,-2.3633327251119773,47.5,94.24084658013598,10.0,,,,,,,18.46,12.903225806451612,1.88,25.806451612903224,19.354838709677416,3.29,32.25806451612903,7582281.0,29.766245909303407,,11353.509,20749.562,3242.507,1541.853,25533.922,84.61538461538461,64.85,92.2,★★★★ 觀察候選,趨勢健康,技術面偏多、法人籌碼強、風險動能結構佳、綜合表現前10%,無明顯風險訊號,4.264,13.81,250.0,11.0,10.344827586206897,49.0,70.0,29.77,45.0,51.81,15.35,4.264,10.34,13.81,0.0,70.0,45.0,50.0,28.65,⚪ S2爆發潛力不足,0.0,86.75,80.53,70.0,① 尚未啟動,52.02,🟡 等待回檔,站上MA20且乖離健康、MA20向上、外資5日買超、投信5日買超、投信買盤加速,無明顯風險訊號,偏多順風,偏多順風,22.68,10.34,44.3,56.67,29.46,28.65,S2_E_BALANCED,正常,97.0,413.0,347,347
348,2485,兆赫,上市,1008262.0,2026-09-24,990252.0,38768367.31100464,39.25,39.650001525878906,38.900001525878906,39.150001525878906,-0.09999847412109375,0,39.73000030517578,40.28000011444092,42.18916664123535,-0.8118069245754995,-0.9064259848399561,0.09461906026445654,43.503237083859744,2165973.25,0.4571857016239697,45.650001525878906,40.52250003814697,-0.0025477318247412173,-0.5082514764866319,-11.022723804820666,-25.143399432142555,33.37100757661011,1.3249996730259486,3.384417934569168,-2.8053589507237686,-7.203662355316565,-14.659092643044215,0.4218076680167896,15,MACD多頭、MACD柱狀體為正,45,波動率合理、ATR風險合理、20日回撤可接受、成交量穩定、短線未過熱,862303.0,0.0,84300.0,946603.0,0.0,0.0,5.0,25,外資近5日買超、自營商近5日買超、三大法人合計買超,通信網路業,92,一般業,0.55,47.82608695652174,6.580020254251797,51.08695652173913,18.748458888517145,35.869565217391305,5.601153697797886,55.434782608695656,38.4113202729034,63.73626373626373,-20.024506187491575,16.483516483516482,17.823638768245214,89.13043478260869,364.68088476413595,85.86956521739131,0.5826539581706991,43.47826086956522,,,44.49,32.35294117647059,2.33,38.297872340425535,35.32540675844806,0.0,18.085106382978726,249330.0,51.05935079503943,負債比同產業前20%、流動比率同產業前20%,1008.262,862.303,0.0,84.3,946.603,38.46153846153847,36.51,25.2,★★ 弱勢,一般觀察,,無明顯風險訊號,9.698,22.51,250.0,24.0,28.879310344827587,8.0,20.0,51.06,10.0,18.36,20.66,9.698,28.88,22.51,0.0,0.0,25.0,63.0,28.62,⚪ S2爆發潛力不足,0.0,86.75,80.53,76.67,⑥ 轉弱,7.1,🔴 暫不考慮,外資5日買超、法人買超占量提升,無明顯風險訊號,偏多順風,偏多順風,2.94,28.88,28.17,27.74,29.46,28.62,S2_E_BALANCED,正常,412.0,358.0,348,348
445,2356,英業達,上市,10394874.0,2026-09-24,10195568.0,610714538.7572021,60.5,60.5,59.5,59.900001525878906,-1.0999984741210938,0,61.12000045776367,63.36499996185303,64.0916664759318,-1.2177357250958423,-0.8995667282107191,-0.3181689968851231,36.77182053685267,15360811.25,0.6637389024619387,68.4000015258789,63.64999980926514,-0.018032761870837577,-2.60162353515625,-8.689019940283703,-10.863088919461973,28.347413043641584,1.7642852238246374,2.945384271922604,-5.468316007354412,-6.540109160099594,-11.25925699869792,0.5135573855109774,0,,45,波動率合理、ATR風險合理、20日回撤可接受、成交量穩定、短線未過熱,-11141148.0,-1540912.0,357466.0,-12324594.0,0.0,1.0,5.0,5,自營商近5日買超,電腦及週邊設備業,109,一般業,1.76,50.45871559633027,16.249103492023945,66.97247706422019,4.5925686925258145,3.669724770642202,1.77730451864399,33.94495412844037,35.82690162998942,61.46788990825688,-7.675596962853904,32.11009174311927,83.59803844068458,3.669724770642202,108.21143821771821,10.091743119266056,1.9782744036116726,95.41284403669725,,,19.32,38.88888888888889,2.77,34.375,36.63194444444444,3.34,64.0625,83267681.0,44.98846839959225,資產周轉同產業前20%,10394.874,-11141.148,-1540.912,357.466,-12324.594,7.6923076923076925,24.04,4.3,★★ 弱勢,一般觀察,,無明顯風險訊號,10.496,21.48,250.0,26.0,31.68103448275862,0.0,15.0,44.99,10.0,12.75,16.81,10.496,31.68,21.48,0.0,0.0,45.0,63.0,28.32,⚪ S2爆發潛力不足,0.0,86.75,80.53,82.5,⑥ 轉弱,1.95,🔴 暫不考慮,投信由賣轉買,無明顯風險訊號,偏多順風,偏多順風,0.0,31.68,19.35,32.04,29.46,28.32,S2_E_BALANCED,正常,446.0,403.0,349,349
366,2369,菱生,上市,3015587.0,2026-09-24,2999324.0,93728875.0,31.25,31.549999237060547,30.950000762939453,31.25,-0.39999961853027344,0,31.5,30.725,33.240833377838136,-0.25283394752768373,-0.5515743352771786,0.29874038774949485,50.36809210666222,5672533.2,0.5287450763620035,33.599998474121094,30.73500003814697,-0.012638218747278662,3.135316128250887,-0.6359324581484027,-21.77722302075701,35.655914963035826,1.107142448425293,3.5428558349609376,1.708706265256299,-5.989119933333065,-10.81915999300973,0.8701117782214546,45,股價高於20日均線、5日均線高於20日均線、RSI介於50至70、MACD多頭、MACD柱狀體為正,48,波動率合理、ATR風險合理、20日回撤可接受、MA20乖離可接受、成交量穩定度普通、短線未過熱,-5708711.0,0.0,-15408.0,-5724119.0,1.0,0.0,5.0,0,,半導體業,207,一般業,0.29,23.18840579710145,4.291378039359652,28.019323671497588,8.812181903091611,5.797101449275362,3.2073723287209637,27.536231884057973,32.89685341106471,54.36893203883495,0.015268721711958477,45.14563106796117,34.40931368572427,39.130434782608695,239.32523939141092,43.47826086956522,0.9110039950893853,83.57487922705315,,,,,2.38,75.52083333333334,75.52083333333334,0.0,9.895833333333332,641933.0,38.27962747994935,資產周轉同產業前20%,3015.587,-5708.711,0.0,-15.408,-5724.119,0.0,34.58,21.3,★★ 弱勢,一般觀察,,無明顯風險訊號,11.027,25.33,250.0,28.0,33.189655172413794,53.0,10.0,38.28,30.0,34.44,23.24,11.027,33.19,25.33,15.0,30.0,45.0,80.0,28.26,⚪ S2爆發潛力不足,0.0,86.75,80.53,83.33,① 尚未啟動,35.71,🔴 暫不考慮,站上MA20且乖離健康、MA5近期上穿MA20、RSI位於起漲區、外資由賣轉買,無明顯風險訊號,偏多順風,偏多順風,25.73,33.19,22.58,21.72,29.46,28.26,S2_E_BALANCED,正常,300.0,337.0,350,350
244,2882,國泰金,上市,11811664.0,2026-09-24,11724495.0,1295556697.5,110.5,111.5,110.0,110.5,-1.0,0,111.5,111.375,102.46333338419596,2.20040050151448,2.709519695410174,-0.5091191938956943,54.29462307970304,23056645.45,0.508508274780276,117.0,110.975,-0.008968609865470878,-1.3392857142857095,7.804878048780495,18.181818181818187,31.91856392222967,3.392857142857143,3.0704589528118937,-0.7856341189674487,7.843456142178984,-4.347826086956519,0.495433328112691,45,5日均線高於20日均線、20日均線高於60日均線、20日均線向上、RSI介於50至70,90,20日動能健康、60日趨勢健康、波動率合理、ATR風險合理、20日回撤小、MA60位置健康、成交量穩定、短線未過熱,-1599204.0,-5592322.0,1021153.0,-6170373.0,0.0,2.0,5.0,5,自營商近5日買超,金融保險,40,金控業,4.95,80.0,13.54005144565609,33.33333333333333,,,,,-69.46614444389321,2.5,17.309732141741783,72.5,92.44835981647019,26.666666666666668,,,,,,,13.03,67.74193548387096,1.59,35.483870967741936,51.61290322580645,3.17,20.967741935483872,29486864.0,39.32522985818918,EPS同產業前20%,11811.664,-1599.204,-5592.322,1021.153,-6170.373,7.6923076923076925,44.84,47.6,★★ 弱勢,一般觀察,風險動能結構佳,無明顯風險訊號,8.045,19.77,250.0,20.0,23.275862068965516,33.0,20.0,39.33,65.0,34.85,20.31,8.045,23.28,19.77,0.0,53.0,45.0,63.0,28.09,⚪ S2爆發潛力不足,0.0,86.75,80.53,70.0,② 蓄勢,46.05,🔴 暫不考慮,MA20向上、RSI位於起漲區、投信買盤加速,無明顯風險訊號,偏多順風,偏多順風,25.46,23.28,35.48,28.82,29.46,28.09,S2_E_BALANCED,正常,296.0,364.0,351,351
100,1904,正隆,上市,1260898.0,2026-09-24,1242825.0,30946342.025899887,24.799999237060547,25.350000381469727,24.649999618530273,24.899999618530273,0.049999237060546875,0,24.809999847412108,24.804999828338623,23.67416658401489,0.18334448503848932,0.25054971961182887,-0.06720523457333955,53.859087481459284,1712410.35,0.7257752208750665,25.950000762939453,24.83249988555908,0.0020120417019322545,-0.40000152587890137,-2.1611046283742996,13.439629854462787,26.389668099266157,0.6107142312186105,2.4526676328305017,0.38298645776695395,5.177935325263272,-5.242719928037776,0.3627770908516636,45,股價高於20日均線、5日均線高於20日均線、20日均線高於60日均線、RSI介於50至70,80,60日趨勢健康、波動率合理、ATR風險合理、20日回撤小、MA20乖離可接受、MA60位置健康、成交量穩定、短線未過熱,1162234.0,0.0,40470.0,1202704.0,3.0,0.0,5.0,35,外資近5日買超、自營商近5日買超、外資連買至少3日、三大法人合計買超,造紙工業,7,一般業,1.45,57.51518218623482,10.858893835329155,60.274669379450664,20.573690275464244,38.12726332126229,6.980292641885176,52.30212105535437,23.124829010579017,59.30999492643328,2.050220786862189,60.3150406504065,58.92581864517399,20.803662258392674,121.21361597962535,16.666666666666664,0.5772825227347235,51.86142709410548,,,11.47,79.1044776119403,0.9,79.64847363552266,79.37647562373148,1.81,42.183163737280296,4342939.0,52.438719588174735,,1260.898,1162.234,0.0,40.47,1202.704,53.84615384615385,56.0,78.7,★★★ 一般觀察,一般觀察,法人偏多、風險動能結構佳、綜合表現前25%,無明顯風險訊號,11.086,20.66,250.0,28.0,33.4051724137931,45.0,30.0,52.44,25.0,38.62,30.14,11.086,33.41,20.66,15.0,25.0,25.0,63.0,28.0,⚪ S2爆發潛力不足,0.0,86.75,80.53,100.0,① 尚未啟動,41.22,🔴 暫不考慮,站上MA20且乖離健康、MA5近期上穿MA20、RSI位於起漲區、外資5日買超、外資連買、法人買超占量提升,無明顯風險訊號,偏多順風,偏多順風,32.36,33.41,21.94,20.43,29.46,28.0,S2_E_BALANCED,正常,252.0,265.0,352,352
381,2201,裕隆,上市,1659665.0,2026-09-24,1645394.0,48127774.5,29.149999618530273,29.399999618530273,29.149999618530273,29.25,0.0,0,29.320000076293944,30.157500076293946,28.883333333333333,0.0712753149060319,0.2888025269321057,-0.21752721202607378,46.37877467849395,4969085.9,0.3311260930305109,32.0,30.12750005722046,0.0,-4.411765897516917,2.0942421970632674,5.215830225658569,35.29415428094885,0.5642855507986886,1.9291813702519267,-3.009201936493766,1.2694748990190519,-8.450706411473174,0.8394110431848717,25,20日均線高於60日均線、20日均線向上,54,20日動能尚可、60日趨勢尚可、波動率合理、ATR風險合理、20日回撤可接受、MA60乖離可接受、成交量穩定度普通,-6512257.0,-131000.0,233249.0,-6410008.0,0.0,0.0,5.0,5,自營商近5日買超,汽車工業,44,一般業,0.5,38.63636363636363,4.22874675279359,40.909090909090914,32.75538551739085,90.69767441860465,9.678008773990248,74.4186046511628,-2.0245191558224644,27.27272727272727,-2.292456109475538,50.0,74.18784666183369,9.090909090909092,99.34506974888218,9.30232558139535,0.1865093442231289,4.651162790697675,,,32.87,18.75,0.48,95.45454545454545,57.10227272727273,1.91,38.63636363636363,5807285.0,42.49841437632136,毛利率同產業前20%,1659.665,-6512.257,-131.0,233.249,-6410.008,7.6923076923076925,32.59,17.9,★★ 弱勢,一般觀察,,無明顯風險訊號,12.148,21.77,250.0,31.0,36.637931034482754,18.0,20.0,42.5,40.0,25.57,20.69,12.148,36.64,21.77,0.0,22.0,25.0,65.0,27.97,⚪ S2爆發潛力不足,0.0,86.75,80.53,100.0,① 尚未啟動,28.18,🔴 暫不考慮,MA20向上、投信買盤加速,無明顯風險訊號,偏多順風,偏多順風,22.19,36.64,14.19,23.44,29.46,27.97,S2_E_BALANCED,正常,366.0,357.0,353,353
238,2371,大同,上市,7247738.0,2026-09-24,7197306.0,207642280.84555435,29.200000762939453,29.200000762939453,28.549999237060547,28.850000381469727,-0.14999961853027344,0,29.300000381469726,28.432500076293945,27.185833422342935,0.5250364877284035,0.4788994063294717,0.0461370813989318,55.055426614563466,9950548.45,0.723307467539641,30.350000381469727,28.450000095367432,-0.00517240063897495,-2.861954072844275,-1.1986314120715602,5.100180617919792,31.49414764255113,0.750000136239188,2.599653817408304,1.4683911159957486,6.121449113857524,-5.993150528342095,0.7388285528338948,60,股價高於20日均線、5日均線高於20日均線、20日均線高於60日均線、RSI介於50至70、MACD多頭、MACD柱狀體為正,71,60日趨勢尚可、波動率合理、ATR風險合理、20日回撤小、MA20乖離可接受、MA60位置健康、成交量穩定度普通、短線未過熱,-2350196.0,-385861.0,-281824.0,-3017881.0,0.0,0.0,5.0,0,,電機機械,100,一般業,0.91,55.55555555555556,7.29187003644244,54.54545454545454,16.93246452838256,27.27272727272727,4.558789426138642,47.474747474747474,-11.491602904528538,20.0,19.17282009758845,86.0,60.68932800960679,17.17171717171717,195.43080426147185,52.52525252525253,0.34289955228686286,18.181818181818183,,,,,1.22,67.3469387755102,67.3469387755102,0.0,11.224489795918368,4383050.0,43.07956297670583,營收月增同產業前20%,7247.738,-2350.196,-385.861,-281.824,-3017.881,0.0,45.12,48.9,★★ 弱勢,一般觀察,風險動能健康,無明顯風險訊號,10.448,21.08,250.0,26.0,31.25,46.0,0.0,43.08,25.0,28.61,16.89,10.448,31.25,21.08,0.0,12.0,45.0,63.0,27.79,⚪ S2爆發潛力不足,0.0,86.75,80.53,100.0,① 尚未啟動,31.22,🔴 暫不考慮,站上MA20且乖離健康、RSI位於起漲區,無明顯風險訊號,偏多順風,偏多順風,19.76,31.25,23.44,23.01,29.46,27.79,S2_E_BALANCED,正常,340.0,401.0,354,354
99,3034,聯詠,上市,3573000.0,2026-09-24,3458555.0,1877995365.0,539.0,543.0,525.0,543.0,-2.0,0,550.2,544.05,526.3333333333334,4.738154023363563,5.492692793566897,-0.7545387702033342,50.66452320691398,3110604.8,1.1118593400228791,567.0,544.3,-0.003669724770642202,-0.3669724770642202,-0.9124087591240837,0.3696857670979714,28.145826582761845,18.0,3.314917127071823,-0.1929969671905063,3.166561114629496,-5.9245960502693045,0.2931345402217461,35,5日均線高於20日均線、20日均線高於60日均線、RSI介於50至70,68,60日趨勢尚可、波動率合理、ATR風險合理、20日回撤小、MA60位置健康、成交量穩定、短線未過熱,2642826.0,45967.0,328845.0,3017638.0,0.0,1.0,5.0,40,外資近5日買超、投信近5日買超、自營商近5日買超、三大法人合計買超,半導體業,207,一般業,16.59,89.85507246376811,29.27731099260945,86.47342995169082,40.916007966041995,62.80193236714976,20.255569491682923,71.49758454106279,26.33031651680444,44.66019417475729,0.3021658586766618,46.601941747572816,42.09248267770187,25.60386473429952,222.46767233077378,37.19806763285024,0.8700336554560214,82.6086956521739,,,18.95,73.75,4.79,29.166666666666668,51.458333333333336,4.24,92.70833333333334,10327444.0,65.43393016275034,EPS同產業前20%、ROE同產業前20%、資產周轉同產業前20%、殖利率同產業前20%,3573.0,2642.826,45.967,328.845,3017.638,61.53846153846154,56.04,78.9,★★★ 一般觀察,整理觀察,法人偏多、基本面優於產業平均、風險動能健康、綜合表現前25%,無明顯風險訊號,12.074,25.8,250.0,30.0,36.206896551724135,33.0,45.0,65.43,18.0,39.22,28.15,12.074,36.21,25.8,0.0,0.0,45.0,73.0,27.69,⚪ S2爆發潛力不足,0.0,86.75,80.53,83.33,⑥ 轉弱,28.49,🔴 暫不考慮,RSI位於起漲區、成交量溫和放大、外資5日買超、投信5日買超、投信由賣轉買,無明顯風險訊號,偏多順風,偏多順風,13.22,36.21,17.2,17.85,29.46,27.69,S2_E_BALANCED,正常,246.0,284.0,355,355
377,2634,漢翔,上市,3731436.0,2026-09-24,3670385.0,231601287.89943695,62.79999923706055,63.29999923706055,61.900001525878906,63.099998474121094,0.5999984741210938,0,63.39999923706055,64.71500053405762,64.39333368937174,-0.6208285718683584,-0.29381557342974546,-0.3270129984386129,45.627311789713076,12739371.65,0.28811350362009414,75.0,65.07500076293945,0.009599975585937504,-1.2519609274716847,-10.241826835108059,15.56776600283014,30.534848010714022,1.7428575243268694,2.7620563652496113,-2.4955606066735636,-2.008492403095008,-14.24620002351078,1.0715508474274007,15,20日均線高於60日均線,55,60日趨勢健康、波動率合理、ATR風險合理、20日回撤可接受、短線未過熱,-83879.0,4000.0,-871851.0,-951730.0,0.0,0.0,5.0,15,投信近5日買超,航運業,34,一般業,1.3,50.0,13.346020493068469,73.52941176470588,13.9311212872321,26.47058823529412,9.963669488334618,44.11764705882353,13.152590617859552,35.294117647058826,-3.5521331662040634,14.705882352941178,63.19357142050123,23.52941176470588,151.33370801071675,55.88235294117647,0.6724026827094824,76.47058823529412,,,30.48,16.0,3.23,11.11111111111111,13.555555555555555,1.24,18.51851851851852,3083175.0,43.325185185185184,,3731.436,-83.879,4.0,-871.851,-951.73,23.076923076923077,33.11,19.0,★★ 弱勢,一般觀察,,成交量波動較大,9.814,21.45,250.0,25.0,29.310344827586203,8.0,30.0,43.33,25.0,22.45,19.95,9.814,29.31,21.45,0.0,25.0,45.0,63.0,27.68,⚪ S2爆發潛力不足,0.0,86.75,80.53,100.0,⑥ 轉弱,13.05,🔴 暫不考慮,投信5日買超、投信買盤加速,無明顯風險訊號,偏多順風,偏多順風,3.57,29.31,24.3,26.67,29.46,27.68,S2_E_BALANCED,正常,385.0,368.0,356,356
409,2367,燿華,上市,1869210.0,2026-09-24,1838224.0,76653942.20245361,41.29999923706055,41.70000076293945,41.150001525878906,41.70000076293945,0.0,0,41.58000030517578,41.95500030517578,43.63666661580404,-0.6326986822136291,-0.8048797522394612,0.17218107002583205,47.39682761811927,3430749.95,0.5358082130118518,46.599998474121094,42.14750022888184,0.0,2.583023856449529,-8.452247066095763,-22.634509123495828,27.0579362563332,1.0535722460065569,2.526552102471209,-0.6077929695661788,-4.438161764086668,-13.172338310640974,0.43426005679700064,15,MACD多頭、MACD柱狀體為正,45,波動率合理、ATR風險合理、20日回撤可接受、成交量穩定、短線未過熱,1680236.0,0.0,-61953.0,1618283.0,5.0,0.0,5.0,30,外資近5日買超、外資連買至少3日、三大法人合計買超,電子零組件業,210,一般業,-0.64,12.380952380952381,-7.32814984549375,11.904761904761903,6.4975643451902005,9.523809523809524,-6.499861897148588,16.19047619047619,26.12946199475075,45.714285714285715,-10.504796139549022,21.904761904761905,56.05307266675047,19.047619047619047,95.69432848327914,3.8095238095238098,0.5713525401194083,40.95238095238095,,,,,2.39,50.0,50.0,0.48,29.807692307692307,1459946.0,23.22087912087912,,1869.21,1680.236,0.0,-61.953,1618.283,46.15384615384615,29.7,12.1,★★ 弱勢,一般觀察,,無明顯風險訊號,9.527,20.09,250.0,24.0,27.586206896551722,33.0,25.0,23.22,45.0,30.93,15.03,9.527,27.59,20.09,25.0,15.0,25.0,63.0,27.54,⚪ S2爆發潛力不足,0.0,86.75,80.53,82.5,⑥ 轉弱,20.14,🔴 暫不考慮,MACD近期黃金交叉、MACD動能擴張、外資5日買超、外資連買、法人買超占量提升,無明顯風險訊號,偏多順風,偏多順風,1.05,27.59,26.45,27.31,29.46,27.54,S2_E_BALANCED,正常,331.0,414.0,357,357
433,8105,凌巨,上市,1003115.0,2026-09-24,1001001.0,14864865.231851578,14.949999809265137,14.949999809265137,14.75,14.850000381469727,-0.049999237060546875,0,14.990000152587891,15.1,16.22416663169861,-0.2291992259505875,-0.3244125037460957,0.0952132777955082,46.44868105704511,3200865.7,0.312728209746507,16.799999237060547,15.114999961853027,-0.003355653579907858,1.7123287223834494,-1.980193033758304,-32.957107732649824,50.523503299701055,0.4071429116385324,2.7417030382475778,-1.6556266127832675,-8.469872637674037,-15.015015359025451,0.9651523859162321,15,MACD多頭、MACD柱狀體為正,31,波動率可接受、ATR風險合理、成交量穩定度普通、短線未過熱,-309010.0,0.0,-12143.0,-321153.0,1.0,0.0,5.0,0,,光電業,116,一般業,0.59,55.65217391304348,6.4051866233267445,58.26086956521739,9.280616657551045,22.608695652173914,1.1958574708032028,55.65217391304348,-10.428499769460334,30.434782608695656,-0.30706243602866,56.14035087719298,24.922631719969946,74.78260869565217,202.203499777873,45.21739130434783,0.7805939173085016,81.73913043478261,,,17.27,69.76744186046511,0.81,89.70588235294117,79.73666210670314,0.0,24.264705882352942,707124.0,53.030985734722826,資產周轉同產業前20%,1003.115,-309.01,0.0,-12.143,-321.153,0.0,26.61,6.9,★★ 弱勢,一般觀察,,無明顯風險訊號,8.404,21.51,250.0,21.0,24.353448275862068,16.0,10.0,53.03,30.0,21.85,19.81,8.404,24.35,21.51,0.0,15.0,0.0,80.0,27.36,⚪ S2爆發潛力不足,13.0,86.75,80.53,100.0,⑥ 轉弱,0.0,🔴 暫不考慮,外資由賣轉買,近期回撤偏大,偏多順風,偏多順風,0.85,24.35,27.74,33.66,29.46,27.36,S2_E_BALANCED,正常,393.0,371.0,358,358
90,4967,十銓,上市,1081769.0,2026-09-24,1046441.0,285155172.5,271.0,273.0,268.0,272.5,0.5,0,274.0,275.2,256.5833333333333,1.9125230721211892,3.2195591638100467,-1.3070360916888575,50.77493403922358,3094585.95,0.3381521847858192,287.5,275.35,0.0018382352941177516,0.5535055350553542,-1.0889292196007205,6.4453125,25.540433955989826,7.607142857142857,2.7916120576671033,-0.9811046511627897,6.203312763884394,-5.506216696269983,0.5158924374421675,25,20日均線高於60日均線、RSI介於50至70,68,60日趨勢尚可、波動率合理、ATR風險合理、20日回撤小、MA60位置健康、成交量穩定、短線未過熱,196378.0,8.0,-44819.0,151567.0,0.0,0.0,5.0,35,外資近5日買超、投信近5日買超、三大法人合計買超,半導體業,207,一般業,53.44,98.06763285024155,84.46872465991565,98.55072463768117,40.18234002937497,60.38647342995169,35.94247292013989,92.27053140096618,275.0567709273065,96.60194174757282,38.039169612390424,97.57281553398059,50.67096167129793,13.526570048309178,191.64490431059556,28.502415458937197,1.4726194340106076,98.55072463768117,,,4.05,100.0,2.08,81.25,90.625,3.16,84.375,3513003.0,83.69929295061208,EPS同產業前20%、ROE同產業前20%、營業利益率同產業前20%、營收年增同產業前20%、營收月增同產業前20%、資產周轉同產業前20%、估值同產業前20%、殖利率同產業前20%,1081.769,196.378,0.008,-44.819,151.567,53.84615384615385,56.98,80.9,★★★ 一般觀察,整理觀察,法人偏多、同產業基本面突出、風險動能健康、綜合表現前25%,無明顯風險訊號,10.82,18.2,250.0,27.0,32.758620689655174,15.0,40.0,83.7,45.0,37.3,29.45,10.82,32.76,18.2,0.0,27.0,45.0,63.0,27.2,⚪ S2爆發潛力不足,0.0,86.75,80.53,83.33,⑥ 轉弱,26.58,🔴 暫不考慮,RSI位於起漲區、外資5日買超、投信5日買超、投信買盤加速,無明顯風險訊號,偏多順風,偏多順風,13.88,32.76,22.37,16.34,29.46,27.2,S2_E_BALANCED,正常,270.0,272.0,359,359
17,3014,聯陽,上市,2408672.0,2026-09-24,2364561.0,332220820.5,140.0,140.5,138.5,140.5,-2.5,0,139.5,133.2,133.325,2.0496971238248136,0.758008916873786,1.2916882069510276,64.45048688018973,1345769.05,1.7570332740227603,144.0,132.775,-0.0174825174825175,5.243445692883886,6.439393939393945,-13.271604938271608,22.655694451557146,3.25,2.3131672597864767,5.480480480480487,5.381586349146827,-5.860805860805862,0.9884968123607907,70,股價高於20日均線、5日均線高於20日均線、20日均線向上、RSI介於50至70、MACD多頭、MACD柱狀體為正、量比達1.5以上,83,20日動能健康、波動率合理、ATR風險合理、20日回撤小、MA20乖離健康、MA60位置健康、成交量穩定度普通、短線未過熱,32129.0,188422.0,34353.0,254904.0,0.0,1.0,5.0,40,外資近5日買超、投信近5日買超、自營商近5日買超、三大法人合計買超,半導體業,207,一般業,5.88,73.91304347826086,25.779862580684064,82.6086956521739,57.212607218028175,88.88888888888889,28.483288457503182,85.5072463768116,5.328654064265897,21.35922330097087,-1.8493239173104303,36.407766990291265,33.51112363652621,41.54589371980676,218.05130304980528,36.231884057971016,0.6460867942485177,62.80193236714976,,,14.19,83.75,3.17,53.125,68.4375,6.05,96.875,630570.0,64.12379109797851,ROE同產業前20%、毛利率同產業前20%、營業利益率同產業前20%、殖利率同產業前20%,2408.672,32.129,188.422,34.353,254.904,61.53846153846154,69.14,96.6,★★★★★ 強勢候選,趨勢健康,技術面偏多、法人偏多、風險動能結構佳、綜合表現前10%,無明顯風險訊號,9.891,17.46,250.0,25.0,29.52586206896552,76.0,45.0,64.12,70.0,64.02,45.44,9.891,29.53,17.46,60.0,58.0,65.0,70.0,26.78,⚪ S2爆發潛力不足,0.0,86.75,80.53,83.33,③ 剛啟動,81.29,🟢 可觀察進場,站上MA20且乖離健康、MA20向上、RSI位於起漲區、成交量溫和放大、近期突破20日高、外資5日買超、投信5日買超、投信由賣轉買,無明顯風險訊號,偏多順風,偏多順風,52.61,29.53,26.24,16.77,29.46,26.78,S2_E_BALANCED,正常,18.0,127.0,360,360
369,3704,合勤控,上市,1010185.0,2026-09-24,1001061.0,40542970.5,40.29999923706055,40.75,40.0,40.5,0.20000076293945312,0,41.08000030517578,40.615000343322755,43.425,-0.5182648594033665,-0.7344090561752505,0.216144196771884,46.22805402016016,2533302.15,0.3951605220087939,43.599998474121094,40.712500381469724,0.004962798181780803,0.4962798181780803,-4.593641290677864,-9.698993583313243,32.00876219993602,1.3142858232770647,3.2451501809310237,-0.28314746362340104,-6.735751295336778,-20.634923037728115,0.8779773768331801,25,5日均線高於20日均線、MACD多頭、MACD柱狀體為正,38,波動率合理、ATR風險合理、成交量穩定度普通、短線未過熱,-1198775.0,0.0,38902.0,-1159873.0,0.0,0.0,5.0,5,自營商近5日買超,通信網路業,92,一般業,1.55,65.21739130434783,10.453473800196836,64.13043478260869,23.828427587737174,47.82608695652174,5.458862666234395,54.347826086956516,28.10811049078664,52.74725274725275,36.47374577769244,86.81318681318682,57.3058162350521,21.73913043478261,152.64368916717876,27.173913043478258,1.039530843854782,88.04347826086956,,,12.13,91.17647058823529,1.36,73.40425531914893,82.29036295369211,0.99,44.680851063829785,2615664.0,58.84430445486385,營收月增同產業前20%、資產周轉同產業前20%、估值同產業前20%,1010.185,-1198.775,0.0,38.902,-1159.873,7.6923076923076925,34.29,20.7,★★ 弱勢,風險偏高,,近期回撤偏大,12.076,24.97,250.0,30.0,36.422413793103445,31.0,5.0,58.84,30.0,27.23,27.5,12.076,36.42,24.97,15.0,15.0,25.0,63.0,26.52,⚪ S2爆發潛力不足,8.0,86.75,80.53,76.67,⑥ 轉弱,7.96,🔴 暫不考慮,MA5近期上穿MA20,近期回撤偏大,偏多順風,偏多順風,8.59,36.42,12.9,16.56,29.46,26.52,S2_E_BALANCED,正常,351.0,290.0,361,361
125,2881,富邦金,上市,8417116.0,2026-09-24,8193074.0,1228961100.0,151.5,153.0,150.0,150.0,-3.0,0,152.5,149.425,135.04166666666666,4.551778246907361,5.076714133350087,-0.5249358864427265,57.218246939604455,17050274.75,0.4805244560648502,156.5,149.0,-0.019607843137254943,-0.990099009900991,6.0070671378091856,25.52301255230125,25.841112915297497,4.392857142857143,2.928571428571429,0.38480843232389095,11.076828139463135,-2.9126213592232997,0.3367711774816268,55,股價高於20日均線、5日均線高於20日均線、20日均線高於60日均線、20日均線向上、RSI介於50至70,95,20日動能健康、60日趨勢健康、波動率合理、ATR風險合理、20日回撤小、MA20乖離可接受、MA60位置健康、成交量穩定、短線未過熱,1704500.0,-5138617.0,2002480.0,-1431637.0,0.0,0.0,5.0,15,外資近5日買超、自營商近5日買超,金融保險,40,金控業,6.67,82.5,15.229391574052162,50.0,,,,,-48.01854159471246,7.5,280.36369008535786,97.5,90.67151351577124,43.333333333333336,,,,,,,14.02,41.935483870967744,1.85,29.03225806451613,35.483870967741936,2.83,9.67741935483871,40550573.0,46.462521427458306,EPS同產業前20%、營收月增同產業前20%,8417.116,1704.5,-5138.617,2002.48,-1431.637,23.076923076923077,54.05,73.3,★★★ 一般觀察,一般觀察,風險動能結構佳,無明顯風險訊號,6.385,16.36,250.0,16.0,18.318965517241377,48.0,15.0,46.46,65.0,40.42,24.35,6.385,18.32,16.36,0.0,53.0,45.0,63.0,26.52,⚪ S2爆發潛力不足,0.0,86.75,80.53,70.0,② 蓄勢,51.62,🟡 等待回檔,站上MA20且乖離健康、MA20向上、RSI位於起漲區、外資5日買超,無明顯風險訊號,偏多順風,偏多順風,29.81,18.32,37.63,29.68,29.46,26.52,S2_E_BALANCED,正常,224.0,328.0,362,362
8,2347,聯強,上市,2371286.0,2026-09-24,2328903.0,220081333.5,93.69999694824219,94.69999694824219,92.5,94.5,0.0,0,91.9000015258789,89.08500061035156,88.9816670735677,1.0377614220323181,0.37111864591569,0.6666427761166281,67.76013135574016,2851278.3,0.8167925943952928,94.80000305175781,88.70000076293945,0.0,5.586592178770955,8.870963914195684,1.6129032258064502,23.12139787874638,1.942856924874442,2.0559332538353887,6.078463661164557,6.2016515400525,-11.431512511382213,0.3821521305923966,70,股價高於20日均線、5日均線高於20日均線、20日均線高於60日均線、20日均線向上、RSI介於50至70、MACD多頭、MACD柱狀體為正,88,20日動能健康、60日趨勢尚可、波動率合理、ATR風險合理、20日回撤可接受、MA20乖離健康、MA60位置健康、成交量穩定、短線未過熱,3143518.0,617079.0,121550.0,3882147.0,0.0,3.0,5.0,55,外資近5日買超、投信近5日買超、自營商近5日買超、投信連買至少3日、三大法人合計買超,電子通路業,38,一般業,4.12,76.31578947368422,15.976964196617354,55.26315789473685,3.742943089838631,7.894736842105263,2.4905864157278046,42.10526315789473,122.01643193808464,84.21052631578947,2.593631916322048,76.31578947368422,70.32763422723868,39.473684210526315,142.57253542068548,52.63157894736842,2.1726398501311515,76.31578947368422,,,12.93,38.095238095238095,1.82,63.63636363636363,50.865800865800864,4.44,59.09090909090909,74215271.0,57.56447938026885,營收年增同產業前20%,2371.286,3143.518,617.079,121.55,3882.147,84.61538461538461,72.79,98.5,★★★★ 觀察候選,趨勢健康,技術面偏多、法人籌碼強、風險動能結構佳、綜合表現前10%,無明顯風險訊號,6.841,15.74,250.0,17.0,19.612068965517242,62.0,70.0,57.56,93.0,68.38,40.93,6.841,19.61,15.74,45.0,75.0,45.0,50.0,26.45,⚪ S2爆發潛力不足,0.0,86.75,80.53,76.67,③ 剛啟動,85.12,🟢 可觀察進場,MA20向上、MACD動能擴張、近期突破20日高、外資5日買超、投信5日買超、外資買盤加速,無明顯風險訊號,偏多順風,偏多順風,49.76,19.61,37.85,24.95,29.46,26.45,S2_E_BALANCED,正常,8.0,168.0,363,363
98,2382,廣達,上市,10593247.0,2026-09-24,9170880.0,3104342880.0,338.0,339.5,335.0,338.5,-3.0,0,341.9,338.975,334.4,2.889524799862386,2.932672903230839,-0.04314810336845332,51.62733971370578,14260521.9,0.6430956780060062,351.5,338.725,-0.008784773060029227,-1.5988372093023284,1.4992503748125996,-8.265582655826552,32.19110365553654,8.821428571428571,2.6060350284870224,-0.14012832804779496,1.226076555023936,-5.611510791366903,0.4698856027216872,45,5日均線高於20日均線、20日均線高於60日均線、20日均線向上、RSI介於50至70,63,20日動能尚可、波動率合理、ATR風險合理、20日回撤小、MA60乖離可接受、成交量穩定、短線未過熱,-15842819.0,9819282.0,832890.0,-5190647.0,0.0,5.0,5.0,35,投信近5日買超、自營商近5日買超、投信連買至少3日,電腦及週邊設備業,109,一般業,12.93,91.74311926605505,39.16370389646353,92.66055045871559,4.917932980180226,5.5045871559633035,3.1025924729707577,36.69724770642202,177.453640698528,95.41284403669725,15.752371011347567,90.82568807339449,87.59694606055788,2.7522935779816518,112.7536647781596,11.926605504587156,1.789856629892694,90.82568807339449,,,14.75,62.96296296296296,5.36,14.0625,38.51273148148148,4.61,84.375,423970932.0,64.03400016989467,EPS同產業前20%、ROE同產業前20%、營收年增同產業前20%、營收月增同產業前20%、資產周轉同產業前20%、殖利率同產業前20%,10593.247,-15842.819,9819.282,832.89,-5190.647,53.84615384615385,56.08,79.1,★★★ 一般觀察,整理觀察,法人偏多、風險動能健康、綜合表現前25%,無明顯風險訊號,10.314,20.98,250.0,26.0,30.387931034482758,33.0,30.0,64.03,35.0,37.06,23.83,10.314,30.39,20.98,0.0,10.0,25.0,63.0,25.51,⚪ S2爆發潛力不足,0.0,86.75,80.53,82.5,② 蓄勢,49.26,🔴 暫不考慮,MA20向上、RSI位於起漲區、投信5日買超、投信連買,無明顯風險訊號,偏多順風,偏多順風,28.92,30.39,18.71,18.28,29.46,25.51,S2_E_BALANCED,正常,274.0,331.0,364,364
157,2834,臺企銀,上市,13930042.0,2026-09-24,13695583.0,244466161.7744503,17.850000381469727,17.899999618530273,17.75,17.850000381469727,-0.049999237060546875,0,18.14000015258789,17.730000305175782,17.02862129211426,0.3689441813216199,0.3922835525131963,-0.02333937119157642,54.88393925597337,82069418.75,0.16687803092305928,18.799999237060547,17.655000305175783,-0.002793253526597095,-4.7999979654947955,9.174311712555227,7.602818391590671,24.913073165001784,0.3964285169328962,2.2208880025819653,0.6768193695908309,4.823520796342073,-4.7999979654947955,1.809163097170973,55,股價高於20日均線、5日均線高於20日均線、20日均線高於60日均線、20日均線向上、RSI介於50至70,73,20日動能健康、60日趨勢尚可、波動率合理、ATR風險合理、20日回撤小、MA20乖離可接受、MA60位置健康,-43463498.0,59412.0,1150365.0,-42253721.0,0.0,0.0,5.0,20,投信近5日買超、自營商近5日買超,金融保險,40,金融業,0.71,15.0,,,,,,,8.817960929271047,47.5,-5.43313483934954,42.5,,,,,,,,,13.13,64.51612903225806,1.12,70.96774193548387,67.74193548387098,5.6,90.32258064516128,3427855.0,45.52785923753666,殖利率同產業前20%,13930.042,-43463.498,59.412,1150.365,-42253.721,30.76923076923077,50.91,66.4,★★★ 一般觀察,一般觀察,風險動能健康,成交量波動較大,9.455,15.96,250.0,23.0,26.939655172413797,48.0,20.0,45.53,55.0,40.28,28.42,9.455,26.94,15.96,0.0,57.0,45.0,50.0,25.23,⚪ S2爆發潛力不足,0.0,86.75,80.53,70.0,② 蓄勢,51.48,🟡 等待回檔,站上MA20且乖離健康、MA20向上、RSI位於起漲區、投信5日買超,無明顯風險訊號,偏多順風,偏多順風,33.03,26.94,20.43,23.87,29.46,25.23,S2_E_BALANCED,正常,228.0,281.0,365,365
102,1308,亞聚,上市,1063872.0,2026-09-24,1058682.0,15139152.801927567,14.149999618530273,14.300000190734863,14.0,14.300000190734863,0.10000038146972656,0,14.2,14.249999904632569,14.013333336512249,0.09029717030004392,0.11117629380265587,-0.02087912350261195,53.47952039863147,1504305.45,0.7037679747819833,15.25,14.239999914169312,0.007042280479784058,-0.6944404891978451,1.4184383252072719,-1.0380596575101375,31.731389711312918,0.37857137407575336,2.647352230953355,0.3508792030660901,2.0456721276706835,-6.081084868958387,0.5299369355717574,45,股價高於20日均線、20日均線高於60日均線、20日均線向上、RSI介於50至70,68,20日動能尚可、波動率合理、ATR風險合理、20日回撤小、MA20乖離可接受、MA60乖離可接受、成交量穩定、短線未過熱,819308.0,0.0,28024.0,847332.0,4.0,0.0,5.0,35,外資近5日買超、自營商近5日買超、外資連買至少3日、三大法人合計買超,塑膠工業,25,一般業,-0.15,44.0,-1.681489562923234,44.0,10.443163678830356,52.0,6.3602295280944725,84.0,12.795901414759951,64.0,3.399952955622809,68.0,12.815349081067293,92.0,237.88479319666195,68.0,0.46191163104229377,48.0,,,,,0.79,42.857142857142854,42.857142857142854,1.4,76.19047619047619,518710.0,59.67619047619047,營業利益率同產業前20%、負債比同產業前20%,1063.872,819.308,0.0,28.024,847.332,53.84615384615385,55.77,78.2,★★★ 一般觀察,一般觀察,法人偏多、風險動能健康、綜合表現前25%,無明顯風險訊號,10.032,20.57,250.0,25.0,30.17241379310345,40.0,40.0,59.68,35.0,42.2,23.49,10.032,30.17,20.57,0.0,10.0,0.0,63.0,25.09,⚪ S2爆發潛力不足,0.0,86.75,80.53,100.0,② 蓄勢,55.81,🟡 等待回檔,站上MA20且乖離健康、MA20向上、RSI位於起漲區、外資5日買超、外資買盤加速、外資連買,無明顯風險訊號,偏多順風,偏多順風,29.95,30.17,15.48,21.51,29.46,25.09,S2_E_BALANCED,正常,201.0,335.0,366,366
119,5608,四維航,上市,2438650.0,2026-09-24,2430350.0,41315950.0,17.200000762939453,17.200000762939453,16.799999237060547,17.0,-0.20000076293945312,0,17.079999923706055,16.942500019073485,15.383333349227906,0.315449889490651,0.39376420651348093,-0.07831431702282993,55.61102753612812,4403885.7,0.5518649132969096,17.950000762939453,16.9375,-0.011627950817908794,0.5917182469050486,0.5917182469050486,19.298245614035082,29.046136724631705,0.4499998092651367,2.6470577015596275,0.3393830949492971,10.509208986576613,-13.06667073567709,0.6761474647635495,55,股價高於20日均線、5日均線高於20日均線、20日均線高於60日均線、20日均線向上、RSI介於50至70,81,20日動能尚可、60日趨勢健康、波動率合理、ATR風險合理、20日回撤可接受、MA20乖離可接受、MA60位置健康、成交量穩定度普通、短線未過熱,3688664.0,0.0,7423.0,3696087.0,5.0,0.0,5.0,35,外資近5日買超、自營商近5日買超、外資連買至少3日、三大法人合計買超,航運業,34,一般業,0.32,23.52941176470588,1.774770024201872,17.647058823529413,18.421498818383768,41.17647058823529,8.699691910445019,35.294117647058826,39.146736585822644,73.52941176470588,2.5852951328960927,61.76470588235294,42.48168055839399,52.94117647058824,52.39223546009417,5.88235294117647,0.18989954858301336,23.52941176470588,,,170.0,4.0,0.68,96.29629629629629,50.148148148148145,0.0,7.4074074074074066,371487.0,37.24932461873638,,2438.65,3688.664,0.0,7.423,3696.087,53.84615384615385,54.64,74.6,★★★ 一般觀察,一般觀察,法人偏多、風險動能結構佳,無明顯風險訊號,7.197,19.08,250.0,18.0,20.25862068965517,55.0,30.0,37.25,70.0,47.09,20.98,7.197,20.26,19.08,15.0,50.0,25.0,63.0,24.96,⚪ S2爆發潛力不足,0.0,86.75,80.53,100.0,③ 剛啟動,65.69,🔵 等待突破,站上MA20且乖離健康、MA20向上、MA5近期上穿MA20、RSI位於起漲區、外資5日買超、外資連買、法人買超占量提升,無明顯風險訊號,偏多順風,偏多順風,29.92,20.26,33.55,20.22,29.46,24.96,S2_E_BALANCED,正常,140.0,353.0,367,367
77,6214,精誠,上市,2488285.0,2026-09-24,2471660.0,470851230.0,190.0,191.5,189.0,190.5,0.5,0,191.4,187.525,163.7,6.073420799704365,7.1680870282607465,-1.094666228556381,68.13283664812188,1791300.6,1.3798130810652327,195.0,187.125,0.002631578947368318,-1.2953367875647714,4.383561643835621,44.31818181818181,13.070875724536805,3.5357142857142856,1.856017997750281,1.5864551393147464,16.371411117898592,-2.3136246786632397,0.3520514860215738,55,股價高於20日均線、5日均線高於20日均線、20日均線高於60日均線、20日均線向上、RSI介於50至70,69,20日動能尚可、60日趨勢尚可、波動率可接受、ATR風險合理、20日回撤小、MA20乖離可接受、MA60乖離可接受、成交量穩定、短線未過熱,1315923.0,-21000.0,20903.0,1315826.0,3.0,0.0,5.0,35,外資近5日買超、自營商近5日買超、外資連買至少3日、三大法人合計買超,資訊服務業,45,一般業,6.15,93.33333333333333,18.520473025098163,64.44444444444444,18.570165198937687,35.55555555555556,4.264571444586083,31.11111111111111,61.91075076871571,82.22222222222221,24.356558891304058,80.0,57.26232902282726,26.666666666666668,154.0042677622421,26.666666666666668,1.2054220357129706,75.55555555555556,,,17.79,45.45454545454545,2.82,45.45454545454545,45.45454545454545,3.15,27.27272727272727,5900133.0,58.14949494949494,EPS同產業前20%、營收年增同產業前20%、營收月增同產業前20%,2488.285,1315.923,-21.0,20.903,1315.826,53.84615384615385,58.51,83.6,★★★ 一般觀察,一般觀察,法人偏多、風險動能健康、綜合表現前25%,無明顯風險訊號,1.574,11.82,250.0,4.0,4.525862068965517,59.0,40.0,58.15,50.0,51.82,25.8,1.574,4.53,11.82,32.0,53.0,65.0,40.0,24.65,⚪ S2爆發潛力不足,0.0,86.75,80.53,76.67,① 尚未啟動,52.56,🟡 等待回檔,站上MA20且乖離健康、MA20向上、成交量溫和放大、接近20日突破、外資5日買超、外資買盤加速、外資連買,無明顯風險訊號,偏多順風,偏多順風,31.15,4.53,53.55,2.15,59.35,24.65,S2_E_BALANCED,正常,96.0,310.0,368,368
138,2891,中信金,上市,17628463.0,2026-09-24,17429040.0,1193889240.0,68.0999984741211,69.0999984741211,68.0999984741211,68.5,-0.40000152587890625,0,69.38000030517578,68.06999969482422,66.25666669209798,1.029228345116266,1.0273274294951231,0.001900915621142918,53.09150686286607,32348444.5,0.5387906673534179,72.0,67.83499965667724,-0.005805537257189575,-3.792130707821395,7.3667724437985305,-2.0028633695531317,23.204641289072264,1.6500004359654017,2.408759760533433,0.631703110185966,3.385822770600644,-3.792130707821395,0.4584073441703475,70,股價高於20日均線、5日均線高於20日均線、20日均線高於60日均線、20日均線向上、RSI介於50至70、MACD多頭、MACD柱狀體為正,70,20日動能健康、波動率合理、ATR風險合理、20日回撤小、MA20乖離可接受、MA60位置健康、成交量穩定,-5478016.0,3034273.0,3436036.0,992293.0,0.0,2.0,5.0,30,投信近5日買超、自營商近5日買超、三大法人合計買超,金融保險,40,金控業,1.96,55.00000000000001,10.993816581382921,10.0,,,,,-32.01339086205033,17.5,35.216365222085514,77.5,92.82458842694133,23.333333333333332,,,,,,,16.39,22.58064516129032,1.96,19.35483870967742,20.967741935483872,3.65,43.54838709677419,24401509.0,29.78650459716378,,17628.463,-5478.016,3034.273,3436.036,992.293,46.15384615384615,53.17,70.6,★★★ 一般觀察,趨勢健康,技術面偏多、風險動能健康,無明顯風險訊號,9.523,15.48,250.0,23.0,27.370689655172413,56.0,35.0,29.79,40.0,43.37,14.17,9.523,27.37,15.48,0.0,28.0,45.0,50.0,24.37,⚪ S2爆發潛力不足,0.0,86.75,80.53,70.0,② 蓄勢,54.57,🟡 等待回檔,站上MA20且乖離健康、MA20向上、RSI位於起漲區、投信5日買超、投信買盤加速,無明顯風險訊號,偏多順風,偏多順風,22.25,27.37,15.7,24.73,29.46,24.37,S2_E_BALANCED,正常,189.0,426.0,369,369
421,2312,金寶,上市,3523917.0,2026-09-24,3494283.0,107099772.61703682,30.600000381469727,30.700000762939453,30.299999237060547,30.649999618530273,0.049999237060546875,0,30.91999969482422,31.524999713897706,32.07166646321615,-0.3698144030044297,-0.3175239616522654,-0.05229044135216432,43.09507092524293,8672537.2,0.40291357873910305,33.70000076293945,31.577499771118163,0.0016339619750731504,-1.129033488612019,-3.3123063695214117,-12.177655362556905,29.452066638072445,0.8535713468279157,2.7848983929900815,-2.7755752682265378,-4.432781334628877,-8.144798306665745,0.47332268313744014,0,,45,波動率合理、ATR風險合理、20日回撤可接受、成交量穩定、短線未過熱,79639.0,16000.0,-351997.0,-256358.0,1.0,0.0,5.0,25,外資近5日買超、投信近5日買超,其他電子業,95,一般業,0.7,34.73684210526316,7.741263169394896,47.368421052631575,6.884436694624124,8.421052631578947,2.815014079893239,35.78947368421053,22.383911766974915,48.421052631578945,-16.041218654993862,13.684210526315791,73.2520618015735,5.263157894736842,123.93951880906214,14.736842105263156,1.0405260681837711,88.42105263157895,,,25.76,39.473684210526315,1.9,56.52173913043478,47.99771167048055,1.96,45.65217391304348,13452420.0,37.3395881006865,資產周轉同產業前20%,3523.917,79.639,16.0,-351.997,-256.358,38.46153846153847,27.89,9.5,★★ 弱勢,一般觀察,,無明顯風險訊號,9.529,19.33,250.0,24.0,27.801724137931032,0.0,50.0,37.34,10.0,22.1,18.13,9.529,27.8,19.33,0.0,0.0,45.0,63.0,23.94,⚪ S2爆發潛力不足,0.0,86.75,80.53,82.5,⑥ 轉弱,11.3,🔴 暫不考慮,外資5日買超、投信5日買超、投信買盤加速,無明顯風險訊號,偏多順風,偏多順風,1.76,27.8,15.27,21.29,29.46,23.94,S2_E_BALANCED,正常,387.0,389.0,370,370
51,2905,三商,上市,1197315.0,2026-09-24,1190666.0,21789186.891593933,18.75,18.75,18.299999237060547,18.299999237060547,-0.35000038146972656,0,18.539999771118165,18.239999866485597,16.96749998728434,0.3836031044171513,0.44066920050696123,-0.05706609608980995,54.91313604625266,1612867.45,0.738229294663985,19.0,18.19499988555908,-0.0187667768701707,-1.8766776870170698,5.172411714146308,24.48979234357811,21.556587699553805,0.4928572518484933,2.6932091387762207,0.3289439200336419,7.853244442462337,-3.8674074485440024,0.32271059238584077,55,股價高於20日均線、5日均線高於20日均線、20日均線高於60日均線、20日均線向上、RSI介於50至70,95,20日動能健康、60日趨勢健康、波動率合理、ATR風險合理、20日回撤小、MA20乖離可接受、MA60位置健康、成交量穩定、短線未過熱,-40418.0,0.0,56690.0,16272.0,0.0,0.0,5.0,15,自營商近5日買超、三大法人合計買超,貿易百貨,18,異業,1.93,83.33333333333334,8.448450947599774,72.22222222222221,,,,,7187.402448021923,100.0,1843.1472470257727,100.0,92.39547165746241,5.555555555555555,,,,,,,6.75,84.61538461538461,0.43,77.77777777777779,81.1965811965812,1.64,55.55555555555556,15465917.0,75.51715595193855,EPS同產業前20%、營收年增同產業前20%、營收月增同產業前20%、估值同產業前20%,1197.315,-40.418,0.0,56.69,16.272,23.076923076923077,62.77,89.2,★★★ 一般觀察,整理觀察,基本面優於產業平均、風險動能結構佳、綜合表現前25%,無明顯風險訊號,6.422,15.94,250.0,16.0,18.53448275862069,48.0,5.0,75.52,65.0,41.78,20.29,6.422,18.53,15.94,0.0,53.0,0.0,50.0,23.73,⚪ S2爆發潛力不足,0.0,86.75,80.53,100.0,② 蓄勢,55.38,🟡 等待回檔,站上MA20且乖離健康、MA20向上、RSI位於起漲區,無明顯風險訊號,偏多順風,偏多順風,27.31,18.53,29.68,23.66,29.46,23.73,S2_E_BALANCED,正常,206.0,365.0,371,371
30,2890,永豐金,上市,10439331.0,2026-09-24,10319735.0,465936050.99666595,44.54999923706055,45.400001525878906,44.54999923706055,45.150001525878906,0.10000228881835938,0,45.310000610351565,43.65,40.81633942921956,1.403099367737802,1.374376279588419,0.02872308814938318,66.5727582002154,27431266.05,0.3762033797925998,46.349998474121094,43.35999984741211,0.0022198066706311526,-1.7410211616487703,14.739525480724591,16.58987623200354,20.492689868997942,1.2464283534458704,2.760638563282102,3.4364296125519056,10.617468781526673,-1.958653995507209,0.4520798601026501,70,股價高於20日均線、5日均線高於20日均線、20日均線高於60日均線、20日均線向上、RSI介於50至70、MACD多頭、MACD柱狀體為正,100,20日動能健康、60日趨勢健康、波動率合理、ATR風險合理、20日回撤小、MA20乖離健康、MA60位置健康、成交量穩定、短線未過熱,-5376565.0,3008930.0,1865494.0,-502141.0,0.0,4.0,5.0,35,投信近5日買超、自營商近5日買超、投信連買至少3日,金融保險,40,金控業,1.66,47.5,18.34040492471226,56.666666666666664,,,,,49.48292252285266,80.0,0.9754521048767062,55.00000000000001,93.29940684145413,20.0,,,,,,,17.04,19.35483870967742,2.47,9.67741935483871,14.516129032258064,2.88,12.903225806451612,10051148.0,48.517999064983634,營收年增同產業前20%,10439.331,-5376.565,3008.93,1865.494,-502.141,53.84615384615385,66.32,93.8,★★★★ 觀察候選,趨勢健康,技術面偏多、法人偏多、風險動能結構佳、綜合表現前10%,無明顯風險訊號,5.062,14.07,250.0,13.0,13.577586206896552,57.0,45.0,48.52,65.0,53.33,30.46,5.062,13.58,14.07,20.0,70.0,45.0,50.0,23.67,⚪ S2爆發潛力不足,0.0,86.75,80.53,70.0,① 尚未啟動,53.53,🟡 等待回檔,站上MA20且乖離健康、MA20向上、接近20日突破、投信5日買超、投信買盤加速、投信連買,無明顯風險訊號,偏多順風,偏多順風,35.07,13.58,41.72,18.06,29.46,23.67,S2_E_BALANCED,正常,86.0,261.0,372,372
189,1304,台聚,上市,2215118.0,2026-09-24,2205188.0,27564850.0,12.25,12.5,12.100000381469727,12.5,0.25,0,12.320000076293946,12.385000038146973,12.494166692097982,0.021671473392396834,0.020338009251801098,0.001333464140595736,53.550455014926776,2682332.75,0.8221157498077001,13.149999618530273,12.380000019073487,0.020408163265306145,-0.7936537971601432,0.806454714081517,-11.347520128952993,33.52364394372124,0.3357142720903669,2.6857141767229353,0.9285422809754973,0.046688250971604894,-5.078129394678332,0.40725608499002475,45,股價高於20日均線、20日均線向上、RSI介於50至70、MACD多頭、MACD柱狀體為正,68,20日動能尚可、波動率合理、ATR風險合理、20日回撤小、MA20乖離可接受、MA60乖離可接受、成交量穩定、短線未過熱,413522.0,0.0,-321428.0,92094.0,4.0,0.0,5.0,30,外資近5日買超、外資連買至少3日、三大法人合計買超,塑膠工業,25,一般業,-0.58,20.0,-8.772463898933255,20.0,8.373729292547166,40.0,-1.0691297666508075,36.0,8.722470848002123,52.0,9.889285285619653,72.0,46.065402468594705,36.0,177.8774115905945,44.0,0.6723983719657964,84.0,,,,,0.76,50.0,50.0,1.2,71.42857142857143,3671323.0,41.73714285714286,資產周轉同產業前20%,2215.118,413.522,0.0,-321.428,92.094,46.15384615384615,48.85,59.5,★★★ 一般觀察,一般觀察,風險動能健康,無明顯風險訊號,8.767,21.92,250.0,22.0,25.43103448275862,65.0,30.0,41.74,50.0,48.76,18.64,8.767,25.43,21.92,25.0,10.0,0.0,63.0,23.49,⚪ S2爆發潛力不足,0.0,86.75,80.53,100.0,③ 剛啟動,67.36,🔵 等待突破,站上MA20且乖離健康、MA20向上、RSI位於起漲區、MACD近期黃金交叉、MACD動能擴張、外資5日買超、外資買盤加速、外資連買,無明顯風險訊號,偏多順風,偏多順風,28.39,25.43,17.85,21.08,29.46,23.49,S2_E_BALANCED,正常,128.0,384.0,373,373
410,8086,宏捷科,上櫃,1480309.0,2026-09-24,1463147.0,161677743.5,108.5,111.5,107.5,110.5,1.5,0,110.0,111.425,117.94166666666666,-2.207178424940281,-2.6534386529171585,0.4462602279768775,46.875073223834356,2983867.75,0.4903524963530974,126.0,111.8,0.013761467889908285,2.314814814814814,-6.355932203389836,-23.793103448275865,38.475022154369405,3.642857142857143,3.296703296703297,-0.8301548126542491,-6.309616335759205,-14.22764227642277,0.6847986238307979,15,MACD多頭、MACD柱狀體為正,43,波動率合理、ATR風險合理、20日回撤可接受、成交量穩定度普通、短線未過熱,0.0,0.0,0.0,0.0,0.0,0.0,0.0,0,,半導體業,207,一般業,2.93,54.106280193236714,13.570146583400803,61.35265700483091,32.23476122450518,38.64734299516908,24.750342853357147,80.67632850241546,12.557871297438444,30.582524271844658,0.714075822477267,48.05825242718447,21.400791341120907,71.01449275362319,324.68850495397555,65.70048309178745,0.4674020970780752,41.06280193236715,,,,,,,,,,421572.0,54.765947785154204,營業利益率同產業前20%,1480.309,0.0,0.0,0.0,0.0,0.0,29.53,11.9,★★ 弱勢,一般觀察,,無明顯風險訊號,7.301,23.64,250.0,18.0,20.474137931034484,26.0,0.0,54.77,45.0,25.36,21.11,7.301,20.47,23.64,10.0,15.0,45.0,80.0,23.42,⚪ S2爆發潛力不足,0.0,86.75,80.53,83.33,⑥ 轉弱,14.64,🔴 暫不考慮,MACD動能擴張,無明顯風險訊號,偏多順風,偏多順風,4.82,20.47,19.78,32.26,29.46,23.42,S2_E_BALANCED,正常,367.0,352.0,374,374
1,9945,潤泰新,上市,13127733.0,2026-09-24,13043362.0,389996518.82435226,30.350000381469727,30.399999618530273,29.600000381469727,29.899999618530273,0.35000038146972656,0,29.320000076293944,28.4125,27.577500025431316,0.38309286290584765,0.24641169879292124,0.1366811641129264,66.55433523830408,5561024.6,2.345496187878759,29.75,28.347500038146972,0.01184434485638719,3.2815158222965213,4.545451817206381,12.195122125781243,21.109517438331558,0.5928573608398438,1.982800563222835,5.235370412777018,8.421719122317839,-8.112585102799141,0.577639439488571,100,股價高於20日均線、5日均線高於20日均線、20日均線高於60日均線、20日均線向上、RSI介於50至70、MACD多頭、MACD柱狀體為正、量比達1.5以上、突破20日高點,88,20日動能尚可、60日趨勢健康、波動率合理、ATR風險合理、20日回撤可接受、MA20乖離健康、MA60位置健康、成交量穩定、短線未過熱,2943045.0,699000.0,41476.0,3683521.0,0.0,0.0,5.0,40,外資近5日買超、投信近5日買超、自營商近5日買超、三大法人合計買超,其他,94,一般業,3.7,86.17021276595744,13.414351718420145,75.53191489361703,26.178472172260992,55.319148936170215,20.102897928984888,86.17021276595744,37.99192959753171,81.91489361702128,4.289556910092962,73.40425531914893,34.699818034818854,75.53191489361703,158.5014765976955,47.87234042553192,0.1755716107775968,25.53191489361702,,,5.23,97.77777777777777,0.53,88.46153846153845,93.11965811965811,3.68,46.15384615384615,3463476.0,73.08296053827969,EPS同產業前20%、營業利益率同產業前20%、營收年增同產業前20%、估值同產業前20%,13127.733,2943.045,699.0,41.476,3683.521,61.53846153846154,81.83,100.0,★★★★★ 強勢候選,趨勢健康,技術趨勢強、法人偏多、基本面優於產業平均、風險動能結構佳、綜合表現前10%,無明顯風險訊號,6.896,14.27,250.0,18.0,19.82758620689655,79.0,45.0,73.08,100.0,71.06,45.57,6.896,19.83,14.27,70.0,83.0,65.0,55.0,23.18,⚪ S2爆發潛力不足,0.0,86.75,80.53,100.0,③ 剛啟動,89.67,🟢 可觀察進場,站上MA20且乖離健康、MA20向上、MACD動能擴張、成交量溫和放大、近期突破20日高、外資5日買超、投信5日買超、外資買盤加速,無明顯風險訊號,偏多順風,偏多順風,54.39,19.83,32.26,11.83,29.46,23.18,S2_E_BALANCED,正常,4.0,126.0,375,375
374,6176,瑞儀,上市,1238200.0,2026-09-24,1193051.0,109522085.44090271,92.5,92.69999694824219,91.4000015258789,91.80000305175781,-1.0,0,93.34000091552734,91.975,105.65666669209799,-2.786229286200509,-3.6695564061610573,0.8833271199605481,38.97752691070071,2321374.2,0.513941698843728,97.5999984741211,92.15999984741211,-0.010775861714597879,-1.71306043681142,-3.8743423541803046,-21.314281383280754,31.074059547061356,2.228571210588728,2.427637403598163,-0.1902657768330318,-13.114802950126103,-21.46957645297266,0.4772041401927519,25,5日均線高於20日均線、MACD多頭、MACD柱狀體為正,40,波動率合理、ATR風險合理、成交量穩定、短線未過熱,-2010813.0,-53172.0,-861.0,-2064846.0,0.0,0.0,5.0,0,,光電業,116,一般業,2.81,84.34782608695653,7.118050342350219,62.60869565217392,21.910434212237874,54.78260869565217,10.118340063267842,80.8695652173913,-13.630346581340595,21.73913043478261,1.4776336694875214,64.03508771929825,48.31635873936797,20.0,178.4507408034882,27.82608695652174,0.6585019921893431,73.91304347826086,,,11.35,86.04651162790698,1.16,75.0,80.52325581395348,3.81,91.17647058823529,3816244.0,59.6788506387601,EPS同產業前20%、營業利益率同產業前20%、估值同產業前20%、殖利率同產業前20%,1238.2,-2010.813,-53.172,-0.861,-2064.846,0.0,33.4,19.6,★★ 弱勢,風險偏高,,近期回撤偏大,10.447,20.18,250.0,26.0,31.03448275862069,16.0,0.0,59.68,10.0,16.85,20.63,10.447,31.03,20.18,0.0,0.0,45.0,63.0,23.04,⚪ S2爆發潛力不足,8.0,86.75,80.53,100.0,⑥ 轉弱,0.0,🔴 暫不考慮,,近期回撤偏大,偏多順風,偏多順風,1.5,31.03,11.4,12.04,29.46,23.04,S2_E_BALANCED,正常,420.0,359.0,376,376
15,2376,技嘉,上市,3778913.0,2026-09-24,3413388.0,1233939762.0,362.0,365.0,360.0,361.5,-3.5,0,363.4,355.975,347.71666666666664,3.2176409104536674,2.0997448761229434,1.117896034330724,54.79019314260275,5210193.45,0.6551365189712869,376.0,355.15,-0.009589041095890427,1.8309859154929553,4.7826086956521685,6.794682422452003,27.499818020037527,9.928571428571429,2.746492787986564,1.5520752861858167,3.9639553276134887,-12.201257861635217,0.41691797751536064,70,股價高於20日均線、5日均線高於20日均線、20日均線高於60日均線、20日均線向上、RSI介於50至70、MACD多頭、MACD柱狀體為正,76,20日動能尚可、60日趨勢尚可、波動率合理、ATR風險合理、20日回撤可接受、MA20乖離可接受、MA60位置健康、成交量穩定、短線未過熱,2254755.0,40237.0,-290439.0,2004553.0,5.0,0.0,5.0,45,外資近5日買超、投信近5日買超、外資連買至少3日、三大法人合計買超,電腦及週邊設備業,109,一般業,17.73,94.4954128440367,37.846762110087234,89.90825688073394,10.626056750760013,18.34862385321101,6.2317339168496195,51.37614678899083,98.42707910183296,87.1559633027523,7.210115423647556,77.98165137614679,74.46200265623504,8.256880733944955,144.4687434945176,33.94495412844037,1.8379019408352752,93.57798165137615,,,13.53,75.92592592592592,3.64,21.875,48.90046296296296,3.32,62.5,47400848.0,66.33864254162418,EPS同產業前20%、ROE同產業前20%、營收年增同產業前20%、資產周轉同產業前20%,3778.913,2254.755,40.237,-290.439,2004.553,69.23076923076923,69.95,97.0,★★★★★ 強勢候選,趨勢健康,技術面偏多、法人偏多、基本面優於產業平均、風險動能結構佳、綜合表現前10%,無明顯風險訊號,7.545,17.2,250.0,19.0,21.336206896551722,56.0,40.0,66.34,85.0,57.1,28.51,7.545,21.34,17.2,0.0,55.0,45.0,63.0,22.96,⚪ S2爆發潛力不足,0.0,86.75,80.53,82.5,② 蓄勢,69.3,🔵 等待突破,站上MA20且乖離健康、MA20向上、RSI位於起漲區、外資5日買超、投信5日買超、外資連買,無明顯風險訊號,偏多順風,偏多順風,36.67,21.34,20.65,25.16,29.46,22.96,S2_E_BALANCED,正常,60.0,279.0,377,377
155,2451,創見,上市,1295375.0,2026-09-24,1268977.0,361023956.5,285.5,285.5,279.0,284.5,0.0,0,284.6,285.1,276.80833333333334,-1.0626642942812623,-1.003137515463804,-0.05952677881745827,49.82784130100286,2405680.6,0.5274918873270209,304.5,285.775,0.0,2.707581227436817,-4.530201342281881,10.27131782945736,25.532714588422543,6.928571428571429,2.435350238513683,-0.2104524728165691,2.7786976548153097,-13.607594936708855,0.4236082665241573,15,20日均線高於60日均線,65,60日趨勢健康、波動率合理、ATR風險合理、20日回撤可接受、MA60乖離可接受、成交量穩定、短線未過熱,1618870.0,-37200.0,6720.0,1588390.0,0.0,0.0,5.0,25,外資近5日買超、自營商近5日買超、三大法人合計買超,半導體業,207,一般業,46.63,96.61835748792271,104.0728258328507,100.0,76.76342921662163,97.58454106280193,73.70314864852203,100.0,275.4659980905217,97.0873786407767,-6.889659274430282,21.844660194174757,28.679982924350973,56.038647342995176,309.0057713439345,63.28502415458937,1.2028844113961938,93.71980676328504,,,4.95,98.75,3.19,52.083333333333336,75.41666666666667,4.14,91.66666666666666,4837166.0,86.71402373247034,EPS同產業前20%、ROE同產業前20%、毛利率同產業前20%、營業利益率同產業前20%、營收年增同產業前20%、資產周轉同產業前20%、殖利率同產業前20%,1295.375,1618.87,-37.2,6.72,1588.39,38.46153846153847,51.21,66.8,★★★ 一般觀察,整理觀察,同產業基本面突出、風險動能健康,無明顯風險訊號,7.696,16.72,250.0,19.0,22.198275862068968,8.0,20.0,86.71,45.0,28.96,22.7,7.696,22.2,16.72,0.0,27.0,45.0,63.0,22.72,⚪ S2爆發潛力不足,0.0,86.75,80.53,83.33,⑥ 轉弱,18.23,🔴 暫不考慮,外資5日買超、法人買超占量提升,無明顯風險訊號,偏多順風,偏多順風,6.8,22.2,22.15,18.49,29.46,22.72,S2_E_BALANCED,正常,339.0,342.0,378,378
187,2329,華泰,上市,2017252.0,2026-09-24,1997805.0,88702545.04840851,44.54999923706055,44.54999923706055,43.849998474121094,44.400001525878906,0.0500030517578125,0,44.07999954223633,43.064999961853026,44.71833324432373,-0.051692177207790735,-0.38148076440469264,0.3297885871969019,55.4708828357334,2171230.2,0.9201258346535526,45.29999923706055,43.03499984741211,0.0011274645654608673,3.496503372138915,1.3698682631726689,-16.38417551458543,24.86789464971343,1.1678573063441686,2.630309158128009,3.099968803456221,-0.7118595335509958,-6.430150353210529,0.5361980573371995,55,股價高於20日均線、5日均線高於20日均線、20日均線向上、RSI介於50至70、MACD多頭、MACD柱狀體為正,68,20日動能尚可、波動率合理、ATR風險合理、20日回撤小、MA20乖離健康、成交量穩定、短線未過熱,278547.0,0.0,29694.0,308241.0,0.0,0.0,5.0,25,外資近5日買超、自營商近5日買超、三大法人合計買超,半導體業,207,一般業,0.96,34.29951690821256,7.834735663718593,38.164251207729464,13.033780433086244,8.695652173913043,5.978381482512687,31.88405797101449,4.764034825266388,20.388349514563107,-1.2378604445417496,39.32038834951456,38.43654479999405,30.917874396135264,141.360277918457,12.560386473429952,0.7755984128612236,77.77777777777779,,,19.82,70.0,1.78,85.9375,77.96875,2.25,70.83333333333334,1768265.0,37.25060914122227,,2017.252,278.547,0.0,29.694,308.241,38.46153846153847,48.97,59.9,★★★ 一般觀察,一般觀察,風險動能健康,無明顯風險訊號,6.323,16.91,250.0,16.0,17.67241379310345,74.0,20.0,37.25,70.0,51.69,20.33,6.323,17.67,16.91,30.0,40.0,45.0,50.0,22.51,⚪ S2爆發潛力不足,0.0,86.75,80.53,83.33,② 蓄勢,63.96,🔵 等待突破,站上MA20且乖離健康、MA20向上、RSI位於起漲區、MACD動能擴張、接近20日突破、外資5日買超、法人買超占量提升,無明顯風險訊號,偏多順風,偏多順風,29.05,17.67,26.88,22.8,29.46,22.51,S2_E_BALANCED,正常,98.0,363.0,379,379
280,6190,萬泰科,上櫃,1030192.0,2026-09-24,1019187.0,69916226.64484406,68.5,69.4000015258789,68.5,68.5999984741211,0.5,0,69.05999908447265,68.43499984741212,69.82000013987223,0.05465012245755929,-0.14179484050018593,0.19644496295774522,50.778664473479196,2116671.3,0.48150461528910987,73.19999694824219,68.44500007629395,0.0073421440705319085,0.2923931926617218,-0.290704315065593,-20.139700517404393,34.11587500869736,1.9214297703334264,2.8009180948572086,0.24110269171750964,-1.7473527116973364,-7.821227085842941,0.5321847179366691,45,股價高於20日均線、5日均線高於20日均線、RSI介於50至70、MACD多頭、MACD柱狀體為正,55,波動率合理、ATR風險合理、20日回撤小、MA20乖離可接受、成交量穩定、短線未過熱,0.0,0.0,0.0,0.0,0.0,0.0,0.0,0,,通信網路業,92,一般業,1.35,58.69565217391305,12.453945686808963,68.47826086956522,15.245659509594962,26.08695652173913,6.479349538805758,63.04347826086957,71.82219158754506,79.12087912087912,-0.19023503990330815,47.25274725274725,53.72765866120923,26.08695652173913,158.39600073910057,32.608695652173914,1.1213687365410303,93.47826086956522,,,,,,,,,,1061923.0,59.08982322025801,資產周轉同產業前20%,1030.192,0.0,0.0,0.0,0.0,0.0,42.23,39.9,★★ 弱勢,一般觀察,,無明顯風險訊號,8.263,24.19,250.0,21.0,23.92241379310345,46.0,0.0,59.09,30.0,31.76,18.68,8.263,23.92,24.19,0.0,15.0,25.0,63.0,22.44,⚪ S2爆發潛力不足,0.0,86.75,80.53,76.67,① 尚未啟動,32.5,🔴 暫不考慮,站上MA20且乖離健康、RSI位於起漲區,無明顯風險訊號,偏多順風,偏多順風,21.44,23.92,21.29,12.9,29.46,22.44,S2_E_BALANCED,正常,328.0,383.0,380,380
253,2889,國票金,上市,9529220.0,2026-09-24,9439898.0,156230304.69792938,16.850000381469727,16.850000381469727,16.5,16.549999237060547,-0.25,0,16.849999618530273,16.603451633453368,15.836132224400838,0.30910009799639937,0.35923126758907653,-0.05013116959267716,52.40957321057667,17623512.55,0.5356422548125912,17.5,16.57880620956421,-0.014880953056742086,-4.335260306794286,3.069724679101138,12.819561326909913,22.751927430208916,0.38571466718401226,2.3306023260730933,-0.32193544795904305,4.5078369045173705,-4.335260306794286,0.4813944315298618,45,5日均線高於20日均線、20日均線高於60日均線、20日均線向上、RSI介於50至70,73,20日動能尚可、60日趨勢健康、波動率合理、ATR風險合理、20日回撤小、MA60位置健康、成交量穩定,-12579575.0,-3000.0,306643.0,-12275932.0,0.0,0.0,5.0,5,自營商近5日買超,金融保險,40,金控業,0.77,17.5,12.661771145206574,30.0,,,,,51.8964745383324,82.5,22.110855687865794,75.0,88.91608391388175,53.333333333333336,,,,,,,13.57,54.83870967741935,1.26,61.29032258064516,58.064516129032256,3.56,38.70967741935484,1357195.0,48.51721988468132,營收年增同產業前20%,9529.22,-12579.575,-3.0,306.643,-12275.932,7.6923076923076925,44.19,45.7,★★ 弱勢,一般觀察,風險動能健康,無明顯風險訊號,8.786,15.87,250.0,22.0,25.646551724137932,33.0,5.0,48.52,55.0,30.23,25.74,8.786,25.65,15.87,0.0,53.0,45.0,50.0,22.33,⚪ S2爆發潛力不足,0.0,86.75,80.53,70.0,② 蓄勢,41.43,🔴 暫不考慮,MA20向上、RSI位於起漲區,無明顯風險訊號,偏多順風,偏多順風,28.88,25.65,15.91,15.91,29.46,22.33,S2_E_BALANCED,正常,333.0,313.0,381,381
376,6153,嘉聯益,上市,1902952.0,2026-09-24,1899108.0,32664659.04890442,17.049999237060547,17.399999618530273,17.0,17.200000762939453,0.15000152587890625,0,17.15,17.392500019073488,17.175833384195965,-0.0004800244374223439,0.03175424925013593,-0.032234273687558275,49.891167683707934,2529823.05,0.7506880767807061,18.399999618530273,17.394999980926514,0.00879774384698262,-0.2898506496263553,-0.2898506496263553,-17.108430058123115,30.5296123633643,0.4928569793701172,2.865447427374932,-1.1067946294260778,0.14070571251421082,-6.111113230387366,0.4921837835431535,15,20日均線高於60日均線,55,波動率合理、ATR風險合理、20日回撤小、MA60乖離可接受、成交量穩定、短線未過熱,2198571.0,0.0,79818.0,2278389.0,4.0,0.0,5.0,35,外資近5日買超、自營商近5日買超、外資連買至少3日、三大法人合計買超,電子零組件業,210,一般業,-0.86,9.523809523809524,-12.866234783860394,7.142857142857142,-4.871343251883072,3.3333333333333335,-24.156746286036523,6.666666666666667,15.951204384178762,31.9047619047619,0.48091628697264355,60.0,47.64029629034602,40.95238095238095,153.82781211175552,26.666666666666668,0.334406055802222,10.952380952380953,,,,,1.28,77.40384615384616,77.40384615384616,0.0,11.057692307692307,568307.0,23.053663003663008,,1902.952,2198.571,0.0,79.818,2278.389,53.84615384615385,33.19,19.2,★★ 弱勢,一般觀察,法人偏多,無明顯風險訊號,7.651,19.85,250.0,19.0,21.767241379310345,8.0,40.0,23.05,10.0,20.16,10.7,7.651,21.77,19.85,0.0,0.0,25.0,63.0,22.08,⚪ S2爆發潛力不足,0.0,86.75,80.53,82.5,⑥ 轉弱,9.36,🔴 暫不考慮,外資5日買超、外資買盤加速、外資連買,無明顯風險訊號,偏多順風,偏多順風,0.0,21.77,24.73,11.18,29.46,22.08,S2_E_BALANCED,正常,405.0,442.0,382,382
241,4938,和碩,上市,7881615.0,2026-09-24,7838133.0,715621566.8200836,90.30000305175781,91.9000015258789,90.19999694824219,91.30000305175781,0.0,0,90.74000244140625,90.90500030517578,87.92833353678385,0.3733608217867186,0.48758322246675334,-0.11422240068003475,53.91737067899357,8896467.6,0.8810387844272035,95.5999984741211,90.81000022888183,0.0,0.9955768923535446,2.125281312583538,9.735584616132309,28.716325897826273,1.8928576878138952,2.073228504429334,0.434522573297369,3.83456546866483,-7.442346289895074,0.4628552496928685,45,股價高於20日均線、20日均線高於60日均線、20日均線向上、RSI介於50至70,81,20日動能尚可、60日趨勢尚可、波動率合理、ATR風險合理、20日回撤小、MA20乖離可接受、MA60位置健康、成交量穩定、短線未過熱,-3393626.0,-847121.0,924954.0,-3315793.0,0.0,1.0,5.0,5,自營商近5日買超,電腦及週邊設備業,109,一般業,2.26,55.04587155963303,7.222871200127844,38.53211009174312,4.427224865423323,2.7522935779816518,1.35511691881881,28.440366972477065,34.11291108532581,59.63302752293578,2.662062315205538,63.30275229357798,62.17235709847223,22.93577981651376,126.7619020857573,19.26605504587156,1.544553232605069,87.1559633027523,,,15.4,59.25925925925925,1.18,82.8125,71.03587962962962,4.39,78.125,88304931.0,45.927136425416236,資產周轉同產業前20%,7881.615,-3393.626,-847.121,924.954,-3315.793,7.6923076923076925,45.02,48.3,★★ 弱勢,一般觀察,風險動能結構佳,無明顯風險訊號,8.498,16.61,250.0,21.0,24.78448275862069,40.0,25.0,45.93,70.0,40.89,25.86,8.498,24.78,16.61,0.0,37.0,45.0,63.0,22.06,⚪ S2爆發潛力不足,0.0,86.75,80.53,82.5,② 蓄勢,53.09,🟡 等待回檔,站上MA20且乖離健康、MA20向上、RSI位於起漲區、外資買盤加速、投信由賣轉買,無明顯風險訊號,偏多順風,偏多順風,31.31,24.78,16.56,15.7,29.46,22.06,S2_E_BALANCED,正常,216.0,308.0,383,383
128,3036,文曄,上市,6695518.0,2026-09-24,4837354.0,1001332278.0,205.5,207.5,203.0,207.0,1.0,0,206.0,196.225,202.49166666666667,0.9896194895833048,-1.2650812997271395,2.2547007893104443,58.99598047423588,7798001.8,0.6203325062069106,209.5,195.525,0.004854368932038833,1.4705882352941124,7.253886010362698,-4.82758620689655,32.33707355837597,5.071428571428571,2.449965493443754,5.491145368836792,2.226429071155178,-19.914346895074942,0.7374042641286436,55,股價高於20日均線、5日均線高於20日均線、20日均線向上、RSI介於50至70、MACD多頭、MACD柱狀體為正,68,20日動能健康、波動率合理、ATR風險合理、MA20乖離健康、MA60乖離可接受、成交量穩定度普通、短線未過熱,-2628933.0,1067375.0,197067.0,-1364491.0,2.0,0.0,5.0,20,投信近5日買超、自營商近5日買超,電子通路業,38,一般業,13.0,97.36842105263158,26.82215330004578,78.94736842105263,3.4274181696528476,5.263157894736842,2.1141131551385666,31.57894736842105,98.21291582397657,78.94736842105263,8.42680556632336,86.8421052631579,84.65987117308941,7.894736842105263,111.03039065665223,7.894736842105263,2.6699010473960185,89.47368421052632,,,10.63,71.42857142857143,2.11,38.63636363636363,55.032467532467535,3.77,40.909090909090914,198383815.0,58.72317156527681,EPS同產業前20%、營收月增同產業前20%、資產周轉同產業前20%,6695.518,-2628.933,1067.375,197.067,-1364.491,30.76923076923077,53.87,72.6,★★★ 一般觀察,一般觀察,風險動能健康,無明顯風險訊號,4.762,15.77,250.0,12.0,12.71551724137931,64.0,30.0,58.72,70.0,53.91,25.43,4.762,12.72,15.77,20.0,43.0,45.0,63.0,22.04,⚪ S2爆發潛力不足,8.0,86.75,80.53,76.67,② 蓄勢,57.65,🟡 等待回檔,站上MA20且乖離健康、MA20向上、RSI位於起漲區、接近20日突破、投信5日買超、外資買盤加速,近期回撤偏大,偏多順風,偏多順風,31.87,12.72,31.83,26.24,29.46,22.04,S2_E_BALANCED,正常,83.0,318.0,384,384
177,2539,櫻花建,上市,1158192.0,2026-09-24,1052771.0,36267961.75320053,34.650001525878906,34.75,34.25,34.45000076293945,-0.4500007629394531,0,35.19000015258789,35.035000038146975,34.30892060597738,0.07364624894933769,0.1406250404788207,-0.06697879152948302,46.959178376561646,873834.9,1.2047710614442155,36.150001525878906,35.0375,-0.012894004105007517,0.14534661291492057,-0.1449253248131832,7.491055168719862,31.91480053288405,0.6535709926060268,1.8971581368123627,-1.6697567420310033,0.4112054663051534,-6.085755657201086,0.4241436808647452,25,5日均線高於20日均線、20日均線高於60日均線,63,60日趨勢尚可、波動率合理、ATR風險合理、20日回撤小、MA60乖離可接受、成交量穩定、短線未過熱,243036.0,0.0,97677.0,340713.0,0.0,0.0,5.0,25,外資近5日買超、自營商近5日買超、三大法人合計買超,建材營造,88,一般業,2.36,78.4090909090909,28.164134349158505,89.77272727272727,44.840547271158584,81.81818181818183,40.601924358707905,97.72727272727273,-8.693067590272417,30.681818181818183,-16.204241293414533,30.23255813953488,38.54240010966944,89.77272727272727,310.4087037979804,92.04545454545455,0.5251478719363681,81.81818181818183,,,8.18,71.42857142857143,2.05,16.363636363636363,43.896103896103895,8.13,72.72727272727273,442362.0,72.1665508909695,ROE同產業前20%、毛利率同產業前20%、營業利益率同產業前20%、負債比同產業前20%、流動比率同產業前20%、資產周轉同產業前20%,1158.192,243.036,0.0,97.677,340.713,38.46153846153847,49.44,62.1,★★★ 一般觀察,整理觀察,基本面優於產業平均、風險動能健康,無明顯風險訊號,9.664,20.54,250.0,24.0,28.448275862068968,33.0,20.0,72.17,45.0,36.77,29.72,9.664,28.45,20.54,27.0,27.0,25.0,68.0,21.76,⚪ S2爆發潛力不足,0.0,86.75,80.53,100.0,⑥ 轉弱,27.38,🔴 暫不考慮,MA5近期上穿MA20、成交量溫和放大、外資5日買超、法人買超占量提升,無明顯風險訊號,偏多順風,偏多順風,14.25,28.45,13.12,8.39,29.46,21.76,S2_E_BALANCED,正常,278.0,269.0,385,385
263,2498,宏達電,上市,7183755.0,2026-09-24,7153689.0,299024194.7421684,41.650001525878906,42.29999923706055,41.400001525878906,41.79999923706055,0.14999771118164062,0,40.63999938964844,40.535000038146975,41.14333330790202,-0.004451637253723106,-0.1856375459311441,0.181185908677421,59.7336170163961,5495586.1,1.3017153893740288,44.0,40.47000007629394,0.003601385490668907,4.893352164632581,3.2098746594087624,-3.908047730895292,23.290779602376876,1.0178574153355189,2.4350656313722374,3.120757857957557,1.5960445505090126,-5.7623083744371195,0.9671547745475256,55,股價高於20日均線、5日均線高於20日均線、20日均線向上、RSI介於50至70、MACD多頭、MACD柱狀體為正,71,20日動能尚可、波動率合理、ATR風險合理、20日回撤小、MA20乖離健康、MA60乖離可接受、成交量穩定度普通、短線未過熱,-6593126.0,-344000.0,359523.0,-6577603.0,0.0,0.0,5.0,5,自營商近5日買超,通信網路業,92,一般業,-0.62,18.478260869565215,-3.9760912807899644,23.91304347826087,42.15418351978327,79.34782608695652,-89.62724221441269,2.1739130434782608,-7.712817820445511,18.681318681318682,37.70522074869902,90.10989010989012,32.55979995934581,65.21739130434783,220.18976724560008,57.608695652173914,0.06518399006887157,1.0869565217391304,,,16.14,76.47058823529412,1.33,76.59574468085107,76.5331664580726,1.2,46.808510638297875,246093.0,36.658276111981834,營收月增同產業前20%,7183.755,-6593.126,-344.0,359.523,-6577.603,7.6923076923076925,43.24,43.5,★★ 弱勢,一般觀察,風險動能健康,無明顯風險訊號,6.698,15.6,250.0,17.0,18.96551724137931,90.0,5.0,36.66,85.0,55.75,26.43,6.698,18.97,15.6,52.0,58.0,65.0,70.0,21.29,⚪ S2爆發潛力不足,0.0,86.75,80.53,76.67,③ 剛啟動,72.49,🟢 可觀察進場,站上MA20且乖離健康、MA20向上、MA5近期上穿MA20、RSI位於起漲區、MACD近期黃金交叉、MACD動能擴張、成交量溫和放大,無明顯風險訊號,偏多順風,偏多順風,35.64,18.97,23.66,16.13,29.46,21.29,S2_E_BALANCED,正常,74.0,298.0,386,386
25,5876,上海商銀,上市,3026168.0,2026-09-24,3000219.0,146860722.33898544,48.75,49.0,48.54999923706055,48.95000076293945,-0.2999992370605469,0,49.32000045776367,47.69500045776367,45.01590766906738,1.4057385783651029,1.4222677665044303,-0.016529188139327466,62.43266865233416,8695200.35,0.3450431133539091,50.0,47.400000381469724,-0.006091355067219251,-2.002001971423295,13.704997980115552,18.13501158385047,25.25191353867473,1.1678573063441686,2.3858167275624753,2.6313036861948413,8.739339708072524,-3.359462371195232,0.5208112780095304,55,股價高於20日均線、5日均線高於20日均線、20日均線高於60日均線、20日均線向上、RSI介於50至70,100,20日動能健康、60日趨勢健康、波動率合理、ATR風險合理、20日回撤小、MA20乖離健康、MA60位置健康、成交量穩定、短線未過熱,272928.0,2165862.0,1239551.0,3678341.0,0.0,5.0,5.0,55,外資近5日買超、投信近5日買超、自營商近5日買超、投信連買至少3日、三大法人合計買超,金融保險,40,金融業,2.08,57.49999999999999,,,,,,,7.060368875130942,40.0,-12.815193387111613,22.5,,,,,,,,,13.83,45.16129032258064,1.11,74.19354838709677,59.677419354838705,3.68,48.38709677419355,4547978.0,46.72653958944282,,3026.168,272.928,2165.862,1239.551,3678.341,84.61538461538461,67.44,94.8,★★★ 一般觀察,一般觀察,法人籌碼強、風險動能結構佳、綜合表現前10%,無明顯風險訊號,3.588,14.09,250.0,9.0,8.620689655172415,56.0,60.0,46.73,65.0,57.16,30.64,3.588,8.62,14.09,20.0,70.0,45.0,63.0,21.04,⚪ S2爆發潛力不足,0.0,86.75,80.53,70.0,② 蓄勢,68.36,🔵 等待突破,站上MA20且乖離健康、MA20向上、RSI位於起漲區、接近20日突破、外資5日買超、投信5日買超、投信買盤加速,無明顯風險訊號,偏多順風,偏多順風,38.18,8.62,37.42,22.58,29.46,21.04,S2_E_BALANCED,正常,59.0,258.0,387,387
254,6023,元大期,上櫃,1182166.0,2026-09-24,1165273.0,100679588.97806549,87.5999984741211,87.9000015258789,86.0,86.4000015258789,-1.1999969482421875,0,87.46000061035156,85.70500030517579,86.27669677734374,0.6559879364805141,0.36877150858196484,0.2872164278985493,52.61175192347999,870228.9,1.3390419463201004,88.69999694824219,85.51000022888184,-0.013698595538180203,-1.8181800842285156,4.727274576822915,-1.6237617535306503,33.89111008574985,1.7142840794154577,1.9841250568751296,0.8109226045486029,0.1429177902503298,-4.822040208749345,1.0536971846140109,55,股價高於20日均線、5日均線高於20日均線、20日均線向上、RSI介於50至70、MACD多頭、MACD柱狀體為正,63,20日動能尚可、波動率合理、ATR風險合理、20日回撤小、MA20乖離可接受、MA60乖離可接受、短線未過熱,0.0,0.0,0.0,0.0,0.0,0.0,0.0,0,,金融保險,40,證券期貨業,4.19,75.0,15.452767950953625,53.333333333333336,,,,,22.65645864862459,70.0,-32.92883582996306,15.0,93.6683368381028,16.666666666666664,107.71083235713262,8.333333333333332,,,,,,,,,,,,344450.0,49.81182795698925,,1182.166,0.0,0.0,0.0,0.0,0.0,44.04,45.5,★★ 弱勢,一般觀察,風險動能健康,成交量波動較大,9.222,19.63,250.0,23.0,26.29310344827586,74.0,0.0,49.81,50.0,44.57,29.8,9.222,26.29,19.63,32.0,28.0,65.0,68.0,21.02,⚪ S2爆發潛力不足,0.0,86.75,80.53,70.0,② 蓄勢,55.78,🟡 等待回檔,站上MA20且乖離健康、MA20向上、RSI位於起漲區、成交量溫和放大、接近20日突破,無明顯風險訊號,偏多順風,偏多順風,35.0,26.29,10.97,13.55,29.46,21.02,S2_E_BALANCED,正常,174.0,268.0,388,388
124,9933,中鼎,上市,1284584.0,2026-09-24,1267848.0,51981768.0,41.04999923706055,41.75,40.599998474121094,41.0,-0.09999847412109375,0,41.32999954223633,40.76135807037353,39.746426709493,0.4221020709253196,0.47842692527122266,-0.056324854345903064,51.74011594261264,2379167.6,0.5328956228220324,43.04999923706055,40.75242195129395,-0.0024330529886530394,-3.3018902723963683,0.43781672700808905,2.156803349343561,24.25779704453642,1.098550251552037,2.6793908574439924,0.5854611841304758,3.1539270175640732,-7.11914980262266,0.3991327095386986,55,股價高於20日均線、5日均線高於20日均線、20日均線高於60日均線、20日均線向上、RSI介於50至70,71,20日動能尚可、60日趨勢尚可、波動率合理、ATR風險合理、20日回撤小、MA20乖離可接受、MA60位置健康、成交量穩定,-1304469.0,2000.0,88837.0,-1213632.0,0.0,0.0,5.0,20,投信近5日買超、自營商近5日買超,其他,94,一般業,2.71,77.6595744680851,20.18801551139019,90.42553191489363,13.385495591157717,22.340425531914892,10.501847123884673,56.38297872340425,5.247920692818564,45.744680851063826,7.612155921249353,80.85106382978722,79.50631601170288,9.574468085106384,109.31418966743831,24.46808510638298,0.525651655753203,61.702127659574465,,,7.56,91.11111111111111,1.61,31.73076923076923,61.42094017094017,2.32,36.53846153846153,6996004.0,57.37521367521366,ROE同產業前20%、營收月增同產業前20%,1284.584,-1304.469,2.0,88.837,-1213.632,30.76923076923077,54.07,73.5,★★★ 一般觀察,一般觀察,風險動能健康,無明顯風險訊號,7.993,15.54,250.0,20.0,22.629310344827587,48.0,35.0,57.38,33.0,43.26,19.93,7.993,22.63,15.54,0.0,10.0,25.0,50.0,20.8,⚪ S2爆發潛力不足,0.0,86.75,80.53,100.0,② 蓄勢,56.86,🟡 等待回檔,站上MA20且乖離健康、MA20向上、RSI位於起漲區、投信5日買超、投信買盤加速,無明顯風險訊號,偏多順風,偏多順風,27.32,22.63,16.13,14.41,29.46,20.8,S2_E_BALANCED,正常,192.0,369.0,389,389
197,2354,鴻準,上市,6193563.0,2026-09-24,6133573.0,404202470.05908966,65.5999984741211,66.0,65.30000305175781,65.9000015258789,0.0,0,65.6,65.2149995803833,60.54833329518636,1.1413775788366394,1.2999392714346574,-0.158561692598018,59.46048485675041,12446520.9,0.4927941751176427,69.0,65.1399995803833,0.0,-0.6033205240829953,2.3291924913964923,20.036429315607208,24.36998779649292,1.7642854963030135,2.6772161691228176,1.0503748369288468,8.838671420734222,-3.9215718991575943,0.4785678942866271,55,股價高於20日均線、5日均線高於20日均線、20日均線高於60日均線、20日均線向上、RSI介於50至70,88,20日動能尚可、60日趨勢健康、波動率合理、ATR風險合理、20日回撤小、MA20乖離可接受、MA60位置健康、成交量穩定、短線未過熱,-1292159.0,-5000.0,-164139.0,-1461298.0,0.0,0.0,5.0,0,,其他電子業,95,一般業,1.1,45.26315789473684,2.691411452450782,26.31578947368421,4.401169466546996,4.2105263157894735,1.2875707796049876,27.368421052631582,58.41679083173851,71.57894736842105,2.0757869205314305,61.05263157894737,36.28717073777652,74.73684210526315,219.88990315185754,67.36842105263158,0.6224975189026555,46.31578947368421,,,27.92,28.947368421052634,0.82,97.82608695652173,63.38672768878718,2.28,50.0,21867114.0,45.92356979405034,,6193.563,-1292.159,-5.0,-164.139,-1461.298,0.0,47.88,57.8,★★★ 一般觀察,一般觀察,風險動能結構佳,無明顯風險訊號,5.172,15.77,250.0,13.0,14.00862068965517,48.0,10.0,45.92,50.0,36.59,18.3,5.172,14.01,15.77,0.0,35.0,45.0,50.0,20.54,⚪ S2爆發潛力不足,0.0,86.75,80.53,82.5,② 蓄勢,48.79,🔴 暫不考慮,站上MA20且乖離健康、MA20向上、RSI位於起漲區、外資買盤加速,無明顯風險訊號,偏多順風,偏多順風,24.4,14.01,28.82,17.42,29.46,20.54,S2_E_BALANCED,正常,280.0,385.0,390,390
74,2885,元大金,上市,13758876.0,2026-09-24,12269465.0,849046940.5565643,69.0,69.5,68.80000305175781,69.19999694824219,-0.40000152587890625,0,69.95999908447266,68.92999954223633,65.60705083211263,1.2467822439264893,1.3842767005089387,-0.1374944565824494,55.42349697929046,21597247.85,0.568103171534423,71.69999694824219,68.62999973297119,-0.005747148486326958,0.2898506496263664,9.493664735556685,9.373856880728626,23.29395098495941,1.5571441650390625,2.2502084302167256,0.3916979657607733,5.476463383979624,-4.505025701973231,0.5449732194102598,55,股價高於20日均線、5日均線高於20日均線、20日均線高於60日均線、20日均線向上、RSI介於50至70,88,20日動能健康、60日趨勢尚可、波動率合理、ATR風險合理、20日回撤小、MA20乖離可接受、MA60位置健康、成交量穩定、短線未過熱,9363476.0,-8312998.0,1708188.0,2758666.0,0.0,0.0,5.0,25,外資近5日買超、自營商近5日買超、三大法人合計買超,金融保險,40,金控業,2.64,60.0,19.02269550253994,60.0,,,,,57.940258843989525,87.5,11.532295134693848,65.0,92.03774907642855,40.0,,,,,,,16.21,29.03225806451613,2.41,12.903225806451612,20.967741935483872,3.18,25.806451612903224,19585535.0,57.477793361383824,營收年增同產業前20%,13758.876,9363.476,-8312.998,1708.188,2758.666,38.46153846153847,59.04,84.3,★★★ 一般觀察,一般觀察,風險動能結構佳、綜合表現前25%,無明顯風險訊號,6.13,14.94,250.0,15.0,17.025862068965516,48.0,20.0,57.48,85.0,46.57,26.21,6.13,17.03,14.94,0.0,72.0,45.0,50.0,20.09,⚪ S2爆發潛力不足,0.0,86.75,80.53,70.0,② 蓄勢,57.78,🟡 等待回檔,站上MA20且乖離健康、MA20向上、RSI位於起漲區、外資5日買超、法人買超占量提升,無明顯風險訊號,偏多順風,偏多順風,32.52,17.03,21.72,17.2,29.46,20.09,S2_E_BALANCED,正常,144.0,300.0,391,391
26,2603,長榮,上市,4944813.0,2026-09-24,4851283.0,1178861769.0,240.5,243.0,239.0,243.0,0.0,0,242.2,236.7,219.79166666666666,4.498756898016666,4.543101782103615,-0.04434488408694914,60.93983427305006,8833307.4,0.5492034614350679,245.5,236.175,0.0,0.20618556701030855,4.516129032258065,30.99730458221024,22.901588619151532,5.75,2.366255144032922,2.6615969581749166,10.559241706161139,-8.946322067594437,0.35744065963767196,55,股價高於20日均線、5日均線高於20日均線、20日均線高於60日均線、20日均線向上、RSI介於50至70,88,20日動能尚可、60日趨勢健康、波動率合理、ATR風險合理、20日回撤可接受、MA20乖離健康、MA60位置健康、成交量穩定、短線未過熱,-1432137.0,3996097.0,415910.0,2979870.0,0.0,4.0,5.0,45,投信近5日買超、自營商近5日買超、投信連買至少3日、三大法人合計買超,航運業,34,一般業,11.24,100.0,8.581208803081536,41.17647058823529,19.497206938248937,44.11764705882353,14.768046429874582,55.88235294117647,48.63589929629481,82.35294117647058,1.8856363783847918,50.0,39.74886347340195,64.70588235294117,138.81175508553707,50.0,0.3958756906887209,58.82352941176471,,,9.64,72.0,0.94,79.62962962962963,75.81481481481481,6.58,92.5925925925926,48985697.0,64.50418300653595,EPS同產業前20%、營收年增同產業前20%、殖利率同產業前20%,4944.813,-1432.137,3996.097,415.91,2979.87,69.23076923076923,67.3,94.6,★★★ 一般觀察,整理觀察,法人偏多、風險動能結構佳、綜合表現前10%,無明顯風險訊號,1.951,13.57,250.0,5.0,5.387931034482758,56.0,50.0,64.5,70.0,57.58,26.97,1.951,5.39,13.57,20.0,68.0,45.0,50.0,19.72,⚪ S2爆發潛力不足,0.0,86.75,80.53,100.0,② 蓄勢,71.18,🔵 等待突破,站上MA20且乖離健康、MA20向上、RSI位於起漲區、接近20日突破、投信5日買超、投信買盤加速、投信連買,無明顯風險訊號,偏多順風,偏多順風,35.82,5.39,45.16,10.54,29.46,19.72,S2_E_BALANCED,正常,54.0,293.0,392,392
353,5871,中租-KY,上市,5050902.0,2026-09-24,4549359.0,486781413.0,107.0,108.0,107.0,107.0,-1.0,0,109.1,111.925,113.31944363911947,-1.2449183131302988,-0.6513553180006776,-0.5935629951296212,37.14151087840902,7145202.4,0.6367012080721464,117.0,112.3,-0.0092592592592593,-4.46428571428571,-6.550218340611358,-5.5064905104279855,25.716314235692934,1.9285714285714286,1.8024032042723632,-4.4002680366316715,-5.576663135802685,-8.54700854700855,0.5042706613962157,0,,35,波動率合理、ATR風險合理、20日回撤可接受、成交量穩定,-22989182.0,1699119.0,288129.0,-21001934.0,0.0,3.0,5.0,35,投信近5日買超、自營商近5日買超、投信連買至少3日,其他,94,一般業,5.84,95.74468085106383,11.486193759360217,64.8936170212766,66.38590649886322,96.80851063829788,31.237117607351543,93.61702127659575,-0.6827451029023324,35.1063829787234,-3.476776706875706,41.48936170212766,79.97048160474986,8.51063829787234,110.35038460652775,25.53191489361702,0.09722122252890146,14.893617021276595,,,9.89,80.0,1.07,65.38461538461539,72.6923076923077,5.61,65.38461538461539,8169021.0,60.749918166939445,EPS同產業前20%、毛利率同產業前20%、營業利益率同產業前20%,5050.902,-22989.182,1699.119,288.129,-21001.934,53.84615384615385,35.99,24.1,★★ 弱勢,整理觀察,法人偏多,無明顯風險訊號,8.002,17.26,250.0,20.0,22.844827586206897,0.0,45.0,60.75,0.0,22.61,20.39,8.002,22.84,17.26,0.0,0.0,45.0,48.0,19.69,⚪ S2爆發潛力不足,0.0,86.75,80.53,100.0,⑥ 轉弱,13.22,🔴 暫不考慮,投信5日買超、投信買盤加速、投信連買,無明顯風險訊號,偏多順風,偏多順風,3.96,22.84,12.47,12.47,29.46,19.69,S2_E_BALANCED,正常,383.0,362.0,393,393
111,6005,群益證,上市,6338990.0,2026-09-24,6199430.0,198381760.0,32.29999923706055,32.45000076293945,31.899999618530273,32.0,-0.5499992370605469,0,32.14000015258789,31.91500005722046,31.110986328125,0.2577730609299316,0.23683566496378086,0.020937395966150713,53.59881972116038,6693929.25,0.9261272069763808,33.20000076293945,31.870000076293945,-0.016897058370260454,2.2364242172588256,2.893889413154227,-3.1004007157205526,25.24343859989047,0.7285713468279157,2.2767854588372365,0.26633226579082514,2.8575554066291753,-5.801525552764197,0.3455452350434353,70,股價高於20日均線、5日均線高於20日均線、20日均線高於60日均線、20日均線向上、RSI介於50至70、MACD多頭、MACD柱狀體為正,68,20日動能尚可、波動率合理、ATR風險合理、20日回撤小、MA20乖離可接受、MA60乖離可接受、成交量穩定、短線未過熱,-3478359.0,-535738.0,0.0,-4014097.0,0.0,0.0,5.0,0,,金融保險,40,證券期貨業,3.24,65.0,29.683924078848918,73.33333333333333,,,,,45.34586757893414,75.0,48.11666933847363,80.0,89.20448091295316,50.0,108.57481253795672,25.0,,,,,5.95,93.54838709677419,1.34,58.06451612903226,75.80645161290323,5.34,83.87096774193549,3030550.0,68.20183086312117,營收月增同產業前20%、殖利率同產業前20%,6338.99,-3478.359,-535.738,0.0,-4014.097,0.0,55.06,76.2,★★★★ 觀察候選,趨勢健康,技術面偏多、基本面優於產業平均、風險動能健康、綜合表現前25%,無明顯風險訊號,7.968,17.16,250.0,20.0,22.413793103448278,70.0,15.0,68.2,55.0,50.98,27.4,7.968,22.41,17.16,30.0,25.0,45.0,63.0,19.67,⚪ S2爆發潛力不足,0.0,86.75,80.53,70.0,③ 剛啟動,67.18,🔵 等待突破,站上MA20且乖離健康、MA20向上、MA5近期上穿MA20、RSI位於起漲區、MACD近期黃金交叉、投信買盤加速,無明顯風險訊號,偏多順風,偏多順風,35.35,22.41,11.61,15.05,29.46,19.67,S2_E_BALANCED,正常,109.0,292.0,394,394
71,4915,致伸,上市,1492781.0,2026-09-24,1473881.0,94475769.85103607,64.19999694824219,64.4000015258789,63.70000076293945,64.0999984741211,-0.3000030517578125,0,64.78000030517578,62.50499973297119,63.30500005086263,0.8319557494443188,0.5327401033721904,0.29921564607212847,55.747480754549684,3641068.4,0.4047935490582929,66.5,62.28999977111816,-0.004658432370335586,0.31298426207577723,7.190634267425966,-4.1853557367628635,21.62381380447193,1.5,2.340093659449291,2.55179385323403,1.2558224826154651,-7.739938263315926,0.8061944496379211,55,股價高於20日均線、5日均線高於20日均線、20日均線向上、RSI介於50至70、MACD多頭、MACD柱狀體為正,78,20日動能健康、波動率合理、ATR風險合理、20日回撤小、MA20乖離健康、MA60乖離可接受、成交量穩定度普通、短線未過熱,2739488.0,535632.0,-171379.0,3103741.0,1.0,2.0,5.0,35,外資近5日買超、投信近5日買超、三大法人合計買超,電子零組件業,210,一般業,2.55,70.47619047619048,11.56240189503824,66.66666666666666,15.353367304998446,29.04761904761905,4.02741803925541,41.904761904761905,20.37763660684673,38.095238095238095,4.598062620394772,74.76190476190476,62.646301777489214,13.333333333333334,127.13191795702865,11.428571428571429,1.2123773139420984,96.19047619047619,,,12.95,91.66666666666666,1.48,70.1923076923077,80.92948717948718,7.13,98.07692307692307,6126615.0,55.302197802197796,資產周轉同產業前20%、估值同產業前20%、殖利率同產業前20%,1492.781,2739.488,535.632,-171.379,3103.741,53.84615384615385,59.46,85.0,★★★ 一般觀察,一般觀察,法人偏多、風險動能結構佳、綜合表現前25%,無明顯風險訊號,6.05,14.2,250.0,15.0,16.594827586206897,56.0,55.0,55.3,70.0,57.7,25.17,6.05,16.59,14.2,0.0,43.0,45.0,50.0,19.33,⚪ S2爆發潛力不足,0.0,86.75,80.53,82.5,② 蓄勢,69.9,🔵 等待突破,站上MA20且乖離健康、MA20向上、RSI位於起漲區、外資5日買超、投信5日買超、投信買盤加速,無明顯風險訊號,偏多順風,偏多順風,34.11,16.59,15.05,24.52,29.46,19.33,S2_E_BALANCED,正常,53.0,319.0,395,395
412,3048,益登,上市,1556204.0,2026-09-24,1544216.0,80144812.75628662,50.400001525878906,52.0,50.0,51.900001525878906,1.5,0,50.98000030517578,51.955000495910646,54.1333335240682,-1.1744032399131825,-1.2829170812269783,0.10851384131379582,46.902202904672095,1117174.0,1.3822520037165205,57.900001525878906,52.17000045776367,0.029761903860851868,2.976190386085187,-7.651244090188946,-19.284604879252676,24.912923900388538,1.2214281899588448,2.3534261157002163,-0.10585885767833147,-4.125613282611407,-14.991766349983948,0.5840923191511002,15,MACD多頭、MACD柱狀體為正,45,波動率合理、ATR風險合理、20日回撤可接受、成交量穩定、短線未過熱,-209495.0,0.0,-27434.0,-236929.0,0.0,0.0,5.0,0,,電子通路業,38,一般業,3.15,65.78947368421053,23.048132930605473,68.42105263157895,4.188452809507512,15.789473684210526,2.250123674450629,36.84210526315789,50.313337513386344,60.526315789473685,-1.4627512334970505,63.1578947368421,81.13641541472305,18.421052631578945,133.57164856213,39.473684210526315,3.7392441400679868,100.0,,,11.02,66.66666666666666,1.9,59.09090909090909,62.878787878787875,1.93,18.181818181818183,13544810.0,53.1786283891547,資產周轉同產業前20%,1556.204,-209.495,0.0,-27.434,-236.929,0.0,29.45,11.4,★★ 弱勢,一般觀察,,無明顯風險訊號,5.945,17.32,250.0,15.0,16.379310344827587,43.0,0.0,53.18,45.0,31.93,24.43,5.945,16.38,17.32,37.0,15.0,65.0,70.0,19.22,⚪ S2爆發潛力不足,0.0,86.75,80.53,76.67,⑥ 轉弱,20.66,🔴 暫不考慮,MACD近期黃金交叉、MACD動能擴張、成交量溫和放大,無明顯風險訊號,偏多順風,偏多順風,8.68,16.38,18.49,18.71,29.46,19.22,S2_E_BALANCED,正常,323.0,326.0,396,396
436,3706,神達,上市,4005111.0,2026-09-24,3829650.0,300627525.0,78.5999984741211,79.0,78.0999984741211,78.5,-0.09999847412109375,0,79.34000091552734,81.58818206787109,81.91575698852539,-1.0720614170201372,-0.7489383867311277,-0.32312303028900957,39.34283407117718,10132733.45,0.37794836101210183,87.09091186523438,81.8177276611328,-0.001272245242524006,-2.4844720496894457,-5.525167268209064,-7.449091230784777,25.306381950164585,1.4876627240862166,1.8951117504283015,-3.785085032660873,-4.169841205281011,-10.804599455033227,0.627866161818521,0,,43,波動率合理、ATR風險合理、20日回撤可接受、成交量穩定度普通、短線未過熱,-2547794.0,-4071175.0,-355302.0,-6974271.0,1.0,0.0,5.0,0,,電腦及週邊設備業,109,一般業,2.58,59.63302752293578,9.180988995525555,50.45871559633027,9.174783983244627,16.51376146788991,3.959389599802489,39.44954128440367,119.89332334202707,89.90825688073394,5.638070867629574,72.47706422018348,56.74981108700248,33.94495412844037,189.1371225509726,61.46788990825688,0.8090099052454478,50.45871559633027,,,14.02,66.66666666666666,1.37,75.0,70.83333333333333,5.1,85.9375,13557215.0,56.81058868501528,營收年增同產業前20%、殖利率同產業前20%,4005.111,-2547.794,-4071.175,-355.302,-6974.271,0.0,25.64,6.2,★★ 弱勢,一般觀察,,無明顯風險訊號,7.332,16.11,250.0,18.0,20.689655172413794,0.0,10.0,56.81,10.0,13.02,15.92,7.332,20.69,16.11,0.0,0.0,45.0,48.0,18.99,⚪ S2爆發潛力不足,0.0,86.75,80.53,82.5,⑥ 轉弱,2.23,🔴 暫不考慮,外資由賣轉買,無明顯風險訊號,偏多順風,偏多順風,0.0,20.69,7.74,22.15,29.46,18.99,S2_E_BALANCED,正常,444.0,409.0,397,397
196,6901,鑽石投資,上市,1233148.0,2026-09-24,1231201.0,19329855.465167046,15.850000381469727,15.850000381469727,15.350000381469727,15.699999809265137,-0.05000019073486328,0,15.55,15.309999990463258,16.848333311080932,-0.22940254497818735,-0.3644997966842859,0.13509725170609854,49.91088149280075,1031924.15,1.1931119162198114,16.950000762939453,15.352499961853027,-0.0031746152847532683,1.2903213500976562,-5.1359484409642775,-12.534823721678002,24.774808429039332,0.37500013623918804,2.388535928630311,2.5473534882091142,-6.815709783356139,-16.991649107371497,0.3901799320249228,35,股價高於20日均線、5日均線高於20日均線、MACD多頭、MACD柱狀體為正,50,波動率合理、ATR風險合理、MA20乖離健康、成交量穩定、短線未過熱,841075.0,0.0,-19000.0,822075.0,0.0,0.0,5.0,20,外資近5日買超、三大法人合計買超,其他,94,一般業,3.62,85.1063829787234,50.08086770109088,100.0,100.0,99.46808510638297,97.64788704489227,100.0,-87.74164810690424,2.127659574468085,-100.1484505474114,1.0638297872340425,1.0131289840767597,98.93617021276596,10428.941342511918,100.0,0.5032578616099339,56.38297872340425,,,4.58,100.0,1.09,63.46153846153846,81.73076923076923,0.0,13.461538461538462,1376.0,70.91734860883797,EPS同產業前20%、ROE同產業前20%、毛利率同產業前20%、營業利益率同產業前20%、負債比同產業前20%、流動比率同產業前20%、估值同產業前20%,1233.148,841.075,0.0,-19.0,822.075,30.76923076923077,47.93,58.0,★★★ 一般觀察,整理觀察,基本面優於產業平均,無明顯風險訊號,7.527,19.57,250.0,19.0,21.120689655172413,66.0,25.0,70.92,45.0,51.29,25.11,7.527,21.12,19.57,37.0,15.0,0.0,60.0,18.84,⚪ S2爆發潛力不足,8.0,86.75,80.53,100.0,① 尚未啟動,45.89,🔴 暫不考慮,站上MA20且乖離健康、MA5近期上穿MA20、MACD動能擴張、成交量溫和放大、外資5日買超、外資買盤加速、法人買超占量提升,近期回撤偏大,偏多順風,偏多順風,29.27,21.12,12.04,12.69,29.46,18.84,S2_E_BALANCED,正常,104.0,321.0,398,398
362,8069,元太,上櫃,5439774.0,2026-09-24,5382915.0,785905590.0,143.5,146.0,142.5,146.0,2.0,0,145.2,148.8,170.8,-5.828460629109003,-6.76158272604509,0.9331220969360867,38.11399936115414,5823498.15,0.9243439014400648,162.5,149.45,0.01388888888888884,0.3436426116838476,-8.176100628930815,-28.953771289537713,27.580510722863945,4.357142857142857,2.984344422700587,-1.8817204301075363,-14.519906323185017,-25.0,0.3966517967553381,15,MACD多頭、MACD柱狀體為正,40,波動率合理、ATR風險合理、成交量穩定、短線未過熱,0.0,0.0,0.0,0.0,0.0,0.0,0.0,0,,光電業,116,一般業,5.65,93.91304347826087,17.01876245365259,88.69565217391305,59.15063479123119,99.1304347826087,33.716443488431544,98.26086956521739,3.2911843138148216,45.21739130434783,19.806176473553517,92.10526315789474,36.31668612458202,54.78260869565217,154.892006162117,20.0,0.31173430170347877,26.08695652173913,,,,,,,,,,3446142.0,74.10599126274184,EPS同產業前20%、ROE同產業前20%、毛利率同產業前20%、營業利益率同產業前20%、營收月增同產業前20%,5439.774,0.0,0.0,0.0,0.0,0.0,34.73,22.2,★★ 弱勢,風險偏高,基本面優於產業平均,近期回撤偏大,5.498,15.08,250.0,14.0,14.655172413793101,18.0,0.0,74.11,45.0,25.07,17.3,5.498,14.66,15.08,10.0,15.0,45.0,63.0,18.39,⚪ S2爆發潛力不足,8.0,86.75,80.53,100.0,⑥ 轉弱,7.67,🔴 暫不考慮,MACD動能擴張,近期回撤偏大,偏多順風,偏多順風,0.38,14.66,16.34,21.94,29.46,18.39,S2_E_BALANCED,正常,369.0,395.0,399,399
350,9105,泰金寶-DR,上市,9537724.0,2026-09-24,9512239.0,80188177.67290497,8.359999656677246,8.449999809265137,8.350000381469727,8.430000305175781,0.10000038146972656,0,8.372000122070313,8.527000093460083,8.473333430290221,-0.029207140493394235,-0.003812346026794705,-0.025394794466599528,48.52897292444366,16803467.55,0.5660878608356047,9.050000190734863,8.52450008392334,0.012004847825405118,0.0,0.5966609791412836,-9.839572607047643,27.493632939807593,0.19785703931535994,2.347058507149535,-1.137560539710769,-0.5114058766946927,-6.299217075253694,0.3866245100862075,25,20日均線高於60日均線、20日均線向上,58,20日動能尚可、波動率合理、ATR風險合理、20日回撤小、成交量穩定、短線未過熱,-3141602.0,0.0,-1031589.0,-4173191.0,1.0,0.0,5.0,0,,未分類,34,,,,,,,,,,42.16849274964031,74.42922374429224,-15.41527407961717,16.463414634146343,,,,,,,,,,,,,,,,11805184.0,57.03948101124847,,9537.724,-3141.602,0.0,-1031.589,-4173.191,0.0,36.21,24.8,★★ 弱勢,一般觀察,,無明顯風險訊號,6.325,15.34,250.0,16.0,17.887931034482758,18.0,20.0,57.04,55.0,30.01,18.21,6.325,17.89,15.34,0.0,10.0,45.0,63.0,18.23,⚪ S2爆發潛力不足,0.0,86.75,80.53,100.0,② 蓄勢,43.61,🔴 暫不考慮,MA20向上、外資買盤加速、外資由賣轉買,無明顯風險訊號,偏多順風,偏多順風,23.29,17.89,11.18,19.78,29.46,18.23,S2_E_BALANCED,正常,334.0,388.0,400,400
312,2385,群光,上市,1411766.0,2026-09-24,1382580.0,144479610.0,103.5,104.5,103.5,104.5,0.5,0,104.8,106.3,105.7,-0.5807257857451305,-0.3441800754096591,-0.23654571033547134,44.813585172286174,2720846.2,0.5081433856864088,111.5,106.475,0.004807692307692291,-0.9478672985781977,-3.240740740740744,-0.9478672985781977,26.41530996890216,2.4642857142857144,2.3581681476418317,-1.6933207902163683,-1.1352885525070966,-6.334841628959276,0.5009662597483597,15,20日均線高於60日均線,50,波動率合理、ATR風險合理、20日回撤小、成交量穩定、短線未過熱,-270267.0,358741.0,109898.0,198372.0,2.0,0.0,5.0,30,投信近5日買超、自營商近5日買超、三大法人合計買超,電子零組件業,210,一般業,5.06,85.71428571428571,16.259655025091924,78.0952380952381,14.896660982258789,26.190476190476193,5.028511376114413,45.714285714285715,-23.125150375926555,7.6190476190476195,-7.591992504450906,30.952380952380953,52.037869533223294,27.61904761904762,143.39887640697486,19.523809523809526,0.8211555626306299,75.23809523809524,,,11.73,96.42857142857143,1.71,64.42307692307693,80.42582417582418,6.89,97.11538461538461,6521222.0,52.59010989010989,EPS同產業前20%、估值同產業前20%、殖利率同產業前20%,1411.766,-270.267,358.741,109.898,198.372,46.15384615384615,39.51,33.0,★★ 弱勢,一般觀察,,無明顯風險訊號,6.322,16.49,250.0,16.0,17.45689655172414,0.0,35.0,52.59,10.0,19.89,18.02,6.322,17.46,16.49,0.0,0.0,45.0,63.0,18.04,⚪ S2爆發潛力不足,0.0,86.75,80.53,82.5,⑥ 轉弱,9.09,🔴 暫不考慮,投信5日買超、外資買盤加速、法人買超占量提升,無明顯風險訊號,偏多順風,偏多順風,1.23,17.46,10.54,20.86,29.46,18.04,S2_E_BALANCED,正常,406.0,390.0,401,401
382,1605,華新,上市,6282328.0,2026-09-24,6225842.0,228177118.79988098,36.5,36.70000076293945,36.20000076293945,36.650001525878906,0.0,0,36.9,37.622500038146974,35.95166660944621,-0.08228725352120847,0.1215746901962081,-0.20386194371741656,45.227446658541375,15012433.85,0.4147123685744001,40.29999923706055,37.73500003814697,0.0,-1.3458949649078678,-5.784061469774359,3.0942399786934915,17.137411822175324,0.8607142312186105,2.348469837336438,-2.584885404430892,1.942427103641453,-7.74112419704982,0.36530643436881566,15,20日均線高於60日均線,63,60日趨勢尚可、波動率合理、ATR風險合理、20日回撤小、MA60乖離可接受、成交量穩定、短線未過熱,-4215111.0,-268327.0,480594.0,-4002844.0,0.0,0.0,5.0,5,自營商近5日買超,電器電纜,17,一般業,2.85,76.47058823529412,11.658073729073802,58.82352941176471,7.656547540947212,5.88235294117647,1.4037587501437558,17.647058823529413,14.970687262674398,47.05882352941176,-8.17850480689286,70.58823529411765,38.79261842245699,52.94117647058824,147.4500188147001,29.411764705882355,0.5178065492601097,35.294117647058826,,,11.11,57.14285714285714,0.79,81.25,69.19642857142857,1.36,12.5,14428827.0,46.506302521008394,,6282.328,-4215.111,-268.327,480.594,-4002.844,7.6923076923076925,32.59,17.9,★★ 弱勢,一般觀察,風險動能健康,無明顯風險訊號,5.627,13.14,250.0,14.0,15.086206896551724,8.0,20.0,46.51,18.0,18.88,14.54,5.627,15.09,13.14,0.0,0.0,45.0,50.0,17.95,⚪ S2爆發潛力不足,0.0,86.75,80.53,100.0,⑥ 轉弱,9.48,🔴 暫不考慮,投信買盤加速,無明顯風險訊號,偏多順風,偏多順風,0.0,15.09,16.77,16.99,29.46,17.95,S2_E_BALANCED,正常,409.0,419.0,402,402
214,1514,亞力,上市,1861115.0,2026-09-24,1817586.0,185393772.0,103.5,103.5,100.0,102.0,-3.0,0,102.6,101.99500007629395,103.95732040405274,-0.13129279811954575,-0.45196018540600696,0.3206673872864612,49.44638358378236,1330982.25,1.3655974750978084,111.5,102.14500007629394,-0.02857142857142858,0.990099009900991,-2.857142857142858,-14.370369079896816,24.53517318042576,2.3642856052943637,2.317927064014082,0.004902126282968489,-1.882811519617078,-5.1428585960751505,0.8943550881670247,35,股價高於20日均線、5日均線高於20日均線、MACD多頭、MACD柱狀體為正,53,波動率合理、ATR風險合理、20日回撤小、MA20乖離可接受、成交量穩定度普通、短線未過熱,412259.0,4000.0,-2066.0,414193.0,0.0,0.0,5.0,35,外資近5日買超、投信近5日買超、三大法人合計買超,電機機械,100,一般業,1.65,70.2020202020202,14.212259795677399,83.83838383838383,19.278677766713813,37.37373737373738,9.836984347930844,62.62626262626263,-26.51613160609359,12.0,-13.557731200793777,28.999999999999996,54.56024283557728,24.242424242424242,175.67328031878594,45.45454545454545,0.7625963537572723,81.81818181818183,,,27.95,38.46153846153847,4.39,18.367346938775512,28.41444270015699,2.16,53.06122448979592,773622.0,50.71459429459429,ROE同產業前20%、資產周轉同產業前20%,1861.115,412.259,4.0,-2.066,414.193,53.84615384615385,47.08,54.1,★★★ 一般觀察,一般觀察,法人偏多,無明顯風險訊號,7.615,19.32,250.0,19.0,21.551724137931032,56.0,45.0,50.71,30.0,48.01,29.46,7.615,21.55,19.32,27.0,15.0,65.0,70.0,17.93,⚪ S2爆發潛力不足,0.0,86.75,80.53,100.0,① 尚未啟動,50.61,🟡 等待回檔,站上MA20且乖離健康、MA5近期上穿MA20、成交量溫和放大、外資5日買超、投信5日買超、投信買盤加速,無明顯風險訊號,偏多順風,偏多順風,33.69,21.55,10.11,8.6,29.46,17.93,S2_E_BALANCED,正常,134.0,271.0,403,403
342,1476,儒鴻,上市,1332740.0,2026-09-24,1297999.0,358896723.5,280.0,280.0,274.0,276.5,-4.5,0,278.5,294.45,320.3333333333333,-11.658349521566663,-10.93869325415186,-0.7196562674148037,27.544737544187342,1143643.75,1.1349679478421493,317.0,296.325,-0.016014234875444844,-2.6408450704225372,-11.942675159235671,-12.222222222222223,18.800755542727135,6.428571428571429,2.324980625161457,-6.096111394124637,-13.683662851196665,-15.226337448559669,0.4216200468491378,0,,40,波動率合理、ATR風險合理、成交量穩定、短線未過熱,-1964862.0,63786.0,39713.0,-1861363.0,0.0,0.0,5.0,20,投信近5日買超、自營商近5日買超,紡織纖維,52,一般業,12.35,100.0,23.346518632376206,94.23076923076923,31.063328460921806,92.15686274509804,20.956291698013597,96.07843137254902,-1.1299320308856051,48.07692307692308,-11.762796528324094,34.61538461538461,24.001096089107865,75.0,273.934873779951,70.58823529411765,1.0322321485931432,88.23529411764706,,,11.45,63.33333333333333,2.61,4.878048780487805,34.105691056910565,5.42,80.48780487804879,3311034.0,76.69268844498401,EPS同產業前20%、ROE同產業前20%、毛利率同產業前20%、營業利益率同產業前20%、資產周轉同產業前20%、殖利率同產業前20%,1332.74,-1964.862,63.786,39.713,-1861.363,30.76923076923077,37.16,26.5,★★ 弱勢,整理觀察,基本面優於產業平均,無明顯風險訊號,5.004,16.97,250.0,12.0,13.36206896551724,10.0,30.0,76.69,10.0,26.0,15.46,5.004,13.36,16.97,0.0,0.0,45.0,60.0,17.58,⚪ S2爆發潛力不足,8.0,86.75,80.53,100.0,⑥ 轉弱,8.61,🔴 暫不考慮,成交量溫和放大、投信5日買超、外資買盤加速,近期回撤偏大,偏多順風,偏多順風,0.0,13.36,16.99,19.35,29.46,17.58,S2_E_BALANCED,正常,360.0,412.0,404,404
175,2401,凌陽,上市,1298421.0,2026-09-24,1288790.0,32928583.516731262,25.600000381469727,25.700000762939453,25.399999618530273,25.549999237060547,-0.15000152587890625,0,25.74000015258789,25.152500057220458,26.98500010172526,-0.2030991442812251,-0.41992261143319703,0.21682346715197193,50.11110560609065,2042293.35,0.6310503826494857,26.600000381469727,25.16250009536743,-0.005836635074938035,3.232320149739576,-0.7767019919978746,-25.51020464905952,33.015093760130185,0.6857141767229352,2.6838129048876818,1.5803565408440523,-5.317772315194347,-11.091235409124566,0.4168119528082832,45,股價高於20日均線、5日均線高於20日均線、RSI介於50至70、MACD多頭、MACD柱狀體為正,50,波動率合理、ATR風險合理、20日回撤可接受、MA20乖離可接受、成交量穩定、短線未過熱,607240.0,30000.0,171051.0,808291.0,0.0,1.0,5.0,40,外資近5日買超、投信近5日買超、自營商近5日買超、三大法人合計買超,半導體業,207,一般業,0.35,24.637681159420293,8.396232725855612,39.61352657004831,48.56554394809432,76.81159420289855,9.826356879075737,40.57971014492754,40.953094977651595,61.165048543689316,-7.739112013322213,20.388349514563107,27.746398595377325,58.93719806763285,359.8851321388091,71.49758454106279,0.5190687529213949,50.72463768115942,,,255.5,3.75,1.78,85.9375,44.84375,0.0,9.895833333333332,688102.0,45.615151728342944,,1298.421,607.24,30.0,171.051,808.291,61.53846153846154,49.49,62.5,★★★ 一般觀察,一般觀察,法人偏多,無明顯風險訊號,5.073,21.01,250.0,13.0,13.793103448275861,53.0,60.0,45.62,30.0,50.54,25.07,5.073,13.79,21.01,15.0,30.0,25.0,63.0,17.1,⚪ S2爆發潛力不足,0.0,86.75,80.53,83.33,① 尚未啟動,51.81,🟡 等待回檔,站上MA20且乖離健康、MA5近期上穿MA20、RSI位於起漲區、外資5日買超、投信5日買超、投信買盤加速,無明顯風險訊號,偏多順風,偏多順風,30.42,13.79,14.41,19.14,29.46,17.1,S2_E_BALANCED,正常,115.0,322.0,405,405
379,8070,長華*,上市,1577793.0,2026-09-24,1564600.0,77760621.19369507,49.400001525878906,49.70000076293945,48.75,49.70000076293945,0.15000152587890625,0,49.95000076293945,49.957500267028806,49.58166681925456,0.027290188982725283,0.0675902264726585,-0.040300037489933216,49.40362674047028,1795311.45,0.8714922416386305,53.900001525878906,50.00750026702881,0.00302727604820463,-0.7983986494296103,-1.9723865580904998,-12.03539687975318,23.354193842878352,1.0607141767229353,2.1342337232193644,-0.5154371269839086,0.23866471475488815,-9.926473114729683,0.5692345537941935,15,20日均線高於60日均線,50,波動率合理、ATR風險合理、20日回撤可接受、MA60乖離可接受、成交量穩定、短線未過熱,-584754.0,-7740.0,94594.0,-497900.0,0.0,0.0,5.0,5,自營商近5日買超,電子通路業,38,一般業,1.3,42.10526315789473,9.006205230448536,39.473684210526315,18.841695559467084,76.31578947368422,12.005617572409177,94.73684210526315,37.57073355876061,39.473684210526315,0.03221264106472166,68.42105263157895,39.00955669401962,76.31578947368422,235.1968539409976,81.57894736842105,0.44254108474314596,15.789473684210526,,,29.41,9.523809523809524,1.31,81.81818181818183,45.67099567099567,5.45,77.27272727272727,2232762.0,56.37616769195717,營業利益率同產業前20%、流動比率同產業前20%,1577.793,-584.754,-7.74,94.594,-497.9,7.6923076923076925,32.95,18.5,★★ 弱勢,一般觀察,,無明顯風險訊號,6.273,16.62,250.0,16.0,17.24137931034483,23.0,5.0,56.38,10.0,20.66,15.71,6.273,17.24,16.62,15.0,0.0,25.0,50.0,16.98,⚪ S2爆發潛力不足,0.0,86.75,80.53,76.67,⑥ 轉弱,9.39,🔴 暫不考慮,MA5近期上穿MA20,無明顯風險訊號,偏多順風,偏多順風,0.0,17.24,13.55,9.46,29.46,16.98,S2_E_BALANCED,正常,398.0,410.0,406,406
85,1101,台泥,上市,39328798.0,2026-09-24,39084701.0,986888700.25,25.700000762939453,25.700000762939453,25.100000381469727,25.25,-0.39999961853027344,0,24.789999771118165,24.532499694824217,24.15999984741211,0.14722319845871823,0.05456036274403743,0.0926628357146808,58.55270516955228,57032794.95,0.6853022201395725,26.100000381469727,24.474999713897706,-0.015594527270140879,3.271980417575948,4.771782573972483,9.307357502274982,28.689091781847026,0.517857279096331,2.050919917213192,2.924693015800428,4.511590064039872,-5.928853933729505,1.8915954394760872,70,股價高於20日均線、5日均線高於20日均線、20日均線高於60日均線、20日均線向上、RSI介於50至70、MACD多頭、MACD柱狀體為正,81,20日動能尚可、60日趨勢尚可、波動率合理、ATR風險合理、20日回撤小、MA20乖離健康、MA60位置健康、短線未過熱,22281981.0,-56000.0,2105173.0,24331154.0,0.0,0.0,5.0,25,外資近5日買超、自營商近5日買超、三大法人合計買超,水泥工業,7,一般業,0.38,33.3502024291498,3.05343275293309,32.756866734486266,18.223778701395485,32.436627004655975,7.2523216699373245,53.33678220382825,10.649053245020621,44.29223744292237,-1.663033229596722,47.20528455284553,49.779569788476216,36.46998982706002,179.65158261184496,45.98765432098765,0.23922140844110246,14.99482936918304,,,,,0.82,83.44125809435707,83.44125809435707,3.17,58.41813135985199,13515534.0,42.690832311754455,估值同產業前20%,39328.798,22281.981,-56.0,2105.173,24331.154,38.46153846153847,57.7,81.9,★★★★ 觀察候選,趨勢健康,技術面偏多、風險動能結構佳、綜合表現前25%,成交量波動較大,3.987,12.89,250.0,10.0,9.698275862068966,80.0,30.0,42.69,100.0,62.4,23.79,3.987,9.7,12.89,40.0,70.0,45.0,63.0,16.78,⚪ S2爆發潛力不足,0.0,86.75,80.53,100.0,③ 剛啟動,81.01,🟢 可觀察進場,站上MA20且乖離健康、MA20向上、MA5近期上穿MA20、RSI位於起漲區、MACD近期黃金交叉、MACD動能擴張、外資5日買超、外資買盤加速、法人買超占量提升,無明顯風險訊號,偏多順風,偏多順風,35.24,9.7,18.06,23.23,29.46,16.78,S2_E_BALANCED,正常,30.0,332.0,407,407
338,2355,敬鵬,上市,1176852.0,2026-09-24,1163158.0,48503689.48741913,41.599998474121094,42.0,41.349998474121094,41.70000076293945,0.10000228881835938,0,41.41999969482422,42.075,42.92833347320557,-0.40541657066703607,-0.4538866442258732,0.048470073558837146,47.93545862810898,1364117.45,0.8526817100682936,45.5,42.21000003814697,0.0024039012616927646,1.459859637698413,-6.08108259042679,-21.172023515841232,24.639061260010575,0.8321432386125837,1.9955472982920048,-0.8912637838634607,-2.861356616680222,-9.213479717126049,0.4000392496385155,15,MACD多頭、MACD柱狀體為正,45,波動率合理、ATR風險合理、20日回撤可接受、成交量穩定、短線未過熱,670399.0,0.0,-45081.0,625318.0,4.0,0.0,5.0,30,外資近5日買超、外資連買至少3日、三大法人合計買超,電子零組件業,210,一般業,1.07,51.90476190476191,4.867569809297284,42.38095238095238,12.134974112092188,17.61904761904762,4.597946491534349,44.761904761904766,13.434620312851182,29.523809523809526,-0.2640962834339122,55.23809523809524,31.309905055096205,77.61904761904762,221.89275073618438,64.28571428571429,0.6505057558010583,55.714285714285715,,,21.95,67.85714285714286,0.95,92.3076923076923,80.08241758241758,2.4,75.0,1468680.0,49.482783882783885,估值同產業前20%,1176.852,670.399,0.0,-45.081,625.318,46.15384615384615,37.58,27.4,★★ 弱勢,一般觀察,,無明顯風險訊號,5.774,15.42,250.0,14.0,15.517241379310345,33.0,25.0,49.48,45.0,34.87,19.93,5.774,15.52,15.42,25.0,15.0,25.0,35.0,16.7,⚪ S2爆發潛力不足,0.0,86.75,80.53,82.5,⑥ 轉弱,24.08,🔴 暫不考慮,MACD近期黃金交叉、MACD動能擴張、外資5日買超、外資連買、法人買超占量提升,無明顯風險訊號,偏多順風,偏多順風,5.76,15.52,14.62,10.97,29.46,16.7,S2_E_BALANCED,正常,295.0,369.0,408,408
193,2897,王道銀行,上市,2781975.0,2026-09-24,2770980.0,30619329.52852249,11.149999618530273,11.149999618530273,11.0,11.050000190734863,-0.05000019073486328,0,11.120000267028809,10.927500104904174,10.510833342870077,0.1973763794900183,0.20565530024365736,-0.008278920753639063,58.51238472155864,6304855.5,0.439499366797542,11.350000381469727,10.892500114440917,-0.004504521533020278,-1.7777760823567745,6.7632829320315,5.238097054617752,19.585784897355538,0.2321427890232631,2.100839683404791,1.121025711779322,5.129629880684239,-1.7777760823567745,0.6514026047203046,55,股價高於20日均線、5日均線高於20日均線、20日均線高於60日均線、20日均線向上、RSI介於50至70,86,20日動能健康、60日趨勢尚可、波動率合理、ATR風險合理、20日回撤小、MA20乖離可接受、MA60位置健康、成交量穩定度普通、短線未過熱,-7063123.0,0.0,416749.0,-6646374.0,0.0,0.0,5.0,5,自營商近5日買超,金融保險,40,金融業,0.54,7.5,,,,,,,7.888838661721287,45.0,-0.33659797551999215,50.0,,,,,,,,,13.81,48.38709677419355,0.74,100.0,74.19354838709677,4.71,70.96774193548387,1140836.0,43.12316715542522,,2781.975,-7063.123,0.0,416.749,-6646.374,7.6923076923076925,48.18,58.6,★★★ 一般觀察,一般觀察,風險動能結構佳,無明顯風險訊號,5.298,12.09,250.0,13.0,14.439655172413794,56.0,5.0,43.12,65.0,40.12,16.01,5.298,14.44,12.09,20.0,40.0,25.0,50.0,16.57,⚪ S2爆發潛力不足,0.0,86.75,80.53,70.0,② 蓄勢,51.32,🟡 等待回檔,站上MA20且乖離健康、MA20向上、RSI位於起漲區、接近20日突破,無明顯風險訊號,偏多順風,偏多順風,23.07,14.44,13.33,15.48,29.46,16.57,S2_E_BALANCED,正常,230.0,408.0,409,409
425,1909,榮成,上市,1046393.0,2026-09-24,1043005.0,10534350.897874832,10.100000381469727,10.199999809265137,10.100000381469727,10.100000381469727,0.0,0,10.129999923706055,10.565000009536742,10.455333344141643,-0.15332246669007787,-0.08086123438988348,-0.0724612323001944,37.873599646457045,2341379.1,0.4454660930389273,11.449999809265137,10.60499997138977,0.0,-1.9417456850636006,-7.3394427986999915,2.538070967695716,21.813839522879842,0.18571410860334123,1.8387534810797361,-4.4013216057479765,-3.398580905801696,-11.013215488880324,0.41391815891379447,15,20日均線高於60日均線,53,60日趨勢尚可、波動率合理、ATR風險合理、20日回撤可接受、成交量穩定、短線未過熱,-1942435.0,0.0,67241.0,-1875194.0,0.0,0.0,5.0,5,自營商近5日買超,造紙工業,7,一般業,0.19,28.31477732793522,2.3143985762335197,29.80671414038657,10.859546708975886,14.69218830832902,0.9562094058883481,29.746508018623903,23.173049017839748,59.3607305936073,6.290466137998152,72.86585365853658,70.09116456831141,9.155645981688707,67.71893462403999,3.137860082304527,0.6966055640705766,65.40847983453982,,,43.91,17.56601607347876,0.63,92.9232192414431,55.244617657460935,0.0,10.823311748381128,4596477.0,35.76519024957816,,1046.393,-1942.435,0.0,67.241,-1875.194,7.6923076923076925,27.37,8.6,★★ 弱勢,一般觀察,,無明顯風險訊號,5.776,14.88,250.0,14.0,15.732758620689655,0.0,5.0,35.77,18.0,9.56,7.52,5.776,15.73,14.88,0.0,0.0,0.0,35.0,16.05,⚪ S2爆發潛力不足,0.0,86.75,80.53,100.0,⑥ 轉弱,0.17,🔴 暫不考慮,,無明顯風險訊號,偏多順風,偏多順風,0.0,15.73,9.03,15.27,29.46,16.05,S2_E_BALANCED,正常,459.0,455.0,410,410
360,2845,遠東銀,上市,4754137.0,2026-09-24,4724300.0,62833190.901088715,13.350000381469727,13.350000381469727,13.25,13.300000190734863,-0.05000019073486328,0,13.450000190734864,13.523557424545288,13.298635609944661,0.039769560591059516,0.08718353237707045,-0.047413971786010936,44.827995565592026,14999519.95,0.3149634132124342,13.850000381469727,13.523115921020509,-0.0037453325322945874,-3.2727258855646313,0.06643561413874899,3.5302733414424026,26.284568624989184,0.24642862592424666,1.852846784888886,-1.6530948684010283,0.010261058579441595,-3.6238019688858314,0.7369575351096181,25,20日均線高於60日均線、20日均線向上,59,20日動能尚可、60日趨勢尚可、波動率合理、ATR風險合理、20日回撤小、MA60乖離可接受、成交量穩定度普通,-5957749.0,723000.0,-1120047.0,-6354796.0,0.0,1.0,5.0,15,投信近5日買超,金融保險,40,金融業,0.54,7.5,,,,,,,5.0653083005513615,37.5,-10.709758397392266,27.500000000000004,,,,,,,,,13.17,61.29032258064516,0.9,87.09677419354838,74.19354838709677,4.74,74.19354838709677,1143908.0,37.961876832844574,,4754.137,-5957.749,723.0,-1120.047,-6354.796,23.076923076923077,35.3,22.6,★★ 弱勢,一般觀察,,無明顯風險訊號,6.116,15.17,250.0,15.0,16.810344827586206,10.0,40.0,37.96,33.0,26.64,13.26,6.116,16.81,15.17,0.0,10.0,25.0,48.0,15.99,⚪ S2爆發潛力不足,0.0,86.75,80.53,70.0,① 尚未啟動,26.85,🔴 暫不考慮,MA20向上、投信5日買超、投信買盤加速、投信由賣轉買,無明顯風險訊號,偏多順風,偏多順風,15.97,16.81,8.17,13.12,29.46,15.99,S2_E_BALANCED,正常,356.0,431.0,411,411
311,1608,華榮,上市,1084797.0,2026-09-24,1074154.0,38132467.0,35.75,35.75,35.400001525878906,35.5,-0.25,0,35.699999237060545,36.34499969482422,34.57083320617676,0.03233964541310996,0.2345568127173872,-0.20221716730427725,46.49920290419865,2079816.85,0.5164656685996173,39.099998474121094,36.479999732971194,-0.006993006993006978,-1.6620457049360104,-7.068064683283771,5.0295881695626266,15.816788338388823,0.6714284079415458,1.8913476280043542,-2.324940712393375,2.6877188301531296,-7.329840788320152,0.4602063038833311,15,20日均線高於60日均線,63,60日趨勢尚可、波動率合理、ATR風險合理、20日回撤小、MA60乖離可接受、成交量穩定、短線未過熱,-595927.0,-9877.0,551.0,-605253.0,0.0,0.0,5.0,5,自營商近5日買超,電器電纜,17,一般業,7.04,100.0,49.3628297350434,100.0,12.754039321982225,35.294117647058826,10.420018626076745,70.58823529411765,17.898542763256458,52.94117647058824,-6.9046342155903995,76.47058823529412,37.39738044072737,58.82352941176471,158.43310160608323,41.17647058823529,0.6713387295564768,47.05882352941176,,,3.08,100.0,1.33,43.75,71.875,5.63,62.5,1180412.0,70.54411764705881,EPS同產業前20%、ROE同產業前20%,1084.797,-595.927,-9.877,0.551,-605.253,7.6923076923076925,39.8,33.2,★★ 弱勢,整理觀察,基本面優於產業平均、風險動能健康,無明顯風險訊號,4.446,11.95,250.0,11.0,11.637931034482758,8.0,15.0,70.54,25.0,22.03,12.24,4.446,11.64,11.95,0.0,12.0,25.0,35.0,15.85,⚪ S2爆發潛力不足,0.0,86.75,80.53,100.0,⑥ 轉弱,12.64,🔴 暫不考慮,外資買盤加速,無明顯風險訊號,偏多順風,偏多順風,0.0,11.64,17.42,12.26,29.46,15.85,S2_E_BALANCED,正常,392.0,437.0,412,412
2,2636,台驊控股,上市,1009165.0,2026-09-24,989816.0,71167771.91033936,70.80000305175781,72.30000305175781,70.5,71.9000015258789,1.0999984741210938,0,71.01999969482422,70.00999946594239,68.58166643778483,0.5604431768308018,0.48519223615101,0.07525094067979182,60.38552308432642,444303.7,2.2277914858687873,71.4000015258789,69.88999938964844,0.015536700942187176,1.4104372051882086,3.453239605581171,2.4216590477776245,16.852611997653018,1.1785708836146764,1.6391806100177542,2.699617303748081,4.838516268927884,-7.908849392169392,0.583980670842261,100,股價高於20日均線、5日均線高於20日均線、20日均線高於60日均線、20日均線向上、RSI介於50至70、MACD多頭、MACD柱狀體為正、量比達1.5以上、突破20日高點,86,20日動能尚可、60日趨勢尚可、波動率合理、ATR風險合理、20日回撤小、MA20乖離健康、MA60位置健康、成交量穩定、短線未過熱,738512.0,0.0,-18629.0,719883.0,3.0,0.0,5.0,30,外資近5日買超、外資連買至少3日、三大法人合計買超,航運業,34,一般業,3.84,82.35294117647058,10.57195551858623,58.82352941176471,14.81493902842147,29.411764705882355,2.991210239796119,17.647058823529413,85.48459503786516,100.0,3.4156625863497325,67.64705882352942,58.69257623036983,32.35294117647059,157.9416569613882,61.76470588235294,0.9604455965687009,91.17647058823529,,,10.21,68.0,1.02,70.37037037037037,69.18518518518519,6.95,96.29629629629629,2908762.0,63.210196078431366,EPS同產業前20%、營收年增同產業前20%、資產周轉同產業前20%、殖利率同產業前20%,1009.165,738.512,0.0,-18.629,719.883,46.15384615384615,75.39,99.8,★★★★★ 強勢候選,趨勢健康,技術趨勢強、風險動能結構佳、綜合表現前10%,無明顯風險訊號,4.697,13.01,250.0,12.0,12.284482758620689,86.0,35.0,63.21,93.0,68.33,34.18,4.697,12.28,13.01,70.0,43.0,45.0,55.0,15.7,⚪ S2爆發潛力不足,0.0,86.75,80.53,100.0,③ 剛啟動,86.94,🟢 可觀察進場,站上MA20且乖離健康、MA20向上、RSI位於起漲區、MACD動能擴張、成交量溫和放大、近期突破20日高、外資5日買超、外資買盤加速、外資連買,無明顯風險訊號,偏多順風,偏多順風,44.73,12.28,19.14,6.45,29.46,15.7,S2_E_BALANCED,正常,9.0,225.0,413,413
418,6282,康舒,上市,2421281.0,2026-09-24,2391868.0,102491540.15029907,42.70000076293945,42.95000076293945,42.5,42.849998474121094,-0.15000152587890625,0,43.00999908447265,43.42749996185303,47.08416665395101,-0.9109454027700679,-1.098714425303727,0.18776902253365924,41.99636536337512,4145045.3,0.5770426682670995,46.099998474121094,43.54250011444092,-0.0034884075785792668,0.2339145593475811,-5.0941372625192605,-26.247849226351793,22.222266818438136,1.0892859867640905,2.542091074803552,-1.329805971421838,-8.992764406237209,-13.599998474121088,0.26245959980283873,15,MACD多頭、MACD柱狀體為正,45,波動率合理、ATR風險合理、20日回撤可接受、成交量穩定、短線未過熱,-3251302.0,0.0,206143.0,-3045159.0,0.0,0.0,5.0,5,自營商近5日買超,電子零組件業,210,一般業,0.37,33.80952380952381,2.6513917377033804,31.9047619047619,22.733512194717605,55.23809523809524,2.160942089252015,34.285714285714285,38.4733395585149,61.42857142857143,13.649726786672979,88.57142857142857,57.0290628643914,16.19047619047619,160.51867928588413,31.9047619047619,0.6753345286817375,59.04761904761905,,,35.12,42.857142857142854,1.61,66.82692307692307,54.842032967032964,1.87,59.61538461538461,3708827.0,45.29102564102564,營收月增同產業前20%,2421.281,-3251.302,0.0,206.143,-3045.159,7.6923076923076925,28.63,10.1,★★ 弱勢,一般觀察,,無明顯風險訊號,5.747,14.64,250.0,14.0,15.301724137931034,18.0,5.0,45.29,45.0,22.24,17.19,5.747,15.3,14.64,10.0,15.0,45.0,50.0,15.44,⚪ S2爆發潛力不足,0.0,86.75,80.53,82.5,⑥ 轉弱,11.45,🔴 暫不考慮,MACD動能擴張,無明顯風險訊號,偏多順風,偏多順風,1.04,15.3,10.75,9.68,29.46,15.44,S2_E_BALANCED,正常,386.0,397.0,414,414
16,2915,潤泰全,上市,1536402.0,2026-09-24,1521253.0,91275180.0,60.29999923706055,60.400001525878906,59.70000076293945,60.0,-0.09999847412109375,0,59.539999389648436,57.65499992370606,55.221666526794436,0.8792498299595835,0.6973138772881042,0.18193595267147922,65.397928437346,1843265.7,0.8253031562405789,60.29999923706055,57.58499984741211,-0.001663868164059168,2.389081164391449,2.389081164391449,15.384615384615374,21.562154014778404,1.0142860412597656,1.6904767354329429,4.067296989674873,8.65300483259961,-9.385112149940566,0.4703196953928853,70,股價高於20日均線、5日均線高於20日均線、20日均線高於60日均線、20日均線向上、RSI介於50至70、MACD多頭、MACD柱狀體為正,88,20日動能尚可、60日趨勢健康、波動率合理、ATR風險合理、20日回撤可接受、MA20乖離健康、MA60位置健康、成交量穩定、短線未過熱,1416169.0,0.0,178671.0,1594840.0,4.0,0.0,5.0,35,外資近5日買超、自營商近5日買超、外資連買至少3日、三大法人合計買超,貿易百貨,18,一般業,8.96,100.0,11.34915542825679,77.77777777777779,47.34184610671971,64.70588235294117,6.8314854279022725,76.47058823529412,-15.645887473665073,16.666666666666664,13.101519931172923,66.66666666666666,8.239187749464811,100.0,192.4288837938086,70.58823529411765,0.010877503463615622,5.88235294117647,,,4.31,92.3076923076923,0.39,83.33333333333334,87.82051282051282,3.17,72.22222222222221,157754.0,67.48315736551031,EPS同產業前20%、負債比同產業前20%、估值同產業前20%,1536.402,1416.169,0.0,178.671,1594.84,53.84615384615385,69.61,96.8,★★★★★ 強勢候選,趨勢健康,技術面偏多、法人偏多、基本面優於產業平均、風險動能結構佳、綜合表現前10%,無明顯風險訊號,0.752,10.26,250.0,2.0,3.0172413793103448,69.0,40.0,67.48,85.0,62.47,25.66,0.752,3.02,10.26,45.0,50.0,45.0,35.0,15.34,⚪ S2爆發潛力不足,0.0,86.75,80.53,100.0,③ 剛啟動,81.08,🟢 可觀察進場,站上MA20且乖離健康、MA20向上、MACD動能擴張、近期突破20日高、外資5日買超、外資買盤加速、外資連買,無明顯風險訊號,偏多順風,偏多順風,36.74,3.02,33.33,8.17,29.46,15.34,S2_E_BALANCED,正常,29.0,314.0,415,415
408,1785,光洋科,上櫃,2647661.0,2026-09-24,2574767.0,246662686.4575653,96.5,96.5,95.0,95.80000305175781,-0.6999969482421875,0,96.5000015258789,98.66500053405761,108.35000025431314,-2.78793525035951,-3.1197983086858567,0.33186305832634666,39.298506967279884,3591255.95,0.7169544682550404,105.0,99.02500038146972,-0.007253854385929404,-0.2083301544189453,-6.990288299264257,-36.97368220279091,22.474663507150364,2.549999782017299,2.661795094765928,-2.9037626988212994,-11.582830801198584,-15.61181434599156,0.36288199072200356,15,MACD多頭、MACD柱狀體為正,40,波動率合理、ATR風險合理、成交量穩定、短線未過熱,0.0,0.0,0.0,0.0,0.0,0.0,0.0,0,,其他電子業,95,一般業,3.66,70.52631578947368,27.195340740055308,85.26315789473684,13.827590735800923,20.0,10.313681448852424,55.78947368421052,30.70899895422589,55.78947368421052,-14.166459486604,16.842105263157894,57.47778617044227,24.210526315789473,172.97606636890148,43.15789473684211,1.519751525315542,97.89473684210527,,,,,,,,,,4515809.0,57.5598086124402,ROE同產業前20%、資產周轉同產業前20%,2647.661,0.0,0.0,0.0,0.0,0.0,29.77,12.3,★★ 弱勢,一般觀察,,無明顯風險訊號,4.752,14.09,250.0,12.0,12.5,18.0,0.0,57.56,25.0,19.58,13.18,4.752,12.5,14.09,10.0,0.0,45.0,50.0,15.22,⚪ S2爆發潛力不足,8.0,86.75,80.53,82.5,⑥ 轉弱,0.79,🔴 暫不考慮,MACD動能擴張,近期回撤偏大,偏多順風,偏多順風,0.0,12.5,12.69,13.33,29.46,15.22,S2_E_BALANCED,正常,408.0,432.0,416,416
375,1215,卜蜂,上市,1243333.0,2026-09-24,1203385.0,126957117.5,105.0,105.5,104.0,105.5,0.0,0,106.6,108.3,108.825,-0.8833363647903099,-0.5011855997605194,-0.3821507650297905,41.22851549570092,682937.75,1.7620712868779036,112.0,108.45,0.0,-1.4018691588784993,-2.7649769585253448,-4.524886877828049,20.29907616420961,2.0,1.8957345971563981,-2.5854108956602007,-3.0553641167011314,-5.803571428571431,0.4719062530483221,15,量比達1.5以上,50,波動率合理、ATR風險合理、20日回撤小、成交量穩定、短線未過熱,-1788138.0,0.0,18666.0,-1769472.0,0.0,0.0,5.0,5,自營商近5日買超,食品工業,33,一般業,3.24,90.9090909090909,16.985993042943505,84.84848484848484,18.267846245043014,24.242424242424242,9.261123887045388,63.63636363636363,1.3068797196628994,51.515151515151516,-7.765479059487534,27.27272727272727,65.34018891516362,6.0606060606060606,86.75456012931727,12.121212121212121,0.8785569298963186,69.6969696969697,,,12.15,94.73684210526315,2.84,16.666666666666664,55.701754385964904,6.64,87.5,2363683.0,57.774322169059,EPS同產業前20%、ROE同產業前20%、殖利率同產業前20%,1243.333,-1788.138,0.0,18.666,-1769.472,7.6923076923076925,33.37,19.4,★★ 弱勢,一般觀察,,無明顯風險訊號,6.727,14.77,250.0,17.0,19.181034482758623,10.0,5.0,57.77,10.0,15.67,20.73,6.727,19.18,14.77,25.0,0.0,65.0,55.0,15.16,⚪ S2爆發潛力不足,0.0,86.75,80.53,100.0,⑥ 轉弱,6.27,🔴 暫不考慮,成交量溫和放大,無明顯風險訊號,偏多順風,偏多順風,2.84,19.18,3.66,7.96,29.46,15.16,S2_E_BALANCED,正常,427.0,356.0,417,417
321,6177,達麗,上市,1039055.0,2026-09-24,1029052.0,47542203.18510437,46.400001525878906,46.650001525878906,46.099998474121094,46.20000076293945,-0.2999992370605469,0,47.15999984741211,47.48999996185303,47.42249984741211,-0.22988861370711788,-0.08809884086292061,-0.14178977284419728,41.5920657676301,1449530.8,0.7099207550470814,50.400001525878906,47.575,-0.006451596495925749,-3.0430235393632765,-3.549062022515792,1.8743160251778468,25.129970104170823,1.0892862592424666,2.357762426957071,-2.716359654558409,-2.577888319692556,-6.097560881055497,0.5821909580755866,15,20日均線高於60日均線,48,60日趨勢尚可、波動率合理、ATR風險合理、20日回撤小、成交量穩定,-1502921.0,243798.0,-10688.0,-1269811.0,0.0,0.0,5.0,15,投信近5日買超,建材營造,88,一般業,5.03,92.04545454545455,38.85457602601212,97.72727272727273,42.88998741296777,78.4090909090909,35.664706009766384,93.18181818181817,-8.722566122678671,29.545454545454547,0.7307978307588892,50.0,73.72095270643922,22.727272727272727,132.7590686479653,23.863636363636363,0.3554992128028211,72.72727272727273,,,5.09,89.79591836734694,1.82,19.090909090909093,54.44341372912802,6.49,63.63636363636363,1109448.0,67.27592764378478,EPS同產業前20%、ROE同產業前20%、營業利益率同產業前20%,1039.055,-1502.921,243.798,-10.688,-1269.811,23.076923076923077,38.9,31.0,★★ 弱勢,整理觀察,基本面優於產業平均,無明顯風險訊號,5.251,15.36,250.0,13.0,14.224137931034484,0.0,15.0,67.28,8.0,15.79,13.56,5.251,14.22,15.36,0.0,0.0,25.0,63.0,14.57,⚪ S2爆發潛力不足,0.0,86.75,80.53,100.0,⑥ 轉弱,6.39,🔴 暫不考慮,投信5日買超,無明顯風險訊號,偏多順風,偏多順風,0.0,14.22,6.24,14.62,29.46,14.57,S2_E_BALANCED,正常,425.0,428.0,418,418
268,5880,合庫金,上市,14691036.0,2026-09-24,14412394.0,381207832.295784,26.5,26.75,26.350000381469727,26.450000762939453,-0.2999992370605469,0,26.95,26.720000076293946,25.5681095123291,0.4104351339912782,0.5051868421214922,-0.09475170813021405,50.33797387531941,20771326.1,0.6938600805078111,27.600000381469727,26.65,-0.011214924749927024,-3.99273504385933,5.58882861683947,10.432793194926603,17.700420574766433,0.49642876216343473,1.8768572697321368,-1.0104764692498547,3.449184423217133,-3.99273504385933,0.4601160674612675,45,5日均線高於20日均線、20日均線高於60日均線、20日均線向上、RSI介於50至70,80,20日動能健康、60日趨勢健康、波動率合理、ATR風險合理、20日回撤小、MA60位置健康、成交量穩定,-1622549.0,-718603.0,3742245.0,1401093.0,0.0,1.0,5.0,15,自營商近5日買超、三大法人合計買超,金融保險,40,金控業,0.8,20.0,8.991589172426085,3.3333333333333335,,,,,23.602041097562417,72.5,-10.431685927698698,30.0,94.53016501244956,6.666666666666667,,,,,,,17.29,16.129032258064516,1.43,48.38709677419355,32.25806451612903,3.97,61.29032258064516,6278514.0,29.636122798815645,,14691.036,-1622.549,-718.603,3742.245,1401.093,23.076923076923077,43.01,42.6,★★ 弱勢,一般觀察,風險動能結構佳,無明顯風險訊號,4.853,11.82,250.0,12.0,12.931034482758621,33.0,35.0,29.64,55.0,36.4,11.01,4.853,12.93,11.82,0.0,40.0,45.0,35.0,14.53,⚪ S2爆發潛力不足,0.0,86.75,80.53,70.0,② 蓄勢,47.6,🔴 暫不考慮,MA20向上、RSI位於起漲區、投信買盤加速、投信由賣轉買、法人買超占量提升,無明顯風險訊號,偏多順風,偏多順風,18.33,12.93,10.32,11.4,29.46,14.53,S2_E_BALANCED,正常,282.0,441.0,419,419
106,1313,聯成,上市,1402278.0,2026-09-24,1398325.0,16989648.216581345,12.149999618530273,12.25,12.0,12.149999618530273,0.0,0,12.20999984741211,12.019999933242797,11.90333333015442,0.11945350467955862,0.10520140421688928,0.014252100462669337,54.71063469329439,2573320.2,0.5433933173182256,12.600000381469727,12.019999933242797,0.0,-1.2195168282808644,0.0,-6.538464472844052,24.53328037801567,0.3214285033089774,2.6455021679075497,1.0815281697959644,2.0722454923696176,-3.292178033653792,0.4525762422241701,60,股價高於20日均線、5日均線高於20日均線、20日均線高於60日均線、RSI介於50至70、MACD多頭、MACD柱狀體為正,68,20日動能尚可、波動率合理、ATR風險合理、20日回撤小、MA20乖離可接受、MA60乖離可接受、成交量穩定、短線未過熱,203115.0,0.0,-68366.0,134749.0,0.0,0.0,5.0,20,外資近5日買超、三大法人合計買超,塑膠工業,25,一般業,0.31,60.0,2.7550706860634384,64.0,6.51608362639179,32.0,2.022034948780018,68.0,6.038199417554717,36.0,3.001939180359492,64.0,44.9108563681041,40.0,236.7953983108646,64.0,1.1364618715012171,92.0,,,,,0.54,80.95238095238095,80.95238095238095,0.82,52.38095238095239,5244696.0,58.41142857142857,資產周轉同產業前20%、估值同產業前20%,1402.278,203.115,0.0,-68.366,134.749,30.76923076923077,55.28,77.4,★★★★ 觀察候選,一般觀察,風險動能健康、綜合表現前25%,無明顯風險訊號,3.952,14.62,250.0,10.0,9.482758620689655,46.0,25.0,58.41,20.0,37.66,10.27,3.952,9.48,14.62,0.0,0.0,0.0,50.0,14.52,⚪ S2爆發潛力不足,0.0,86.75,80.53,100.0,① 尚未啟動,40.27,🔴 暫不考慮,站上MA20且乖離健康、RSI位於起漲區、外資5日買超、外資買盤加速、法人買超占量提升,無明顯風險訊號,偏多順風,偏多順風,16.27,9.48,14.84,14.19,29.46,14.52,S2_E_BALANCED,正常,262.0,444.0,420,420
299,2838,聯邦銀,上市,1171002.0,2026-09-24,1142713.0,23996973.0,21.149999618530273,21.149999618530273,21.0,21.0,-0.20000076293945312,0,21.34000015258789,21.052499961853027,20.861870924631756,0.22763246177423113,0.24186912748400505,-0.014236665709773916,49.84199217962306,2022707.25,0.5649423563395048,21.899999618530273,21.02249994277954,-0.009433997912352998,-3.669721399350001,2.9411783955364257,-2.3684200725396787,18.51394882936247,0.38928536006382536,1.8537398098277396,-0.24937637785610312,0.662112597030573,-3.669721399350001,0.2857164680915981,35,5日均線高於20日均線、20日均線高於60日均線、20日均線向上,53,20日動能尚可、波動率合理、ATR風險合理、20日回撤小、MA60乖離可接受、成交量穩定,-1213318.0,12000.0,414719.0,-786599.0,0.0,0.0,5.0,20,投信近5日買超、自營商近5日買超,金融保險,40,金融業,0.67,12.5,,,,,,,3.881349694132072,32.5,48.77816899340448,82.5,,,,,,,,,13.46,58.06451612903226,1.09,77.41935483870968,67.74193548387098,5.05,77.41935483870968,2026561.0,44.35483870967742,營收月增同產業前20%,1171.002,-1213.318,12.0,414.719,-786.599,30.76923076923077,40.56,35.8,★★ 弱勢,一般觀察,,無明顯風險訊號,5.568,11.47,250.0,14.0,14.870689655172415,26.0,20.0,44.35,25.0,26.8,9.48,5.568,14.87,11.47,0.0,10.0,0.0,35.0,13.83,⚪ S2爆發潛力不足,0.0,86.75,80.53,70.0,② 蓄勢,38.01,🔴 暫不考慮,MA20向上、投信5日買超,無明顯風險訊號,偏多順風,偏多順風,15.19,14.87,4.95,9.89,29.46,13.83,S2_E_BALANCED,正常,355.0,447.0,421,421
378,8112,至上,上市,2893819.0,2026-09-24,2848948.0,237887158.0,82.4000015258789,83.5,81.9000015258789,83.5,0.9000015258789062,0,82.89999847412109,86.34500007629394,87.70500005086264,-2.096098785260878,-1.7606655871059829,-0.33543319815489525,39.11454380511809,6037326.2,0.4718890292858451,93.80000305175781,86.77999992370606,0.010895902451631079,0.8454069111623275,-9.436005679182458,-6.17977528089888,17.99263797424119,1.585714612688337,1.899059416393218,-3.2949216211478616,-4.794481555696983,-13.522013961791767,0.6376881030578522,0,,43,波動率合理、ATR風險合理、20日回撤可接受、成交量穩定度普通、短線未過熱,-8398658.0,855000.0,-55415.0,-7599073.0,0.0,2.0,5.0,15,投信近5日買超,電子通路業,38,一般業,9.45,94.73684210526315,43.211647059313464,97.36842105263158,3.803506220079636,10.526315789473683,3.162821453540785,57.89473684210527,154.83476822766156,92.10526315789474,-47.002535695750645,2.631578947368421,85.95630563486719,5.263157894736842,127.95067102016817,34.21052631578947,3.081041857758344,97.36842105263158,,,6.32,100.0,2.05,45.45454545454545,72.72727272727272,4.55,63.63636363636363,40741046.0,66.02153110047847,EPS同產業前20%、ROE同產業前20%、營收年增同產業前20%、資產周轉同產業前20%,2893.819,-8398.658,855.0,-55.415,-7599.073,23.076923076923077,33.02,18.8,★★ 弱勢,整理觀察,基本面優於產業平均,無明顯風險訊號,4.39,13.84,250.0,11.0,10.991379310344827,0.0,30.0,66.02,30.0,23.4,14.9,4.39,10.99,13.84,0.0,15.0,45.0,35.0,13.74,⚪ S2爆發潛力不足,0.0,86.75,80.53,76.67,⑥ 轉弱,12.14,🔴 暫不考慮,投信5日買超、投信買盤加速,無明顯風險訊號,偏多順風,偏多順風,0.0,10.99,9.25,13.76,29.46,13.74,S2_E_BALANCED,正常,375.0,415.0,422,422
398,1504,東元,上市,4146251.0,2026-09-24,4064199.0,278397631.5,68.19999694824219,68.9000015258789,67.5999984741211,68.5,-0.09999847412109375,0,68.85999908447266,70.60999946594238,68.9716667175293,-0.3714851703323916,0.0022598862841443357,-0.3737450566165359,43.22911615195103,5756599.05,0.7060069608287206,74.80000305175781,70.85499954223633,-0.0014577037368129764,-3.385051444608067,-6.675751258876062,-0.7246376811594235,20.101144485653045,1.342857905796596,1.9603765048125488,-2.9882445572883887,-0.6838557627742881,-6.802721088435371,0.49639668792117686,15,20日均線高於60日均線,40,波動率合理、ATR風險合理、20日回撤小、成交量穩定,-6296855.0,-776064.0,130121.0,-6942798.0,2.0,0.0,5.0,5,自營商近5日買超,電機機械,100,一般業,1.63,67.67676767676768,7.628298654045729,55.55555555555556,24.369924467439294,55.55555555555556,9.487298506572547,60.60606060606061,16.828174514882413,57.99999999999999,-2.181595945981629,57.99999999999999,33.824069250292794,70.70707070707071,217.5621207781822,62.62626262626263,0.39409314837917486,28.28282828282828,,,24.82,46.15384615384615,1.67,51.02040816326531,48.58712715855573,2.92,63.26530612244898,5408315.0,57.63374403374403,,4146.251,-6296.855,-776.064,130.121,-6942.798,7.6923076923076925,31.33,14.4,★★ 弱勢,一般觀察,,無明顯風險訊號,4.359,12.82,250.0,11.0,10.775862068965516,0.0,15.0,57.63,0.0,13.15,11.05,4.359,10.78,12.82,0.0,0.0,45.0,35.0,13.0,⚪ S2爆發潛力不足,0.0,86.75,80.53,100.0,⑥ 轉弱,3.75,🔴 暫不考慮,外資買盤加速,無明顯風險訊號,偏多順風,偏多順風,0.0,10.78,7.96,11.61,29.46,13.0,S2_E_BALANCED,正常,442.0,440.0,423,423
228,2317,鴻海,上市,34510344.0,2026-09-24,33005343.0,8267838421.5,253.0,253.0,249.5,250.5,-5.5,0,252.0,251.275,248.76666666666668,0.1730891350989623,-0.12823630513622755,0.3013254402351898,49.33131609269688,29955526.15,1.101811493302714,259.0,251.35,-0.021484375,0.0,-0.5952380952380931,4.811715481171541,22.79039682506097,4.535714285714286,1.8106643855146847,-0.30842702218685236,0.6967707356291042,-8.333333333333337,0.3008927348044273,40,5日均線高於20日均線、20日均線高於60日均線、MACD多頭、MACD柱狀體為正,58,60日趨勢尚可、波動率合理、ATR風險合理、20日回撤可接受、MA60乖離可接受、成交量穩定、短線未過熱,-23601689.0,548503.0,2990153.0,-20063033.0,0.0,0.0,5.0,20,投信近5日買超、自營商近5日買超,其他電子業,95,一般業,7.84,86.31578947368422,11.984613701152913,58.94736842105262,6.146126725399318,7.368421052631578,3.6692362352372223,36.84210526315789,51.978131522564816,68.42105263157895,-2.6144946713083317,41.05263157894737,62.302200889548985,17.894736842105264,142.27477732026682,26.31578947368421,1.652419614204077,100.0,,,16.51,63.1578947368421,1.84,60.86956521739131,62.01372997711671,2.86,56.52173913043478,921766023.0,53.811441647597256,EPS同產業前20%、資產周轉同產業前20%,34510.344,-23601.689,548.503,2990.153,-20063.033,30.76923076923077,45.9,51.1,★★★ 一般觀察,一般觀察,,無明顯風險訊號,4.399,13.18,250.0,11.0,11.206896551724139,48.0,35.0,53.81,38.0,43.47,17.09,4.399,11.21,13.18,30.0,0.0,0.0,45.0,12.7,⚪ S2爆發潛力不足,0.0,86.75,80.53,82.5,⑥ 轉弱,32.68,🔴 暫不考慮,MA5近期上穿MA20、MACD近期黃金交叉、成交量溫和放大、投信5日買超、投信買盤加速,無明顯風險訊號,偏多順風,偏多順風,5.21,11.21,8.82,6.88,29.46,12.7,S2_E_BALANCED,正常,187.0,398.0,424,424
12,4904,遠傳,上市,1985784.0,2026-09-24,1975431.0,208407970.5,105.0,106.5,105.0,105.5,0.0,0,105.9,104.3,102.44499994913737,1.0063740059523099,0.9607967236234183,0.04557728232889158,56.1293451031068,4889535.45,0.4040120007719752,107.5,104.1,0.0,-0.9389671361502372,3.9408866995073843,2.4271844660194164,15.5804191288305,2.0,1.8957345971563981,1.1505273250239645,2.9820880007608075,-2.898550724637683,0.5786235694381524,70,股價高於20日均線、5日均線高於20日均線、20日均線高於60日均線、20日均線向上、RSI介於50至70、MACD多頭、MACD柱狀體為正,76,20日動能尚可、60日趨勢尚可、波動率合理、ATR風險合理、20日回撤小、MA20乖離可接受、MA60乖離可接受、成交量穩定、短線未過熱,592109.0,548822.0,705189.0,1846120.0,1.0,4.0,5.0,55,外資近5日買超、投信近5日買超、自營商近5日買超、投信連買至少3日、三大法人合計買超,通信網路業,92,一般業,2.14,75.0,17.538940896084817,80.43478260869566,32.35246516853467,66.30434782608695,17.57409288531246,83.69565217391305,15.651609823935727,45.05494505494506,3.1840264113865757,54.94505494505495,51.58198049299708,30.434782608695656,74.42097307530199,4.3478260869565215,0.6070604830185182,50.0,,,25.67,52.94117647058824,4.42,19.148936170212767,36.045056320400505,3.61,76.59574468085107,9546971.0,59.725742940739956,ROE同產業前20%、營業利益率同產業前20%,1985.784,592.109,548.822,705.189,1846.12,84.61538461538461,71.04,97.6,★★★★ 觀察候選,趨勢健康,技術面偏多、法人籌碼強、風險動能結構佳、綜合表現前10%,無明顯風險訊號,3.942,9.03,250.0,10.0,9.267241379310345,64.0,70.0,59.73,58.0,64.26,23.67,3.942,9.27,9.03,20.0,28.0,45.0,35.0,12.57,⚪ S2爆發潛力不足,0.0,86.75,80.53,76.67,② 蓄勢,76.0,🔵 等待突破,站上MA20且乖離健康、MA20向上、RSI位於起漲區、接近20日突破、外資5日買超、投信5日買超、投信買盤加速,無明顯風險訊號,偏多順風,偏多順風,34.14,9.27,9.46,10.75,29.46,12.57,S2_E_BALANCED,正常,16.0,334.0,425,425
424,2501,國建,上市,1723858.0,2026-09-24,1712798.0,36140038.453380585,21.200000762939453,21.200000762939453,20.899999618530273,21.100000381469727,-0.10000038146972656,0,21.450000381469728,21.967499923706054,22.53749990463257,-0.3783656885531208,-0.3047267292085971,-0.07363895934452369,32.49783569643439,2136578.8,0.8016544954953219,23.25,22.057499885559082,-0.004716998956176499,-1.4018656187300915,-7.860258808057008,-12.448132583046235,16.07959524165934,0.44285733359200613,2.0988498842916075,-3.9490135211070254,-6.378256369364932,-8.639308997651618,0.6970143013979881,0,,43,波動率合理、ATR風險合理、20日回撤可接受、成交量穩定度普通、短線未過熱,-4765733.0,0.0,71926.0,-4693807.0,0.0,0.0,5.0,5,自營商近5日買超,建材營造,88,一般業,1.43,63.63636363636363,11.133617147728113,64.77272727272727,25.042126999586458,38.63636363636363,15.977690665975807,53.40909090909091,60.17783541872381,68.18181818181817,-34.3011027848693,17.441860465116278,62.16526269238769,47.72727272727273,168.2443254663286,60.22727272727273,0.31749871160088144,69.31818181818183,,,7.35,79.59183673469387,0.76,68.18181818181817,73.88682745825602,5.69,52.72727272727272,1630282.0,57.91882146093109,,1723.858,-4765.733,0.0,71.926,-4693.807,7.6923076923076925,27.51,8.8,★★ 弱勢,一般觀察,,無明顯風險訊號,4.164,13.99,250.0,10.0,10.129310344827585,0.0,5.0,57.92,10.0,11.69,9.81,4.164,10.13,13.99,0.0,0.0,25.0,50.0,12.49,⚪ S2爆發潛力不足,0.0,86.75,80.53,100.0,⑥ 轉弱,2.29,🔴 暫不考慮,,無明顯風險訊號,偏多順風,偏多順風,0.0,10.13,9.68,7.31,29.46,12.49,S2_E_BALANCED,正常,453.0,445.0,426,426
301,2393,億光,上市,1785998.0,2026-09-24,1779124.0,112796464.31472778,62.20000076293945,63.70000076293945,62.099998474121094,63.400001525878906,1.2000007629394531,0,63.55999984741211,63.70499973297119,64.8483331044515,-0.38481818501603016,-0.4208139879586032,0.03599580294257304,48.45041856326849,1342829.5,1.324906847816495,67.0999984741211,63.859999656677246,0.019292616530873774,0.31645689956498746,-4.661651840783598,-6.489677474675027,21.376685343823343,1.257143293108259,1.9828758089147875,-0.4787665149842635,-2.2334137351530003,-7.634733616504164,0.40591332188590834,15,MACD多頭、MACD柱狀體為正,50,波動率合理、ATR風險合理、20日回撤小、成交量穩定、短線未過熱,840614.0,-383250.0,-263296.0,194068.0,1.0,0.0,5.0,20,外資近5日買超、三大法人合計買超,光電業,116,一般業,2.14,80.0,10.03404033316088,70.43478260869566,24.43851531141825,63.47826086956522,8.536442086892446,76.52173913043478,14.104232991248065,54.78260869565217,-5.651349826314145,38.59649122807017,37.095202638044285,50.43478260869565,195.25232242957432,38.26086956521739,0.661252796386447,74.78260869565217,,,13.52,79.06976744186046,1.46,60.29411764705882,69.68194254445964,7.1,97.05882352941177,1862682.0,65.91182825320006,EPS同產業前20%、殖利率同產業前20%,1785.998,840.614,-383.25,-263.296,194.068,30.76923076923077,40.43,35.3,★★ 弱勢,整理觀察,基本面優於產業平均,無明顯風險訊號,4.289,14.65,250.0,11.0,10.560344827586206,36.0,25.0,65.91,45.0,38.54,20.56,4.289,10.56,14.65,22.0,15.0,65.0,55.0,11.81,⚪ S2爆發潛力不足,0.0,86.75,80.53,100.0,⑥ 轉弱,29.14,🔴 暫不考慮,MACD動能擴張、成交量溫和放大、外資5日買超、外資由賣轉買、法人買超占量提升,無明顯風險訊號,偏多順風,偏多順風,7.28,10.56,6.02,7.53,29.46,11.81,S2_E_BALANCED,正常,253.0,360.0,427,427
276,1402,遠東新,上市,5471043.0,2026-09-24,4829926.0,135962415.05752945,27.799999237060547,28.200000762939453,27.799999237060547,28.149999618530273,0.25,0,27.970000076293946,28.39000005722046,27.93083340326945,-0.07982961254683119,0.006177955323045881,-0.08600756786987707,49.436646187646325,8805211.25,0.5485303944297759,29.450000762939453,28.402500057220458,0.008960573599218202,0.17793322555794688,-0.8802817019648135,-0.8802817019648135,21.295736032283838,0.500000136239188,1.7761994423262921,-0.8453696308786895,0.7846748147342097,-9.719936493775416,0.40446775253637696,15,20日均線高於60日均線,50,波動率合理、ATR風險合理、20日回撤可接受、MA60乖離可接受、成交量穩定、短線未過熱,2164305.0,-2800316.0,342473.0,-293538.0,2.0,3.0,5.0,30,外資近5日買超、自營商近5日買超、投信連買至少3日,紡織纖維,52,一般業,1.15,76.92307692307693,6.9549459855389655,69.23076923076923,20.797872571011403,74.50980392156863,7.74844453786426,72.54901960784314,15.195638379471621,71.15384615384616,-2.286041664607097,55.769230769230774,54.394412410697456,23.076923076923077,100.02913729237926,13.725490196078432,0.3786026993506795,37.254901960784316,,,14.59,50.0,0.65,78.04878048780488,64.02439024390245,4.44,75.60975609756098,22832378.0,62.349961372916894,,5471.043,2164.305,-2800.316,342.473,-293.538,46.15384615384615,42.44,40.7,★★ 弱勢,整理觀察,,無明顯風險訊號,4.639,11.97,250.0,12.0,12.068965517241379,8.0,50.0,62.35,30.0,32.05,17.38,4.639,12.07,11.97,0.0,15.0,45.0,35.0,11.78,⚪ S2爆發潛力不足,0.0,86.75,80.53,100.0,⑥ 轉弱,22.66,🔴 暫不考慮,外資5日買超、外資買盤加速、投信買盤加速,無明顯風險訊號,偏多順風,偏多順風,3.44,12.07,4.73,4.95,29.46,11.78,S2_E_BALANCED,正常,322.0,394.0,428,428
115,8926,台汽電,上市,1170114.0,2026-09-24,1155928.0,67968565.51809692,58.29999923706055,58.900001525878906,58.099998474121094,58.79999923706055,0.3999977111816406,0,59.04000015258789,57.910000228881835,61.53166650136312,-0.06730881690626234,-0.37411780024667113,0.3068089833404088,51.03991039929679,2691309.6,0.42950391140432154,60.099998474121094,57.84000034332276,0.00684927569743965,0.0,2.439020337918363,-19.45205583964309,22.207110076257116,1.25,2.1258503677193046,1.536865834331036,-4.439449505633098,-11.96850153404897,0.6552797580155229,55,股價高於20日均線、5日均線高於20日均線、20日均線向上、RSI介於50至70、MACD多頭、MACD柱狀體為正,56,20日動能尚可、波動率合理、ATR風險合理、20日回撤可接受、MA20乖離可接受、成交量穩定度普通、短線未過熱,-243563.0,185000.0,40941.0,-17622.0,1.0,2.0,5.0,20,投信近5日買超、自營商近5日買超,油電燃氣業,12,一般業,3.27,91.66666666666666,20.735131240841852,100.0,9.785241319179912,16.666666666666664,8.178757718753157,41.66666666666667,1263.6234640055363,100.0,14.43222597090774,91.66666666666666,62.22731450268508,33.33333333333333,145.36433002362395,58.333333333333336,0.8504281941377562,66.66666666666666,,,16.15,54.19058553386912,2.46,31.036077705827935,42.61333161984852,3.61,63.55226641998149,7034538.0,70.03449051972046,EPS同產業前20%、ROE同產業前20%、營收年增同產業前20%、營收月增同產業前20%,1170.114,-243.563,185.0,40.941,-17.622,30.76923076923077,54.86,75.4,★★★ 一般觀察,整理觀察,基本面優於產業平均、綜合表現前25%,無明顯風險訊號,3.511,14.55,250.0,9.0,7.758620689655173,64.0,55.0,70.03,55.0,60.86,18.84,3.511,7.76,14.55,20.0,10.0,25.0,50.0,11.67,⚪ S2爆發潛力不足,0.0,86.75,80.53,100.0,② 蓄勢,74.46,🔵 等待突破,站上MA20且乖離健康、MA20向上、RSI位於起漲區、接近20日突破、投信5日買超、外資買盤加速、投信買盤加速,無明顯風險訊號,偏多順風,偏多順風,29.96,7.76,6.67,13.98,29.46,11.67,S2_E_BALANCED,正常,36.0,379.0,429,429
384,5904,寶雅*,上櫃,7726911.0,2026-09-24,7290505.0,505232018.7488556,70.80000305175781,70.80000305175781,69.30000305175781,69.30000305175781,-1.5,0,70.84000091552734,72.2599998474121,72.0483331044515,-0.7505743921303178,-0.3878365736493377,-0.36273781848098013,37.903053464041726,5534253.6,1.3173420531361266,76.0,72.49999961853027,-0.021186439764747433,-4.545448335704294,-6.477726749265244,-0.8583668970292613,23.13787398535076,1.4714290073939733,2.123274087441256,-4.096314422785452,-3.814564382369978,-18.943743156209624,0.43500145971228255,15,20日均線高於60日均線,30,波動率合理、ATR風險合理、成交量穩定,0.0,0.0,0.0,0.0,0.0,0.0,0.0,0,,居家生活,36,一般業,17.45,100.0,51.233221160681495,100.0,45.03702472214437,83.33333333333334,16.383648966751856,94.44444444444444,10.320065553492464,66.66666666666666,-0.26839305625007137,58.333333333333336,78.93934086606085,5.555555555555555,111.99394288151956,11.11111111111111,0.8147626713370425,47.22222222222222,,,,,,,,,,2465114.0,73.42171717171716,EPS同產業前20%、ROE同產業前20%、毛利率同產業前20%、營業利益率同產業前20%,7726.911,0.0,0.0,0.0,0.0,0.0,32.53,17.5,★★ 弱勢,整理觀察,基本面優於產業平均,無明顯風險訊號,1.308,11.55,250.0,3.0,4.094827586206897,10.0,0.0,73.42,0.0,15.01,12.15,1.308,4.09,11.55,12.0,0.0,65.0,70.0,11.55,⚪ S2爆發潛力不足,8.0,86.75,80.53,100.0,⑥ 轉弱,0.0,🔴 暫不考慮,成交量溫和放大,近期回撤偏大,偏多順風,偏多順風,0.0,4.09,12.26,14.84,29.46,11.55,S2_E_BALANCED,正常,430.0,438.0,430,430
223,2352,佳世達,上市,2247808.0,2026-09-24,2228870.0,64637230.0,29.0,29.149999618530273,28.850000381469727,29.0,0.0,0,29.24000015258789,28.847500038146972,29.453333473205568,0.07770152637161942,0.014400989366450515,0.06330053700516891,50.63212241134513,4415680.4,0.5047625276503254,29.850000381469727,28.79750003814697,0.0,0.0,3.571428571428581,-9.090908003791021,19.653238205323607,0.6392857687813895,2.2044336854530675,0.5286418637711066,-1.5391584576257777,-4.729728380026321,0.4348309609637561,55,股價高於20日均線、5日均線高於20日均線、20日均線向上、RSI介於50至70、MACD多頭、MACD柱狀體為正,63,20日動能尚可、波動率合理、ATR風險合理、20日回撤小、MA20乖離可接受、成交量穩定、短線未過熱,2669807.0,0.0,-94559.0,2575248.0,0.0,0.0,5.0,20,外資近5日買超、三大法人合計買超,電腦及週邊設備業,109,一般業,0.58,32.11009174311927,3.9887457204265204,30.275229357798167,16.975847896514555,37.61467889908257,1.2888179699225522,27.522935779816514,11.819254751083538,40.36697247706422,3.4051822907062324,66.97247706422019,69.10887126631071,11.009174311926607,115.41383602593834,13.761467889908257,0.9045524507172583,63.30275229357798,,,37.66,18.51851851851852,1.15,85.9375,52.22800925925926,3.45,65.625,18813300.0,37.34452514441047,,2247.808,2669.807,0.0,-94.559,2575.248,30.76923076923077,46.46,52.3,★★★ 一般觀察,一般觀察,風險動能健康,無明顯風險訊號,3.501,12.98,250.0,9.0,7.543103448275862,64.0,15.0,37.34,70.0,46.2,13.08,3.501,7.54,12.98,20.0,28.0,25.0,50.0,11.5,⚪ S2爆發潛力不足,0.0,86.75,80.53,82.5,② 蓄勢,58.41,🟡 等待回檔,站上MA20且乖離健康、MA20向上、RSI位於起漲區、接近20日突破、外資5日買超、法人買超占量提升,無明顯風險訊號,偏多順風,偏多順風,22.15,7.54,8.6,10.22,29.46,11.5,S2_E_BALANCED,正常,151.0,434.0,431,431
404,5388,中磊,上市,1360869.0,2026-09-24,1338419.0,98239956.64226532,72.5999984741211,74.5,72.0999984741211,73.4000015258789,0.8000030517578125,0,72.96000061035156,73.875,80.66333325703938,-1.925156253515567,-2.306498657760247,0.38134240424468,41.870356754760266,2127837.2,0.6290044181951513,78.5,74.07999992370605,0.011019326013387953,-0.6765899724980429,-5.29032061176915,-8.819873880895768,20.576068070393696,1.5928573608398438,2.170105351126245,-0.6429759378965727,-9.00450234063024,-19.764957587168077,0.4654826675915827,15,MACD多頭、MACD柱狀體為正,40,波動率合理、ATR風險合理、成交量穩定、短線未過熱,-2024652.0,0.0,357656.0,-1666996.0,0.0,0.0,5.0,5,自營商近5日買超,通信網路業,92,一般業,2.59,79.34782608695652,9.582191054361305,60.86956521739131,12.910013819503252,19.565217391304348,3.1339101679957264,46.73913043478261,45.05455923264947,65.93406593406593,-11.724681636778822,23.076923076923077,72.17437937402515,5.434782608695652,130.23090800545452,16.304347826086957,1.2802336984360334,95.65217391304348,,,16.42,73.52941176470588,1.36,73.40425531914893,73.4668335419274,3.41,70.2127659574468,7044125.0,53.88819845877582,資產周轉同產業前20%,1360.869,-2024.652,0.0,357.656,-1666.996,7.6923076923076925,30.2,13.1,★★ 弱勢,一般觀察,,無明顯風險訊號,4.023,12.52,250.0,10.0,9.913793103448276,18.0,5.0,53.89,25.0,20.53,12.51,4.023,9.91,12.52,10.0,0.0,45.0,50.0,11.17,⚪ S2爆發潛力不足,8.0,86.75,80.53,76.67,⑥ 轉弱,1.27,🔴 暫不考慮,MACD動能擴張,近期回撤偏大,偏多順風,偏多順風,0.0,9.91,3.87,8.82,29.46,11.17,S2_E_BALANCED,正常,401.0,436.0,432,432
23,2330,台積電,上市,14557662.0,2026-09-24,13043734.0,32283241650.0,2480.0,2490.0,2470.0,2475.0,-25.0,0,2475.0,2432.5,2401.0,19.888988268378853,14.069093042526788,5.819895225852065,56.888317113075075,18566192.55,0.7025529852107453,2510.0,2429.25,-0.010000000000000009,2.0618556701030855,2.6970954356846377,0.40567951318457585,19.237897540583404,38.57142857142857,1.5584415584415585,1.747173689619741,3.082049146189081,-3.6437246963562764,0.3046613170660088,70,股價高於20日均線、5日均線高於20日均線、20日均線高於60日均線、20日均線向上、RSI介於50至70、MACD多頭、MACD柱狀體為正,81,20日動能尚可、60日趨勢尚可、波動率合理、ATR風險合理、20日回撤小、MA20乖離可接受、MA60位置健康、成交量穩定、短線未過熱,6854883.0,-1623153.0,3010297.0,8242027.0,0.0,0.0,5.0,25,外資近5日買超、自營商近5日買超、三大法人合計買超,半導體業,207,一般業,49.33,97.10144927536231,39.527004777844105,91.78743961352657,67.02503837736575,94.68599033816425,59.287937736021824,98.55072463768117,53.320053714712955,72.81553398058253,10.099818994181087,83.49514563106796,30.943798918332334,50.24154589371981,245.7635139531409,46.85990338164252,0.512920699410052,49.275362318840585,,,28.69,50.0,9.98,8.333333333333332,29.166666666666664,0.89,44.79166666666667,514805337.0,75.72018784297173,EPS同產業前20%、ROE同產業前20%、毛利率同產業前20%、營業利益率同產業前20%、營收月增同產業前20%,14557.662,6854.883,-1623.153,3010.297,8242.027,38.46153846153847,67.61,95.3,★★★★★ 強勢候選,趨勢健康,技術面偏多、基本面優於產業平均、風險動能結構佳、綜合表現前10%,無明顯風險訊號,2.378,9.54,250.0,6.0,6.0344827586206895,64.0,20.0,75.72,63.0,52.41,14.52,2.378,6.03,9.54,20.0,25.0,0.0,35.0,10.99,⚪ S2爆發潛力不足,0.0,86.75,80.53,83.33,② 蓄勢,64.68,🔵 等待突破,站上MA20且乖離健康、MA20向上、RSI位於起漲區、接近20日突破、外資5日買超、法人買超占量提升,無明顯風險訊號,偏多順風,偏多順風,24.55,6.03,9.89,9.25,29.46,10.99,S2_E_BALANCED,正常,92.0,421.0,433,433
401,3033,威健,上市,1650028.0,2026-09-24,1638880.0,68505182.74963379,41.599998474121094,41.849998474121094,41.099998474121094,41.79999923706055,0.20000076293945312,0,41.66999969482422,42.62249984741211,46.33583323160807,-1.2107442870171141,-1.3288720899913025,0.11812780297418835,38.60925720847214,2975277.75,0.5508326071406274,46.04999923706055,42.79249992370605,0.004807710823928835,0.0,-7.5221271426761716,-17.063496088194587,18.0224086283706,0.9928567068917411,2.375255322998806,-1.9297333879901513,-9.789041608198378,-14.186510534543517,0.6022464968414126,15,MACD多頭、MACD柱狀體為正,43,波動率合理、ATR風險合理、20日回撤可接受、成交量穩定度普通、短線未過熱,-2326049.0,-9325.0,-580707.0,-2916081.0,0.0,0.0,5.0,0,,電子通路業,38,一般業,3.38,73.68421052631578,26.230109124244844,73.68421052631578,6.253429325387359,28.947368421052634,3.646972654553156,63.1578947368421,56.83746008784256,63.1578947368421,-14.145570184596256,21.052631578947366,78.39977221221382,23.684210526315788,133.84022108826073,44.73684210526316,2.3576938510878658,81.57894736842105,,,9.19,85.71428571428571,1.72,77.27272727272727,81.49350649350649,4.59,68.18181818181817,12372730.0,60.1414900888585,資產周轉同產業前20%、估值同產業前20%,1650.028,-2326.049,-9.325,-580.707,-2916.081,0.0,31.14,13.7,★★ 弱勢,整理觀察,,無明顯風險訊號,1.905,11.07,250.0,5.0,5.172413793103448,18.0,0.0,60.14,45.0,22.97,8.88,1.905,5.17,11.07,10.0,0.0,25.0,50.0,10.11,⚪ S2爆發潛力不足,0.0,86.75,80.53,76.67,⑥ 轉弱,11.71,🔴 暫不考慮,MACD動能擴張,無明顯風險訊號,偏多順風,偏多順風,0.0,5.17,7.31,10.22,29.46,10.11,S2_E_BALANCED,正常,378.0,451.0,434,434
388,4123,晟德,上櫃,1177578.0,2026-09-24,1137405.0,35202685.61777115,31.200000762939453,31.450000762939453,30.75,30.950000762939453,-0.5499992370605469,0,31.020000076293947,30.69999990463257,33.83367179234823,-0.5526954722836521,-0.8162979517400899,0.2636024794564378,43.35638189740115,1533772.85,0.7415733040260818,32.099998474121094,30.744999885559082,-0.01746029324001741,0.48701795322909636,-2.825744451337253,-15.37870405262164,18.884584122790667,0.6071428571428571,1.9616893123630224,0.8143350458745813,-8.52308034169954,-20.44946559504637,0.28781252244554195,35,股價高於20日均線、5日均線高於20日均線、MACD多頭、MACD柱狀體為正,45,波動率合理、ATR風險合理、MA20乖離可接受、成交量穩定、短線未過熱,0.0,0.0,0.0,0.0,0.0,0.0,0.0,0,,生技醫療業,159,一般業,-11.24,0.628930817610063,-98.8740506215854,0.628930817610063,45.17186892774144,58.22784810126582,51.97502558352143,99.36708860759494,61.52537476326518,84.4155844155844,-3.558423305436653,38.961038961038966,28.417557484997808,55.9748427672956,184.67887829312662,31.446540880503143,0.07494223314651163,15.723270440251572,,,,,,,,,,150960.0,42.455413802603154,營業利益率同產業前20%、營收年增同產業前20%,1177.578,0.0,0.0,0.0,0.0,0.0,32.24,16.6,★★ 弱勢,風險偏高,,近期回撤偏大,3.58,11.14,250.0,9.0,8.405172413793103,38.0,0.0,42.46,30.0,26.07,9.32,3.58,8.41,11.14,15.0,15.0,25.0,35.0,10.04,⚪ S2爆發潛力不足,8.0,86.75,80.53,100.0,① 尚未啟動,20.67,🔴 暫不考慮,站上MA20且乖離健康、MA5近期上穿MA20,近期回撤偏大,偏多順風,偏多順風,11.59,8.41,4.52,4.73,29.46,10.04,S2_E_BALANCED,正常,358.0,448.0,435,435
400,3596,智易,上市,1094859.0,2026-09-24,1085120.0,166565920.0,152.0,154.5,151.5,153.5,1.5,0,154.1,156.05,170.61666666666667,-3.5221564569417296,-4.061183368652642,0.5390269117109128,39.801407214602584,932219.55,1.1640176394069401,163.0,156.375,0.009868421052631637,-0.32467532467532756,-4.062500000000002,-19.843342036553523,22.468835279455803,3.0,1.9543973941368076,-1.6340916372957426,-10.03223600664257,-15.733333333333333,0.43035360935494005,15,MACD多頭、MACD柱狀體為正,40,波動率合理、ATR風險合理、成交量穩定、短線未過熱,-1421985.0,0.0,11017.0,-1410968.0,0.0,0.0,5.0,5,自營商近5日買超,通信網路業,92,一般業,6.5,93.47826086956522,17.311760649738495,79.34782608695652,15.167385748102447,25.0,6.565607512187234,65.21739130434783,1.9322601618589959,27.472527472527474,-2.3767693721817196,40.65934065934066,69.48171084608268,7.608695652173914,125.16433550970527,11.956521739130435,0.9838021853700972,85.86956521739131,,,11.81,94.11764705882352,2.06,44.680851063829785,69.39924906132666,5.86,97.87234042553192,4731510.0,57.36124347981561,EPS同產業前20%、資產周轉同產業前20%、殖利率同產業前20%,1094.859,-1421.985,0.0,11.017,-1410.968,7.6923076923076925,31.25,14.0,★★ 弱勢,一般觀察,,無明顯風險訊號,2.464,11.66,250.0,6.0,6.25,28.0,5.0,57.36,25.0,25.05,12.67,2.464,6.25,11.66,22.0,0.0,45.0,45.0,10.01,⚪ S2爆發潛力不足,8.0,86.75,80.53,76.67,⑥ 轉弱,5.79,🔴 暫不考慮,MACD動能擴張、成交量溫和放大,近期回撤偏大,偏多順風,偏多順風,0.0,6.25,6.45,7.74,29.46,10.01,S2_E_BALANCED,正常,370.0,435.0,436,436
9,2412,中華電,上市,6311915.0,2026-09-24,6253342.0,906734590.0,145.5,146.0,145.0,145.0,-0.5,0,145.1,140.85,138.48333333333332,2.153142420441611,1.6665466535985403,0.48659576684307093,72.37588786363123,11885253.35,0.5261429282027043,145.5,140.375,-0.0034364261168384758,0.0,7.011070110701101,2.8368794326241176,8.26874880105913,1.6785714285714286,1.1576354679802956,2.946396876109336,4.7057407630280546,-2.517985611510787,0.4454565363330046,60,股價高於20日均線、5日均線高於20日均線、20日均線高於60日均線、20日均線向上、MACD多頭、MACD柱狀體為正,78,20日動能健康、60日趨勢尚可、ATR風險合理、20日回撤小、MA20乖離健康、MA60位置健康、成交量穩定、短線未過熱,17401231.0,275783.0,346980.0,18023994.0,5.0,4.0,5.0,65,外資近5日買超、投信近5日買超、自營商近5日買超、外資連買至少3日、投信連買至少3日、三大法人合計買超,通信網路業,92,一般業,2.68,80.43478260869566,11.449945453479373,67.3913043478261,37.729172435186,76.08695652173914,21.726838265065943,86.95652173913044,25.611715606986877,49.45054945054945,17.222328947752217,75.82417582417582,30.986353281688356,68.47826086956522,122.3860450335617,10.869565217391305,0.4383883884703847,25.0,,,28.49,47.05882352941176,3.07,29.78723404255319,38.423028785982474,3.59,74.46808510638297,23309496.0,62.66639752748746,EPS同產業前20%、營業利益率同產業前20%,6311.915,17401.231,275.783,346.98,18023.994,100.0,72.4,98.3,★★★★ 觀察候選,整理觀察,法人籌碼強、風險動能結構佳、綜合表現前10%,無明顯風險訊號,0.0,7.48,250.0,0.0,0.7543103448275862,49.0,70.0,62.67,78.0,61.7,17.39,0.0,0.75,7.48,20.0,28.0,45.0,0.0,10.0,⚪ S2爆發潛力不足,5.0,86.75,80.53,76.67,① 尚未啟動,57.44,🟡 等待回檔,站上MA20且乖離健康、MA20向上、接近20日突破、外資5日買超、投信5日買超、投信買盤加速,無明顯風險訊號,偏多順風,偏多順風,25.4,0.75,18.92,3.44,29.46,10.0,S2_E_BALANCED,正常,34.0,393.0,437,437
432,1722,台肥,上市,5078445.0,2026-09-24,5019398.0,207301133.57050323,41.70000076293945,41.70000076293945,41.25,41.29999923706055,-0.4500007629394531,0,41.9,43.304999923706056,45.35333309173584,-1.0074989547644577,-0.8797267594548661,-0.1277721953095916,21.80749492202642,3290807.4,1.5252785684145478,45.25,43.46999988555908,-0.010778461387771388,-2.0166127118559696,-7.399101681528874,-14.137212999536997,10.515073826134483,0.5821424211774554,1.409545840027692,-4.629951945913591,-8.937234770544089,-10.096672051495059,0.3989657940832071,15,量比達1.5以上,38,波動率可接受、ATR風險合理、20日回撤可接受、成交量穩定、短線未過熱,-3511916.0,268000.0,56000.0,-3187916.0,0.0,0.0,5.0,20,投信近5日買超、自營商近5日買超,化學工業,42,一般業,0.43,23.809523809523807,1.581347425409361,14.285714285714285,13.622134399999053,14.634146341463413,4.795773827917492,29.268292682926827,-11.279832584366952,11.904761904761903,-7.5459092065790045,30.952380952380953,36.326648884967916,45.23809523809524,228.72474529665143,58.536585365853654,0.16234391066521106,9.75609756097561,,,49.17,19.230769230769234,0.76,92.85714285714286,56.043956043956044,4.84,78.57142857142857,911920.0,27.940543196640753,,5078.445,-3511.916,268.0,56.0,-3187.916,30.76923076923077,26.64,7.1,★★ 弱勢,一般觀察,,無明顯風險訊號,2.586,11.54,250.0,7.0,6.4655172413793105,10.0,20.0,27.94,10.0,15.69,8.5,2.586,6.47,11.54,25.0,0.0,65.0,40.0,9.98,⚪ S2爆發潛力不足,0.0,86.75,80.53,100.0,⑥ 轉弱,6.29,🔴 暫不考慮,成交量溫和放大、投信5日買超,無明顯風險訊號,偏多順風,偏多順風,0.0,6.47,8.39,3.66,29.46,9.98,S2_E_BALANCED,正常,426.0,453.0,438,438
427,2515,中工,上市,1780532.0,2026-09-24,1759412.0,21024973.064418793,11.949999809265137,12.0,11.899999618530273,11.949999809265137,0.0,0,11.949999809265137,11.97249994277954,12.184532690048218,-0.02851995286698994,-0.034530650428022155,0.006010697561032216,48.628234345771105,5222111.75,0.33691580805408844,12.5,11.977499961853027,0.0,-0.8298786712602424,-0.8298786712602424,-8.068170729828417,17.31807140157458,0.22500010899135045,1.8828461303982797,-0.1879317905361444,-1.9248409992337012,-3.292178033653792,0.7155520086565691,15,MACD多頭、MACD柱狀體為正,48,波動率合理、ATR風險合理、20日回撤小、成交量穩定度普通、短線未過熱,-4861522.0,-39829.0,-3091.0,-4904442.0,0.0,0.0,5.0,0,,建材營造,88,一般業,0.25,32.95454545454545,3.5849497191755972,43.18181818181818,8.320217209794004,6.8181818181818175,4.437795787741884,28.40909090909091,28.83948243046841,57.95454545454546,13.272333841339279,66.27906976744185,64.7131779135028,44.31818181818182,225.22930635755893,82.95454545454545,0.3919254343008825,73.86363636363636,,,24.9,20.408163265306122,0.83,57.27272727272727,38.8404452690167,4.18,36.36363636363637,1752579.0,44.01579798938602,流動比率同產業前20%,1780.532,-4861.522,-39.829,-3.091,-4904.442,0.0,27.3,8.2,★★ 弱勢,一般觀察,,無明顯風險訊號,3.569,11.23,250.0,9.0,8.189655172413794,26.0,10.0,44.02,25.0,23.75,6.7,3.569,8.19,11.23,10.0,0.0,0.0,35.0,9.94,⚪ S2爆發潛力不足,0.0,86.75,80.53,100.0,⑥ 轉弱,14.36,🔴 暫不考慮,MACD動能擴張、外資買盤加速,無明顯風險訊號,偏多順風,偏多順風,0.0,8.19,1.94,9.03,29.46,9.94,S2_E_BALANCED,正常,372.0,459.0,439,439
201,2474,可成,上市,1881545.0,2026-09-24,1849247.0,381869505.5,207.5,208.0,205.5,206.5,-2.5,0,209.2,207.675,198.99166666666667,1.7783704336069945,2.045295527610513,-0.2669250940035184,51.387045819001784,2633690.15,0.702150554802356,214.5,207.725,-0.011961722488038284,-0.959232613908878,-0.48192771084337727,2.481389578163773,18.84194248780865,3.25,1.573849878934625,-0.5657878897315616,3.773189832070023,-4.683840749414525,0.4537196076078196,35,5日均線高於20日均線、20日均線高於60日均線、RSI介於50至70,68,60日趨勢尚可、波動率合理、ATR風險合理、20日回撤小、MA60位置健康、成交量穩定、短線未過熱,-2589600.0,936094.0,93235.0,-1560271.0,0.0,3.0,5.0,35,投信近5日買超、自營商近5日買超、投信連買至少3日,其他電子業,95,一般業,5.14,77.89473684210526,4.160754667540272,29.47368421052631,28.827653707141383,62.10526315789474,4.511731642445434,40.0,-40.457521383248356,4.2105263157894735,-5.04861959720464,31.57894736842105,38.15575481519938,70.52631578947368,133.87892064033565,17.894736842105264,0.05638062614074513,1.0526315789473684,,,13.74,81.57894736842105,0.8,100.0,90.78947368421052,4.97,76.08695652173914,1003130.0,43.1066361556064,估值同產業前20%,1881.545,-2589.6,936.094,93.235,-1560.271,53.84615384615385,47.8,56.9,★★★ 一般觀察,一般觀察,法人偏多、風險動能健康,無明顯風險訊號,3.216,11.4,250.0,8.0,7.112068965517242,23.0,45.0,43.11,18.0,31.87,9.3,3.216,7.11,11.4,0.0,0.0,45.0,35.0,9.91,⚪ S2爆發潛力不足,0.0,86.75,80.53,82.5,⑥ 轉弱,21.07,🔴 暫不考慮,RSI位於起漲區、投信5日買超、投信買盤加速、投信連買,無明顯風險訊號,偏多順風,偏多順風,0.0,7.11,5.81,5.59,29.46,9.91,S2_E_BALANCED,正常,326.0,449.0,440,440
129,2618,長榮航,上市,20371832.0,2026-09-24,20263844.0,851081448.0,42.349998474121094,42.349998474121094,41.5,42.0,-0.8499984741210938,0,42.20999984741211,42.12749977111817,42.061666615804036,0.006173356276661934,-0.02162193764742279,0.027795293924084724,49.06249751127899,17603783.75,1.1511073010085118,43.5,42.16499977111816,-0.019836604536507596,-0.11890425200408172,-1.7543859649122862,-4.328021548607152,20.161094995170263,0.8642853328159877,2.057822220990447,-0.3026521199000265,-0.14661001516489414,-5.855860809605884,0.4479205001081173,40,5日均線高於20日均線、20日均線高於60日均線、MACD多頭、MACD柱狀體為正,50,波動率合理、ATR風險合理、20日回撤小、成交量穩定、短線未過熱,-3702664.0,25838230.0,1335699.0,23471265.0,0.0,5.0,5.0,45,投信近5日買超、自營商近5日買超、投信連買至少3日、三大法人合計買超,航運業,34,一般業,2.24,61.76470588235294,17.819453326530688,88.23529411764706,19.831808488917304,47.05882352941176,13.250862156747868,52.94117647058824,24.91631705549541,50.0,1.948165978144023,52.94117647058824,62.38217129939383,26.47058823529412,115.28354294838846,35.294117647058826,0.6510550173806486,73.52941176470588,,,8.84,84.0,1.63,37.03703703703704,60.51851851851852,4.76,81.48148148148148,22891065.0,59.718387799564276,ROE同產業前20%、殖利率同產業前20%,20371.832,-3702.664,25838.23,1335.699,23471.265,69.23076923076923,53.76,72.4,★★★ 一般觀察,一般觀察,法人偏多,無明顯風險訊號,3.565,13.42,250.0,9.0,7.974137931034483,48.0,50.0,59.72,10.0,44.66,22.6,3.565,7.97,13.42,42.0,0.0,45.0,60.0,9.87,⚪ S2爆發潛力不足,0.0,86.75,80.53,100.0,⑥ 轉弱,35.26,🔴 暫不考慮,MA5近期上穿MA20、MACD近期黃金交叉、成交量溫和放大、投信5日買超、投信買盤加速、投信連買,無明顯風險訊號,偏多順風,偏多順風,10.13,7.97,3.44,6.67,29.46,9.87,S2_E_BALANCED,正常,172.0,344.0,441,441
14,3045,台灣大,上市,4901190.0,2026-09-24,4874036.0,597069410.0,122.0,123.5,121.5,122.5,-0.5,0,123.4,120.275,114.88333333333334,2.4681537121939385,2.4519134228005397,0.016240289393398832,65.72272383189323,8009405.15,0.6085390748400336,125.5,119.925,-0.004065040650406471,-1.2096774193548376,6.060606060606055,3.3755274261603407,12.722057607325363,2.0357142857142856,1.661807580174927,1.8499272500519526,6.629914405919046,-1.6064257028112428,0.4875838515811721,70,股價高於20日均線、5日均線高於20日均線、20日均線高於60日均線、20日均線向上、RSI介於50至70、MACD多頭、MACD柱狀體為正,81,20日動能健康、60日趨勢尚可、波動率可接受、ATR風險合理、20日回撤小、MA20乖離可接受、MA60位置健康、成交量穩定、短線未過熱,8648199.0,1722523.0,304646.0,10675368.0,4.0,0.0,5.0,50,外資近5日買超、投信近5日買超、自營商近5日買超、外資連買至少3日、三大法人合計買超,通信網路業,92,一般業,2.86,81.52173913043478,20.502048617830106,86.95652173913044,21.861241368986096,43.47826086956522,12.147832392115772,76.08695652173914,8.499575061975785,35.16483516483517,3.783275167725475,58.24175824175825,61.221096688980516,15.217391304347828,52.54766150380904,1.0869565217391304,0.8358326265256042,79.34782608695652,,,23.16,55.88235294117647,4.44,17.02127659574468,36.45181476846058,3.87,78.72340425531915,16782864.0,58.40657681275029,EPS同產業前20%、ROE同產業前20%,4901.19,8648.199,1722.523,304.646,10675.368,76.92307692307693,70.11,97.2,★★★★ 觀察候選,趨勢健康,技術面偏多、法人籌碼強、風險動能結構佳、綜合表現前10%,無明顯風險訊號,0.405,8.09,250.0,1.0,2.8017241379310347,57.0,45.0,58.41,58.0,53.76,17.21,0.405,2.8,8.09,20.0,28.0,45.0,20.0,9.66,⚪ S2爆發潛力不足,0.0,86.75,80.53,76.67,① 尚未啟動,54.5,🟡 等待回檔,站上MA20且乖離健康、MA20向上、接近20日突破、外資5日買超、投信5日買超、外資連買,無明顯風險訊號,偏多順風,偏多順風,24.67,2.8,13.98,3.23,29.46,9.66,S2_E_BALANCED,正常,84.0,396.0,442,442
159,1434,福懋,上市,1287285.0,2026-09-24,1277341.0,22928271.924533844,17.899999618530273,18.0,17.700000762939453,17.950000762939453,0.05000114440917969,0,17.920000076293945,17.942500019073485,18.025833415985108,0.006731523171815468,0.0037235887720612343,0.0030079343997542335,51.92641403924376,1601355.8,0.7976622059882007,18.600000381469727,17.94749994277954,0.0027933600823888405,0.5602262147486492,-0.554008190292743,2.5714329310825956,17.22629432951553,0.29642813546316965,1.6514101552306968,0.04180434085547802,-0.420688748728848,-4.6321545711142225,0.372564197026802,35,股價高於20日均線、RSI介於50至70、MACD多頭、MACD柱狀體為正,63,60日趨勢尚可、波動率合理、ATR風險合理、20日回撤小、MA20乖離可接受、成交量穩定、短線未過熱,977181.0,4000.0,97000.0,1078181.0,2.0,0.0,5.0,40,外資近5日買超、投信近5日買超、自營商近5日買超、三大法人合計買超,紡織纖維,52,一般業,0.5,55.769230769230774,3.4561059513149894,46.15384615384615,11.062128033656007,35.294117647058826,2.4064182977163533,56.86274509803921,-7.165985616177014,38.46153846153847,-5.8416905078046195,42.30769230769231,24.338644799394277,73.07692307692307,260.2820546832068,68.62745098039215,0.4419120295110093,43.13725490196079,,,19.51,33.33333333333333,0.62,89.02439024390245,61.17886178861789,2.79,63.41463414634146,2026703.0,51.136022514071286,,1287.285,977.181,4.0,97.0,1078.181,61.53846153846154,50.75,65.9,★★★ 一般觀察,一般觀察,法人偏多、風險動能健康,無明顯風險訊號,2.724,9.96,250.0,7.0,6.896551724137931,55.0,60.0,51.14,53.0,55.62,18.3,2.724,6.9,9.96,25.0,15.0,0.0,35.0,9.0,⚪ S2爆發潛力不足,0.0,86.75,80.53,100.0,① 尚未啟動,58.22,🟡 等待回檔,站上MA20且乖離健康、RSI位於起漲區、MACD近期黃金交叉、MACD動能擴張、外資5日買超、投信5日買超、外資買盤加速,無明顯風險訊號,偏多順風,偏多順風,26.29,6.9,4.09,3.01,29.46,9.0,S2_E_BALANCED,正常,75.0,385.0,443,443
31,9904,寶成,上市,8323733.0,2026-09-24,8294093.0,206937626.67789078,24.899999618530273,25.049999237060547,24.75,24.950000762939453,0.05000114440917969,0,24.800000381469726,24.58750009536743,24.433333301544188,0.06067749796716271,0.012161912358151067,0.04851558560901164,56.56205920052017,10818306.1,0.7666720578372247,25.149999618530273,24.580000019073488,0.002008078119486001,0.6048448810221929,0.6048448810221929,3.526972481391688,16.023058432057,0.31428541455950054,1.25966094167956,1.474329094726956,2.1146007997304705,-4.5544539347733615,0.45973063149269844,70,股價高於20日均線、5日均線高於20日均線、20日均線高於60日均線、20日均線向上、RSI介於50至70、MACD多頭、MACD柱狀體為正,76,20日動能尚可、60日趨勢尚可、波動率合理、ATR風險合理、20日回撤小、MA20乖離可接受、MA60乖離可接受、成交量穩定、短線未過熱,-2247431.0,3378120.0,364880.0,1495569.0,0.0,5.0,5.0,45,投信近5日買超、自營商近5日買超、投信連買至少3日、三大法人合計買超,運動休閒,27,一般業,2.37,55.55555555555556,6.242488232811297,40.74074074074074,21.093194473525404,51.85185185185185,2.2539620228220465,29.629629629629626,4.325261712464019,55.55555555555556,5.409824015666764,81.48148148148148,34.13071329490487,81.48148148148148,162.89634915626075,51.85185185185185,0.6135236822568721,29.629629629629626,,,5.29,94.11764705882352,0.39,100.0,97.05882352941177,5.21,50.0,20621794.0,54.209150326797385,營收月增同產業前20%、負債比同產業前20%、估值同產業前20%,8323.733,-2247.431,3378.12,364.88,1495.569,69.23076923076923,66.31,93.5,★★★★ 觀察候選,趨勢健康,技術面偏多、法人偏多、風險動能結構佳、綜合表現前10%,無明顯風險訊號,0.386,7.18,250.0,1.0,1.7241379310344827,74.0,45.0,54.21,78.0,62.93,19.13,0.386,1.72,7.18,30.0,25.0,45.0,35.0,8.76,⚪ S2爆發潛力不足,0.0,86.75,80.53,100.0,② 蓄勢,76.53,🔵 等待突破,站上MA20且乖離健康、MA20向上、RSI位於起漲區、MACD動能擴張、接近20日突破、投信5日買超、外資買盤加速、投信連買,無明顯風險訊號,偏多順風,偏多順風,30.61,1.72,11.83,4.09,29.46,8.76,S2_E_BALANCED,正常,27.0,375.0,444,444
91,2323,中環,上市,3157028.0,2026-09-24,3149195.0,34011306.60066128,10.800000190734863,10.850000381469727,10.699999809265137,10.800000190734863,0.0,0,10.79000015258789,10.752500009536742,10.690000041325886,0.013250867079021234,0.001997274527423765,0.011253592551597469,52.55277860369287,4204361.35,0.7490305275496837,11.149999618530273,10.757499980926514,0.0,0.4651180533475685,-0.917425975184516,-4.84581649559066,16.02943452639383,0.20357152393886022,1.884921484663498,0.44175941554049913,1.0290004582201417,-9.829056728869324,0.2977406922160839,60,股價高於20日均線、5日均線高於20日均線、20日均線高於60日均線、RSI介於50至70、MACD多頭、MACD柱狀體為正,55,波動率合理、ATR風險合理、20日回撤可接受、MA20乖離可接受、MA60乖離可接受、成交量穩定、短線未過熱,318264.0,0.0,37201.0,355465.0,0.0,0.0,5.0,25,外資近5日買超、自營商近5日買超、三大法人合計買超,光電業,116,一般業,0.99,67.82608695652173,10.638505450949102,73.04347826086956,25.917667533292278,66.95652173913044,4.7329185260690485,65.21739130434783,20.092584605652835,68.69565217391305,10.118052475348872,79.82456140350878,36.396804610249426,53.91304347826087,276.29535881573526,65.21739130434783,0.2465627238729147,20.0,,,3.56,97.67441860465115,0.59,97.05882352941177,97.36662106703146,1.85,66.17647058823529,710039.0,67.54760132353724,估值同產業前20%,3157.028,318.264,0.0,37.201,355.465,38.46153846153847,56.96,80.6,★★★★ 觀察候選,整理觀察,基本面優於產業平均、綜合表現前25%,無明顯風險訊號,0.772,8.82,250.0,2.0,3.34051724137931,70.0,20.0,67.55,45.0,50.88,16.65,0.772,3.34,8.82,40.0,15.0,25.0,35.0,8.68,⚪ S2爆發潛力不足,0.0,86.75,80.53,100.0,① 尚未啟動,53.49,🟡 等待回檔,站上MA20且乖離健康、MA5近期上穿MA20、RSI位於起漲區、MACD近期黃金交叉、MACD動能擴張、外資5日買超、法人買超占量提升,無明顯風險訊號,偏多順風,偏多順風,24.02,3.34,7.53,5.81,29.46,8.68,S2_E_BALANCED,正常,111.0,404.0,445,445
134,2010,春源,上市,1464117.0,2026-09-24,1459832.0,32627245.756881714,21.899999618530273,22.399999618530273,21.799999237060547,22.350000381469727,0.4500007629394531,0,22.019999694824218,22.202499771118163,21.939166609446207,-0.10354182800385914,-0.09696861533075118,-0.006573212673107953,53.2749897563697,764566.6,1.9093588446055583,23.100000381469727,22.22999973297119,0.020547980400816623,2.0547980400816623,-2.4017434332858967,5.424526307285005,15.571526747522126,0.33571434020996094,1.5020775591945852,0.6643423572666229,1.8726042758918204,-6.100224310840474,0.3397860824076985,50,股價高於20日均線、20日均線高於60日均線、RSI介於50至70、量比達1.5以上,68,60日趨勢尚可、波動率合理、ATR風險合理、20日回撤小、MA20乖離可接受、MA60乖離可接受、成交量穩定、短線未過熱,881145.0,0.0,-20380.0,860765.0,1.0,0.0,5.0,20,外資近5日買超、三大法人合計買超,鋼鐵工業,48,一般業,1.35,68.75,13.70716587961864,75.0,11.67709444799717,41.66666666666667,7.8874124057442225,60.416666666666664,-6.237920250453278,31.25,-4.939547518573207,50.0,45.336634638982055,60.416666666666664,176.99201566961688,64.58333333333334,1.0887846257648885,81.25,,,8.9,91.30434782608695,1.15,58.06451612903226,74.68443197755961,8.95,100.0,1990448.0,62.01642122487143,資產周轉同產業前20%、殖利率同產業前20%,1464.117,881.145,0.0,-20.38,860.765,30.76923076923077,53.36,71.3,★★★ 一般觀察,整理觀察,風險動能健康,無明顯風險訊號,1.521,10.75,250.0,4.0,4.310344827586207,40.0,25.0,62.02,45.0,39.55,19.09,1.521,4.31,10.75,25.0,27.0,45.0,55.0,8.66,⚪ S2爆發潛力不足,0.0,86.75,80.53,100.0,① 尚未啟動,42.16,🔴 暫不考慮,站上MA20且乖離健康、RSI位於起漲區、成交量溫和放大、外資5日買超、外資由賣轉買、法人買超占量提升,無明顯風險訊號,偏多順風,偏多順風,23.7,4.31,5.59,6.02,29.46,8.66,S2_E_BALANCED,正常,238.0,378.0,446,446
229,2208,台船,上市,1566691.0,2026-09-24,1556166.0,30189619.80636978,19.600000381469727,19.600000381469727,19.25,19.399999618530273,-0.20000076293945312,0,19.320000076293944,19.04749994277954,19.434166590372723,0.038602475993190666,-0.036095371731042304,0.07469784772423296,55.320387514449514,2036913.2,0.7639824809422414,19.950000762939453,19.04749994277954,-0.010204120359535218,2.1052611501593432,0.0,2.37466404999247,15.766774692718272,0.2750000272478376,1.41752594152201,1.8506348697187258,-0.1758087833793387,-7.881766178592109,0.6046006435739641,45,股價高於20日均線、5日均線高於20日均線、RSI介於50至70、MACD多頭、MACD柱狀體為正,69,20日動能尚可、60日趨勢尚可、波動率合理、ATR風險合理、20日回撤小、MA20乖離可接受、成交量穩定度普通、短線未過熱,2633043.0,0.0,62000.0,2695043.0,0.0,0.0,5.0,25,外資近5日買超、自營商近5日買超、三大法人合計買超,航運業,34,一般業,0.28,20.588235294117645,9.23151928884211,50.0,-5.905280068615987,2.941176470588235,-9.534766671019131,2.941176470588235,55.644028484352404,88.23529411764706,40.99954677594104,100.0,85.86571121973911,2.941176470588235,108.02178056255866,29.411764705882355,0.35948806248719184,47.05882352941176,,,39.59,12.0,3.26,7.4074074074074066,9.703703703703702,0.0,7.4074074074074066,2103059.0,35.98435729847494,營收年增同產業前20%、營收月增同產業前20%,1566.691,2633.043,0.0,62.0,2695.043,38.46153846153847,45.79,50.9,★★★ 一般觀察,一般觀察,風險動能健康,無明顯風險訊號,1.644,7.77,250.0,4.0,4.956896551724138,71.0,30.0,35.98,63.0,52.25,14.46,1.644,4.96,7.77,45.0,15.0,25.0,35.0,8.62,⚪ S2爆發潛力不足,0.0,86.75,80.53,100.0,① 尚未啟動,54.85,🟡 等待回檔,站上MA20且乖離健康、MA5近期上穿MA20、RSI位於起漲區、MACD動能擴張、接近20日突破、外資5日買超、外資買盤加速、法人買超占量提升,無明顯風險訊號,偏多順風,偏多順風,22.54,4.96,5.16,4.52,29.46,8.62,S2_E_BALANCED,正常,94.0,422.0,447,447
286,2014,中鴻,上市,3896414.0,2026-09-24,3887129.0,65692478.61717796,16.600000381469727,16.899999618530273,16.299999237060547,16.899999618530273,0.25,0,16.649999618530273,16.774999713897706,17.044999980926512,-0.12964216681038465,-0.14956698973776858,0.01992482292738393,52.354402261137146,1746938.15,2.2251096869113542,17.350000381469727,16.787499713897706,0.015015015359025385,2.1148060278212366,-1.457725979946256,-1.7441926226863136,12.344389031681402,0.2571427481515067,1.5215547571347778,0.7451559270609476,-0.8506914787826059,-7.14285714285714,0.4199129600428461,50,股價高於20日均線、RSI介於50至70、MACD多頭、MACD柱狀體為正、量比達1.5以上,48,波動率可接受、ATR風險合理、20日回撤小、MA20乖離可接受、成交量穩定、短線未過熱,3625897.0,0.0,84000.0,3709897.0,3.0,0.0,5.0,35,外資近5日買超、自營商近5日買超、外資連買至少3日、三大法人合計買超,鋼鐵工業,48,一般業,0.07,22.916666666666664,1.6452092208816982,25.0,3.0451301217306086,6.25,1.1617560138958494,14.583333333333334,-29.314345169677868,6.25,-18.03626153010961,12.5,53.43438507480066,35.41666666666667,139.5752932089237,37.5,0.782500366907714,58.333333333333336,,,,,1.97,12.903225806451612,12.903225806451612,0.0,16.129032258064516,1025159.0,20.656586021505376,,3896.414,3625.897,0.0,84.0,3709.897,53.84615384615385,41.57,38.6,★★ 弱勢,一般觀察,法人偏多,無明顯風險訊號,2.605,12.9,250.0,7.0,6.68103448275862,73.0,40.0,20.66,45.0,51.05,14.8,2.605,6.68,12.9,70.0,15.0,45.0,40.0,8.54,⚪ S2爆發潛力不足,0.0,86.75,80.53,100.0,① 尚未啟動,53.65,🟡 等待回檔,站上MA20且乖離健康、RSI位於起漲區、MACD近期黃金交叉、MACD動能擴張、成交量溫和放大、接近20日突破、外資5日買超、外資買盤加速、外資連買,無明顯風險訊號,偏多順風,偏多順風,22.57,6.68,2.15,3.87,29.46,8.54,S2_E_BALANCED,正常,107.0,417.0,448,448
236,2610,華航,上市,25331179.0,2026-09-24,25256391.0,512704718.03090286,20.299999237060547,20.350000381469727,20.0,20.299999237060547,-0.15000152587890625,0,20.329999923706055,20.32750024795532,20.876666768391928,-0.10420605682715589,-0.146994967300338,0.04278891047318212,47.487614364040816,16946112.6,1.4903943810688476,21.0,20.352500247955323,-0.007335037666636457,-0.24570586472670852,-2.4038462420187034,-11.159742239991866,16.179888163540937,0.31428609575544086,1.5482074264400303,-0.13528968421752108,-2.7622586389340564,-10.398231600900976,0.41811655600895065,25,5日均線高於20日均線、MACD多頭、MACD柱狀體為正,45,波動率合理、ATR風險合理、20日回撤可接受、成交量穩定、短線未過熱,-41096.0,19262765.0,668202.0,19889871.0,0.0,5.0,5.0,45,投信近5日買超、自營商近5日買超、投信連買至少3日、三大法人合計買超,航運業,34,一般業,1.08,44.11764705882353,14.610044364087829,79.41176470588235,15.596800117229941,32.35294117647059,7.533228069290517,29.411764705882355,27.22342415074881,58.82352941176471,-1.288653314291277,38.23529411764706,73.05998509099048,14.705882352941178,66.83530499746597,8.823529411764707,0.6179402448754343,70.58823529411765,,,9.4,76.0,1.25,48.148148148148145,62.074074074074076,3.99,62.96296296296296,21948463.0,49.42562091503268,,25331.179,-41.096,19262.765,668.202,19889.871,69.23076923076923,45.17,49.4,★★ 弱勢,一般觀察,法人偏多,無明顯風險訊號,3.231,11.43,250.0,8.0,7.327586206896551,41.0,60.0,49.43,10.0,43.31,21.26,3.231,7.33,11.43,27.0,0.0,65.0,55.0,8.46,⚪ S2爆發潛力不足,0.0,86.75,80.53,100.0,⑥ 轉弱,33.92,🔴 暫不考慮,MA5近期上穿MA20、成交量溫和放大、投信5日買超、外資買盤加速、投信買盤加速,無明顯風險訊號,偏多順風,偏多順風,8.79,7.33,1.29,2.8,29.46,8.46,S2_E_BALANCED,正常,191.0,351.0,449,449
451,1201,味全,上市,1127705.0,2026-09-24,1116112.0,12946899.62576294,11.699999809265137,11.699999809265137,11.550000190734863,11.600000381469727,-0.049999237060546875,0,11.65,12.017500019073486,12.247499958674114,-0.15602153056723722,-0.10821087899242837,-0.04781065157480885,32.5696528852869,1173824.6,0.9508337105901511,12.399999618530273,12.047499990463256,-0.0042917801457279525,-4.132231274684206,-4.918028173572164,-5.691055271628542,18.94417743513333,0.15357146944318498,1.3238919344218796,-3.474097249354091,-5.286789788848334,-6.477734137848323,2.3344449195075776,0,,35,波動率合理、ATR風險合理、20日回撤小,-6909896.0,0.0,820000.0,-6089896.0,0.0,0.0,5.0,5,自營商近5日買超,食品工業,33,一般業,0.48,36.36363636363637,6.128242045259949,45.45454545454545,26.62195764769495,51.515151515151516,-0.43402889134946343,24.242424242424242,1.3080196339671886,54.54545454545454,0.4560911238229881,51.515151515151516,58.18237869606022,18.181818181818183,107.13525810253317,24.242424242424242,1.0967999695917205,84.84848484848484,,,19.02,42.10526315789473,0.74,75.0,58.55263157894737,1.81,16.666666666666664,2000571.0,43.22966507177033,資產周轉同產業前20%,1127.705,-6909.896,0.0,820.0,-6089.896,7.6923076923076925,21.51,3.0,★★ 弱勢,一般觀察,,成交量波動較大,1.188,9.56,250.0,3.0,3.8793103448275863,0.0,5.0,43.23,0.0,7.98,3.52,1.188,3.88,9.56,0.0,0.0,0.0,35.0,8.31,⚪ S2爆發潛力不足,0.0,86.75,80.53,100.0,⑥ 轉弱,0.0,🔴 暫不考慮,,無明顯風險訊號,偏多順風,偏多順風,0.0,3.88,4.3,7.1,29.46,8.31,S2_E_BALANCED,正常,463.0,464.0,450,450
428,8422,可寧衛*,上市,3243126.0,2026-09-24,3204862.0,81884221.65488434,25.649999618530273,25.649999618530273,25.5,25.549999237060547,-0.10000038146972656,0,25.889999771118163,26.20749988555908,26.41083329518636,-0.22906849745826463,-0.16271180394745602,-0.06635669351080861,39.92430353794229,4216413.0,0.7600920498063164,27.600000381469727,26.279999923706054,-0.003898650407678117,-1.160545996062079,-5.3703731960720535,-4.664179237256949,18.09590739164419,0.42857115609305246,1.6773822657161,-2.5088262954103158,-3.259397568052913,-5.719561337973378,0.5093280564176619,0,,50,波動率合理、ATR風險合理、20日回撤小、成交量穩定、短線未過熱,-3911876.0,-907000.0,-284000.0,-5102876.0,0.0,0.0,5.0,0,,綠能環保,46,一般業,0.55,32.608695652173914,11.57874083067821,54.347826086956516,37.16180710988332,82.6086956521739,27.670863684309044,84.78260869565217,105.8498562353335,86.95652173913044,22.350041371509178,80.43478260869566,55.706884822729585,32.608695652173914,104.84219846461318,26.08695652173913,0.2552282385240344,17.391304347826086,,,26.61,23.076923076923077,3.38,18.51851851851852,20.7977207977208,4.7,62.96296296296296,700892.0,56.29103183451009,毛利率同產業前20%、營業利益率同產業前20%、營收年增同產業前20%、營收月增同產業前20%,3243.126,-3911.876,-907.0,-284.0,-5102.876,0.0,26.89,8.0,★★ 弱勢,一般觀察,,無明顯風險訊號,1.621,10.58,250.0,4.0,4.741379310344827,0.0,15.0,56.29,10.0,14.44,8.33,1.621,4.74,10.58,0.0,0.0,45.0,35.0,8.29,⚪ S2爆發潛力不足,0.0,86.75,80.53,100.0,⑥ 轉弱,5.05,🔴 暫不考慮,投信買盤加速,無明顯風險訊號,偏多順風,偏多順風,0.0,4.74,3.23,6.24,29.46,8.29,S2_E_BALANCED,正常,436.0,454.0,451,451
324,2812,台中銀,上市,12860098.0,2026-09-24,12704875.0,241392625.0,19.200000762939453,19.200000762939453,19.0,19.0,-0.14999961853027344,0,19.190000152587892,19.257500076293944,19.113888390858968,0.04417502818816743,0.08517349360760756,-0.04099846541944013,44.71255351118022,17795617.45,0.7139328003479868,19.700000762939453,19.250000095367433,-0.007832878408265298,-2.564102564102566,0.795753928353915,0.6104210933928655,13.895727501677383,0.29999991825648714,1.5789469381920374,-1.337141764371208,-0.5958410373131273,-2.6007229727605496,0.4651244927131734,25,20日均線高於60日均線、20日均線向上,59,20日動能尚可、60日趨勢尚可、波動率可接受、ATR風險合理、20日回撤小、成交量穩定、短線未過熱,-17247156.0,59788.0,518049.0,-16669319.0,0.0,0.0,5.0,20,投信近5日買超、自營商近5日買超,金融保險,40,金融業,0.87,22.5,,,,,,,1.760042446658356,27.500000000000004,7.936272900082453,60.0,,,,,,,,,11.31,70.96774193548387,1.19,67.74193548387096,69.35483870967741,5.58,87.09677419354838,1975427.0,43.59604105571847,殖利率同產業前20%,12860.098,-17247.156,59.788,518.049,-16669.319,30.76923076923077,38.53,30.4,★★ 弱勢,一般觀察,,無明顯風險訊號,1.992,9.74,250.0,5.0,5.603448275862069,10.0,20.0,43.6,43.0,22.99,7.25,1.992,5.6,9.74,0.0,10.0,45.0,20.0,7.87,⚪ S2爆發潛力不足,0.0,86.75,80.53,70.0,① 尚未啟動,23.19,🔴 暫不考慮,MA20向上、投信5日買超,無明顯風險訊號,偏多順風,偏多順風,10.44,5.6,0.65,5.16,29.46,7.87,S2_E_BALANCED,正常,377.0,456.0,452,452
380,2504,國產,上市,1456108.0,2026-09-24,1453400.0,44910059.4455719,30.850000381469727,30.899999618530273,30.549999237060547,30.899999618530273,-0.20000076293945312,0,31.170000076293945,31.220000076293946,31.325833320617676,-0.10609925438136258,-0.09560422604940011,-0.010495028331962475,45.210550001500245,1217320.45,1.1939337747920034,32.25,31.272500133514406,-0.006430892620137074,0.16207207922946942,-3.286388479924962,-4.923078096829925,15.665797019699518,0.45357145581926617,1.4678688071803927,-1.0249854483717846,-1.3593691115221906,-4.98441915943082,0.4185208516236719,0,,50,波動率合理、ATR風險合理、20日回撤小、成交量穩定、短線未過熱,-4114749.0,507328.0,164943.0,-3442478.0,0.0,0.0,5.0,20,投信近5日買超、自營商近5日買超,建材營造,88,一般業,1.47,64.77272727272727,13.255224752423123,68.18181818181817,25.748450939154115,40.909090909090914,20.831390136979245,67.04545454545455,-8.07209921701119,31.818181818181817,-6.247545796577358,37.2093023255814,46.077425738040894,84.0909090909091,115.96021457719013,9.090909090909092,0.40807865004135757,77.27272727272727,,,9.69,55.10204081632652,1.4,29.09090909090909,42.09647495361781,8.41,78.18181818181819,1642633.0,55.52300340855156,負債比同產業前20%,1456.108,-4114.749,507.328,164.943,-3442.478,30.76923076923077,32.81,18.3,★★ 弱勢,一般觀察,,無明顯風險訊號,2.083,9.81,250.0,5.0,5.818965517241379,18.0,20.0,55.52,30.0,26.03,13.43,2.083,5.82,9.81,12.0,15.0,25.0,45.0,7.61,⚪ S2爆發潛力不足,0.0,86.75,80.53,100.0,⑥ 轉弱,16.63,🔴 暫不考慮,成交量溫和放大、投信5日買超,無明顯風險訊號,偏多順風,偏多順風,0.0,5.82,1.51,1.29,29.46,7.61,S2_E_BALANCED,正常,359.0,430.0,453,453
35,1513,中興電,上市,1271637.0,2026-09-24,1239164.0,205701224.0,165.5,167.0,164.0,166.0,0.5,0,166.2,165.225,164.21666666666667,0.2795626503886126,0.21151744067372197,0.06804520971489064,52.107590874338506,1840664.55,0.6732155514159275,173.0,165.45,0.0030211480362538623,0.60606060606061,-2.639296187683282,-5.9490084985835745,18.438582337596408,2.7857142857142856,1.6781411359724612,0.46905734604327787,1.0859636658885563,-4.985337243401755,0.3925858431230716,60,股價高於20日均線、5日均線高於20日均線、20日均線高於60日均線、RSI介於50至70、MACD多頭、MACD柱狀體為正,60,波動率合理、ATR風險合理、20日回撤小、MA20乖離可接受、MA60乖離可接受、成交量穩定、短線未過熱,1399322.0,827917.0,216270.0,2443509.0,4.0,0.0,5.0,50,外資近5日買超、投信近5日買超、自營商近5日買超、外資連買至少3日、三大法人合計買超,電機機械,100,一般業,4.5,88.88888888888889,21.091507778765987,91.91919191919192,27.29707763036371,64.64646464646465,19.35211336704011,87.87878787878788,8.929055679006165,50.0,3.8212472582249024,69.0,56.30489978222658,22.22222222222222,105.97430482985774,6.0606060606060606,0.5786037762410531,62.62626262626263,,,18.67,56.41025641025641,3.94,22.448979591836736,39.42961800104657,3.61,75.51020408163265,2502498.0,65.86023214880358,EPS同產業前20%、ROE同產業前20%、營業利益率同產業前20%,1271.637,1399.322,827.917,216.27,2443.509,76.92307692307693,65.14,92.7,★★★★ 觀察候選,整理觀察,法人籌碼強、基本面優於產業平均、風險動能健康、綜合表現前10%,無明顯風險訊號,0.395,8.05,250.0,1.0,2.3706896551724137,63.0,55.0,65.86,45.0,58.33,18.02,0.395,2.37,8.05,25.0,15.0,45.0,35.0,7.48,⚪ S2爆發潛力不足,0.0,86.75,80.53,100.0,① 尚未啟動,60.93,🟡 等待回檔,站上MA20且乖離健康、MA5近期上穿MA20、RSI位於起漲區、MACD動能擴張、外資5日買超、投信5日買超、外資買盤加速,無明顯風險訊號,偏多順風,偏多順風,26.6,2.37,5.38,4.3,29.46,7.48,S2_E_BALANCED,正常,49.0,390.0,454,454
144,2820,華票,上市,3574481.0,2026-09-24,3554300.0,60423100.0,17.25,17.25,16.950000762939453,17.0,-0.25,0,17.3,17.092499923706054,16.73249994913737,0.17644913212608415,0.19431792612970222,-0.01786879400361807,49.262530941820074,3169337.7,1.121464588642605,17.600000381469727,17.07249994277954,-0.01449275362318836,-2.5788008210015145,2.4096362008327654,1.1904807858458266,15.239928381303653,0.2714285169328962,1.5966383348993893,-0.541172585162708,1.5986855023204072,-2.857142857142858,0.4146685096256755,35,5日均線高於20日均線、20日均線高於60日均線、20日均線向上,71,20日動能尚可、60日趨勢尚可、波動率合理、ATR風險合理、20日回撤小、MA60乖離可接受、成交量穩定、短線未過熱,3165701.0,0.0,282338.0,3448039.0,0.0,0.0,5.0,25,外資近5日買超、自營商近5日買超、三大法人合計買超,金融保險,40,金融業,1.07,27.500000000000004,,,,,,,54.67421856837923,85.0,16.769948497361042,70.0,,,,,,,,,10.06,77.41935483870968,0.82,95.16129032258065,86.29032258064517,5.29,80.64516129032258,365936.0,67.11143695014663,營收年增同產業前20%、估值同產業前20%、殖利率同產業前20%,3574.481,3165.701,0.0,282.338,3448.039,38.46153846153847,52.53,69.2,★★★ 一般觀察,整理觀察,基本面優於產業平均、風險動能健康,無明顯風險訊號,1.133,9.57,250.0,3.0,3.6637931034482754,36.0,20.0,67.11,43.0,36.92,9.55,1.133,3.66,9.57,0.0,10.0,25.0,45.0,7.46,⚪ S2爆發潛力不足,0.0,86.75,80.53,70.0,② 蓄勢,48.12,🔴 暫不考慮,MA20向上、成交量溫和放大、外資5日買超、法人買超占量提升,無明顯風險訊號,偏多順風,偏多順風,17.26,3.66,2.37,5.38,29.46,7.46,S2_E_BALANCED,正常,277.0,446.0,455,455
48,1609,大亞,上市,1730773.0,2026-09-24,1710197.0,64730953.84044647,38.0,38.0,37.400001525878906,37.849998474121094,0.0,0,37.949999237060545,37.62499942779541,37.45999965667725,0.18301430439817779,0.16400877140535525,0.019005532992822538,53.79665386806521,2650891.85,0.6451402383692114,38.75,37.61999950408936,0.0,0.5312003722090619,0.2648966201883374,-0.7863775616216095,14.184470507677688,0.5714282989501953,1.5097181558432398,0.5980041189302066,1.0411073705771656,-3.014420654999994,0.30454749303909046,70,股價高於20日均線、5日均線高於20日均線、20日均線高於60日均線、20日均線向上、RSI介於50至70、MACD多頭、MACD柱狀體為正,61,20日動能尚可、波動率可接受、ATR風險合理、20日回撤小、MA20乖離可接受、MA60乖離可接受、成交量穩定、短線未過熱,1899706.0,0.0,143301.0,2043007.0,3.0,0.0,5.0,35,外資近5日買超、自營商近5日買超、外資連買至少3日、三大法人合計買超,電器電纜,17,一般業,2.24,58.82352941176471,18.359981129769103,82.35294117647058,18.716953733763674,64.70588235294117,12.943018678613196,82.35294117647058,34.835392935879575,88.23529411764706,16.628672431878822,94.11764705882352,68.30332560156477,11.76470588235294,151.60833933310823,35.294117647058826,0.5290459512210637,41.17647058823529,,,13.97,42.857142857142854,1.59,25.0,33.92857142857143,1.85,18.75,3388884.0,63.46428571428571,ROE同產業前20%、營業利益率同產業前20%、營收年增同產業前20%、營收月增同產業前20%,1730.773,1899.706,0.0,143.301,2043.007,53.84615384615385,63.01,89.9,★★★★ 觀察候選,趨勢健康,技術面偏多、法人偏多、風險動能健康、綜合表現前25%,無明顯風險訊號,0.0,7.09,250.0,0.0,0.7543103448275862,64.0,40.0,63.46,55.0,55.37,14.34,0.0,0.75,7.09,20.0,25.0,25.0,20.0,6.92,⚪ S2爆發潛力不足,0.0,86.75,80.53,100.0,② 蓄勢,68.97,🔵 等待突破,站上MA20且乖離健康、MA20向上、RSI位於起漲區、接近20日突破、外資5日買超、外資買盤加速、外資連買,無明顯風險訊號,偏多順風,偏多順風,25.27,0.75,7.1,2.58,29.46,6.92,S2_E_BALANCED,正常,77.0,424.0,456,456
32,1102,亞泥,上市,7449257.0,2026-09-24,7418828.0,264852165.26011658,35.75,35.900001525878906,35.45000076293945,35.70000076293945,-0.25,0,35.50000076293945,35.19500026702881,34.275000190734865,0.3575828212914942,0.3491883444619682,0.008394476829525988,60.94767379100896,7334996.0,1.0114290450874137,36.099998474121094,35.16500015258789,-0.006954102773141568,1.1331488230145847,1.7094083045636976,-1.9230789384494407,12.74334049266192,0.5071430206298828,1.420568654879003,1.4348643048135878,4.157550880451311,-1.8465952039502964,0.28843239736364074,70,股價高於20日均線、5日均線高於20日均線、20日均線高於60日均線、20日均線向上、RSI介於50至70、MACD多頭、MACD柱狀體為正,66,20日動能尚可、波動率可接受、ATR風險合理、20日回撤小、MA20乖離可接受、MA60位置健康、成交量穩定、短線未過熱,5721470.0,1998485.0,537744.0,8257699.0,0.0,5.0,5.0,55,外資近5日買超、投信近5日買超、自營商近5日買超、投信連買至少3日、三大法人合計買超,水泥工業,7,一般業,2.13,66.09311740890689,6.748275286350354,45.77822990844354,13.561459411678072,20.17589239524056,8.865523923599532,58.406621831350236,-1.2967348215780177,25.621511922881783,3.558369399160566,65.65040650406505,38.22027087748639,57.88402848423194,147.034456198719,29.732510288065843,0.1936739076293869,11.789038262668045,,,9.86,86.68197474167624,0.69,90.19426456984274,88.4381196557595,6.44,89.36170212765957,5590320.0,49.21552500504405,估值同產業前20%、殖利率同產業前20%,7449.257,5721.47,1998.485,537.744,8257.699,84.61538461538461,65.89,93.3,★★★★ 觀察候選,趨勢健康,技術面偏多、法人籌碼強、風險動能健康、綜合表現前10%,無明顯風險訊號,0.0,7.33,250.0,0.0,0.7543103448275862,88.0,55.0,49.22,70.0,69.58,24.74,0.0,0.75,7.33,60.0,25.0,45.0,30.0,6.64,⚪ S2爆發潛力不足,0.0,86.75,80.53,100.0,③ 剛啟動,88.19,🟢 可觀察進場,站上MA20且乖離健康、MA20向上、RSI位於起漲區、MACD近期黃金交叉、MACD動能擴張、近期突破20日高、外資5日買超、投信5日買超、外資買盤加速,無明顯風險訊號,偏多順風,偏多順風,37.43,0.75,6.88,1.08,29.46,6.64,S2_E_BALANCED,正常,6.0,325.0,457,457
354,1216,統一,上市,4863384.0,2026-09-24,4788322.0,356729989.0,74.80000305175781,75.0,74.4000015258789,74.5,-0.9000015258789062,0,74.83999938964844,75.38499870300294,76.43833300272624,-0.40999040563744416,-0.35733596553326336,-0.0526544401041808,43.165561534045494,8677810.15,0.5517892091704726,77.9000015258789,75.51499862670899,-0.011936359518109674,-1.3245033112582738,-3.372241926818964,-0.5340474202002565,14.769842862265758,0.914285387311663,1.2272287078008899,-1.1739719018761252,-2.5358127611928793,-4.731454082653075,0.3611866553686645,0,,43,波動率可接受、ATR風險合理、20日回撤小、成交量穩定、短線未過熱,-403211.0,-532461.0,1113047.0,177375.0,0.0,4.0,5.0,30,自營商近5日買超、投信連買至少3日、三大法人合計買超,食品工業,33,一般業,2.56,84.84848484848484,19.856469425335103,93.93939393939394,33.883698144551516,69.6969696969697,5.861002872015261,48.484848484848484,3.7908098747692303,60.60606060606061,1.5001213554030501,60.60606060606061,72.243895301896,3.0303030303030303,86.58930541545182,9.090909090909092,0.9174369343998707,78.78787878787878,,,18.0,47.368421052631575,3.11,12.5,29.934210526315788,4.03,45.83333333333333,63101242.0,60.228070175438596,EPS同產業前20%、ROE同產業前20%,4863.384,-403.211,-532.461,1113.047,177.375,46.15384615384615,35.9,23.9,★★ 弱勢,整理觀察,,無明顯風險訊號,0.772,7.74,250.0,2.0,3.34051724137931,0.0,40.0,60.23,10.0,22.53,9.15,0.772,3.34,7.74,0.0,0.0,45.0,20.0,6.38,⚪ S2爆發潛力不足,0.0,86.75,80.53,100.0,⑥ 轉弱,13.14,🔴 暫不考慮,外資買盤加速、投信買盤加速、投信連買,無明顯風險訊號,偏多順風,偏多順風,0.0,3.34,0.43,2.37,29.46,6.38,S2_E_BALANCED,正常,384.0,450.0,458,458
430,2646,星宇航空,上市,2334494.0,2026-09-24,2304937.0,46559729.158527374,20.25,20.299999237060547,20.149999618530273,20.200000762939453,-0.14999961853027344,0,20.34000015258789,20.442500019073485,20.943333180745444,-0.17723324916801175,-0.18594156745454463,0.008708318286532873,40.721255417418185,3981889.35,0.5788551105770933,21.899999618530273,20.4875,-0.007370988487393815,-0.24690981264468004,-4.265400958573739,-4.037997648116731,12.470887716396534,0.3392855780465262,1.6796315110492808,-1.18625048750286,-3.5492555620964095,-5.6337976458839645,0.44280545497339024,15,MACD多頭、MACD柱狀體為正,43,波動率可接受、ATR風險合理、20日回撤小、成交量穩定、短線未過熱,-675002.0,9000.0,161794.0,-504208.0,0.0,0.0,5.0,20,投信近5日買超、自營商近5日買超,航運業,34,一般業,-0.11,8.823529411764707,-2.2465008710619876,8.823529411764707,11.693485233140951,14.705882352941178,1.8122180141979491,11.76470588235294,47.787823252625145,79.41176470588235,-2.6202613575904143,20.588235294117645,80.06327065773876,8.823529411764707,79.54821609091647,17.647058823529413,0.37011515496402914,52.94117647058824,,,,,1.98,29.629629629629626,29.629629629629626,0.0,7.4074074074074066,5578745.0,24.931372549019606,,2334.494,-675.002,9.0,161.794,-504.208,30.76923076923077,26.73,7.5,★★ 弱勢,一般觀察,,無明顯風險訊號,0.403,7.9,250.0,1.0,2.586206896551724,15.0,30.0,24.93,10.0,20.24,5.23,0.403,2.59,7.9,15.0,0.0,25.0,20.0,6.24,⚪ S2爆發潛力不足,0.0,86.75,80.53,100.0,⑥ 轉弱,10.84,🔴 暫不考慮,MACD近期黃金交叉、投信5日買超、外資買盤加速,無明顯風險訊號,偏多順風,偏多順風,0.0,2.59,1.72,1.51,29.46,6.24,S2_E_BALANCED,正常,404.0,462.0,459,459
435,1229,聯華,上市,1314141.0,2026-09-24,1264745.0,50716272.57015228,40.0,40.20000076293945,39.95000076293945,40.099998474121094,0.09999847412109375,0,40.22999954223633,41.072499656677245,41.08910681406657,-0.37017445977725316,-0.22712872159368425,-0.14304573818356892,40.012624063496304,1798562.25,0.7031977903461502,42.5,41.17499980926514,0.002499961853027255,-0.6195787099232186,-4.863589507818089,-5.098554834835234,13.741401518215977,0.5535711560930524,1.3804767510160996,-2.3677672181757536,-2.4072276489759514,-5.542458028884811,0.5263640976171673,0,,43,波動率可接受、ATR風險合理、20日回撤小、成交量穩定、短線未過熱,-885913.0,5117.0,-61975.0,-942771.0,2.0,0.0,5.0,15,投信近5日買超,食品工業,33,一般業,1.19,63.63636363636363,5.058380385149833,36.36363636363637,21.318247779330566,33.33333333333333,7.765405133736794,57.57575757575758,-13.12918865315421,21.21212121212121,-58.002264538589564,3.0303030303030303,20.087736363056486,87.87878787878788,88.96263212180095,15.151515151515152,0.0904122038600052,6.0606060606060606,,,16.1,68.42105263157895,1.14,54.166666666666664,61.29385964912281,4.99,72.91666666666666,883894.0,42.00199362041467,負債比同產業前20%,1314.141,-885.913,5.117,-61.975,-942.771,23.076923076923077,25.82,6.5,★★ 弱勢,一般觀察,,無明顯風險訊號,0.38,7.44,250.0,1.0,1.5086206896551724,0.0,40.0,42.0,10.0,19.8,5.5,0.38,1.51,7.44,0.0,0.0,25.0,20.0,6.14,⚪ S2爆發潛力不足,0.0,86.75,80.53,100.0,⑥ 轉弱,10.4,🔴 暫不考慮,投信5日買超、外資買盤加速、投信買盤加速,無明顯風險訊號,偏多順風,偏多順風,0.0,1.51,3.01,1.94,29.46,6.14,S2_E_BALANCED,正常,407.0,461.0,460,460
361,2105,正新,上市,2112273.0,2026-09-24,2101098.0,63243050.60150528,30.049999237060547,30.25,30.049999237060547,30.100000381469727,0.0,0,30.05,30.435000038146974,31.200000031789145,-0.29451213283407185,-0.28066116293131527,-0.013850969902756582,41.02224136370288,3894719.5,0.5394735102232651,31.450000762939453,30.48500003814697,0.0,0.0,-3.2154340441610696,-5.0473196938855995,11.573786484984696,0.3499999727521624,1.162790592413516,-1.100705294093518,-3.5256399012777218,-5.229792895183605,0.4624200386482993,0,,43,波動率可接受、ATR風險合理、20日回撤小、成交量穩定、短線未過熱,-3153502.0,546666.0,573916.0,-2032920.0,0.0,5.0,5.0,35,投信近5日買超、自營商近5日買超、投信連買至少3日,橡膠工業,11,一般業,1.05,54.54545454545454,7.7653060496042965,54.54545454545454,24.835613510631802,63.63636363636363,9.957391591282773,54.54545454545454,4.636488904789254,18.181818181818183,-2.987604110083253,45.45454545454545,40.94166236076775,54.54545454545454,274.9608420790785,63.63636363636363,0.6548851085190581,81.81818181818183,,,16.54,30.0,1.12,36.36363636363637,33.18181818181819,5.98,90.9090909090909,8338554.0,51.47272727272726,資產周轉同產業前20%、殖利率同產業前20%,2112.273,-3153.502,546.666,573.916,-2032.92,53.84615384615385,34.81,22.4,★★ 弱勢,一般觀察,法人偏多,無明顯風險訊號,0.388,6.32,250.0,1.0,2.1551724137931036,0.0,45.0,51.47,30.0,25.72,6.72,0.388,2.16,6.32,0.0,0.0,25.0,0.0,5.79,⚪ S2爆發潛力不足,0.0,86.75,80.53,100.0,⑥ 轉弱,16.32,🔴 暫不考慮,投信5日買超、投信買盤加速、投信連買,無明顯風險訊號,偏多順風,偏多順風,0.0,2.16,1.08,0.86,29.46,5.79,S2_E_BALANCED,正常,364.0,458.0,461,461
284,2547,日勝生,上市,1238412.0,2026-09-24,1229200.0,12070743.62487793,9.949999809265137,9.949999809265137,9.8100004196167,9.819999694824219,-0.11999988555908203,0,9.961999893188477,9.923499822616577,10.32033330599467,-0.0819566519572259,-0.10209055424987967,0.02013390229265377,41.857507095857635,1397631.75,0.8794877477561597,10.199999809265137,9.937499856948852,-0.012072423604111981,-0.5065875513131424,-2.772283921485974,-12.711113823784725,15.133579814002584,0.14214277267456055,1.4474824551112673,-1.04298009414453,-4.848037329180322,-7.348836854446761,0.36190245293793055,25,5日均線高於20日均線、MACD多頭、MACD柱狀體為正,50,波動率合理、ATR風險合理、20日回撤小、成交量穩定、短線未過熱,143362.0,442942.0,30162.0,616466.0,0.0,0.0,5.0,40,外資近5日買超、投信近5日買超、自營商近5日買超、三大法人合計買超,建材營造,88,一般業,0.01,22.727272727272727,0.546774891914595,21.59090909090909,42.565422616429075,76.13636363636364,17.734578262368693,57.95454545454546,81.22955024989892,70.45454545454545,-12.653603290844062,32.55813953488372,77.42660270785055,14.772727272727273,77.86910924379444,1.1363636363636365,0.1199327619016679,38.63636363636363,,,81.83,6.122448979591836,0.75,72.72727272727273,39.424860853432286,8.15,74.54545454545455,1066786.0,41.021113604003965,,1238.412,143.362,442.942,30.162,616.466,61.53846153846154,42.11,39.0,★★ 弱勢,一般觀察,法人偏多,無明顯風險訊號,0.387,8.11,250.0,1.0,1.9396551724137931,23.0,35.0,41.02,10.0,27.35,7.14,0.387,1.94,8.11,15.0,0.0,0.0,35.0,5.77,⚪ S2爆發潛力不足,0.0,86.75,80.53,100.0,⑥ 轉弱,17.96,🔴 暫不考慮,MA5近期上穿MA20、外資5日買超、投信5日買超、法人買超占量提升,無明顯風險訊號,偏多順風,偏多順風,0.0,1.94,0.86,1.72,29.46,5.77,S2_E_BALANCED,正常,349.0,457.0,462,462
387,2912,統一超,上市,2196330.0,2026-09-24,2111314.0,448654225.0,213.0,213.5,212.0,212.5,-0.5,0,214.2,216.025,225.33333333333334,-2.100694148465351,-2.051024296134914,-0.04966985233043708,35.25211637981438,1422492.35,1.4842357500200263,223.5,216.425,-0.0023474178403756207,-2.298850574712641,-3.628117913832196,-7.002188183807445,9.175133430748822,2.2857142857142856,1.0756302521008403,-1.631755583844463,-5.695266272189348,-4.0358744394618835,0.4148483376456285,0,,35,ATR風險合理、20日回撤小、成交量穩定、短線未過熱,-2526228.0,277039.0,134788.0,-2114401.0,0.0,2.0,5.0,20,投信近5日買超、自營商近5日買超,貿易百貨,18,一般業,6.03,94.44444444444444,28.504122708061296,100.0,34.58238627721587,47.05882352941176,4.216036590215804,70.58823529411765,4.817758390349309,61.111111111111114,-2.090516133670617,27.77777777777778,83.10807492470904,11.11111111111111,76.89270612221895,23.52941176470588,1.1887485031596747,88.23529411764706,,,19.14,38.46153846153847,5.39,5.555555555555555,22.008547008547012,4.24,83.33333333333334,31526751.0,64.1332327802916,EPS同產業前20%、ROE同產業前20%、資產周轉同產業前20%、殖利率同產業前20%,2196.33,-2526.228,277.039,134.788,-2114.401,30.76923076923077,32.39,16.8,★★ 弱勢,整理觀察,,無明顯風險訊號,0.0,6.64,250.0,0.0,0.7543103448275862,10.0,35.0,64.13,10.0,25.62,10.65,0.0,0.75,6.64,12.0,0.0,65.0,20.0,5.55,⚪ S2爆發潛力不足,0.0,86.75,80.53,100.0,⑥ 轉弱,16.22,🔴 暫不考慮,成交量溫和放大、投信5日買超、投信買盤加速,無明顯風險訊號,偏多順風,偏多順風,0.0,0.75,2.8,0.65,29.46,5.55,S2_E_BALANCED,正常,365.0,443.0,463,463
415,2633,台灣高鐵,上市,3474946.0,2026-09-24,3442045.0,87944247.12392807,25.549999237060547,25.600000381469727,25.5,25.549999237060547,-0.05000114440917969,0,25.64000015258789,25.96500015258789,26.050000031789143,-0.11699995196574875,-0.059073634945903786,-0.057926317019844964,35.26338354369656,4190692.55,0.8213546947031464,26.450000762939453,26.00500020980835,-0.001953169674379085,-1.9193858527591257,-3.036057430085537,-3.2196984611814417,7.630210431961807,0.19999980926513672,0.7827781418288062,-1.5983089277431861,-1.9193888449844043,-2.8462997690407166,0.8090133137206482,0,,23,20日回撤小、成交量穩定度普通、短線未過熱,-19761595.0,2928604.0,191213.0,-16641778.0,0.0,5.0,5.0,35,投信近5日買超、自營商近5日買超、投信連買至少3日,航運業,34,一般業,0.67,26.47058823529412,10.71807664184522,61.76470588235294,44.11562825869926,94.11764705882352,40.17016841666075,97.05882352941177,-1.572249872878074,17.647058823529413,2.252594008766806,55.88235294117647,81.84791847342412,5.88235294117647,76.96025739939854,14.705882352941178,0.144129955818607,5.88235294117647,,,20.94,24.0,2.05,25.925925925925924,24.962962962962962,4.5,68.51851851851852,4676641.0,45.5318954248366,毛利率同產業前20%、營業利益率同產業前20%,3474.946,-19761.595,2928.604,191.213,-16641.778,53.84615384615385,29.03,10.8,★★ 弱勢,一般觀察,法人偏多,無明顯風險訊號,0.0,5.96,250.0,0.0,0.7543103448275862,0.0,30.0,45.53,10.0,17.33,5.59,0.0,0.75,5.96,0.0,0.0,45.0,0.0,5.43,⚪ S2爆發潛力不足,0.0,86.75,80.53,100.0,⑥ 轉弱,7.93,🔴 暫不考慮,投信5日買超、投信連買,無明顯風險訊號,偏多順風,偏多順風,0.0,0.75,2.58,0.22,29.46,5.43,S2_E_BALANCED,正常,419.0,460.0,464,464
460,2002,中鋼,上市,20491440.0,2026-09-24,20362174.0,379754537.33244705,18.600000381469727,18.700000762939453,18.600000381469727,18.649999618530273,0.0,0,18.66999969482422,18.88499984741211,18.948333326975504,-0.11762819403937996,-0.08615175199025098,-0.031476442049128986,40.404301890729734,24628482.75,0.8267733829441848,19.350000381469727,18.90999984741211,0.0,-0.2673857880705288,-2.6109661094519288,0.26881309696293876,8.180522839881402,0.17857115609305246,0.9574861112363116,-1.2443750637045392,-1.574458836548509,-4.113116262357808,0.21644207642854676,0,,33,60日趨勢尚可、20日回撤小、成交量穩定、短線未過熱,-44171084.0,-2422.0,1106904.0,-43066602.0,0.0,0.0,5.0,5,自營商近5日買超,鋼鐵工業,48,一般業,-0.03,18.75,0.5590575556912035,20.833333333333336,5.776080670223002,18.75,1.813081478346876,18.75,12.97063197691694,56.25,-5.96000396370151,45.83333333333333,51.14889495707061,47.91666666666667,126.09551553383076,27.083333333333332,0.48989160833055645,25.0,,,,,0.95,77.41935483870968,77.41935483870968,0.8,32.25806451612903,27948400.0,34.06720430107527,,20491.44,-44171.084,-2.422,1106.904,-43066.602,7.6923076923076925,18.36,1.1,★★ 弱勢,一般觀察,,無明顯風險訊號,0.0,5.16,250.0,0.0,0.7543103448275862,0.0,5.0,34.07,18.0,9.31,1.7,0.0,0.75,5.16,0.0,0.0,45.0,0.0,4.88,⚪ S2爆發潛力不足,0.0,86.75,80.53,100.0,⑥ 轉弱,0.0,🔴 暫不考慮,,無明顯風險訊號,偏多順風,偏多順風,0.0,0.75,0.22,0.43,29.46,4.88,S2_E_BALANCED,正常,460.0,465.0,465,465
